family,subband,rank,pos_in_band,zipf,prevalence,cefr,gse,awl,pos,members,definition,example
you,1k-a,15,1,7.621,1.0000,A1,,0,pron,ye|yer|yerself|your|yours|yourself|yourselves|yous|youse,,
i,1k-a,12,2,7.601,0.9622,A1,,0,pron,me|meself|mine|my|myself,the 9th letter of the Roman alphabet,
the,1k-a,1,3,7.468,0.9950,A1,,0,definite article,,,
to,1k-a,5,4,7.355,0.9856,A1,,0,prep|infinitive marker,,,
a,1k-a,6,5,7.309,0.9772,,,0,det,an,the 1st letter of the Roman alphabet,
it,1k-a,9,6,7.276,0.9977,A1,,0,n|pron,its|itself,,
that,1k-a,11,7,7.149,0.9973,A1,,0,det|pron|conj|adv,thats|those,,
and,1k-a,4,8,7.126,0.9975,A1,,0,conj,ands,,
of,1k-a,3,9,7.063,0.9947,A1,,0,prep,,,
what,1k-a,39,10,6.993,0.9978,A1,,0,pron|det,whaddya|whatcha|whatever|whats|wot,,
in,1k-a,7,11,6.989,0.9878,A1,,0,prep|adv,inner|innermost|inward|inwardly|inwardness|inwards|inmost|ins,a unit of length equal to one twelfth of a foot,
we,1k-a,23,12,6.954,0.9926,A1,,0,pron,our|ours|ourself|ourselves|us,,
this,1k-a,21,13,6.901,0.9951,A1,,0,det|pron|adv,these,,
he,1k-a,10,14,6.882,0.9909,A1,,0,pron,him|himself|his,the 5th letter of the Hebrew alphabet,
on,1k-a,17,15,6.842,0.9927,A1,,0,prep|adv,onto,in operation or operational,left the oven on
for,1k-a,13,16,6.838,0.9929,A1,,0,prep,fer,,
have,1k-a,8,17,6.789,0.9953,A1,,0,v|auxiliary v,d|had|hadn|hadst|has|hasn|hast|hath|haven|haves|having|ve,"have or possess, either in a concrete or an abstract sense","She has $1,000 in the bank"
do,1k-a,22,18,6.787,0.9971,A1,,0,v|auxiliary v,did|didn|doer|doers|does|doesn|doin|doing|doings|don|done|redid|redo|redoes|redoing|redone|undid|undo|undoes|undoing|undone|doable,engage in,"make love, not war"
no,1k-a,36,19,6.775,0.9930,A1,,0,exclam|det,noes|nothing|nothin|nothingness|nothings|nowt|nuffink|nobody|nobodies|nowhere|nohow|naw,a negative,his no was loud and clear
be,1k-a,2,20,6.759,0.9838,A1,,0,v|auxiliary v,ain|am|are|aren|been|beens|bein|being|beings|innit|is|isn|m|re|s|tis|twas|was|wasn|were|weren|wert|wuz,"have the quality of being; (copula, used with an adjective or a predicate noun)",John is rich
know,1k-a,52,21,6.757,1.0000,A1,,0,v,dunno|knew|knowable|knowed|knowing|knowingly|known|knows|unknowable|unknowing|unknowingly|unknown|unknowns,be cognizant or aware of a fact or a specific piece of information; possess knowledge or information about,I know that the President lied to the people
not,1k-a,16,22,6.734,0.9920,A1,,0,adv,nots|nt|t,negation of a word or group of words,he does not speak French
can,1k-a,37,23,6.719,0.9912,A1,,0,modal v|n,cannot,airtight sealed metal container for food or drink or paint etc.,
all,1k-a,34,24,6.712,0.9948,A1,,0,det|pron|adv,,(quantifier) used with either mass or count nouns to indicate the whole number or amount of or every one of a class,we sat up all night
with,1k-a,19,25,6.703,1.0000,A1,,0,prep,wiv,,
just,1k-a,76,26,6.676,0.9956,A1,,0,adv|adj,,and nothing more,I was merely asking
get,1k-a,47,27,6.661,0.9931,A1,,0,v,gets|gettin|getting|getter|got|gotcha|gotta|gotten,come into the possession of something concrete or abstract,She got a lot of paintings from her uncle
here,1k-a,131,28,6.655,0.9926,A1,,0,adv,,in or at this place; where the speaker or writer is,I work here
but,1k-a,26,29,6.645,0.9949,A1,,0,conj|prep,buts,and nothing more,I was merely asking
there,1k-a,32,30,6.638,0.9975,A1,,0,adv,,in or at that place or location,they have lived there for years
so,1k-a,42,31,6.627,0.9919,A1,,0,adv|conj,,to a very great extent or degree,the idea is so obvious
they,1k-a,14,32,6.613,1.0000,A1,,0,pron,em|their|theirs|theirselves|them|themself|themselves,,
right,1k-a,97,33,6.602,1.0000,A1,,0,adj|adv|n,righthand|righthanded|righthander|righthanders|rightist|rightists|rightmost,being or located on or directed toward the side of the body to the east when facing north,my right hand
like,1k-a,64,34,6.601,1.0000,A1,,0,prep|v|n,likeness|likenesses|unlike,a similar kind,"dogs, foxes, and the like"
out,1k-a,44,35,6.587,0.9970,A1,,0,adv|prep,outer|outs|outside|outsider|outsiders|outsides|outta|outward|outwardly|outwards,away from home,they went out last night
go,1k-a,41,36,6.578,0.9894,A1,,0,v|n,goer|goers|goes|goin|going|goings|gone|goner|goners|gonna|gunna|went,"change location; move, travel, or proceed, also metaphorically",How fast does your new car go?
she,1k-a,18,37,6.571,0.9945,A1,,0,pron,her|hers|herself,,
up,1k-a,46,38,6.564,0.9949,A1,,0,adv|prep,upmost|upped|upping|ups|upside,spatially or metaphorically from a lower to a higher position,look up!
about,1k-a,51,39,6.559,1.0000,A1,,0,prep|adv,,on the move,up and about
if,1k-a,38,40,6.549,0.9947,A1,,0,conj,ifs,,
at,1k-a,24,41,6.507,0.9925,A1,,0,prep,,100 at equal 1 kip in Laos,
now,1k-a,71,42,6.505,0.9953,A1,,0,adv|conj,,in the historical present; at this point in the narration of a series of past events,President Kennedy now calls in the National Guard
come,1k-a,68,43,6.496,0.9905,A1,,0,v,came|comer|comers|comes|cometh|comin|coming|comings,"move toward, travel toward something or somebody or approach something or somebody",He came singing down the road
one,1k-a,33,44,6.487,1.0000,A1,,0,number|det|pron,noone|oneness|ones|oneself,the smallest whole number or a numeral representing this number,he has the one but will need a two and three to go with it
how,1k-a,94,45,6.485,0.9930,A1,,0,adv,hows,,
well,1k-a,66,46,6.475,0.9975,A1,,0,adv|adj|exclam|n,unwell,(often used as a combining form) in a good or proper or satisfactory manner or to a high standard (‘good’ is a nonstandard dialectal variant for ‘well’),the children behaved well
want,1k-a,99,47,6.440,0.9943,A1,,0,v,unwanted|wanna|wanta|wanted|wanting|wants,feel or have a desire for; want strongly,I want to go home now
think,1k-a,61,48,6.429,0.9974,A1,,0,v,rethink|rethinking|rethinks|rethought|thinker|thinkers|thinkin|thinking|thinks|thought|thoughtful|thoughtfully|thoughtfulness|thoughtless|thoughtlessly|thoughtlessness|thoughts|unthinkable|unthinking|unthinkingly|unthought,judge or regard; look upon; judge,I think he is very smart
good,1k-a,106,49,6.416,0.9926,A1,,0,adj|n,gidday|goodday|gooder|gooders|goodies|goodly|goodness|goody,having desirable or positive qualities especially those suitable for a thing specified,good news from the hospital
see,1k-a,53,50,6.407,0.9974,A1,,0,v,saw|seeing|seein|seen|seer|seers|sees|seest|unseeing|unseeingly|unseen,perceive by sight or have the power to perceive by sight,You have to be a good observer to see all the details
let,1k-a,296,51,6.383,1.0000,A1,,0,v,lemme|lets|letting,make it possible through a specific action or lack of action for something to happen,This permits the water to rush in
why,1k-a,212,52,6.351,1.0000,A1,,0,adv,whys,"the cause or intention underlying an action or situation, especially in the phrase ‘the whys and wherefores’",
who,1k-a,43,53,6.346,0.9952,A1,,0,pron,whoever|whom|whomever|whose,,
as,1k-a,20,54,6.345,0.9877,A1,,0,prep|adv|conj,,to the same degree (often followed by ‘as’),they were equally beautiful
will,1k-a,30,55,6.326,0.9951,A1,,0,modal v|n,ll,the capability of conscious choice and decision and intention,the exercise of their volition we construe as revolt
from,1k-a,27,56,6.309,0.9946,A1,,0,prep,,,
when,1k-a,48,57,6.308,0.9898,A1,,0,adv|pron|conj,whenever,,
back,1k-a,86,58,6.302,1.0000,A1,,0,n|adv|adj|v,backed|backer|backers|backing|backs|backward|backwardness|backwardnesses|backwards,the posterior part of a human (or animal) body from the neck to the end of the spine,his back was nicely tanned
yes,1k-a,69,59,6.300,0.9912,A1,,0,exclam,ya|yah|yea|yeah|yeh|yep|yeses|yup|yesh,an affirmative,I was hoping for a yes
time,1k-a,50,60,6.291,0.9977,A1,,0,n|v,anytime|timed|timeless|timelessness|timeliness|timely|timer|timers|times|timing|timings|untimed|untimeliness|untimely,an instance or single occasion for some event,this time he succeeded
look,1k-a,78,61,6.289,0.9950,A1,,0,v|n,looked|looker|lookin|looking|looks|unlooked,perceive with attention; direct one's gaze towards; look,She looked over the expanse of land
take,1k-a,58,62,6.276,0.9953,A1,,0,v,retake|retaken|retakes|retaking|retook|taken|taker|takers|takes|takin|taking|takings|took,carry out,take action
man,1k-a,93,63,6.266,1.0000,A1,,0,n,manfully|manhood|manliness|manly|unmanly|manned|manning|mannish|mans|men|mens|unmanned,an adult person who is male (as opposed to a woman),there were two women and six men on the bus
where,1k-a,88,64,6.262,0.9890,A1,,0,adv|conj,wherever,"where in the world; location, singular, elective existential pronoun",
would,1k-a,40,65,6.247,1.0000,A1,,0,modal v,wouldn,,
some,1k-a,35,66,6.237,0.9976,A1,,0,det|pron,somebody|somehow|someone|somethin|something|sometime|sometimes|somewhere,(quantifier) used with either mass nouns or plural count nouns to indicate an unspecified number or quantity,have some milk
tell,1k-a,116,67,6.236,0.9929,A1,,0,v,retell|retelling|retold|telling|tells|told|untold,express in words,He said that he wanted to marry her
or,1k-a,28,68,6.231,0.9891,A1,,0,conj,ors,,
say,1k-a,31,69,6.214,0.9922,A1,,0,v|n,said|saying|sayings|says|sez|unsaid|unsayable,express in words,He said that he wanted to marry her
could,1k-a,62,70,6.211,0.9976,A1,,0,modal v,couldn|coulda,,
really,1k-a,224,71,6.176,0.9926,A1,,0,adv,,in accordance with truth or fact or reality,she was now truly American
down,1k-a,95,72,6.173,0.9919,A1,,0,adv|prep,downed|downing|downings|downs|downward|downwards,spatially or metaphorically from a higher to a lower level or position,don't fall down
then,1k-a,65,73,6.172,0.9948,A1,,0,adv,,subsequently or soon afterward (often used as sentence connectors),then he left
little,1k-a,148,74,6.160,0.9974,A1,,0,adj|det|pron|adv,leetle|littleness|littler|littlest,limited or below average in number or quantity or magnitude or extent,a little dining room
way,1k-a,84,75,6.153,1.0000,A1,,0,n|adv,midway|ways,how something is done or how it happens,her dignified manner
make,1k-a,45,76,6.142,0.9924,A1,,0,v|n,made|maker|makers|makes|making|makings|remade|remake|remakes|remaking|unmade|unmake,engage in,"make love, not war"
too,1k-a,135,77,6.137,0.9949,A1,,0,adv,,to a degree exceeding normal or proper limits,too big
never,1k-a,194,78,6.134,0.9954,A1,,0,adv,,not at all; certainly not; not in any circumstances; not ever; at no time in the past or future,I have never been to China
by,1k-a,25,79,6.127,0.9901,A1,,0,prep|adv,bys,so as to pass a given point,every hour a train goes past
over,1k-a,72,80,6.121,1.0000,A1,,0,prep|adv,overly,(cricket) the division of play during which six balls are bowled at the batsman by one player from the other team from the same end of the pitch,
more,1k-a,49,81,6.113,1.0000,A1,,0,det|pron|adv,,(comparative of ‘much’ used with mass nouns) a quantifier meaning greater in size or amount or extent or degree; above; more than,more land
need,1k-a,98,82,6.112,0.9951,A1,,0,v|n|modal v,needed|needful|needing|needless|needlessly|needn|needs|unneeded,"require as useful, just, or proper",It takes nerve to do what she did
mean,1k-a,100,83,6.094,0.9953,A1,,0,v,meaning|meaningful|meaningfully|meaningfulness|meaningless|meaninglessness|meanings|means|meant,mean or intend to express or convey,You never understand what I mean!
very,1k-a,81,84,6.093,0.9949,A1,,0,adv|adj,,used to give emphasis,she was very gifted
off,1k-a,112,85,6.071,0.9951,A1,,0,adv|prep,offs|orf,from a particular thing or place or position (‘forth’ is obsolete),ran away from the lion
give,1k-a,74,86,6.067,1.0000,A1,,0,v,gave|gimme|given|giver|givers|gives|giving|ungiven,"cause to have, in the abstract sense or physical sense",She gave him a black eye
love,1k-a,316,87,6.047,0.9976,A1,,0,n|v,lovable|loveable|loved|loveless|lover|lovers|loves|lovey|loveys|loving|lovingly|luv|luvs|unlovable|unloved,a strong positive emotion of regard and affection,his love for his work
people,1k-a,80,88,6.042,0.9955,A1,,0,n,peopled|peoples|peopling,(plural) any group of human beings (men or women or children) collectively,old people
sure,1k-a,364,89,6.041,0.9976,A1,,0,adj|adv,surely|sureness|surer|surest|unsure,having or feeling no doubt or uncertainty; confident and assured,felt certain of success
any,1k-a,55,90,6.041,0.9939,A1,,0,det|pron|adv,anybody|anyhow|anymore|anyone|anythin|anything|anyway|anyways|anywhere|owt,"one or some or every or all without specification; entity, elective existential pronoun; quantifier, elective existential",give me any peaches you don't want
thing,1k-a,113,91,6.036,1.0000,A1,,0,n,thingie|thingies|things|thingy,a special situation,this thing has got to end
only,1k-a,67,92,6.034,0.9975,A1,,0,adj|adv,,being the only one; single and isolated from others,the lone doctor in the entire county
because,1k-a,83,93,6.029,0.9975,A1,,0,conj,cos|coz,,
two,1k-a,60,94,6.027,0.9977,A1,,0,number,twice|twos,the cardinal number that is the sum of one and one or a numeral representing this number,
should,1k-a,87,95,6.026,0.9949,A1,,0,modal v,shouldn,,
much,1k-a,101,96,5.988,0.9977,A1,,0,det|pron|adv,,a great amount or extent,they did much for humanity
help,1k-a,169,97,5.964,1.0000,A1,,0,v|n,helped|helper|helpers|helpful|helpfully|helpfulness|helping|helpings|helpless|helplessly|helplessness|helps|unhelpful|unhelpfully,give help or assistance; be of service,Everyone helped out during the earthquake
god,1k-a,428,98,5.955,0.9975,A2,,0,n,goddess|goddesses|godless|godlike|godliness|godly|ungodly|gods,any supernatural being worshipped as controlling some part of the world or some aspect of life or who is the personification of a force,
even,1k-a,104,99,5.942,0.9950,A1,,0,adv|adj,evens,used as an intensive especially to indicate something unexpected,even an idiot knows that
night,1k-a,272,100,5.937,0.9950,A1,,0,n,nightly|nights|nts,the time after sunset and before sunrise while it is dark outside,
call,1k-a,141,101,5.935,0.9977,A1,,0,v|n,called|caller|callers|calling|callin|calls|uncalled,assign a specified (usually proper) name to,They named their son David
talk,1k-a,263,102,5.931,0.9977,A1,,0,v|n,talked|talker|talkers|talkin|talking|talks,exchange thoughts; talk with,We often talk business
into,1k-a,63,103,5.926,0.9948,A1,,0,prep,,,
first,1k-a,77,104,5.924,0.9950,A1,,0,det|number|adv|n,firstly|firsts,the first or highest in an ordering or series,He wanted to be the first
find,1k-a,92,105,5.919,0.9928,A1,,1,v,finder|finders|finding|findings|finds|found|unfound,"come upon, as if by accident; meet with",We find this idea in Plato
wait,1k-a,480,106,5.919,0.9880,A1,,0,v|n,waited|waitin|waiting|waits,stay in one place and anticipate or expect something,I had to wait on line for an hour to get the tickets
put,1k-a,132,107,5.918,0.9905,A1,,0,v,puts|putting,put into a certain place or abstract location,Put your things here
great,1k-a,123,108,5.914,0.9950,A1,,0,adj,greater|greatest|greatly|greatness|greats,relatively large in size or number or extent; larger than others of its kind,a great juicy steak
day,1k-a,89,109,5.903,0.9950,A1,,0,n,dailies|daily|daylight|daylights|days|midday,time for Earth to make a complete rotation on its axis,two days later they left
life,1k-a,166,110,5.901,0.9977,A1,,0,n,lifeless|lifelessly|lifelike|lifes|midlife,a characteristic state or mode of living,social life
work,1k-a,59,111,5.901,0.9952,A1,,0,v|n,rework|reworked|reworking|reworks|unworkable|unworked|workable|worked|worker|workers|workin|working|workings|works,exert oneself by doing mental or physical work for a purpose or out of necessity; work,I will work hard to improve my grades
before,1k-a,105,112,5.899,0.9976,A1,,0,prep|conj|adv,,earlier in time; previously,I had known her before
better,1k-a,308,113,5.899,0.9976,A1,,0,adj|adv|n,bettered|bettering|betterment|betterments|betters,(comparative of ‘good’) superior to another (of the same class or set or kind) in excellence or quality or desirability or suitability; more highly skilled than another,"You're a better man than I am, Gunga Din"
again,1k-a,173,114,5.899,0.9974,A1,,0,adv,,anew,she tried again
still,1k-a,119,115,5.896,0.9975,A1,,0,adv|adj,stilled|stiller|stillest|stilling|stillness|stills,"with reference to action or condition; without change, interruption, or cessation",it's still warm outside
home,1k-a,160,116,5.888,0.9976,A1,,0,n|adv|adj,homed|homeless|homelessness|homes|homeward|homewards|homing,where you live at a particular time,deliver the package to my home
than,1k-a,70,117,5.868,0.9851,A1,,0,conj,,,
around,1k-a,240,118,5.867,0.9950,A1,,0,prep|adv,,in the area or vicinity,a few spectators standing about
other,1k-a,56,119,5.866,0.9927,A1,,0,adj|pron,otherness|others,"not the same one or ones already mentioned or implied; quantifier, other",today isn't any other day
away,1k-a,215,120,5.863,0.9975,A1,,0,adv,aways,from a particular thing or place or position (‘forth’ is obsolete),ran away from the lion
new,1k-a,73,121,5.859,0.9973,A1,,0,adj,newer|newest|newish|newly|newness|renew|renewable|renewables|renewal|renewals|renewed|renewing|renews,not of long duration; having just (or relatively recently) come into being or been made or acquired or discovered,a new law
last,1k-a,111,122,5.859,0.9952,A1,,0,det|adv|n|v,lastly,the temporal end; the concluding time,the stopping point of each round was signaled by a bell
ever,1k-a,404,123,5.850,0.9951,A1,,0,adv,,at any time,did you ever smoke?
stop,1k-a,400,124,5.849,0.9925,A1,,0,v|n,nonstop|stoppage|stoppages|stopped|stopper|stoppers|stopping|stops|unstop|unstoppable,"come to a halt, stop moving",the car stopped
keep,1k-a,200,125,5.846,0.9976,A1,,0,v,keeper|keepers|keepin|keeping|keeps|kept,"cause to continue in a certain state, position, or activity",hold in place
must,1k-a,124,126,5.844,0.9972,A1,,0,modal v,mustn|musta,a necessary or essential thing,seat belts are an absolute must
big,1k-a,322,127,5.834,0.9975,A1,,0,adj,bigger|biggest|biggish|bigness|biggy|biggie|biggies,above average in size or number or quantity or magnitude or extent,a large city
after,1k-a,82,128,5.834,0.9948,A1,,0,prep|conj|adv,afterward|afterwards,located farther aft,
long,1k-a,107,129,5.829,0.9947,A1,,0,adj|adv,longer|longest|longish,primarily temporal sense; being or indicating a relatively great or greater than average duration or passage of time or a duration as specified,a long life
always,1k-a,235,130,5.816,0.9927,A1,,0,adv,allus,at all times; all the time and on every occasion,I will always be there to help you
name,1k-a,250,131,5.807,0.9940,A1,,0,n|v,misnamed|misnaming|named|nameless|namely|names|naming|rename|renamed|renames|renaming|renamings|unnamed,a language unit by which a person or thing is known,his name really is George Washington
money,1k-a,286,132,5.806,0.9975,A1,,0,n,moneyed|moneys|monied|monies,the most common medium of exchange; functions as legal tender,we tried to collect the money he owed us
feel,1k-a,120,133,5.797,0.9949,A1,,0,v|n,feeler|feelers|feeling|feelings|feels|felt|feelingly|unfeeling|unfeelingly,undergo an emotional sensation or be in a particular state of mind,She felt resentful
believe,1k-a,307,134,5.795,1.0000,A1,,0,v,believable|believed|believer|believers|believes|believing|unbelievable|unbelievably|unbeliever|unbelievers|unbelieving|unbelievingly,accept as true; take to be true,I believed his report
old,1k-a,118,135,5.784,0.9974,A1,,0,adj,olde|olden|older|oldest|oldie|oldies|oldish|oldy,(used especially of persons) having lived for a relatively long time or attained a specific age,his mother is very old
place,1k-a,128,136,5.779,0.9956,A1,,0,n|v,placed|placement|placements|places|placing|placings|unplaced,a point located with respect to surface features of some region,this is a nice place for a picnic
kind,1k-a,392,137,5.771,0.9923,A1,,0,n|adj,kinda|kinds,a category of things distinguished by some common characteristic or quality,sculpture is a form of art
lot,1k-a,343,138,5.755,0.9979,A1,,0,pron|det|adv,lots,(often followed by ‘of’) a large number or amount or extent,a batch of letters
leave,1k-a,299,139,5.748,1.0000,A1,,0,v|n,leaver|leavers|leaves|leaving|leavings|leavin,go away from a place,At what time does your train leave?
girl,1k-a,443,140,5.745,0.9976,A1,,0,n,gal|gals|girlhood|girlie|girlies|girlish|girlishly|girlishness|girls|girly,a young female,a young lady of 18
hear,1k-a,273,141,5.744,0.9899,A1,,0,v,heard|hearer|hearers|hearing|hearings|hears|mishear|misheard|mishearing|mishears|reheard|rehearing|unheard,perceive (sound) via the auditory sense,
father,1k-a,437,142,5.743,1.0000,A1,,0,n,fathered|fatherhood|fathering|fatherless|fatherly|fathers,a male parent (also used as a term of address to your father),his father was born in Atlanta
every,1k-a,108,143,5.739,0.9976,A1,,0,det,everybody|everyday|everydayness|everyone|everything|everytime|everywhere,(used of count nouns) each and all of the members of a group considered singly and without exception,every person is mortal
through,1k-a,96,144,5.739,0.9952,A1,,0,prep|adv,thro|throughout|thru,having finished or arrived at completion,certain to make history before he's done
three,1k-a,85,145,5.734,0.9952,A1,,0,number,third|thirdly|thirds|threes,the cardinal number that is the sum of one and one and one,
remember,1k-a,422,146,5.734,0.9934,A1,,0,v,remembered|remembering|remembers|remembrance|remembrances,recall knowledge from memory; have a recollection,I can't remember saying any such thing
boy,1k-a,490,147,5.724,0.9946,A1,,0,n,boys|boyhood|boyish|boyishly|boyishness,a youthful male person,the baby was a boy
might,1k-a,162,148,5.712,0.9919,A2,,0,modal v,mightn,physical strength,
house,1k-a,121,149,5.710,0.9946,A1,,0,n|v,housed|houses|housing|rehouse|rehoused|rehouses|rehousing|unhoused,a dwelling that serves as living quarters for one or more families,he has a house on Cape Cod
may,1k-a,75,150,5.708,0.9977,A1,,0,n|modal v,,thorny Eurasian shrub of small tree having dense clusters of white to scarlet flowers followed by deep red berries; established as an escape in eastern North America,
another,1k-a,164,151,5.706,0.9973,A1,,0,det|pron,,"any of various alternatives; some other; entity, singular, other pronoun; quantifier, singular, another",put it off to another (or some other) day
enough,1k-a,357,152,5.700,0.9974,A1,,0,det|pron|adv,,an adequate quantity; a quantity that is large enough to achieve a purpose,enough is as good as a feast
show,1k-a,126,153,5.688,0.9951,A1,,0,v|n,showed|showing|showings|shown|shows,give an exhibition of to an interested audience,She shows her dogs frequently
course,1k-a,174,154,5.687,0.9948,A1,,0,n,courses,education imparted in a series of lessons or meetings,he took a course in basket weaving
mind,1k-a,332,155,5.685,1.0000,A2,,0,n|v,minded|mindedly|mindedness|minder|minders|mindful|unmindful|mindfulness|minding|mindless|mindlessly|mindlessness|minds,"that which is responsible for one's thoughts, feelings, and conscious brain functions; the seat of the faculty of reason",his mind wandered
care,1k-a,238,156,5.685,0.9973,A2,,0,n|v,cared|careful|carefully|carefulness|careless|carelessly|carelessness|carer|carers|cares|caring|uncared|uncaring,the work of providing treatment for or attending to someone or something,no medical care was required
left,1k-a,219,157,5.685,0.9878,A1,,0,adj|adv|n,lefthand|lefthanded|lefthander|lefthanders|leftist|leftists|leftmost|lefts|leftward|leftwards,being or located on or directed toward the side of the body to the west when facing north,my left hand
ask,1k-a,167,158,5.683,0.9975,A1,,0,v,aske|asked|asking|asks|unasked,make a request or demand for something to somebody,She asked him for a loan
car,1k-a,311,159,5.683,0.9949,A1,,0,n,cars,a motor vehicle with four wheels; usually propelled by an internal combustion engine,he needs a car to get to work
understand,1k-a,326,160,5.683,0.9921,A1,,0,v,misunderstand|misunderstanding|misunderstandings|misunderstands|misunderstood|understandable|understandably|understanding|understandingly|understandings|understands|understood,know and comprehend the nature or meaning of,She did not understand her husband
mother,1k-a,386,161,5.681,0.9950,A1,,0,n,mothered|motherhood|mothering|motherly|mothers|motherless,a woman who has given birth to a child (also used as a term of address to your mother),the mother of three children
which,1k-a,29,162,5.678,1.0000,A1,,0,pron|det,whichever,,
try,1k-a,183,163,5.678,0.9975,A1,,0,v|n,triable|tried|tries|tryin|trying|untried,make an effort or attempt,He tried to shake off his fears
own,1k-a,129,164,5.661,0.9976,A1,,0,adj|pron|v,,belonging to or on behalf of a specified person (especially yourself); preceded by a possessive,for your own use
world,1k-a,156,165,5.658,0.9955,A1,,0,n,unworldliness|unworldly|worldliness|worldly|worlds,everything that exists anywhere,they study the evolution of the universe
next,1k-a,231,166,5.655,0.9976,A1,,0,adj|adv|n,,immediately following in time or order,the following day
else,1k-a,427,167,5.652,0.9945,A1,,0,adv,elsewhere,in or to another place,he went elsewhere
real,1k-a,309,168,5.646,0.9871,A1,,0,adj,realism|realisms|realist|realistic|realistically|realists|realities|reality|unreal|unrealistic|unrealistically|unreality,being or occurring in fact or actuality; having verified existence; not illusory,real objects
morning,1k-a,494,169,5.642,1.0000,A1,,0,n,morn|mornin|mornings,the time period between dawn and noon,I spent the morning running errands
room,1k-a,289,170,5.642,0.9952,A1,,0,n,anteroom|anterooms|roomed|rooming|roomful|roomfuls|roomier|roomiest|rooms|roomy|roominess,an area within a building enclosed by walls and floor and ceiling,the rooms were very small but they had a nice view
hold,1k-a,171,171,5.640,1.0000,A2,,0,v|n,held|holder|holders|holding|holdings|holds|unheld,"cause to continue in a certain state, position, or activity",hold in place
woman,1k-a,154,172,5.638,0.9975,A1,,0,n,womanhood|womaniser|womanisers|womanising|womanish|womanize|womanliness|womanizer|womanizers|womanizing|womanly|women|womens,an adult female person (as opposed to a man),the woman kept house while the man hunted
today,1k-a,421,173,5.637,0.9977,A1,,0,adv|n,todays,in these times,it is solely by their language that the upper classes nowadays are distinguished
friend,1k-a,278,174,5.622,0.9974,A1,,0,n,friendless|friendlier|friendlies|friendliest|friendliness|friendly|friends|friendship|friendships|unfriendliest|unfriendly|unfriendliness,a person you know well and regard with affection and trust,he was my best friend at the university
move,1k-a,140,175,5.621,0.9974,A1,,0,v|n,immovable|immoveable|movable|moveable|moved|movement|movements|mover|movers|moves|moving|movingly|unmovable|unmoveable|unmoved|unmoving,"change location; move, travel, or proceed, also metaphorically",How fast does your new car go?
same,1k-a,152,176,5.620,0.9947,A1,,0,adj|pron|adv,sameness|samey,same in identity,the same man I saw yesterday
job,1k-a,340,177,5.615,0.9975,A1,,1,n,jobber|jobbers|jobbery|jobless|joblessness|jobs,the principal activity in your life that you do to earn money,he's not in my line of business
best,1k-a,302,178,5.606,0.9932,A1,,0,adj|adv|n,,(superlative of ‘good’) having the most positive qualities,the best film of the year
whole,1k-a,338,179,5.585,0.9904,A2,,0,adj|n,wholeness|wholes|wholistic|wholistically|wholly,including all components without exception; being one unit or constituting the full amount or extent or duration; complete,gave his whole attention
together,1k-a,374,180,5.583,0.9952,A1,,0,adv,togetherness|togethers,in contact with each other or in proximity,the leaves stuck together
minute,1k-a,378,181,5.576,1.0000,A1,,0,n|adj,min|mins|minutes,a unit of time equal to 60 seconds or 1/60th of an hour,he ran a 4 minute mile
head,1k-a,205,182,5.569,1.0000,A1,,0,n|v,headed|headedness|heading|headings|headless|heads|headship|headships|subheading|subheadings,the upper part of the human body or the front part of the body in animals; contains the face and brains,he stuck his head out the window
matter,1k-a,355,183,5.568,0.9897,A2,,0,n|v,mattered|mattering|matters,a vaguely specified concern,several matters to attend to
idea,1k-a,345,184,5.555,0.9948,A1,,0,n,ideas,the content of cognition; the main thing you are thinking about,it was not a good idea
many,1k-a,103,185,5.555,0.9947,A1,,0,det|pron,,"a quantifier that can be used with count nouns and is often preceded by ‘as’ or ‘too’ or ‘so’ or ‘that’; amounting to a large but indefinite number; quantifier, plural pronoun; quantifier, plural",many temptations
play,1k-a,149,186,5.549,1.0000,A1,,0,v|n,playability|playable|played|player|players|playful|playfully|playfulness|playing|plays|replay|replayed|replaying|replays|unplayable,participate in games or sport,We played hockey all afternoon
without,1k-a,234,187,5.549,0.9977,A1,,0,prep,,,
family,1k-a,247,188,5.549,0.9951,A1,,0,n|adj,familial|families|subfamilies|subfamily,a social unit living together,he moved his family to Virginia
meet,1k-a,185,189,5.546,0.9976,A1,,0,v,meeting|meetings|meets|met|unmet,come together,I'll probably see you at the meeting
most,1k-a,91,190,5.544,1.0000,A1,,0,det|pron|adv,mostly,(superlative of ‘many’ used with count nouns and often preceded by ‘the’) quantifier meaning the greatest in number,who has the most apples?
run,1k-a,190,191,5.544,0.9976,A1,,0,v|n,ran|rans|rerun|rerunning|reruns|runner|runners|runnier|runniest|runnin|running|runny|runs,"move fast by using one's feet, with one foot off the ground at any given time",Don't run — you'll be out of breath
while,1k-a,155,192,5.543,0.9975,A2,,0,conj|n,whilst,a period of indeterminate length (usually short) marked by some action or condition,he was here for a little while
once,1k-a,292,193,5.537,1.0000,A1,,0,adv|conj,,on one occasion,once I ran into her
live,1k-a,197,194,5.537,0.9974,A1,,0,v|adj|adv,lived|lives|living|livings|liveable|livable|unliveable,be an inhabitant of or reside in,People lived in Africa millions of years ago
use,1k-a,54,195,5.536,1.0000,A1,,0,v|n,misuse|misused|misuser|misusers|misuses|misusing|reusable|reuse|reused|reuses|reusing|unusable|unused|usability|usable|useable|used|useful|usefully|usefulness|useless|uselessly|uselessness|user|users|uses|using,put into service; make work or employ for a particular purpose or for its inherent or natural purpose,use your head!
yet,1k-a,319,196,5.533,1.0000,A2,,0,adv|conj,,up to the present time,I have yet to see the results
start,1k-a,198,197,5.531,1.0000,A1,,0,v|n,restart|restarted|restarting|restarts|started|starter|starters|starting|starts,take the first step or steps in carrying out an action,We began working at dawn
school,1k-a,186,198,5.522,0.9976,A1,,0,n,preschool|preschooled|preschooler|preschoolers|preschooling|preschools|schooled|schooling|schools|unschooled,an educational institution,the school was founded in 1900
problem,1k-a,176,199,5.518,0.9930,A1,,0,n,problematic|problematical|problematically|problems|unproblematic,a state of difficulty that needs to be resolved,she and her husband are having problems
watch,1k-a,464,200,5.518,0.9907,A1,,0,v|n,watched|watcher|watchers|watches|watchful|watchfully|watchfulness|watching,look attentively,watch a basketball game
bring,1k-a,246,201,5.514,0.9975,A1,,0,v,bringer|bringers|bringing|brings|brought,take something or somebody with oneself somewhere,Bring me the box from the other room
business,1k-a,270,202,5.506,0.9974,A1,,0,n,businesses|businesslike|unbusinesslike,a commercial or industrial enterprise and the people who constitute it,he bought his brother's business
open,1k-a,184,203,5.505,1.0000,A1,,0,adj|v,opened|opener|openers|opening|openings|openly|openness|opens|reopen|reopened|reopening|reopens|unopened,affording unobstructed entrance and exit; not shut or closed,an open door
hope,1k-a,320,204,5.505,0.9902,A1,,0,v|n,hoped|hopeful|hopefully|hopefulness|hopefuls|hopeless|hopelessly|hopelessness|hoper|hopers|hopes|hoping,expect and wish,I trust you will behave better from now on
already,1k-a,327,205,5.503,0.9975,A2,,0,adv,,prior to a specified or implied time,she has already graduated
since,1k-a,210,206,5.498,0.9951,A2,,0,prep|conj|adv,,,
sit,1k-a,365,207,5.493,0.9954,A1,,0,v,resat|resit|resits|resitting|sat|sits|sitter|sitters|sittin|sitting|sittings,be in a position in which one's upper body is largely upright and supported by one's backside,
mrs,1k-a,493,208,5.492,0.7447,,,0,n,missis|missus|missuses|miz,a form of address for a married woman,
cause,1k-a,363,209,5.491,0.9976,A2,,0,n|v,causation|causative|caused|causes|causing,events that provide the generative force that is the origin of something,they are trying to determine the cause of the crash
hard,1k-a,382,210,5.488,0.9975,A1,,0,adj|adv,harden|hardened|hardener|hardeners|hardening|hardens|harder|hardest|hardness|hardship|hardships,not easy; requiring great physical or mental effort to accomplish or comprehend or endure,a difficult task
turn,1k-a,188,211,5.486,0.9920,A1,,0,v|n,turned|turning|turnings|turns|unturned,to change orientation or direction,Turn towards me
until,1k-a,264,212,5.480,0.9897,A1,,0,conj|prep,,,
few,1k-a,225,213,5.479,0.9921,A1,,0,det|adj|pron,fewer|fewest,a small elite group,it was designed for the discriminating few
both,1k-a,133,214,5.470,0.9945,A1,,0,det|pron,,(used with count nouns) two considered together; the two,both girls are pretty
door,1k-a,354,215,5.465,0.9922,A1,,0,n,doors|indoor|indoors|outdoor|outdoors,a swinging or sliding barrier that will close the entrance to a room or building or vehicle,he knocked on the door
such,1k-a,90,216,5.464,0.9952,A2,,0,det|pron,,"of so extreme a degree or extent; demonstrative, other pronoun; demonstrative determiner, kind",such weeping
face,1k-a,217,217,5.461,0.9887,A1,,0,n|v,faced|faceless|faces|facing|facings,the front of the human head from the forehead to the chin and ear to ear,he washed his face
five,1k-a,136,218,5.455,0.9974,A1,,0,number,fifteen|fifteenth|fifteenths|fifth|fifthly|fifths|fifties|fiftieth|fiftieths|fifty|fives,the cardinal number that is the sum of four and one,
second,1k-a,203,219,5.454,0.9946,A1,,0,n,secondaries|secondarily|secondary|seconder|seconders|secondly,1/60 of a minute; the basic unit of time adopted under the Systeme International d'Unites,
case,1k-a,144,220,5.450,0.9929,A2,,0,n,cases,an occurrence of something,it was a case of bad judgment
probably,1k-a,370,221,5.448,0.9975,A1,,0,adv,improbabilities|improbability|improbable|improbably|probabilistic|probabilistically|probabilities|probability|probable|probables,with considerable certainty; without much doubt,He is probably out of the country
hand,1k-a,150,222,5.446,0.9931,A1,,0,n|v,handed|handedly|handedness|hander|handers|handful|handfuls|handing|hands|unhand,the (prehensile) extremity of the superior limb,he had the hands of a surgeon
year,1k-a,57,223,5.443,0.9930,A1,,0,n,yearling|yearlings|yearly|years|yr|yrs,a period of time containing 365 (or 366) days,she is 4 years old
late,1k-a,139,224,5.430,0.9956,A1,,0,adj|adv,lately|lateness|later|latest,being or occurring at an advanced period of time or after a usual or expected time,late evening
end,1k-a,134,225,5.424,0.9976,A1,,0,n|v,ended|ending|endings|endless|endlessly|ends|unended|unending,either extremity of something that has length,the end of the pier
easy,1k-a,359,226,5.424,0.9947,A1,,0,adj,easier|easiest|easily|easiness,posing no difficulty; requiring little effort,an easy job
doctor,1k-a,407,227,5.421,0.9926,A1,,0,n,doc|docs|doctored|doctoring|doctors|dr,a licensed medical practitioner,I felt so bad I went to see my doctor
under,1k-a,145,228,5.418,0.9955,A1,,0,prep|adv,,located below or beneath something else,nether garments
deal,1k-a,329,229,5.417,0.9976,A2,,0,v|n,dealer|dealers|dealership|dealerships|dealing|dealings|deals|dealt|undealt,act on verbally or in some form of artistic expression,This book deals with incest
part,1k-a,109,230,5.417,0.9925,A1,,0,n,parted|partial|partially|parting|partly|parts|pt|pts,something determined in relation to something that includes it,he wanted to feel a part of something bigger than himself
die,1k-a,465,231,5.416,0.9951,A1,,0,v,died|dies|dying|undying,pass from physical life and lose all bodily attributes and functions necessary to sustain life,She died from cancer
soon,1k-a,485,232,5.410,1.0000,A1,,0,adv,sooner|soonest,in the near future,the doctor will soon be here
four,1k-a,127,233,5.407,0.9924,A1,,0,number,forties|fortieth|fortieths|forty|fortyish|fours|fourteen|fourteenth|fourteenths|fourth|fourthly|fourths,the cardinal number that is the sum of three and one,
happen,1k-a,347,234,5.405,1.0000,A1,,0,v,happened|happening|happenings|happens,come to pass,What is happening?
pay,1k-a,175,235,5.405,0.9974,A1,,0,v|n,paid|payable|payed|payee|payees|payer|payers|paying|payment|payments|pays|prepaid|prepay|prepayment|prepayments|unpaid|nonpayment,"give money, usually in exchange for goods or services",I paid four dollars for this sandwich
true,1k-a,488,236,5.403,1.0000,A1,,0,adj,truer|truest|truism|truisms|truly|untrue,consistent with fact or reality; not false,the story is true
each,1k-a,157,237,5.403,0.9928,A1,,0,det|pron|adv,,"(used of count nouns) every one considered individually; quantifier, singular, universal pronoun; quantifier, singular, universal",each person is mortal
town,1k-a,467,238,5.394,0.9976,A1,,0,n,towns|township|townships|midtown,an urban area with a fixed boundary that is smaller than a city,they drive through town on their way to work
young,1k-a,257,239,5.385,1.0000,A1,,0,adj|n,younger|youngest|youngish|youngster|youngsters,(used of living things especially persons) in an early period of life or development or growth,young people
read,1k-a,232,240,5.382,0.9948,A1,,0,v,misread|misreading|misreads|readability|readable|reader|readers|reading|readin|readings|reads|reread|rereading|rereadings|rereads|unread|unreadable,interpret something that is written or printed,read the advertisement
number,1k-a,151,241,5.381,1.0000,A1,,0,number|n|v|adv,nos|numbered|numbering|numberless|numbers|renumber|renumbered|renumbering|renumbers|unnumbered,the property possessed by a sum or total or indefinite quantity of units or individuals,the number of parameters is small
change,1k-a,125,242,5.380,0.9920,A1,,0,v|n,changeable|changed|changer|changers|changes|changing|unchangeable|unchangeably|unchanged|unchanging,cause to change; make different; cause a transformation,The advent of the automobile may have altered the growth pattern of the city
week,1k-a,202,243,5.377,0.9955,A1,,0,n,midweek|midweekly|weeklies|weekly|weeks|biweekly|semiweekly,any period of seven consecutive days,it rained for a week
point,1k-a,142,244,5.373,1.0000,A1,,0,n|v,midpoint|midpoints|pointed|pointedly|pointer|pointers|pointing|pointless|pointlessly|pointlessness|points|pointy,a geometric element that has position but no extension,a point is defined by its coordinates
police,1k-a,396,245,5.373,1.0000,A1,,0,n,policed|polices|policing,the force of policemen and officers,the law came looking for him
word,1k-a,233,246,5.372,0.9951,A1,,0,n,worded|wording|wordings|wordless|wordlessly|words|wordy|wordiness,a unit of language that native speakers can identify,words are the blocks from which sentences are made
bit,1k-a,362,247,5.371,0.9974,A2,,0,n,bits|bitty|bitsy,a small piece or quantity of something,a spot of tea
game,1k-a,497,248,5.368,0.9926,A1,,0,n,games|gaming,a contest with rules to determine a winner,you need four people to play this game
party,1k-a,189,249,5.367,1.0000,A1,,0,n,partied|parties|partying,an organization to gain political power,in 1992 Perot tried to organize a third party at the national level
set,1k-a,163,250,5.364,0.9947,B1,,0,v|n,sets|setting|settings|unset,put into a certain place or abstract location,Put your things here
cut,1k-a,398,251,5.361,0.9897,A1,,0,v|n,cuts|cutter|cutters|cutting|cuttings|uncut,separate with or as if with an instrument,Cut the rope
stand,1k-a,287,252,5.354,0.9927,A1,,0,v|n,standin|standing|stands|stood,be standing; be upright,We had to stand for the entire performance!
water,1k-a,267,253,5.352,1.0000,A1,,0,n|v,watered|waterier|wateriest|wateriness|watering|waters|watery,binary compound that occurs at room temperature as a clear colorless odorless tasteless liquid; freezes into ice below 0 degrees centigrade and boils above 100 degrees centigrade; widely used as a solvent,
break,1k-a,390,254,5.344,0.9976,A1,,0,v|n,breakable|breakage|breakages|breaker|breakers|breaking|breaks|broke|broken|brokenly|unbreakable|unbroken,terminate or end,She interrupted her pregnancy
far,1k-a,256,255,5.343,0.9951,A1,,0,adv|adj,farther|farthest,to a considerable degree; very much,a far far better thing that I do
close,1k-a,337,256,5.341,0.9975,A1,,0,v|n|adj|adv,closely|closeness|closer|closest,move so that an opening or passage is obstructed; make shut,Close the door
death,1k-a,468,257,5.335,0.9954,A2,,0,n,deathless|deathlessly|deathlike|deathly|deaths,the event of dying or departure from life,her death came as a terrible shock
walk,1k-a,369,258,5.334,0.9926,A1,,0,v|n,walkable|walked|walker|walkers|walkie|walkies|walking|walks,use one's feet to advance; advance by steps,"Walk, don't run!"
person,1k-a,207,259,5.328,0.9976,A1,,0,n,interpersonal|personal|personalism|personalistic|personally|personhood|persons,"a human being; person, singular, assertive existential pronoun; pronoun, person, singular; quantifier: assertive existential",there was too much for one person to do
different,1k-a,209,260,5.321,1.0000,A1,,0,adj,differently,unlike in nature or quality or form or degree,took different approaches to the problem
important,1k-a,261,261,5.317,0.9975,A1,,0,adj,importantly|unimportant,of great significance or value,important people
least,1k-a,367,262,5.317,0.9973,A2,,0,det|pron|adv,,something that is of no importance,it is the least I can do
also,1k-a,79,263,5.314,1.0000,A1,,0,adv,,in addition,"he has a Mercedes, too"
line,1k-a,280,264,5.314,0.9947,A1,,0,n|v,lined|lines|unlined,a formation of people or things one beside another,the line of soldiers advanced with their bayonets fixed
office,1k-a,379,265,5.309,0.9947,A1,,0,n,offices,place of business where professional or clerical duties are performed,he rented an office in the new building
quite,1k-a,265,266,5.306,1.0000,A1,,0,adv,,to a degree (not used with a negative),quite tasty
against,1k-a,182,267,5.304,0.9950,A2,,0,prep,,,
side,1k-a,248,268,5.302,0.9977,A2,,0,n,sided|sides|sideways|siding|sidings,a place within a region identified relative to a center or reference location,they always sat on the right side of the church
half,1k-a,281,269,5.299,0.9977,A1,,0,n|det|pron|adv,halfs|halves,one of two equal parts of a divisible whole,half a loaf
six,1k-a,227,270,5.299,0.9949,A1,,0,number,sixes|sixteen|sixteenth|sixteenths|sixth|sixthly|sixths|sixties|sixtieth|sixtieths|sixty,the cardinal number that is the sum of five and one,
question,1k-a,237,271,5.297,0.9950,A1,,0,n|v,questionable|questionably|questioned|questioner|questioners|questioning|questioningly|questions|unquestionability|unquestionable|unquestionably|unquestioned|unquestioning|unquestioningly,an instance of questioning,there was a question about my training
body,1k-a,333,272,5.291,1.0000,A1,,0,n,bodied|bodies|bodily,"the entire physical structure of an organism (an animal, plant, or human being)",he felt as if his whole body were on fire
high,1k-a,114,273,5.289,1.0000,A1,,0,adj|adv|n,higher|highest|highly|highs,greater than normal in quantity or amount,a high temperature
almost,1k-a,366,274,5.286,0.9975,A2,,0,adv,,(of actions or states) slightly short of or not quite accomplished; all but,the job is (just) about done
reason,1k-a,254,275,5.286,0.9975,A1,,0,n,reasonable|reasonableness|reasonably|reasoned|reasoning|reasons|unreasonable|unreasonableness|unreasonably|unreasoning,a rational motive for a belief or action,the reason that war was declared
buy,1k-a,353,276,5.284,0.9919,A1,,0,v,bought|buyer|buyers|buying|buys,obtain by purchase; acquire by means of a financial transaction,The family purchased a new car
behind,1k-a,473,277,5.273,0.9926,A1,,0,prep|adv,behinds,the fleshy part of the human body that you sit on,he deserves a good kick in the butt
speak,1k-a,277,278,5.272,0.9955,A1,,0,v,speaker|speakers|speaking|speaks|spoke|spoken|unspeakable|unspeakably|unspeaking|unspoken,express in speech,She talks a lot of nonsense
moment,1k-a,434,279,5.271,0.9975,A1,,0,n,momentarily|momentary|moments,a particular point in time,the moment he arrived the party began
along,1k-a,458,280,5.262,0.9924,A2,,0,prep|adv,,with a forward motion,we drove along admiring the view
either,1k-a,408,281,5.261,1.0000,A2,,0,det|pron|adv,,after a negative statement used as an intensive meaning something like ‘likewise’ or ‘also’,"he isn't stupid, but he isn't exactly a genius either"
though,1k-a,236,282,5.259,1.0000,B1,,0,conj|adv,tho,(postpositive) however,"it might be unpleasant, though"
front,1k-a,455,283,5.258,0.9974,A1,,0,n|adj,forefront|forefronts|frontage|frontages|frontal|frontally|fronted|fronting|frontmost|fronts|frontwards,the side that is forward or prominent,
send,1k-a,432,284,5.254,0.9935,A1,,0,v,sender|senders|sending|sends|sent|unsent,cause to go somewhere,The explosion sent the car flying in the air
free,1k-a,325,285,5.249,1.0000,A1,,0,adj|adv|v,freed|freedom|freedoms|freeing|freely|freer|frees|freest|unfree|unfreed,not limited or hampered; not under compulsion or restraint,free enterprise
book,1k-a,269,286,5.247,0.9974,A1,,0,n|v,bookish|booklet|booklets|books,a written work or composition that has been published (printed on pages bound together),I am reading a good book on economics
answer,1k-a,461,287,5.245,0.9976,A1,,0,n|v,answerable|answered|answering|answers|unanswerable|unanswered,a statement (either spoken or written) that is made to reply to a question or request or criticism or accusation,I waited several days for his answer
between,1k-a,102,288,5.243,0.9952,A1,,0,prep|adv,betweens,in the interval,dancing all the dances with little rest between
war,1k-a,330,289,5.242,0.9951,A2,,0,n,warred|warring|wars|antiwar|interwar|postwar|prewar,the waging of armed conflict against an enemy,thousands of people were killed in the war
fact,1k-a,249,290,5.236,1.0000,A1,,0,n,factly|facts,a piece of information about circumstances that exist or events that have occurred,first you must collect all the facts of the case
clear,1k-a,216,291,5.235,0.9955,A2,,0,adj|v,clearance|clearances|cleared|clearer|clearest|clearing|clearings|clearly|clearness|clears|unclear,readily apparent to the mind,a clear and present danger
white,1k-a,410,292,5.234,0.9955,A1,,0,adj|n,whiten|whitened|whitener|whiteners|whiteness|whitening|whitens|whiter|whites|whitest|whitish|nonwhite|nonwhites,being of the achromatic color of maximum lightness; having little or no hue owing to reflection of almost all incident light,as white as fresh snow
city,1k-a,402,293,5.228,0.9955,A1,,0,n,cities,a large and densely populated urban area; may include several independent administrative districts,Ancient Troy was a great city
black,1k-a,405,294,5.225,0.9976,A1,,0,adj|n,blacked|blacken|blackened|blackening|blackens|blacker|blackest|blacking|blackish|blackly|blackness|blacks,being of the achromatic color of maximum darkness; having little or no hue owing to absorption of almost all incident light,black leather jackets
full,1k-a,243,295,5.222,0.9975,A1,,0,adj,fuller|fullest|fullness|fully,containing as much or as many as is possible or normal,a full glass
light,1k-a,328,296,5.217,0.9925,A1,,0,n|adj|v,lighted|lighters|lighting|lights|lit|unlit,(physics) electromagnetic radiation that can produce a visual sensation,the light was filtered through a soft glass window
lose,1k-a,368,297,5.215,0.9975,A1,,0,v,loser|losers|loses|losing|lost,fail to keep or maintain (of a state),I sprang from the ground and quickly lost balance
hour,1k-a,342,298,5.210,0.9976,A1,,0,n,hourly|hours|hr|hrs,a period of time equal to 1/24th of a day,the job will take more than an hour
country,1k-a,213,299,5.209,0.9975,A1,,0,n,countries|countrified|countrify,a politically organized body of people under a single government,the state has elected a new president
able,1k-a,220,300,5.203,0.9977,A2,,0,adj,abilities|ability|abler|ablest|ably|inability|unable,(usually followed by ‘to’) having the necessary means or skill or know-how or authority to do something,able to swim
child,1k-a,117,301,5.197,1.0000,A1,,0,n,childhood|childhoods|childish|childishly|childishness|childless|childlessness|childlike|children|childrens,a young person of either sex,she writes books for children
order,1k-a,221,302,5.194,0.9904,A1,,0,n|v,ordered|ordering|orderlies|orderliness|orderly|orders|reorder|reordered|reordering|reorders|unordered,"(often plural) a command given by a superior (e.g., a military or law enforcement officer) that must be obeyed",the British ships dropped anchor and waited for orders from London
food,1k-a,495,303,5.188,0.9976,A1,,0,n,foods,any substance that can be metabolized by an animal to give energy and build tissue,
drive,1k-a,344,304,5.185,0.9974,A1,,0,v|n,driven|driver|drivers|drives|driving|drove,operate or control a vehicle,drive a car or bus
power,1k-a,211,305,5.173,1.0000,A2,,0,n|v,powered|powerful|powerfully|powering|powerless|powerlessly|powerlessness|powers,possession of controlling influence,the deterrent power of nuclear weapons
sort,1k-a,375,306,5.172,0.9975,A2,,0,n|v,sorts,a category of things distinguished by some common characteristic or quality,sculpture is a form of art
special,1k-a,312,307,5.171,0.9947,A1,,0,adj,specialisation|specialisations|specialise|specialised|specialises|specialising|specialism|specialisms|specialist|specialists|specialities|speciality|specialization|specializations|specialize|specialized|specializes|specializing|specially|specials|specialties|specialty,unique or specific to a person or thing or category,the particular demands of the job
street,1k-a,258,308,5.170,0.9974,A1,,0,n,st|streets,a thoroughfare (usually including sidewalks) that is lined with buildings,they walked the streets of the small town
team,1k-a,451,309,5.169,0.9949,A1,,1,n,teamed|teaming|teams,a cooperative unit (especially in sports),
company,1k-a,115,310,5.167,1.0000,A1,,0,n,co|companies,an institution created to conduct business,he only invests in large well-established companies
plan,1k-a,214,311,5.163,0.9973,A1,,0,n|v,planned|planner|planners|planning|plans|unplanned,a series of steps to be carried out or goals to be accomplished,they drew up a six-step plan
ten,1k-a,470,312,5.161,1.0000,A1,,0,number,tens|tenth|tenths,the cardinal number that is the sum of nine and one; the base of the decimal system,
sound,1k-a,454,313,5.156,0.9873,A1,,0,n|v|adj,sounded|sounding|soundings|soundless|soundlessly|sounds,the particular auditory effect produced by a given cause,the sound of rain on the roof
date,1k-a,448,314,5.150,0.9972,A1,,0,n|v,datable|dated|dates|dating|undated|postdate|postdated|postdating|postdates,the specified day of the month,what is the date today?
seem,1k-a,153,315,5.145,0.9926,A2,,0,v,seemed|seeming|seemingly|seems,give a certain impression of being something or having a certain aspect,She seems to be sleeping
air,1k-a,498,316,5.143,1.0000,A1,,0,n,aired|airier|airiest|airily|airiness|airing|airings|airless|airs|airy|midair,a mixture of gases (especially oxygen) required for breathing; the stuff that the wind consists of,air pollution
lord,1k-a,496,317,5.140,0.9923,B2,,0,n,lorded|lording|lordly|lords|lordship|lordships|lordy,a person who has general authority over others,
perhaps,1k-a,323,318,5.133,0.9925,A2,,0,adv,,by chance,perhaps she will call tomorrow
win,1k-a,208,319,5.129,1.0000,A1,,0,v|n,winner|winners|winning|winnings|wins|won,be the winner in a contest or competition; be victorious,He won the Gold Medal in skating
top,1k-a,373,320,5.125,0.9955,A2,,0,n|adj|v,topless|topmost|topped|topper|toppers|topping|toppings|tops|untopped,the upper part of anything,the mower cuts off the tops of the grass
sign,1k-a,499,321,5.124,1.0000,A2,,0,n|v,signed|signer|signers|signing|signings|signs|unsigned|countersign|countersigned|countersigning|countersigns,a perceptible indication of something not immediately apparent (as a visible clue that something has happened),he showed signs of strain
sense,1k-a,482,322,5.119,0.9948,A2,,0,n|v,senseless|senselessness|senselessly,a general conscious awareness,a sense of security
control,1k-a,245,323,5.116,1.0000,A2,,0,n|v,controllable|controlled|controller|controllers|controlling|controls|uncontrollable|uncontrollably|uncontrolled,power to direct or determine,under control
king,1k-a,431,324,5.111,0.9953,A2,,0,n,kingdom|kingdoms|kingly|kings|kingship|kingships,a male sovereign; ruler of a kingdom,
figure,1k-a,288,325,5.111,0.9950,A2,,0,n|v,fig|figs|figural|figuration|figurations|figured|figures|figuring|figurings,a diagram or picture illustrating textual material,the area covered can be seen from Figure 2
write,1k-a,168,326,5.103,0.9948,A1,,0,v,rewrit|rewrite|rewrites|rewriting|rewritten|rewrote|unwritten|writer|writers|writes|writing|writings|written|wrote,produce a literary work,She composed a poem
human,1k-a,450,327,5.096,0.9949,A2,,0,adj|n,humanism|humanist|humanistic|humanists|humanity|humanly|humanness|humans|inhuman|inhumanity|nonhuman|nonhumans|humanize|humanized|humanizing|humanizes|humanise|humanised|humanising|humanises|humanization|humanisation|subhuman|subhumans,characteristic of humanity,human nature
small,1k-a,195,328,5.096,0.9948,A1,,0,adj,smaller|smallest|smallish|smallness|smalls,limited or below average in number or quantity or magnitude or extent,a little dining room
past,1k-a,425,329,5.092,0.9950,A1,,0,adj|n|prep|adv,pasts,earlier than the present time; no longer current,time past
follow,1k-a,147,330,5.090,0.9899,A1,,0,v,ff|followed|follower|followers|following|follows,"to travel behind, go after, come after",The ducklings followed their mother around the pond
million,1k-a,395,331,5.080,0.9949,A1,,0,number,millions|millionth,the number that is represented as a one followed by 6 zeros,
fall,1k-a,336,332,5.073,0.9975,A1,,0,v|n,fallen|falling|falls|fell,descend in free fall under the influence of gravity,The branch fell from the tree
learn,1k-a,412,333,5.073,0.9947,A1,,0,v,learned|learnedly|learner|learners|learning|learns|learnt|relearn|relearned|relearning|relearns|unlearn|unlearned,gain knowledge or skills,She learned dancing from her sister
class,1k-a,372,334,5.069,0.9928,A1,,0,n,classed|classes|classier|classiest|classiness|classing|classless|classlessness|classy|subclass|subclasses,a collection of things sharing a common attribute,there are two classes of detergents
law,1k-a,301,335,5.065,0.9951,A2,,0,n,lawful|lawfully|lawfulness|lawless|lawlessness|laws|unlawful|unlawfully,the collection of rules imposed by authority,civilization presupposes respect for the law
become,1k-a,138,336,5.062,0.9976,A1,,0,v,became|becomes|becoming,enter or assume a certain state or condition,He became annoyed when he heard the bad news
general,1k-a,187,337,5.062,0.9935,A2,,0,adj,generalisability|generalisable|generalisation|generalisations|generalise|generalised|generalises|generalising|generalist|generalists|generalities|generality|generalizability|generalizable|generalization|generalizations|generalize|generalized|generalizes|generalizing|generally,applying to all or most members of a category or group,the general public
possible,1k-a,172,338,5.057,1.0000,A1,,0,adj,impossibility|impossible|impossibly|possibilities|possibility|possibles|possibly,capable of happening or existing,a breakthrough may be possible next year
rather,1k-a,253,339,5.057,0.9949,A2,,0,adv,,on the contrary,"rather than disappoint the children, he did two quick tricks before he left"
road,1k-a,341,340,5.048,0.9973,A1,,0,n,rd|roads,an open way (generally public) for travel or transportation,
eye,1k-a,268,341,5.048,0.9949,A1,,0,n,eyed|eyeful|eyefuls|eyeing|eying|eyeless|eyelet|eyelets|eyes,the organ of sight,
explain,1k-a,423,342,5.045,0.9974,A1,,0,v,explained|explainer|explainers|explaining|explains|explanation|explanations|explanatory|unexplained,make plain and comprehensible,He explained the laws of physics to his students
less,1k-a,255,343,5.045,0.9927,A2,,0,det|pron|adv,lessen|lessened|lessening|lessens|lesser,(comparative of ‘little’ usually used with mass nouns) a quantifier meaning not as great in amount or degree,of less importance
act,1k-a,122,344,5.037,1.0000,A2,,0,v|n,acted|acting|action|actionable|actioned|actioning|actions|actor|actors|actress|actresses|acts|inaction|unactioned,"perform an action, or work out or perform (an action)",think before you act
pass,1k-a,429,345,5.033,1.0000,A2,,0,v|n,impassable|impassible|impassably|passable|passably|passed|passer|passers|passes|passing,go across or through,We passed the point where the police car had parked
report,1k-a,179,346,5.033,1.0000,A1,,0,n|v,reported|reportedly|reporter|reporters|reporting|reports|unreported|reportage,a written document describing the findings of some individual or group,this accords with the recent study by Hill and Dale
early,1k-a,199,347,5.033,0.9863,A1,,0,adj|adv,earlier|earliest|earliness,at or near the beginning of a period of time or course of events or before the usual or expected time,early morning
state,1k-a,158,348,5.032,0.9974,A2,,0,n|adj|v,stated|statement|statementing|statements|misstatement|misstatements|stating|unstated,the territory occupied by one of the constituent administrative districts of a nation,his state is in the deep south
table,1k-a,462,349,5.023,0.9949,A1,,0,n,tabled|tables|tabling,a set of data arranged in rows and columns,see table 1
major,1k-a,388,350,5.020,1.0000,A2,,1,adj,majored|majoring,of greater importance or stature or rank,a major artist
seven,1k-a,385,351,5.018,0.9976,A1,,0,number,sevens|seventeen|seventeenth|seventeenths|seventh|sevenths|seventies|seventieth|seventieths|seventy,the cardinal number that is the sum of six and one,
marry,1k-a,472,352,5.018,0.9975,A2,,0,v,intermarriage|intermarriages|intermarried|intermarries|intermarry|intermarrying|marriage|marriageable|marriages|married|marries|marrying|remarriage|remarriages|remarried|remarries|remarry|remarrying|unmarriageable|unmarried,take in marriage; married,
expect,1k-a,275,353,5.016,0.9955,A2,,0,v,expectancies|expectancy|expectant|expectantly|expectation|expectations|expected|expectedly|expecting|expects|unexpected|unexpectedly|unexpectedness,regard something as probable or likely,The meteorologists are expecting rain for tomorrow
paper,1k-a,456,354,5.014,0.9951,A1,,0,n,papered|papering|paperless|papers|papery,a material made of cellulose pulp derived mainly from wood or rags or certain grasses,
court,1k-a,310,355,5.003,0.9942,B1,,0,n,courted|courting|courts,an assembly (including one or more judges) to conduct judicial business,
eight,1k-a,346,356,4.992,1.0000,A1,,0,number,eighteen|eighteenth|eighteenths|eighth|eighths|eighties|eightieth|eightieths|eights|eighty,the cardinal number that is the sum of seven and one,
month,1k-a,242,357,4.978,0.9948,A1,,0,n,monthly|months|bimonthly,one of the twelve divisions of the calendar year,he paid the bill last month
train,1k-a,276,358,4.977,0.9976,A1,,0,n|v,trained|trainee|trainees|trainer|trainers|training|trains|untrained|retrain|retrained|retraining|retrains,public transport provided by a line of railway cars coupled together and drawn by a locomotive,express trains don't stop at Princeton Junction
cover,1k-a,383,359,4.974,0.9976,A2,,0,v|n,coverage|covered|covering|coverings|coverlet|coverlets|covers|uncover|uncovered|uncovering|uncovers,provide with a covering or cause to be covered,cover her face with a handkerchief
across,1k-a,447,360,4.973,0.9950,A1,,0,prep|adv,,to the opposite side,the football field was 300 feet across
spend,1k-a,414,361,4.969,0.9950,A1,,0,v,misspent|spender|spenders|spending|spends|spent|unspent,use up a period of time in a specific way,how are you spending your summer vacation?
sell,1k-a,413,362,4.964,1.0000,A1,,0,v,resell|reseller|resellers|reselling|resold|seller|sellers|selling|sells|sold|unsold|undersold,exchange or deliver for money or its equivalent,He sold his house in January
return,1k-a,324,363,4.962,1.0000,A1,,0,v|n,returnable|returned|returnee|returnees|returner|returners|returning|returns|unreturned,"go or come back to place, condition, or activity where one has been before",return to your native land
system,1k-a,143,364,4.961,0.9929,A2,,0,n,subsystem|subsystems|systematic|systematically|systems|unsystematic|unsystematically,instrumentality that combines interrelated interacting artifacts designed to work as a coherent entity,he bought a new stereo system
charge,1k-a,442,365,4.951,1.0000,B1,,0,n|v,chargeable|charged|chargee|chargees|charger|chargers|charges|charging|uncharged,an impetuous rush toward someone or something,the wrestler's charge carried him past his adversary
present,1k-a,416,366,4.951,0.9957,A1,,0,adj|n|v,presently,temporal sense; intermediate between past and future; now existing or happening or in consideration,the present leader
simple,1k-a,315,367,4.950,1.0000,A2,,0,adj,simpleness|simpler|simplest|simplification|simplifications|simplified|simplifies|simplify|simplifying|simply|unsimplified,having few parts; not complex or complicated or involved,a simple problem
middle,1k-a,446,368,4.950,0.9974,A2,,0,n|adj,middles|middling|mid,an area that is approximately central within some larger region,it is in the center of town
land,1k-a,387,369,4.945,0.9973,A1,,0,n|v,landed|landing|landings|landless|lands|landward|landwards,the land on which real estate is located,he built the house on land leased from the city
strong,1k-a,435,370,4.938,0.9975,A1,,0,adj,stronger|strongest|strongly,having strength or power greater than average or expected,a strong radio signal
voice,1k-a,409,371,4.935,0.9974,A2,,0,n,voiced|voiceless|voices|voicing|unvoiced,the distinctive quality or pitch or condition of a person's speech,A shrill voice sounded behind us
record,1k-a,300,372,4.932,1.0000,A2,,0,n|v,prerecord|prerecorded|prerecording|prerecords|recorded|recorder|recorders|recording|recordings|records|unrecorded,anything (such as a document or a phonograph record or a photograph) providing permanent evidence of or information about past events,the film provided a valuable record of stage techniques
short,1k-a,391,373,4.932,0.9975,A1,,0,adj,shortage|shortages|shorten|shortened|shortening|shortens|shorter|shortest|shortish|shortness,primarily temporal sense; indicating or being or seeming to be limited in duration,a short life
certain,1k-a,226,374,4.931,0.9978,A2,,0,adj,cert|certainly|certainties|certainty|uncertain|uncertainly|uncertainties|uncertainty,definite but not specified or identified,set aside a certain sum each week
bank,1k-a,389,375,4.929,0.9949,A1,,0,n,banked|banker|bankers|banking|banks,sloping land (especially the slope beside a body of water),they pulled the canoe up on the bank
test,1k-a,420,376,4.924,0.9976,A1,,0,n|v,retest|retested|retesting|retests|testable|tested|tester|testers|testing|tests|untestable|untested,trying something to find out about it,a sample for ten days free trial
history,1k-a,348,377,4.923,0.9942,A1,,0,n,historian|historians|historic|historical|historically|historicism|historicist|historicists|historicity|histories|prehistories|prehistory,the aggregate of past events,a critical time in the school's history
lead,1k-a,130,378,4.920,0.9947,A2,,0,v|n,leader|leaderless|leaders|leadership|leaderships|leading|leads|led|mislead|misleading|misleadingly|misleads|misled,take somebody somewhere,we led him to our chief
near,1k-a,283,379,4.919,0.9947,A1,,0,prep|adj|adv,nearby|neared|nearer|nearest|nearing|nearly|nearness|nears|nearside,move towards,We were approaching our destination
letter,1k-a,484,380,4.917,0.9954,A1,,0,n,lettered|lettering|letterings|letters|unlettered,a written message addressed to a person or organization,mailed an indignant letter to the editor
situation,1k-a,483,381,4.916,0.9974,A1,,0,n,situate|situated|situating|situates|situational|situationally|situations,the general state of things; the combination of circumstances at a given time,the present international situation is dangerous
mark,1k-a,415,382,4.913,0.9903,A2,,0,v|n,marked|markedly|marker|markers|marking|markings|marks|unmarked,attach a tag or label to,label these bottles
service,1k-a,177,383,4.902,0.9975,A2,,0,n,serviceable|serviced|services|servicing|unserviced,work done by one person or group that benefits another,budget separately for goods and services
age,1k-a,334,384,4.898,0.9976,A1,,0,n|v,aged|ageing|ageism|ageist|ageists|ageless|ager|agers|ages|aging|underage,how long something has existed,it was replaced because of its age
hundred,1k-a,466,385,4.896,0.9957,A1,,0,number,hundreds|hundredth|hundredths,ten 10s,
deep,1k-a,474,386,4.883,0.9949,A2,,0,adj|adv,deepen|deepened|deepening|deepens|deeper|deepest|deeply|depth|depths,relatively deep or strong; affecting one deeply,a deep breath
during,1k-a,239,387,4.880,0.9976,A1,,0,prep,,,
area,1k-a,165,388,4.874,0.9976,A1,,1,n,areas,a particular geographical region of indefinite boundary (usually serving some special purpose or distinguished by its people or culture or geography),it was a mountainous area
offer,1k-a,285,389,4.873,1.0000,A2,,0,v|n,offered|offeree|offerees|offerer|offerers|offering|offerings|offeror|offerors|offers,give something useful or necessary to,We provided the room with an electrical heater
group,1k-a,146,390,4.867,1.0000,A1,,0,n,grouped|grouping|groupings|groups|intergroup|regroup|regrouped|regrouping|regroups|subgroup|subgroups|ungrouped,any number of entities (members) considered as a unit,
teach,1k-a,294,391,4.862,0.9974,A1,,0,v,taught|untaught|teachable|teacher|teacherly|teachers|teaches|teaching|teachings,impart skills or knowledge to,I taught them French
ground,1k-a,453,392,4.860,0.9978,A2,,0,n,foreground|foregrounded|foregrounding|foregrounds|grounded|grounding|groundless|grounds|ungrounded,the solid part of the earth's surface,the plane turned away from the sea and moved back over land
single,1k-a,486,393,4.857,0.9973,A2,,0,adj|n,singled|singleness|singles|singling|singly,being or characteristic of a single thing or person,individual drops of rain
position,1k-a,397,394,4.857,0.9971,A2,,0,n|v,positional|positioned|positioning|positions|reposition|repositioned|repositioning|repositions,the particular portion of space occupied by something,he put the lamp back in its place
public,1k-a,260,395,4.851,0.9975,A2,,0,adj|n,publically|publicly|publics,not private; open to or concerning the people as a whole,the public good
art,1k-a,360,396,4.850,0.9975,A1,,0,n,artist|artistic|artistically|artistries|artistry|artists|arts|arty,the products of human creativity; works of art collectively,an art exhibition
force,1k-a,282,397,4.849,0.9950,B1,,0,n|v,forced|forceful|forcefully|forcefulness|forces|forcible|forcibly|forcing|unforced,a powerful effect or influence,the force of his eloquence easily persuaded them
normal,1k-a,491,398,4.847,0.9977,A2,,1,adj|n,normalisation|normalise|normalised|normalises|normalising|normality|normalization|normalize|normalized|normalizes|normalizing|normally|normalcy,conforming with or constituting a norm or standard or level or type or social norm; not abnormal,serve wine at normal room temperature
field,1k-a,471,399,4.846,0.9948,A2,,0,n,fielded|fielder|fielders|fielding|fields|midfielder|midfielders,a piece of land cleared of trees and usually enclosed,he planted a field of wheat
church,1k-a,449,400,4.843,0.9947,A2,,0,n,churches,one of the groups of Christians who have their own beliefs and forms of worship,
share,1k-a,377,401,4.842,0.9948,A1,,0,v|n,shared|shares|sharing|unshared,have in common,Our children share a love of music
nine,1k-a,361,402,4.829,0.9974,A1,,0,number,niner|niners|nines|nineteen|nineteenth|nineteenths|nineties|ninetieth|ninetieths|ninety|ninth|ninths,the cardinal number that is the sum of eight and one,
whether,1k-a,305,403,4.826,0.9951,B1,,0,conj,,,
round,1k-a,306,404,4.823,0.9974,A2,,0,adj|adv|prep|n,rounded|rounder|rounders|roundest|rounding|roundly|roundness|rounds|roundish,having the shape or form of a circle,
carry,1k-a,331,405,4.818,1.0000,A1,,0,v,carried|carrier|carriers|carries|carrying,"move while supporting, either in a vehicle or in one's hands or on one's body",You must carry your camping gear
foot,1k-a,424,406,4.812,0.9977,A1,,0,n,feet|footed|footer|footers|ft,the part of the leg of a human being below the ankle joint,his bare feet projected from his trousers
agree,1k-a,262,407,4.810,1.0000,A1,,0,v,agreeable|agreeably|agreed|agreeing|agreement|agreements|agrees,be in accord; be in agreement,We agreed on the terms of the settlement
south,1k-a,419,408,4.809,0.9952,A1,,0,n|adj|adv,southerlies|southerly,the cardinal compass point that is at 180 degrees,
north,1k-a,418,409,4.805,1.0000,A1,,0,n|adj|adv,ne|nne|nnw|northerlies|northerly|northernmost|northward|northwards|northwest|nw,the cardinal compass point that is at 0 or 360 degrees,
upon,1k-a,463,410,4.797,0.9911,B1,,0,prep,,,
experience,1k-a,350,411,4.782,0.9974,A2,,0,n|v,experienced|experiences|experiencing|experiential|experientially|inexperience|inexperienced,the accumulation of knowledge or skill that results from direct participation in events or activities,a man of experience
type,1k-a,406,412,4.782,0.9973,A1,,0,n|v,subtype|subtypes|types,a subdivision of a particular kind of thing,what type of sculpture do you prefer?
west,1k-a,445,413,4.782,0.9945,A1,,0,n|adj|adv,midwest|westerlies|westerly|westward|westwards|wnw|wsw,the cardinal compass point that is at 270 degrees,
difficult,1k-a,314,414,4.779,0.9951,A1,,0,adj,difficulties|difficulty,not easy; requiring great physical or mental effort to accomplish or comprehend or endure,a difficult task
grow,1k-a,271,415,4.774,0.9950,A1,,0,v,grew|grower|growers|growing|grown|grows|growth|growths|regrow|regrowth,"pass into a condition gradually, take on a specific property or attribute; become",The weather turned nasty
within,1k-a,229,416,4.772,0.9925,B1,,0,prep,,on the inside,"inside, the car is a mess"
computer,1k-a,477,417,4.771,1.0000,A1,,1,n,computable|computation|computational|computationally|computations|compute|computed|computerisation|computerise|computerised|computerises|computerising|computerization|computerize|computerized|computerizes|computerizing|computers|computes|computing,a machine for performing calculations automatically,
visit,1k-a,376,418,4.768,0.9974,A1,,0,v|n,revisit|revisitation|revisitations|revisited|revisiting|revisits|unvisited|visitation|visitations|visited|visiting|visitor|visitors|visits,"go to see a place, as for entertainment",We went to see the Eiffel Tower in the morning
often,1k-a,290,419,4.758,0.9976,A1,,0,adv,oft,many times at short intervals,we often met over a cup of coffee
begin,1k-a,204,420,4.755,0.9896,A1,,0,v,began|beginner|beginners|beginning|beginnings|begins|begun,take the first step or steps in carrying out an action,We began working at dawn
reach,1k-a,441,421,4.755,0.9872,A2,,0,v|n,reached|reaches|reaching|overreach|overreached|overreaching|overreaches,"reach a destination, either real or abstract",We hit Detroit by noon
raise,1k-a,487,422,4.741,0.9973,A2,,0,v,raised|raiser|raisers|raises|raising,raise the level or amount of something,raise my salary
cost,1k-a,266,423,4.739,0.9953,A1,,0,n|v,costed|costing|costings|costless|costlier|costliest|costly|costliness|costs,the total spent for goods or services including money and time and labor,
note,1k-a,394,424,4.728,0.9977,A1,,0,n|v,notable|notables|notably|noted|notes|noting,a brief written record,he made a note of the appointment
price,1k-a,349,425,4.727,0.9975,A1,,0,n|v,priced|priceless|prices|pricey|pricing|unpriced,the property of having material worth (often indicated by the amount of money something would bring if sold),the fluctuating monetary value of gold and silver
further,1k-a,298,426,4.722,0.9953,A2,,0,adj|adv,furtherance|furthered|furtherest|furthering|furthers|furthest|furtherer|furthermost,more distant in especially degree,nothing could be further from the truth
accept,1k-a,384,427,4.722,0.9946,A2,,0,v,acceptability|acceptable|acceptably|acceptance|acceptances|accepted|accepting|acceptor|acceptors|accepts|unacceptability|unacceptable|unacceptably,consider or hold as true,I cannot accept the dogma of this church
consider,1k-a,274,428,4.719,1.0000,A2,,0,v,consideration|considerations|considered|considering|consideringly|considers|reconsider|reconsideration|reconsiderations|reconsidered|reconsidering|reconsiders|unconsidered,deem to be,She views this quite differently from me
treat,1k-a,417,429,4.715,0.9953,B1,,0,v,mistreat|mistreated|mistreating|mistreatment|mistreatments|mistreats|pretreated|pretreatment|treatable|treated|treating|treatment|treatments|treats|untreatable|untreated,interact in a certain way,Do right by her
complete,1k-a,351,430,4.713,0.9953,A1,,0,adj|v,completed|completely|completeness|completes|completing|completion|completions|incomplete|incompletely|incompleteness|uncompleted,having every necessary or normal part or component or step,a complete meal
level,1k-a,252,431,4.712,0.9951,A2,,0,n|adj|v,leveled|leveler|leveling|levelled|leveller|levellers|levelling|levelly|levels,a position on a scale of intensity or amount or quality,a moderate grade of intelligence
interest,1k-a,170,432,4.707,0.9926,A1,,0,n|v,interested|interestedly|interesting|interestingly|interests|uninterested|uninteresting,a sense of concern with and curiosity about someone or something,an interest in music
support,1k-a,223,433,4.705,1.0000,A2,,0,v|n,supported|supporter|supporters|supporting|supportive|supports|unsupported|supportable|insupportable,"give moral or psychological support, aid, or courage to",She supported him during the illness
decide,1k-a,433,434,4.702,1.0000,A1,,0,v,decided|decidedly|decider|deciders|decides|deciding|undecided,"reach, make, or come to a decision about something",We finally decided after lengthy deliberations
final,1k-a,352,435,4.696,0.9974,A1,,1,adj|n,finalise|finalised|finalises|finalising|finalist|finalists|finality|finalize|finalized|finalizes|finalizing|finally|finals|semifinal|semifinals|semifinalist|semifinalists,occurring at or forming an end or termination,his concluding words came as a surprise
continue,1k-a,259,436,4.695,1.0000,A2,,0,v,continual|continually|continuance|continuation|continuations|continued|continues|continuing|continuities|continuity|continuous|continuously,"continue a certain state, condition, or activity",Keep on working!
east,1k-a,492,437,4.695,0.9948,A1,,0,n|adj|adv,easterlies|easterly|eastward|eastwards,the cardinal compass point that is at 90 degrees,
study,1k-a,251,438,4.690,0.9950,A1,,0,n|v,studied|studies|studious|studiously|studying|unstudied,a detailed critical inspection,
above,1k-a,430,439,4.689,0.9977,A1,,0,prep|adv,,an earlier section of a written text,"for instructions, refer to the above"
build,1k-a,196,440,4.682,1.0000,A1,,0,v,builder|builders|building|buildings|builds|built|prebuilt|rebuild|rebuilding|rebuilds|rebuilt|unbuilt,make by combining materials and parts,this little pig made his house out of straw
rule,1k-a,401,441,4.682,0.9951,A1,,0,n|v,misrule|misruled|ruled|ruler|rulers|rules|ruling|rulings|unruled,a principle or condition that customarily governs behavior,it was his rule to take a walk before breakfast
necessary,1k-a,426,442,4.662,0.9919,A2,,0,adj,necessaries|necessarily|unnecessarily|unnecessary,absolutely essential,
mister,1k-a,137,443,4.659,0.9931,,,0,n,mr,a form of address for a man,
stage,1k-a,475,444,4.658,0.9977,A2,,0,n|v,staged|stages|staging,any distinct time period in a sequence of events,we are in a transitional stage in which many former ideas must be revised or rejected
nature,1k-a,284,445,4.654,0.9975,A2,,0,n,natural|naturalism|naturalist|naturalistic|naturalistically|naturalists|naturally|naturalness|natured|naturedly|natures|unnatural|unnaturally,the essential qualities or characteristics by which something is recognized,it is the nature of fire to burn
however,1k-a,161,446,4.654,0.9974,A1,,0,adv,,despite anything to the contrary (usually preceding a concession),"although I'm a little afraid, however I'd like to try it"
responsible,1k-a,481,447,4.653,0.9974,B1,,0,adj,irresponsible|irresponsibly|responsibilities|responsibility|responsibly,worthy of or requiring responsibility or trust; or held accountable,a responsible adult
allow,1k-a,293,448,4.647,0.9899,A2,,0,v,allowable|allowance|allowances|allowed|allowing|allows,make it possible through a specific action or lack of action for something to happen,This permits the water to rush in
student,1k-a,476,449,4.633,0.9975,A1,,0,n,students|studentship|studentships,a learner who is enrolled in an educational institution,
form,1k-a,181,450,4.630,0.9950,A1,,0,n|v,formed|forming|formless|formlessness|forms|preform|preformed|preforming|preforms|unformed,the phonological or orthographic sound or appearance of a word that can be used to describe or identify something,the inflected forms of a word can be represented by a stem and a list of inflections to be attached
main,1k-a,335,451,4.630,0.9949,A1,,0,adj,mainly|mains,most important element,the chief aim of living
although,1k-a,244,452,4.623,0.9932,A2,,0,conj,,,
local,1k-a,206,453,4.620,0.9926,A1,,0,adj|n,localisation|localise|localised|localises|localising|localism|localization|localize|localized|localizes|localizing|locally|locals,relating to or applicable to or concerned with the administration of a city or town or district rather than a larger area,local taxes
large,1k-a,180,454,4.617,1.0000,A1,,0,adj,largeish|largely|larger|largest|largish|largeness,above average in size or number or quantity or magnitude or extent,a large city
draw,1k-a,380,455,4.606,1.0000,A1,,0,v,drawing|drawings|drawn|draws|drew|redraw|redrawing|redrawn|redraws|redrew|undrawn,cause to move by pulling,draw a wagon
health,1k-a,381,456,4.605,0.9975,A1,,0,n,healthfully|healthfulness|healthier|healthiest|healthily|healthy|unhealthier|unhealthiest|unhealthy|healthful|unhealthful|healthiness|unhealthiness,a healthy state of wellbeing free from disease,physicians should be held responsible for the health of their patients
suggest,1k-a,317,457,4.593,1.0000,A2,,0,v,suggested|suggestible|suggesting|suggestion|suggestions|suggestive|suggestively|suggestiveness|suggests,"make a proposal, declare a plan for something",the senator proposed to abolish the sales tax
several,1k-a,459,458,4.588,0.9947,A2,,0,det|pron,severally,(used with count nouns) of an indefinite number more than 2 or 3 but not many,several letters came in the mail
view,1k-a,291,459,4.585,0.9952,A2,,0,n|v,viewable|viewed|viewer|viewers|viewing|views,a way of regarding situations or topics etc.,consider what follows from the positivist view
serve,1k-a,457,460,4.579,0.9950,A2,,0,v,servant|servants|served|server|serveries|servers|servery|serves|serving|servings|unserved,"serve a purpose, role, or function",The tree stump serves as a table
total,1k-a,436,461,4.575,0.9888,B1,,0,adj|n|v,totaled|totaling|totality|totalizing|totalled|totalling|totally|totals|untotalled|subtotal|subtotals,constituting the full quantity or extent; complete,an entire town devastated by an earthquake
page,1k-a,469,462,4.574,0.9976,A1,,0,n,pages|pp,one side of one leaf (of a book or magazine or newspaper or letter etc.) or the written or pictorial matter it contains,
usual,1k-a,356,463,4.571,1.0000,A2,,0,adj,unusual|unusually|usually,occurring or encountered or experienced or observed frequently or in accordance with regular practice or procedure,grew the usual vegetables
science,1k-a,439,464,4.571,0.9976,A1,,0,n,sciences|scientific|scientifically|scientificity|scientist|scientists|unscientific|unscientifically,a particular branch of scientific knowledge,the science of genetics
subject,1k-a,358,465,4.567,1.0000,A1,,0,n|adj,subjects,the subject matter of a conversation or discussion,he didn't want to discuss that subject
market,1k-a,241,466,4.559,0.9883,A1,,0,n|v,marketability|marketable|marketed|marketeer|marketeers|marketer|marketers|marketing|markets|nonmarket,the world of commercial activity where goods and services are bought and sold,without competition there would be no market
base,1k-a,279,467,4.548,1.0000,B1,,0,n|v,based|baseless|baser|bases|basest|basing|baseness|basely,installation from which a military force initiates operations,the attack wiped out our forward bases
issue,1k-a,303,468,4.533,0.9975,B1,,1,n|v,issuance|issued|issuer|issuers|issues|issuing,an important question that is in dispute and must be settled,the issue could be settled by requiring public education for everyone
among,1k-a,411,469,4.530,0.9838,A2,,0,prep,amongst,,
prepare,1k-a,489,470,4.525,0.9889,A1,,0,v,prep|preparation|preparations|preparatory|prepared|preparedness|prepares|preparing|unprepared,"make ready or suitable or equip in advance for a particular purpose or for some use, event, etc",Get the children ready for school!
add,1k-a,218,471,4.519,1.0000,A1,,0,v,added|adding|addition|additional|additionality|additionally|additions|additive|additives|adds,"make an addition (to); join or combine or unite with others; increase the quality, quantity, size or scope of",We added two students to that dorm room
telephone,1k-a,500,472,4.510,0.9946,A1,,0,n|v,phone|phoned|phones|phoning|tel|telephoned|telephones|telephonic|telephoning,electronic equipment that converts sound into electrical signals that can be transmitted over distances and then converts received signals back into sounds,I talked to him on the telephone
member,1k-a,192,473,4.459,0.9975,A1,,0,n,members|membership|memberships,one of the persons who compose a social group (especially individuals who have joined and participate in a group organization),only members will be admitted
particular,1k-a,201,474,4.445,0.9976,A2,,0,adj,particularisation|particularise|particularised|particularises|particularising|particularism|particularisms|particularistic|particularities|particularity|particularization|particularize|particularized|particularizes|particularizing|particularly|particulars,unique or specific to a person or thing or category,the particular demands of the job
rise,1k-a,371,475,4.438,1.0000,A2,,0,v|n,risen|riser|risers|rises|rising|risings|rose,move upward,The fog lifted
twenty,1k-a,452,476,4.431,0.9935,A1,,0,number,twenties|twentieth|twentieths,the cardinal number that is the sum of nineteen and one,
concern,1k-a,321,477,4.417,0.9929,B2,,0,n|v,concerned|concerning|concerns|unconcern|unconcerned|unconcernedly,something that interests you because it is important or affects you,the safety of the ship is the captain's concern
rate,1k-a,313,478,4.396,0.9927,A2,,0,n|v,rateable|rated|rater|raters|rates|rating|ratings,a magnitude or frequency relative to a time unit,they traveled at a rate of 55 miles per hour
secure,1k-a,440,479,4.386,0.9954,B2,,1,v|adj,insecure|insecurities|insecurity|secured|securely|secures|securing|securities|security|unsecured|insecurely,get by special effort,He procured extra cigarettes even though they were rationed
wide,1k-a,399,480,4.376,0.9873,A2,,0,adj,widely|widen|widened|wideness|widening|widens|wider|widest|width|widths,having great (or a certain) extent from one side to the other,wide roads
appear,1k-a,295,481,4.368,0.9928,A2,,0,v,appearance|appearances|appeared|appearing|appears|reappear|reappearance|reappearances|reappeared|reappearing|reappears,give a certain impression of being something or having a certain aspect,She seems to be sleeping
toward,1k-a,393,482,4.360,0.9904,A2,,0,prep,towards,,
manage,1k-a,159,483,4.332,0.9950,A2,,0,v,manageable|managed|management|managements|manager|manageress|manageresses|managerial|managers|manages|managing|mismanage|mismanaged|mismanagement|mismanages|mismanaging|unmanageable,be successful; achieve a goal,I managed to carry the box upstairs
nation,1k-a,191,484,4.311,0.9974,B1,,0,n,national|nationalisation|nationalisations|nationalise|nationalised|nationalising|nationalism|nationalisms|nationalist|nationalistic|nationalistically|nationalists|nationalization|nationalize|nationalized|nationalizing|nationally|nationals|nationhood|nationhoods|nations|nationwide,a politically organized body of people under a single government,the state has elected a new president
collect,1k-a,460,485,4.301,0.9976,A2,,0,v,collectable|collectables|collected|collecting|collection|collections|collective|collectively|collectives|collectivism|collectivist|collectivists|collectivities|collectivity|collectivization|collector|collectors|collects|uncollected|collectible,get or gather together,I am accumulating evidence for the man's unfaithfulness to his wife
express,1k-a,444,486,4.253,0.9928,A2,,0,v,expressed|expresses|expressible|expressing|expression|expressionless|expressionlessly|expressions|expressive|expressively|expressiveness|expressly|inexpressible|unexpressed,give expression to,She showed her disappointment
term,1k-a,222,487,4.242,0.9977,A2,,0,n|v,midterm|midterms|preterm|termed|terming|termism|termly|terms,a word or expression used for some particular thing,he learned many medical terms
actual,1k-a,339,488,4.239,0.9954,B2,,0,adj,actualisation|actualisations|actualise|actualised|actualises|actualising|actualities|actuality|actualization|actualizations|actualize|actualized|actualizes|actualizing|actually,presently existing in fact and not merely potential or possible,the predicted temperature and the actual temperature were markedly different
tax,1k-a,438,489,4.163,0.9951,B1,,0,n|v,nontaxable|pretax|taxable|taxation|taxed|taxes|taxing|untaxed,charge against a citizen's person or property or activity for the support of government,
parent,1k-a,479,490,4.119,0.9947,A1,,0,n,parentage|parental|parented|parenthood|parenting|parentless|parents,a father or mother; one who begets or one who gives birth to or nurtures and raises a child; a relative who plays the role of guardian,
recent,1k-a,403,491,4.118,0.9949,A2,,0,adj,recently,new,recent graduates
inform,1k-a,228,492,4.101,0.9954,B2,,0,v,info|informant|informants|information|informational|informed|informer|informers|informing|informs|misinform|misinformation|misinformations|misinformed|misinforming|misinforms|uninformed,"impart knowledge of some fact, state of affairs, or event to",I informed him of his rights
centre,1k-a,193,493,3.996,0.9932,A1,,0,n|v,center|centered|centering|centerist|centerists|centers|central|centralisation|centralise|centralised|centralises|centralising|centralism|centralist|centralists|centralities|centrality|centralization|centralize|centralized|centralizes|centralizing|centrally|centred|centredness|centres|centric|centring|centrist|centrists,an area that is approximately central within some larger region,it is in the center of town
colour,1k-a,478,494,3.940,0.9941,A1,,0,n,color|coloration|colorations|colored|coloreds|colorful|colorfully|coloring|colorings|colorless|colors|colouration|colourations|coloured|coloureds|colourful|colourfully|colouring|colourings|colourist|colourists|colourless|colours,any material used for its color,she used a different color for the trim
involve,1k-a,297,495,3.812,0.9975,A2,,1,v,involved|involvement|involvements|involves|involving|uninvolved,connect closely and often incriminatingly,This new ruling affects your business
relate,1k-a,178,496,3.677,0.9900,B1,,0,v,interrelate|interrelated|interrelates|interrelating|interrelation|interrelations|interrelationship|interrelationships|related|relatedness|relates|relating|relation|relational|relations|relationship|relationships|unrelated,make a logical or causal connection,I cannot connect these two pieces of evidence in my mind
programme,1k-a,318,497,3.665,1.0000,A1,,0,n,program|programed|programing|programmable|programmatic|programmed|programmer|programmers|programmes|programming|programs,an announcement of the events that will occur as part of a theatrical or sporting event,you can't tell the players without a program
employ,1k-a,230,498,3.527,0.9904,A2,,0,v,employability|employable|employed|employee|employees|employer|employers|employing|employment|employments|employs|unemployable|unemployed|unemployment,put into service; make work or employ for a particular purpose or for its inherent or natural purpose,use your head!
educate,1k-a,304,499,3.313,1.0000,B1,,0,v,educated|educates|educating|education|educational|educationalist|educationalists|educationally|educationist|educationists|educations|educative|educator|educators|miseducated|uneducated|reeducate|reeducates|reeducated|reeducating|reeducation,give an education to,We must educate our youngsters better
govern,1k-a,110,500,3.091,0.9900,B2,,0,v,gov|governed|governing|government|governmental|governments|governor|governors|governorship|governorships|governs|govt|intergovernmental|misgoverned|misgoverning|misgoverns|ungovernable,bring into conformity with rules or principles or usage; impose regulations,We cannot regulate the way people dress
sorry,1k-b,720,1,6.067,0.9974,A1,,0,adj|exclam,sorrier|sorriest|sorriness,feeling or expressing regret or sorrow or a sense of loss over something done or undone,felt regretful over his vanished youth
thank,1k-b,511,2,6.047,0.9880,A1,,0,v,thanked|thankful|thankfully|thankfulness|thanking|thankless|thanklessly|thanks|thankyou|unthanked,express gratitude or show appreciation to,
please,1k-b,519,3,6.041,0.9948,A1,,0,exclam|v,pleased|pleases|pleasing|pleasingly|unpleased|unpleasing,give pleasure to or be pleasing to,These colors please the senses
sir,1k-b,540,4,5.984,0.9929,A2,,0,n,sirs,term of address for a man,
maybe,1k-b,748,5,5.966,0.9926,A1,,0,adv,,by chance,perhaps she will call tomorrow
guy,1k-b,926,6,5.882,1.0000,A2,,0,n,guys,an informal term for a youth or man,a nice guy
nice,1k-b,630,7,5.812,1.0000,A1,,0,adj,nicely|niceness|nicer|nicest,pleasant or pleasing or agreeable in nature or appearance,what a nice fellow you are and we all thought you so nasty
fine,1k-b,584,8,5.776,0.9974,A1,,0,adj|n|v,finely|fineness|finer|finery|finest,being satisfactory or in satisfactory condition,an all-right movie
hello,1k-b,843,9,5.767,0.9975,A1,,0,exclam|n,allo|hallo|hey|hi|hullo,an expression of greeting,every morning they exchanged polite hellos
bad,1k-b,518,10,5.736,1.0000,A1,,0,adj,baddie|baddies|baddy|badly|badness,having undesirable or negative qualities,a bad report card
listen,1k-b,648,11,5.736,0.9974,A1,,0,v,listened|listener|listeners|listening|listenings|listens,hear with intention,Listen to the sound of this cello
wrong,1k-b,573,12,5.718,0.9905,A1,,0,adj|adv|n,wronged|wrongful|wrongfully|wrongfulness|wronging|wrongly|wrongness|wrongs,not correct; not in conformity with fact or truth,an incorrect calculation
stay,1k-b,510,13,5.712,0.9951,A1,,0,v|n,stayed|stayer|staying|stays,stay the same; remain in a certain state,The dress remained wet after repeated attempts to dry it
baby,1k-b,710,14,5.706,0.9928,A1,,0,n,babby|babies|babyish|babyhood,a very young child (birth to 1 year) who has not yet begun to walk or talk,the baby began to cry again
ok,1k-b,618,15,5.706,0.9642,A1,,0,exclam|adj|adv,okay|okey,being satisfactory or in satisfactory condition,an all-right movie
dad,1k-b,792,16,5.705,1.0000,A1,,0,n,daddies|daddy|dads,an informal term for a father; probably derived from baby talk,
hell,1k-b,919,17,5.672,1.0000,B2,,0,n,hellish|hellishly|hellishness|hells,any place of pain and turmoil,the hell of battle
miss,1k-b,693,18,5.669,0.9900,A1,,0,v,,fail to perceive or to catch with the senses or the mind,I missed that remark
guess,1k-b,939,19,5.656,1.0000,A1,,0,v|n,guessable|guessed|guesses|guessing|unguessable,"expect, believe, or suppose",I imagine she earned a lot of money with her new novel
kill,1k-b,528,20,5.655,0.9924,A2,,0,v,killed|killer|killers|killing|killings|kills,"cause to die; put to death, usually intentionally or knowingly",This man killed several people when he tried to rob a bank
dead,1k-b,651,21,5.652,0.9976,A2,,0,adj,deaden|deadened|deadening|deadens|deadlier|deadliest|deadly|deadliness|undead|deader|deadest,no longer having or seeming to have or expecting to have life,the nerve is dead
tonight,1k-b,863,22,5.615,0.9975,A1,,0,adv|n,,during the night of the present day,drop by tonight
son,1k-b,579,23,5.613,0.9973,A1,,0,n,sonny|sons,a male human offspring,their son became a famous judge
pretty,1k-b,829,24,5.593,1.0000,A1,,0,adj|adv,prettier|prettiest|prettily|prettiness|prettify,pleasing by delicacy or grace; not imposing,pretty girl
ready,1k-b,638,25,5.588,0.9948,A1,,0,adj,readied|readier|readies|readiest|readily|readiness|readying|unready,completely prepared or in condition for immediate action or use or progress,get ready
excuse,1k-b,958,26,5.565,0.9950,B2,,0,n|v,excusable|excused|excuses|excusing|inexcusable|inexcusably,a defense of some offensive behavior or some failure to keep a promise etc.,he kept finding excuses to stay
wife,1k-b,536,27,5.542,0.9974,A1,,0,n,wifely|wives,a married woman; a man's partner in marriage,
kid,1k-b,884,28,5.530,0.9933,A2,,0,n,kids|kiddy|kiddie|kiddies|kiddo,a young person of either sex,she writes books for children
tomorrow,1k-b,786,29,5.526,0.9946,A1,,0,adv|n,tomorrows,"the next day, the day after, following the present day",
happy,1k-b,543,30,5.522,1.0000,A1,,0,adj,happier|happiest|happily|happiness|unhappier|unhappiest|unhappily|unhappiness|unhappy,enjoying or showing or marked by joy or pleasure,a happy smile
alone,1k-b,643,31,5.489,0.9952,A2,,0,adj|adv,,isolated from others,could be alone in a crowded room
stuff,1k-b,855,32,5.486,0.9924,B1,,0,n|v,,the tangible substance that goes into the makeup of a physical object,coal is a hard black material
worry,1k-b,676,33,5.457,0.9923,A2,,0,v|n,unworried|worried|worriedly|worriedness|worrier|worriers|worries|worrying|worryingly,"be worried, concerned, anxious, troubled, or uneasy",I worry about my job
ago,1k-b,522,34,5.456,0.9871,A1,,0,adv,,in the past,long ago
brother,1k-b,654,35,5.453,0.9924,A1,,0,n,bro|bros|brotherhood|brotherhoods|brotherly|brothers|brotherliness,a male with the same parents as someone else,my brother still lives with our parents
check,1k-b,649,36,5.445,0.9955,A1,,0,v|n,checked|checker|checkers|checking|checks|unchecked,"examine so as to determine accuracy, quality, or condition",check the brakes
forget,1k-b,668,37,5.442,0.9976,A1,,0,v,forgetful|forgetfully|forgetfulness|forgets|forgettable|forgetting|forgot|forgotten|unforgettable|unforgotten|unforgettably,dismiss from the mind; stop remembering,I tried to bury these unpleasant memories
hit,1k-b,671,38,5.439,0.9954,A2,,0,v|n,hits|hitter|hitting|mishit|mishits|unhit,cause to move by striking,hit a ball
crazy,1k-b,991,39,5.434,0.9952,A2,,0,adj,crazier|crazies|craziest|crazily|craziness,affected with madness or insanity,a man who had gone mad
shut,1k-b,918,40,5.421,0.9974,A2,,0,v|adj,shuts|shutting,move so that an opening or passage is obstructed; make shut,Close the door
eat,1k-b,596,41,5.401,0.9948,A1,,0,v,ate|eaten|eater|eaters|eating|eats|uneaten|eatable|eatery,take in solid food,She was eating a banana
afraid,1k-b,904,42,5.393,0.9951,A1,,0,adj,unafraid,filled with fear or apprehension,afraid even to turn his head
drink,1k-b,556,43,5.393,0.9928,A1,,0,n|v,drank|drinkable|drinker|drinkers|drinking|drinks|drunk|drunks|undrunk,a single serving of a beverage,I asked for a hot drink
hurt,1k-b,910,44,5.391,0.9972,A2,,0,v|adj|n,hurter|hurters|hurtful|hurtfully|hurtfulness|hurting|hurts|unhurt,be the source of pain,
heart,1k-b,578,45,5.387,1.0000,A2,,0,n,hearted|heartedly|heartedness|hearten|heartened|heartening|heartens|heartless|heartlessly|heartlessness|hearts,the locus of feelings and intuitions,in your heart you know it is true
chance,1k-b,593,46,5.382,0.9977,A2,,0,n,chanced|chances|chancing|mischance,a possibility due to a favorable combination of circumstances,the holiday gave us the opportunity to visit Washington
fun,1k-b,756,47,5.371,0.9975,A1,,0,n|adj,funnier|funnies|funniest|funnily|funny|funniness,activities that are enjoyable or amusing,I do it for the fun of it
wish,1k-b,520,48,5.371,0.9953,A2,,0,v|n,wished|wisher|wishers|wishes|wishing,"to hope, to desire or to prefer to have something, or to do something",Do you care to try this dish?
sleep,1k-b,661,49,5.357,0.9977,A1,,0,v|n,sleeper|sleepers|sleepily|sleepiness|sleeping|sleepless|sleeplessness|sleeps|sleepy|slept,be asleep,
trouble,1k-b,691,50,5.349,1.0000,A2,,0,n|v,troubled|troubles|troublesome|troubling|troublingly|untroubled,a source of difficulty,one trouble after another delayed the job
dear,1k-b,770,51,5.349,0.9971,A1,,0,adj|exclam,dearer|dearest|dearie|dearly|dears,dearly loved,
couple,1k-b,610,52,5.349,0.9908,A2,,1,n,coupled|couples|coupling|couplings|uncouple|uncoupled|uncoupling|uncouples,a pair who associate with one another,the engaged couple
story,1k-b,547,53,5.343,0.9952,A1,,0,n,stories,a message that tells the particulars of an act or occurrence or course of events; presented in writing or drama or cinema or as a radio or television program,his narrative was interesting
lady,1k-b,669,54,5.336,0.9974,A2,,0,n,ladies|ladylike|ladyship|ladyships|unladylike,a polite name for any woman,a nice lady at the library helped me
fire,1k-b,532,55,5.333,0.9974,A1,,0,n|v,fired|fires|firing|misfire|misfired|misfires|misfiring,the event of something burning (often destructive),they lost everything in the fire
hate,1k-b,909,56,5.331,0.9974,A1,,0,v|n,hated|hateful|hatefully|hatefulness|hater|haters|hates|hating,dislike intensely; feel antipathy or aversion towards,I hate Mexican food
gun,1k-b,865,57,5.328,0.9947,A2,,0,n,gunless|gunned|gunner|gunners|gunnery|gunning|guns,a weapon that discharges a missile at high velocity (especially from a metal tube or barrel),
rest,1k-b,601,58,5.328,0.9927,A2,,0,n|v,,something left after other parts have been taken away,there was no remainder
inside,1k-b,616,59,5.324,1.0000,A2,,0,prep|adv|n|adj,insider|insiders|insides,the region that is inside of something,
dinner,1k-b,864,60,5.306,0.9953,A1,,0,n,dinners,the main meal of the day served in the evening or at midday,dinner will be at 8
fight,1k-b,553,61,5.303,0.9946,A2,,0,v|n,fighter|fighters|fighting|fights|fought,be engaged in a fight; carry on a fight,the tribesmen fought each other
ahead,1k-b,789,62,5.297,1.0000,B1,,0,adv,,at or in the front,I see the lights of a town ahead
pick,1k-b,600,63,5.297,0.9974,A2,,0,v|n,picked|picker|pickers|picking|pickings|picks|picky|unpick|unpicked|unpicking|unpicks,select carefully from a group,She finally picked her successor
cool,1k-b,879,64,5.291,1.0000,A1,,0,adj|v,coolant|coolants|cooled|cooler|coolers|coolest|cooling|coolly|coolness|cools|uncool|uncooled,neither warm nor very cold; giving relief from heat,a cool autumn day
husband,1k-b,697,65,5.289,0.9952,A1,,0,n,husbands,a married man; a woman's partner in marriage,
dog,1k-b,659,66,5.285,0.9976,A1,,0,n,doggie|doggies|doggy|dogs,a member of the genus Canis (probably descended from the common wolf) that has been domesticated by man since prehistoric times; occurs in many breeds,the dog barked all night
truth,1k-b,779,67,5.283,1.0000,B1,,0,n,truthful|truthfully|truthfulness|truthiness|truths|untruth|untruthful|untruthfully|untruthfulness|untruths,a fact that has been verified,at last he knew the truth
hot,1k-b,747,68,5.278,0.9930,A1,,0,adj,hotly|hotness|hots|hotted|hotter|hottest|hotting,used of physical heat; having a high or higher than desirable temperature or giving off heat or feeling or causing a sensation of heat or burning,hot stove
bed,1k-b,544,69,5.272,0.9954,A1,,0,n,bedded|bedding|beds,a piece of furniture that provides a place to sleep,he sat on the edge of the bed
blood,1k-b,551,70,5.269,1.0000,A2,,0,n,blooded|bloodied|bloodier|bloodies|bloodiest|bloodiness|bloodless|bloodlessly|bloodlessness|bloods|bloody|bloodying,"the fluid (red in vertebrates) that is pumped through the body by the heart and contains plasma, blood cells, and platelets",blood carries oxygen and nutrients to the tissues and carries away waste products
shall,1k-b,503,71,5.267,0.9955,A2,,0,modal v,shalst|shalt|shan,,
stupid,1k-b,972,72,5.265,0.9976,A2,,0,adj,stupider|stupidest|stupidity|stupidly,lacking or marked by lack of intellectual acuity,
sister,1k-b,764,73,5.256,0.9950,A1,,0,n,sisterhood|sisterly|sisters,a female person who has the same parents as another person,my sister married a musician
trust,1k-b,644,74,5.250,0.9975,B2,,0,n|v,antitrust|entrust|entrusted|entrusting|entrusts|trusted|trustier|trustiest|trusting|trusts|trusty|trustful|trustfully|trustfulness,something (as property) held by one party (the trustee) for the benefit of another (the beneficiary),he is the beneficiary of a generous trust set up by his father
hurry,1k-b,961,75,5.239,1.0000,B1,,0,n|v,hurried|hurriedly|hurries|hurrying|unhurried|unhurriedly,a condition of urgency making it necessary to hurry,in a hurry to lock the door
bet,1k-b,974,76,5.235,0.9977,B2,,0,v|n,bets|betting,maintain with or as if with a bet,I bet she will be there!
glad,1k-b,952,77,5.233,0.9977,B1,,0,adj,gladden|gladdened|gladdening|gladdens|gladder|gladdest|gladly|gladness,showing or causing joy and pleasure; especially made happy,glad you are here
daughter,1k-b,703,78,5.233,0.9953,A1,,0,n,daughters,a female human offspring,her daughter cared for her in her old age
till,1k-b,912,79,5.221,0.9670,B1,,0,conj|prep,til,unstratified soil deposited by a glacier; consists of sand and clay and gravel and boulders mixed together,
sick,1k-b,874,80,5.218,0.9973,A1,,0,adj,sicken|sickened|sickening|sickeningly|sickens|sicker|sickest|sickly|sickness|sicknesses,affected by an impairment of normal physical or mental function,ill from the monotony of his suffering
shoot,1k-b,615,81,5.217,1.0000,B1,,0,v|n,shooter|shooters|shooting|shootings|shoots|shot|shots,hit with a missile from a weapon,
news,1k-b,629,82,5.216,0.9975,A1,,0,n,newsy,information about recent and important events,they awaited news of the outcome
save,1k-b,563,83,5.210,0.9886,A2,,0,v,saved|saver|savers|saves|saving|savings|unsaved,"save from ruin, destruction, or harm",
perfect,1k-b,699,84,5.200,1.0000,A1,,0,adj,imperfect|imperfection|imperfections|imperfectly|perfected|perfecting|perfection|perfectionism|perfectionist|perfectionists|perfections|perfectly|perfects|perfectible,being complete of its kind and without defect or blemish,a perfect circle
hair,1k-b,594,85,5.186,1.0000,A1,,0,n,haired|hairless|hairs|hairy|hairiness,a covering for the body (or parts of it) consisting of a dense growth of threadlike structures (as on the human head); helps to prevent heat loss,he combed his hair
luck,1k-b,803,86,5.186,0.9948,A2,,0,n,luckier|luckiest|luckily|luckless|lucky|unluckier|unluckiest|unluckily|unlucky,your overall circumstances or condition in life (including everything that happens to you),whatever my fortune may be
promise,1k-b,712,87,5.184,0.9974,A2,,0,v|n,promised|promises|promising|unpromising,make a promise or commitment,
sex,1k-b,508,88,5.182,0.9975,B1,,1,n,sexed|sexes|sexier|sexiest|sexily|sexiness|sexing|sexism|sexist|nonsexist|sexists|sexless|sexual|sexualisation|sexualise|sexualised|sexualises|sexualising|sexuality|sexualization|sexualize|sexualized|sexualizes|sexualizing|sexually|sexy,activities associated with sexual intercourse,they had sex in the back seat
music,1k-b,506,89,5.180,0.9975,A1,,0,n,musical|musically|musicals|musician|musicians|musicianship|musics,an artistic form of auditory communication incorporating instrumental or vocal tones in a structured and continuous manner,
serious,1k-b,546,90,5.171,1.0000,A2,,0,adj,seriously|seriousness,concerned with work or important matters rather than play or trivialities,a serious student of history
dance,1k-b,752,91,5.170,0.9976,A1,,0,n|v,danceable|danced|dancer|dancers|dances|dancing,an artistic form of nonverbal communication,
red,1k-b,560,92,5.170,0.9949,A1,,0,adj|n,redden|reddened|reddening|reddens|redder|reddest|reddish|reddy|redness|reds|redly,of a color at the end of the color spectrum (next to orange); resembling the color of blood or cherries or tomatoes or rubies,
touch,1k-b,647,93,5.169,1.0000,A2,,0,v|n,touchable|touched|touches|touching|touchingly|untouchable|untouchables|untouched,"make physical contact with, come in contact with",Touch the stone for good luck
hang,1k-b,726,94,5.169,0.9971,B1,,0,v,hanged|hanger|hangers|hanging|hangin|hangings|hangs|hung|unhung,be suspended or hanging,The flag hung on the wall
pull,1k-b,636,95,5.165,0.9972,A2,,0,v|n,pulled|pulling|pulls,cause to move by pulling,draw a wagon
sweet,1k-b,895,96,5.161,0.9954,A2,,0,adj|n,sweeten|sweetened|sweetener|sweeteners|sweetening|sweetens|sweeter|sweetest|sweetie|sweeties|sweetly|sweetness|sweets|unsweetened|sweetish,having or denoting the characteristic taste of sugar,
coffee,1k-b,858,97,5.159,0.9943,A1,,0,n,coffees,a beverage consisting of an infusion of ground coffee beans,he ordered a cup of coffee
safe,1k-b,529,98,5.155,0.9929,A2,,0,adj,safely|safeness|safer|safes|safest|safety|unsafe,free from danger or the risk of harm,a safe trip
picture,1k-b,566,99,5.141,0.9974,A1,,0,n|v,pic|pics|pictured|pictures|picturing,a visual representation (of an object or scene or person or abstraction) produced on a surface,they showed us the pictures of their wedding
fast,1k-b,698,100,5.138,0.9975,A1,,0,adj|adv,faster|fastest,acting or moving or capable of acting or moving quickly,fast film
ride,1k-b,739,101,5.131,1.0000,A1,,0,v|n,ridden|rideable|rider|riders|ridership|rides|riding|rode,"sit and travel on the back of animal, usually while controlling its motions",She never sat a horse!
catch,1k-b,602,102,5.131,0.9931,A2,,0,v|n,catcher|catchers|catches|catching|catchy|caught|uncaught,"discover or come upon accidentally, suddenly, or unexpectedly; catch somebody doing something or in a certain state",She caught her son eating candy
dream,1k-b,768,103,5.124,0.9975,A2,,0,n|v,dreamed|dreamer|dreamers|dreamily|dreaming|dreamless|dreamlessly|dreamlike|dreams|dreamt|dreamy|undreamed|undreamt,a series of mental images and emotions occurring during sleep,I had a dream about you last night
beat,1k-b,706,104,5.119,0.9933,A2,,0,v|n,beaten|beater|beaters|beating|beatings|beats|unbeatable|unbeaten,"come out better in a competition, race, or conflict",Agassi beat Becker in the tennis championship
drop,1k-b,637,105,5.115,0.9952,A2,,0,v|n,droplet|droplets|dropped|dropper|droppers|dropping|droppings|drops,let fall to the ground,Don't drop the dishes
cold,1k-b,646,106,5.114,0.9916,A1,,0,adj|n,colder|coldest|coldish|coldly|coldness|colds,having a low or inadequate temperature or feeling a sensation of coldness or having been made cold by e.g. ice or refrigeration,a cold climate
darling,1k-b,985,107,5.112,0.9976,,,0,n,darlin|darlings,a special loved one,
poor,1k-b,565,108,5.110,0.9973,A1,,0,adj,poorer|poorest|poorly|poorness,deserving or inciting pity,a hapless victim
throw,1k-b,701,109,5.109,0.9949,A2,,0,v,threw|thrower|throwers|throwing|thrown|throws,propel through the air,throw a frisbee
suppose,1k-b,552,110,5.099,0.9976,A2,,0,v,supposed|supposedly|supposes|supposing,express a supposition,Let us say that he did not tell the truth
piece,1k-b,611,111,5.095,0.9910,A1,,0,n,pieced|pieces|piecing,a separate part of a whole,an important piece of the evidence
hospital,1k-b,549,112,5.094,0.9975,A1,,0,n,hospitalisation|hospitalise|hospitalised|hospitalises|hospitalising|hospitalization|hospitalize|hospitalized|hospitalizes|hospitalizing|hospitals,a health facility where patients receive treatment,
uncle,1k-b,968,113,5.093,0.9974,A1,,0,n,uncles,the brother of your father or mother; the husband of your aunt,
movie,1k-b,980,114,5.089,0.9928,A1,,0,n,movies,a form of entertainment that enacts a story by sound and a sequence of images giving the illusion of continuous movement,they went to a movie every Saturday night
straight,1k-b,716,115,5.087,0.9976,A2,,0,adv|adj,straighten|straightened|straightener|straighteners|straightening|straightens|straighter|straightest|straights|unstraightened|straightness,without deviation,the path leads directly to the lake
christmas,1k-b,794,116,5.087,0.9892,,,0,n,christmases|christmassy,period extending from Dec. 24 to Jan. 6,
kiss,1k-b,916,117,5.083,0.9955,B1,,0,v|n,kissed|kisser|kisses|kissing|unkissed,"touch with the lips or press the lips (against someone's mouth or other body part) as an expression of love, greeting, etc.",The newly married couple kissed
clean,1k-b,672,118,5.083,0.9918,A1,,0,adj|v,cleaned|cleaner|cleaners|cleanest|cleaning|cleanliness|cleanly|cleanness|cleans|unclean|uncleanliness,free from dirt or impurities; or having clean habits,children with clean shining faces
evening,1k-b,622,119,5.081,0.9951,A1,,0,n,evenings|evenin,the latter part of the day (the period of decreasing daylight from late afternoon until nightfall),he enjoyed the evening light across the lake
lie,1k-b,592,120,5.080,0.9976,A1,,0,v|n,liar|liars|lied|lies|lying,be located or situated somewhere; occupy a certain position,
step,1k-b,509,121,5.074,0.9976,A2,,0,n|v,stepped|stepping|steps|stepwise,any maneuver made as part of progress toward a goal,the situation called for strong measures
bill,1k-b,567,122,5.073,1.0000,A1,,0,n|v,billed|billing|bills,a statute in draft before it becomes law,they held a public hearing on the bill
wonder,1k-b,526,123,5.068,0.9953,B1,,0,v|n,wondered|wonderful|wonderfully|wondering|wonderingly|wonderment|wonders|wondrous|wondrously,have a wish or desire to know something,He wondered who had built this beautiful church
quiet,1k-b,724,124,5.068,0.9874,A1,,0,adj,quieten|quietened|quietening|quietens|quieted|quieter|quietest|quietly|quietness,characterized by an absence or near absence of agitation or activity,a quiet life
goodbye,1k-b,965,125,5.066,0.9975,A1,,0,exclam|n,bye|goodbyes,a farewell remark,they said their good-byes
unless,1k-b,718,126,5.055,0.9951,B1,,0,conj,,,
mad,1k-b,949,127,5.054,0.9977,B1,,0,adj,madden|maddened|maddening|maddeningly|maddens|madder|maddest|madding|madly|madness,roused to anger,stayed huffy a good while
except,1k-b,737,128,5.047,0.9926,A2,,0,prep|conj,cept|cepting|excepted|excepting,object to,he demurred at my suggestion to work on Saturday
none,1k-b,781,129,5.043,0.9896,A2,,0,pron,,a canonical hour that is the ninth hour of the day counting from sunrise,
worth,1k-b,626,130,5.038,0.9975,B1,,0,adj|n,unworthy|unworthiness|worthier|worthies|worthiest|worthily|worthiness|worthless|worthlessness|worthy,(often used ironically) worthy of being treated in a particular way,an idea worth considering
wear,1k-b,595,131,5.038,0.9907,A1,,0,v,unwearable|unworn|wearable|wearer|wearers|wearing|wears|wore|worn,be dressed in,She was wearing yellow that day
quick,1k-b,517,132,5.036,0.9977,A1,,0,adj,quicken|quickened|quickening|quickens|quicker|quickest|quickie|quickies|quickly|quickness,accomplished rapidly and without delay,was quick to make friends
handle,1k-b,774,133,5.035,0.9974,B2,,0,v|n,handled|handler|handlers|handles|handling|mishandle|mishandled|mishandles|mishandling,"be in charge of, act on, or dispose of",I can deal with this crew of workers
busy,1k-b,901,134,5.027,0.9906,A1,,0,adj,busied|busier|busies|busiest|busily|busying|busyness,actively or fully engaged or occupied,busy with her work
wake,1k-b,905,135,5.022,1.0000,A1,,0,v,wakeful|wakefulness|waken|wakened|wakening|wakens|wakes|wakey|waking|woke|woken,"be awake, be alert, be there",
ball,1k-b,767,136,5.021,0.9886,A1,,0,n,balled|balling|balls,round object that is hit or thrown or kicked in games,the ball travelled 90 mph on his serve
mouth,1k-b,733,137,5.018,1.0000,A1,,0,n,mouthed|mouthful|mouthfuls|mouthing|mouthings|mouths|mouthy,the opening through which food is taken in and vocalizations emerge,he stuffed his mouth with candy
lunch,1k-b,891,138,5.017,0.9977,A1,,0,n,lunched|lunches|lunching,a midday meal,
officer,1k-b,555,139,5.013,0.9975,A2,,0,n,officers,any person in the armed services who holds a position of authority or command,an officer is responsible for the lives of his men
blue,1k-b,665,140,5.010,0.9950,A1,,0,adj|n,blueness|bluer|blues|bluest|bluey|bluish,of the color intermediate between green and violet; having a color similar to that of a clear unclouded sky,October's bright blue weather
mistake,1k-b,842,141,5.008,0.9976,A1,,0,n|v,mistaken|mistakenly|mistakes|mistaking|mistook|unmistakable|unmistakably|unmistakeable|unmistakeably,a wrong action attributable to bad judgment or ignorance or inattention,he made a bad mistake
clothes,1k-b,760,142,5.004,0.9915,A1,,0,n,clothe|clothed|clothing|unclothed|unclothing,clothing in general,she was refined in her choice of apparel
floor,1k-b,657,143,5.002,0.9977,A1,,0,n,floored|flooring|floorings|floors,"the inside lower horizontal surface (as of a room, hallway, tent, or other structure)",they needed rugs to cover the bare floors
earth,1k-b,740,144,4.997,0.9978,A2,,0,n,earthed|earthen|earthly|earths|earthy|earthiness|unearthliness|unearthly|earthling|earthlings,the loose soft material that makes up a large part of the land surface,they dug into the earth outside the church
ship,1k-b,743,145,4.995,1.0000,A2,,0,n|v,shipment|shipments|shipped|shipper|shippers|shipping|ships,a vessel that carries passengers or freight,
finish,1k-b,604,146,4.995,0.9948,A1,,0,v|n,finished|finisher|finishers|finishes|finishing|unfinished|refinish|refinished|refinishing|refinishes,come or bring to a finish or an end,He finished the dishes
club,1k-b,501,147,4.994,0.9947,A1,,0,n,clubbed|clubber|clubbers|clubbing|clubs,a team of professional baseball players who play and travel together,each club played six home games with teams in its own division
worse,1k-b,670,148,4.991,0.9925,A2,,0,adj|adv|n,worsen|worsened|worsening|worsens|worst,(comparative of ‘bad’) inferior to another in quality or condition or desirability,this road is worse than the first one we took
pain,1k-b,714,149,4.990,0.9975,A2,,0,n,pained|painful|painfully|painfulness|paining|painless|painlessly|painlessness|pains,a symptom of some physical hurt or disorder,the patient developed severe pain and distension
choice,1k-b,642,150,4.989,1.0000,A2,,0,n,choices|choicest,the person or thing chosen or selected,he was my pick for mayor
sing,1k-b,763,151,4.989,0.9974,A1,,0,v,sang|singer|singers|singing|sings|sung|unsung,deliver by singing,Sing Christmas carols
blow,1k-b,831,152,4.989,0.9945,A2,,0,v|n,blew|blowed|blower|blowers|blowing|blown|blows,exhale hard,blow on the soup to cool it down
stick,1k-b,730,153,4.987,0.9921,B1,,0,v|n,sticker|stickers|sticking|sticks|stuck|unstuck|nonstick,"put, fix, force, or implant",lodge a bullet in the table
yesterday,1k-b,523,154,4.985,0.9948,A1,,0,adv|n,yesterdays,on the day preceding today,yesterday the weather was beautiful
boat,1k-b,835,155,4.981,0.9953,A1,,0,n,boated|boating|boats,a small vessel for travel on water,
lovely,1k-b,876,156,4.978,0.9957,A2,,0,adj,lovelier|loveliest|loveliness|unlovely,appealing to the emotions as well as the eye,
fair,1k-b,527,157,4.976,0.9945,A2,,0,adj,fairer|fairest|fairly|fairness|unfair|unfairly|unfairness,free from favoritism or self-interest or bias or deception; conforming with established standards or rules,a fair referee
terrible,1k-b,903,158,4.973,0.9973,A1,,0,adj,terribly,causing fear or dread or terror,the awful war
bag,1k-b,808,159,4.973,0.9928,A1,,0,n,bagful|bagfuls|baggage|bagged|bagging|bags,a flexible container with a single opening,he stuffed his laundry into a large bag
song,1k-b,853,160,4.971,0.9951,A1,,0,n,songs,a short musical composition with words,a successful musical must have at least three good songs
horse,1k-b,656,161,4.967,1.0000,A1,,0,n,horses|horsey|horsy|unhorsed,solid-hoofed herbivorous quadruped domesticated since prehistoric times,
ring,1k-b,652,162,4.967,0.9977,A2,,0,n|v,rang|ringed|ringing|rings|rung,a characteristic sound,it has the ring of sincerity
afternoon,1k-b,799,163,4.961,0.9978,A1,,0,n,afternoons|midafternoon,the part of the day between noon and evening,he spent a quiet afternoon in the park
count,1k-b,762,164,4.954,0.9913,A2,,0,v|n,countable|counted|counting|countless|counts|recount|recounted|recounting|recounts|uncountable|uncounted|miscount|miscounted|miscounts|miscounting,determine the number or amount of,Can you count the books on your shelf?
box,1k-b,688,165,4.953,0.9892,A1,,0,n,boxes,a (usually rectangular) container; may have a lid,he rummaged through a box of spare parts
missed,1k-b,797,166,4.952,0.9974,A2,,0,adj,misses|missing|unmissed,not caught with the senses or the mind,words lost in the din
surprise,1k-b,576,167,4.948,1.0000,A2,,0,n|v,surprised|surprises|surprising|surprisingly|unsurprised|unsurprising|unsurprisingly,the astonishment you feel when something totally unexpected happens to you,
dark,1k-b,539,168,4.947,0.9956,A1,,0,adj|n,darken|darkened|darkener|darkeners|darkening|darkens|darker|darkest|darkie|darkies|darkly|darkness|darky,devoid of or deficient in light or brightness; shadowed or black,sitting in a dark corner
dress,1k-b,678,169,4.940,1.0000,A1,,0,n|v,dressed|dresses|dressing|dressings|undress|undressed|undresses|undressing|dressy,a one-piece garment for a woman; has skirt and bodice,
master,1k-b,761,170,4.940,0.9953,B2,,0,n|v,mastered|masterful|masterfully|mastering|masterly|masters|mastery,an artist of consummate skill,a master of the violin
fix,1k-b,776,171,4.938,0.9951,A2,,0,v|n,fixable|fixed|fixedly|fixer|fixers|fixes|fixing|fixings|fixity|unfixed,restore by replacing a part or putting together what is torn or broken,She repaired her TV set
key,1k-b,612,172,4.938,0.9946,A1,,0,n|adj|v,keyed|keying|keys,metal device shaped in such a way that when it is inserted into the appropriate lock the lock's mechanism can be rotated,
strange,1k-b,750,173,4.936,0.9975,A2,,0,adj,strangely|strangeness|stranger|strangers|strangest,being definitely out of the ordinary and unexpected; slightly odd or even a bit weird,a strange exaltation that was indefinable
rock,1k-b,711,174,4.935,0.9850,A2,,0,n|v,rocklike|rocks|rocky|rockiness,a lump or mass of hard consolidated mineral matter,he threw a rock at me
window,1k-b,525,175,4.934,0.9974,A1,,0,n,windowed|windowless|windows,a framework of wood or metal that contains a glass windowpane and is built into a wall or roof to admit light or air,
bar,1k-b,705,176,4.934,0.9948,A2,,0,n|v,barred|barring|bars|unbarred,a room or establishment where alcoholic drinks are served over a counter,he drowned his sorrows in whiskey at the bar
card,1k-b,757,177,4.931,0.9952,A1,,0,n,carding|cards,one of a set of small pieces of stiff paper marked in various ways and used for playing games or for telling fortunes,he collected cards and traded them with the other boys
college,1k-b,666,178,4.930,0.9972,A1,,0,n,colleges|collegian|collegians,the body of faculty and students of a college,
fly,1k-b,634,179,4.929,0.9946,A1,,0,v|n,flew|flier|fliers|flies|flown|flyer|flyers|flying|unflown,travel through the air; be airborne,Man cannot fly
born,1k-b,765,180,4.922,0.9978,A1,,0,v,reborn|unborn,brought into existence,he was a child born of adultery
fish,1k-b,589,181,4.921,1.0000,A1,,0,n|v,fished|fisheries|fishers|fishery|fishes|fishier|fishiest|fishily|fishiness|fishing|fishy,any of various mostly cold-blooded aquatic vertebrates usually having scales and breathing through gills,the shark is a large fish
join,1k-b,557,182,4.921,0.9934,A1,,0,v,joined|joining|joins|rejoin|rejoined|rejoining|rejoins,become part of; become a member of a group or organization,He joined the Communist Party as a young man
smell,1k-b,896,183,4.919,1.0000,A2,,0,v|n,smelled|smelliness|smelling|smells|smelly|smelt,inhale the odor of; perceive by the olfactory sense,
enjoy,1k-b,590,184,4.917,0.9930,A1,,0,v,enjoyable|enjoyed|enjoying|enjoyment|enjoys|unenjoyable,derive or receive pleasure from; get enjoyment from; take pleasure in,She relished her fame and basked in her glory
trip,1k-b,872,185,4.915,1.0000,A1,,0,n|v,tripped|tripping|trips,a journey for some purpose (usually including the return),he took a trip to the shopping center
store,1k-b,679,186,4.913,1.0000,A2,,0,n|v,storable|storage|stored|stores|storing,a mercantile establishment for the retail sale of goods or services,he bought it at a shop on Cape Cod
star,1k-b,685,187,4.910,0.9907,A1,,0,n|v,stardom|starlet|starlets|starlike|starred|starring|starry|stars|starless,(astronomy) a celestial body of hot gases that radiates energy derived from thermonuclear reactions in the interior,
imagine,1k-b,650,188,4.908,0.9954,A1,,0,v,imaginable|imaginably|imaginary|imagination|imaginations|imaginative|imaginatively|imagined|imagines|imagining|imaginings|unimaginable|unimaginably|unimaginative|unimaginatively|unimagined,form a mental image of something that is not present or that is not the case,Can you conceive of him as the president?
ought,1k-b,892,189,4.907,0.9833,B1,,0,modal v,oughta|oughtn,,
list,1k-b,505,190,4.906,1.0000,A1,,0,n|v,listed|listing|listings|lists|unlisted,a database containing an ordered array of items (names or topics),
rich,1k-b,759,191,4.905,0.9976,A1,,0,adj,richer|riches|richest|richly|richness,possessing material wealth,her father is extremely rich
judge,1k-b,515,192,4.901,1.0000,B1,,0,n|v,judged|judgement|judgemental|judgements|judges|judging|judgment|judgmental|judgments|misjudge|misjudged|misjudgement|misjudgements|misjudgment|misjudgments|misjudges|misjudging|prejudge|prejudged|prejudgement|prejudgment|prejudgements|prejudges|prejudging,a public official authorized to decide questions brought before a court of justice,
difference,1k-b,533,193,4.901,0.9949,A1,,0,n,differences,the quality of being unlike or dissimilar,there are many differences between jazz and rock
ice,1k-b,887,194,4.900,1.0000,A1,,0,n,iced|icily|icy|iciness,water frozen in the solid state,Americans like ice in their drinks
fat,1k-b,883,195,4.900,0.9946,A1,,0,adj|n,fatless|fatly|fatness|fats|fatten|fattened|fattening|fattens|fatter|fattest|fattier|fattiest|fattiness|fattish|fatty,having an (over)abundance of flesh,he hadn't remembered how fat she was
instead,1k-b,631,196,4.899,0.9950,A2,,0,adv,,"in place of, or as an alternative to",Felix became a herpetologist instead
alright,1k-b,811,197,4.899,0.9519,,,0,adv,alrighty,without doubt (used to reinforce an assertion),it's expensive all right
station,1k-b,627,198,4.898,1.0000,A1,,0,n,stationed|stationing|stations|substation|substations,a facility equipped with special equipment and personnel for a particular purpose,he started looking for a gas station
gold,1k-b,694,199,4.897,0.9922,A2,,0,n|adj,golden,coins made of gold,
seat,1k-b,653,200,4.896,0.9976,A2,,0,n|v,seated|seater|seaters|seating|seats|unseat|unseated|unseating|unseats,a space reserved for sitting (as in a theater or on a train or airplane),he booked their seats in advance
liked,1k-b,796,201,4.896,0.9945,,,0,v,likes|liking|likeable|likeably|likable,found pleasant or attractive; often used as a combining form,a well-liked teacher
summer,1k-b,696,202,4.895,0.9920,A1,,0,n,midsummer|summered|summering|summers|summery,the warmest season of the year; in the Northern Hemisphere it extends from the summer solstice to the autumnal equinox,they spent a lazy summer at the shore
mess,1k-b,979,203,4.892,1.0000,B1,,0,n|v,messed|messes|messier|messiest|messily|messiness|messing|messy,a state of confusion and disorderliness,the house was a mess
radio,1k-b,773,204,4.887,0.9948,A1,,0,n,radioed|radios|radioing,medium for communication,
hungry,1k-b,977,205,4.886,1.0000,A1,,0,adj,hunger|hungered|hungering|hungers|hungrier|hungriest|hungrily,feeling hunger; feeling a need or desire to eat food,a world full of hungry people
slow,1k-b,588,206,4.880,0.9926,A1,,0,adj|v,slowed|slower|slowest|slowing|slowly|slowness|slows,not moving quickly; taking a comparatively long time,a slow walker
bus,1k-b,851,207,4.870,0.9919,A1,,0,n,buses|bussed|busses|bussing|busing,a vehicle carrying many passengers; used for public transport,he always rode the bus to work
kick,1k-b,889,208,4.865,0.9976,B1,,0,v|n,kicked|kicker|kickers|kicking|kicks,drive or propel with the foot,
joke,1k-b,940,209,4.863,1.0000,A2,,0,n|v,joked|joker|jokers|jokes|jokey|joking|jokingly,a humorous anecdote or remark intended to provoke laughter,he told a very funny joke
green,1k-b,581,210,4.860,0.9932,A1,,0,adj|n,greener|greenest|greening|greenish|greenness|greens|greeny,of the color between blue and yellow in the color spectrum; similar to the color of fresh grass,a green tree
honest,1k-b,929,211,4.859,1.0000,B1,,0,adj,honestly|honesty,not disposed to cheat or defraud; not deceptive or fraudulent; marked by truth,honest lawyers
forward,1k-b,574,212,4.859,0.9974,A2,,0,adv|adj,forwarded|forwarder|forwarders|forwarding|forwards|forwardness,at or to or toward the front; forward,he faced forward
park,1k-b,597,213,4.858,0.9976,A1,,0,n|v,parked|parking|parks,a large area of land preserved in its natural state as public property,there are laws that protect the wildlife in this park
crime,1k-b,795,214,4.852,0.9898,A2,,0,n,crimes,(criminal law) an act punishable by law; usually considered an evil act,a long record of crimes
wall,1k-b,545,215,4.849,1.0000,A1,,0,n,walled|walling|walls,an architectural partition with a height and length greater than its thickness; used to divide or enclose an area or to support another structure,the south wall had a small window
push,1k-b,713,216,4.848,1.0000,A2,,0,v|n,pushed|pusher|pushers|pushes|pushing|pushy,move with force,He pushed the table into a corner
machine,1k-b,575,217,4.846,0.9975,A1,,0,n,machined|machinery|machines|machining|machinist|machinists,any mechanical or electrical device that transmits or modifies energy to perform or assist in the performance of human tasks,
protect,1k-b,514,218,4.846,0.9948,A2,,0,v,protected|protecting|protection|protectionism|protectionist|protectionists|protections|protective|protectively|protectiveness|protector|protectors|protectorship|protectorships|protects|unprotected|overprotective,"shield from danger, injury, destruction, or damage",Weatherbeater protects your roof from the rain
jump,1k-b,846,219,4.844,1.0000,A2,,0,v|n,jumped|jumper|jumpers|jumping|jumps|jumpy,move forward by leaps and bounds,The horse bounded across the meadow
nose,1k-b,930,220,4.843,0.9924,A1,,0,n,nosed|noseless|noses|nosing,the organ of smell and entrance to the respiratory tract; the prominent part of the face of man or other mammals,he has a cold in the nose
hide,1k-b,820,221,4.843,0.9903,A2,,0,v,hid|hidden|hider|hiders|hides|hiding|unhidden,prevent from being seen or discovered,hide the money
sun,1k-b,603,222,4.843,0.9903,A1,,0,n,sunless|sunlight|sunned|sunnier|sunniest|sunning|sunny|suns|sunshine,the rays of the sun,the shingles were weathered by the sun and wind
thousand,1k-b,599,223,4.840,0.9973,A1,,0,number,thousands|thousandth|thousandths,the cardinal number that is the product of 10 and 100,
fear,1k-b,598,224,4.839,0.9977,A2,,0,n|v,feared|fearful|fearfulness|fearfully|fearing|fearless|fearlessly|fearlessness|fears|unfeared,an emotion experienced in anticipation of some specific pain or danger (usually accompanied by a desire to flee or fight),
tape,1k-b,707,225,4.837,0.9951,B1,,1,n,taped|tapes|taping,a long thin piece of cloth or paper as used for binding or fastening,he used a piece of tape for a belt
suit,1k-b,591,226,4.836,0.9950,A2,,0,n|v,suitability|suitable|suitably|suited|suiting|suits|unsuitability|unsuitable|unsuitably|unsuited,a set of garments (usually including a jacket and trousers or skirt) for outerwear all of the same fabric and color,they buried him in his best suit
gas,1k-b,784,227,4.831,0.9920,A2,,0,n,gaseous|gases|gassed|gassing|gassy|gassiness,the state of matter distinguished from the solid and liquid states by: relatively low density and viscosity; relatively great expansion and contraction with changes in pressure and temperature; the ability to diffuse readily; and the spontaneous tendency to become distributed uniformly throughout any container,
pop,1k-b,932,228,4.829,0.9925,A2,,0,n|adj|v,popped|popping|pops,an informal term for a father; probably derived from baby talk,
bother,1k-b,948,229,4.828,0.9977,B1,,0,v,bothered|bothering|bothers|bothersome|bovver,take the trouble to do something; concern oneself,He did not trouble to call his mother on her birthday
especially,1k-b,562,230,4.827,0.9976,A2,,0,adv,especial,to a distinctly greater extent or degree than is common,he was particularly fussy about spelling
dirty,1k-b,962,231,4.822,0.9973,A1,,0,adj,dirt|dirtier|dirtiest|dirtiness,soiled or likely to soil with dirt or grime,dirty unswept sidewalks
breakfast,1k-b,943,232,4.821,1.0000,A1,,0,n,breakfasted|breakfasting|breakfasts,the first meal of the day (usually in the morning),
cat,1k-b,897,233,4.821,1.0000,A1,,0,n,catlike|cats,feline mammal usually having thick soft fur and no ability to roar,
space,1k-b,587,234,4.819,0.9950,A1,,0,n,spaced|spacer|spacers|spaces|spacing|spacious|spaciously|spaciousness|unspaced,the unlimited expanse in which everything is located,they tested his ability to locate objects in space
prison,1k-b,635,235,4.819,0.9949,A2,,0,n,imprison|imprisoned|imprisoning|imprisonment|imprisonments|imprisons|prisoned|prisoner|prisoners|prisons,a correctional institution where persons are confined while on trial or for punishment,
cry,1k-b,800,236,4.817,1.0000,A2,,0,v|n,cried|crier|criers|cries|crying,utter a sudden loud cry,she cried with pain when the doctor inserted the needle
smoke,1k-b,771,237,4.815,0.9972,A2,,0,n|v,nonsmoking|nonsmoker|nonsmokers|smoked|smokeless|smoker|smokers|smokes|smokey|smokier|smokiest|smokiness|smoking|smoky,a cloud of fine particles suspended in a gas,
arm,1k-b,512,238,4.815,0.9931,A1,,0,n|v,armful|armfuls|arms,a human limb; technically the part of the superior limb between the shoulder and the elbow but commonly used to refer to the whole superior limb,
film,1k-b,613,239,4.814,0.9900,A1,,0,n|v,filmed|filming|films|filmy,a form of entertainment that enacts a story by sound and a sequence of images giving the illusion of continuous movement,they went to a movie every Saturday night
tree,1k-b,617,240,4.812,0.9952,A1,,0,n,treeless|trees,a tall perennial woody plant having a main trunk and branches forming a distinct elevated crown; includes both gymnosperms and angiosperms,
knock,1k-b,893,241,4.810,1.0000,A2,,0,v|n,knocked|knocker|knockers|knocking|knocks,deliver a sharp blow or push,He knocked the glass clear across the room
pardon,1k-b,989,242,4.810,0.9974,,,0,n,pardonable|pardoned|pardoning|pardons|unpardonable,the act of excusing a mistake or offense,
board,1k-b,524,243,4.807,0.9976,A2,,0,n|v,boards,a committee having supervisory powers,the board has seven members
hat,1k-b,947,244,4.807,0.9976,A1,,0,n,hatful|hatfuls|hatless|hats|hatted|hatter|hatters,headdress that protects the head from bad weather; has shaped crown and usually a brim,
awful,1k-b,970,245,4.802,0.9921,A2,,0,adj,awfully|awfulness,exceptionally bad or displeasing,atrocious taste
roll,1k-b,725,246,4.801,1.0000,B1,,0,v|n,rolled|roller|rollers|rolling|rolls|unroll|unrolled|unrolling|unrolls,move by turning over or rotating,The child rolled down the hill
sad,1k-b,870,247,4.801,0.9921,A1,,0,adj,sadden|saddened|saddening|saddens|sadder|saddest|sadly|sadness|sadnesses,experiencing or showing sorrow or unhappiness,feeling sad because his dog had died
laugh,1k-b,709,248,4.798,1.0000,A1,,0,v|n,laughable|laughably|laughed|laughing|laughingly|laughs,produce laughter,
doubt,1k-b,513,249,4.798,0.9973,B1,,0,n|v,doubted|doubter|doubters|doubtful|doubtfully|doubting|doubtless|doubtlessly|doubts|undoubtably|undoubted|undoubtedly,the state of being unsure of something,
double,1k-b,692,250,4.797,0.9929,A2,,0,adj|det|pron|v|adv,doubled|doubles|doubling|doubly|redouble|redoubled|redoubles|redoubling,having more than one decidedly dissimilar aspects or qualities,a double (or dual) role for an actor
plenty,1k-b,921,251,4.794,0.9974,B1,,0,pron,plentiful|plentifully|plenteous,a full supply,there was plenty of food for everyone
race,1k-b,640,252,4.791,0.9950,A2,,0,n|v,raced|racer|racers|races|racing,any competition,the race for the presidency
chicken,1k-b,975,253,4.790,0.9975,A1,,0,n,chick|chickened|chickening|chickens|chicks,the flesh of a chicken used for food,
spot,1k-b,801,254,4.789,0.9902,B1,,0,n|v,spotless|spotlessly|spotlessness|spots|spotted|spotter|spotters|spottier|spottiest|spottily|spottiness|spotting|spotty,a point located with respect to surface features of some region,this is a nice place for a picnic
glass,1k-b,674,255,4.783,0.9977,A1,,0,n,glasses|glassier|glassiest|glassily|glassiness|glassy|glassful,a brittle transparent solid with irregular atomic structure,
wine,1k-b,841,256,4.780,0.9974,A1,,0,n,wined|wineries|winery|wines|wining,fermented juice (of grapes especially),
press,1k-b,541,257,4.779,0.9976,B1,,0,v|n,pressed|presses|pressing|unpressed,exert pressure or force to or upon,He pressed down on the boards
brown,1k-b,751,258,4.779,0.9928,A1,,0,adj|n,browned|browner|brownest|browning|brownish|browns|browny,of a color similar to that of wood or earth,
sea,1k-b,614,259,4.777,1.0000,A1,,0,n,seas|seaward|seawards,a division of an ocean or a large body of salt water partially enclosed by land,
rid,1k-b,984,260,4.777,0.9921,B2,,0,v,ridding|rids,relieve from,Rid the house of pests
neck,1k-b,878,261,4.774,1.0000,A2,,0,n,necked|necking|necks,the part of an organism (human or animal) that connects the head to the rest of the body,he admired her long graceful neck
mention,1k-b,677,262,4.774,0.9949,A2,,0,v|n,mentioned|mentioning|mentions|unmentionable|unmentioned,make reference to,he was named in connection with the invention
wind,1k-b,745,263,4.773,0.9950,A2,,0,v|n,winded|windless|winds|windward|windwards|windy|windiness,"to move or cause to move in a sinuous, spiral, or circular course",the river winds through the hills
extra,1k-b,732,264,4.772,0.9952,A1,,0,adj|n|adv,extras,"more than is needed, desired, or required",trying to lose excess weight
admit,1k-b,695,265,4.772,0.9948,B1,,0,v,admits|admittance|admittances|admitted|admittedly|admitting|readmit|readmits|readmittance|readmitted|readmitting,declare to be true or admit the existence or reality or truth of,He admitted his errors
notice,1k-b,577,266,4.772,0.9895,A2,,0,v|n,noticeable|noticeably|noticed|notices|noticing|unnoticeable|unnoticed,"discover or determine the existence, presence, or fact of by perception with the eyes",She detected high levels of lead in her drinking water
low,1k-b,504,267,4.771,0.9903,A2,,0,adj|adv|n,lowish|lowlier|lowliest|lowly|lows|lowliness|lowness,less than normal in degree or intensity or amount,low prices
angry,1k-b,923,268,4.770,0.9974,A1,,0,adj,angrier|angriest|angrily|angriness,feeling or showing anger,angry at the weather
tea,1k-b,788,269,4.768,1.0000,A1,,0,n,teas,a beverage made by steeping tea leaves in water,iced tea is a cooling drink
clock,1k-b,814,270,4.768,0.9943,A1,,0,n,clocked|clocker|clockers|clocking|clocks|oclock,a timepiece that shows the time of day,
fellow,1k-b,861,271,4.767,0.9924,B2,,0,adj,fella|fellas|fellows|fellowship|fellowships,a boy or man,that chap is your host
kitchen,1k-b,804,272,4.765,0.9974,A1,,0,n,kitchenette|kitchenettes|kitchens,a room equipped for preparing meals,
hole,1k-b,822,273,4.765,0.9973,A2,,0,n,holed|holes|holing,an opening into or through something,
lay,1k-b,550,274,4.765,0.9909,B1,,0,v,laid|lain|laying|lays,put into a certain place or abstract location,Put your things here
smile,1k-b,561,275,4.763,1.0000,A2,,0,v|n,smiled|smiles|smiling|smilingly|unsmiling,"change one's facial expression by spreading the lips, often to signal pleasure",
fit,1k-b,538,276,4.760,0.9976,A2,,0,v|adj|n,fitness|fits|fitted|fitter|fitters|fittest|fitting|fittingly|fittings|unfit|unfitness|unfitted|unfitting,be agreeable or acceptable to,This suits my needs
bear,1k-b,625,277,4.759,0.9907,A2,,0,v|n,bearable|bearably|bearer|bearers|bearing|bearings|bears|bore|borne|unbearable|unbearably,have,bear a resemblance
wild,1k-b,850,278,4.758,1.0000,A2,,0,adj,wilder|wildest|wildly|wildness|wilds,marked by extreme lack of restraint or control,wild talk
silly,1k-b,983,279,4.756,0.9977,B1,,0,adj,sillier|silliest|sillily|silliness,"ludicrous, foolish",wore a goofy hat
beach,1k-b,934,280,4.753,0.9953,A1,,0,n,beached|beaches|beaching,an area of sand sloping down to the water of a sea or lake,
lock,1k-b,838,281,4.752,0.9975,A2,,0,v|n,lockable|locked|locking|locks|unlock|unlocked|unlocking|unlocks,fasten with a lock,lock the bike to the fence
leg,1k-b,684,282,4.752,0.9974,A1,,0,n,legged|legging|leggings|leggy|legless|legs,a human limb; commonly used to refer to a whole limb but technically only the part of the limb between the knee and ankle,
track,1k-b,775,283,4.746,0.9974,A2,,0,n|v,tracked|tracker|trackers|tracking|trackless|tracks,a line or route along which something travels or moves,the hurricane demolished houses in its path
river,1k-b,702,284,4.744,0.9954,A1,,0,n,rivers,a large natural stream of water (larger than a creek),the river was navigable for 50 miles
burn,1k-b,778,285,4.742,0.9945,A2,,0,v|n,burnable|burned|burner|burners|burning|burnings|burns|burnt|unburnable,destroy by fire,They burned the house and his diaries
aunt,1k-b,955,286,4.741,0.9974,A1,,0,n,aunthood|auntie|aunties|aunts|aunty,the sister of your father or mother; the wife of your uncle,
cross,1k-b,558,287,4.740,0.9976,A2,,0,v|n,crossed|crosses|crossing|crossings|crosslike|crossly|crossness|uncrossed|crosswise|crossways,travel across or pass over,The caravan covered almost 100 miles each day
queen,1k-b,809,288,4.737,0.9975,A2,,0,n,queene|queenly|queens,the only fertile female in a colony of social insects such as bees and ants and termites; its function is to lay eggs,
fresh,1k-b,825,289,4.736,1.0000,A2,,0,adj,freshen|freshened|freshener|fresheners|freshening|freshens|fresher|freshest|freshly|freshness,"recently made, produced, or harvested",fresh bread
closed,1k-b,664,290,4.733,0.9955,A2,,0,adj,closes|closing|unclosed,not open or affording passage or access,the many closed streets made travel difficult
shop,1k-b,502,291,4.728,0.9975,A1,,0,n|v,shopped|shopper|shoppers|shopping|shops,a mercantile establishment for the retail sale of goods or services,he bought it at a shop on Cape Cod
steal,1k-b,898,292,4.727,0.9952,A2,,0,v,stealer|stealers|stealing|steals|stole|stolen,take without the owner's consent,Someone stole my wallet on the train
waste,1k-b,746,293,4.726,0.9974,B1,,0,n|v|adj,wastage|wastages|wasted|wasteful|wastefully|wastefulness|waster|wasters|wastes|wasting,any materials unused and rejected as worthless or unwanted,they collect the waste once a week
corner,1k-b,785,294,4.720,0.9949,A2,,0,n,cornered|cornering|corners,a place off to the side of an area,he tripled to the rightfield corner
address,1k-b,686,295,4.718,0.9950,A1,,0,n|v,addressed|addressee|addressees|addresses|addressing,(computer science) the code that identifies where a piece of information is stored,
warm,1k-b,687,296,4.717,0.9948,A1,,0,adj|v,warmed|warmer|warmers|warmest|warming|warmly|warms|warmth,having or producing a comfortable and agreeable degree of heat or imparting or maintaining heat,a warm body
hall,1k-b,662,297,4.715,0.9950,A2,,0,n,halls,an interior passage or corridor onto which rooms open,the elevators were at the end of the hall
van,1k-b,942,298,4.714,0.9976,A2,,0,n,vans,any creative group active in the innovation and application of new concepts and techniques in a given field (especially in the arts),
cup,1k-b,641,299,4.713,0.9951,A1,,0,n,cuplike|cupful|cupped|cupping|cups|cuppa|cuppas,a small open container usually used for drinking; usually has a handle,he put the cup back in the saucer
taste,1k-b,862,300,4.710,0.9909,A2,,0,n|v,tasted|tasteful|tastefully|tastefulness|tasteless|tastelessly|tastelessness|taster|tasters|tastes|tastier|tastiest|tasting|tasty|tastiness,the sensation that results when taste buds in the tongue and throat convey information about the chemical composition of a soluble stimulus,the candy left him with a bad taste
camp,1k-b,914,301,4.709,0.9976,A2,,0,n|v,camped|camper|campers|camping|camps,temporary living quarters specially built by the army for soldiers,wherever he went in the camp the men were grumbling
hardly,1k-b,805,302,4.709,0.9972,B1,,0,adv,,only a very short time before,we hardly knew them
tight,1k-b,828,303,4.706,1.0000,B1,,0,adj,tighten|tightened|tightening|tightens|tighter|tightest|tightly|tightness|tights,closely constrained or constricted or constricting,tight skirts
bottle,1k-b,871,304,4.705,0.9973,A1,,0,n,bottled|bottles|bottling|unbottled,a glass or plastic vessel used for storing drinks or other liquids; typically cylindrical without handles and with a narrow neck that can be plugged or capped,
bottom,1k-b,813,305,4.698,0.9916,A2,,0,n|adj,bottomed|bottoming|bottomless|bottoms,the lower side of anything,
conversation,1k-b,848,306,4.697,0.9947,A1,,1,n,conversant|conversational|conversationalist|conversationalists|conversationally|conversations|converse|conversed|converses|conversing,the use of speech for informal exchange of views or ideas or information etc.,
chair,1k-b,766,307,4.692,0.9977,A1,,0,n|v,chairs,"a seat for one person, with a support for the back",he put his coat over the back of the chair and sat down
willing,1k-b,847,308,4.692,0.9976,B2,,0,adj,willingly|willingness|unwilling|unwillingly|unwillingness|willed,disposed or inclined toward,a willing participant
rain,1k-b,826,309,4.689,0.9976,A1,,0,n|v,rained|rainier|rainiest|raining|rains|rainy,water falling in drops from vapor condensed in the atmosphere,
huge,1k-b,823,310,4.684,0.9947,A2,,0,adj,hugely|hugeness,unusually great in size or amount or degree or especially extent or scope,huge government spending
beauty,1k-b,639,311,4.683,0.9977,B1,,0,n,beauteous|beautician|beauticians|beauties|beautification|beautified|beautifies|beautiful|beautifully|beautify,the qualities that give pleasure to the senses,
choose,1k-b,554,312,4.681,0.9974,A1,,0,v,chooses|choosing|choosy|chose|chosen|unchosen,"pick out, select, or choose from a number of alternatives",Take any one of these cards
friday,1k-b,886,313,4.677,0.9977,A1,,0,n,fri|fridays,the sixth day of the week; the fifth working day,
saturday,1k-b,802,314,4.676,0.9927,A1,,0,n,saturdays,the seventh and last day of the week; observed as the Sabbath by Jews and some Christians,
empty,1k-b,854,315,4.674,1.0000,A2,,0,adj|v,emptied|empties|emptiness|emptying|emptily,holding or containing nothing,an empty glass
heavy,1k-b,620,316,4.674,0.9972,A2,,0,adj,heavier|heavies|heaviest|heavily|heaviness,of comparatively great physical weight or density,a heavy load
apart,1k-b,755,317,4.672,0.9926,B1,,0,adv,,separated or at a distance in place or position or time,These towns are many miles apart
plus,1k-b,810,318,4.672,0.9920,B1,,1,prep|adj|conj|n,pluses,a useful or valuable quality,
shirt,1k-b,941,319,4.666,0.9975,A1,,0,n,shirted|shirts,a garment worn on the upper half of the body,
dig,1k-b,969,320,4.664,1.0000,B2,,0,v,digger|diggers|digging|digs|dug|undug,"turn up, loosen, or remove earth",Dig we must
size,1k-b,582,321,4.664,1.0000,A2,,0,n,sizable|sized|sizes|sizing,the physical magnitude of something (how big it is),a wolf is about the size of a large dog
animal,1k-b,607,322,4.658,0.9976,A1,,0,n,animals,a living organism characterized by voluntary movement,
strike,1k-b,585,323,4.658,0.9974,B2,,0,v|n,striker|strikers|strikes|striking|strikingly|struck,"deliver a sharp blow, as with the hand, fist, or weapon",The teacher struck the child
cook,1k-b,769,324,4.658,0.9954,A1,,0,v|n,cooked|cooker|cookeries|cookers|cookery|cooking|cooks|overcook|overcooked|overcooking|uncooked,prepare a hot meal,My husband doesn't cook
bird,1k-b,727,325,4.657,0.9952,A1,,0,n,birdie|birdied|birdies|birdlike|birds|birdy,warm-blooded egg-laying vertebrates characterized by feathers and forelimbs modified as wings,
sight,1k-b,807,326,4.656,0.9948,B1,,0,n,sighted|sightedness|sighter|sighters|sighting|sightings|sightless|sightlessly|sights|unsighted|unsightly,an instance of visual perception,the sight of his wife brought him back to reality
drug,1k-b,715,327,4.655,0.9974,A2,,0,n,drugged|druggie|druggies|drugging|drugs|druggist|druggists,a substance that is used as a medicine or narcotic,
prince,1k-b,753,328,4.654,0.9974,B1,,0,n,princedom|princedoms|princelier|princeliest|princeliness|princeling|princelings|princely|princes|princess|princesses,a male member of a royal family other than the sovereign (especially the son of a sovereign),
nurse,1k-b,783,329,4.653,1.0000,A1,,0,n,nursed|nurses|nursing,one skilled in caring for young children or the sick (usually under the supervision of a physician),
cake,1k-b,964,330,4.653,0.9952,A1,,0,n,cakes,a block of solid substance (such as soap or wax),a bar of chocolate
breath,1k-b,894,331,4.652,0.9893,B1,,0,n,breathless|breathlessly|breathlessness|breaths|breathy,the process of taking in and expelling air during breathing,he took a deep breath and dived into the pool
sky,1k-b,906,332,4.651,0.9931,A2,,0,n,skies|skyward|skywards,the atmosphere and outer space as viewed from the earth,
bright,1k-b,832,333,4.647,0.9975,A2,,0,adj,brighten|brightened|brightening|brightens|brighter|brightest|brightly|brightness,emitting or reflecting light readily or in large amounts,the sun was bright and hot
afford,1k-b,900,334,4.647,0.9973,B1,,0,v,affordability|affordable|afforded|affording|affords|unaffordable,be able to spare or give up,I can't afford to spend two hours with this person
tie,1k-b,818,335,4.647,0.9973,A2,,0,v|n,tied|ties|tying|untie|untied|unties|untying,"fasten or secure with a rope, string, or cord",They tied their victim to the chair
skin,1k-b,821,336,4.643,0.9974,A2,,0,n,skinned|skinning|skins|skinless,a natural protective body covering and site of the sense of touch,your skin is the largest organ of your body
fill,1k-b,660,337,4.642,0.9956,A1,,0,v,filled|filler|fillers|filling|fillings|fills|refill|refillable|refilled|refilling|refills|unfilled,"make full, also in a metaphorical sense",fill a container
pack,1k-b,570,338,4.641,0.9947,A2,,0,v|n,package|packaged|packages|packaging|repackage|repackaged|repackaging|repackages|packed|packer|packers|packing|packs|unpack|unpacked|unpacking|unpacks,arrange in a container,pack the books into the boxes
danger,1k-b,623,339,4.640,0.9977,A2,,0,n,dangerous|dangerously|dangers|endanger|endangered|endangering|endangerment|endangerments|endangers,the condition of being susceptible to harm or injury,you are in no danger
sunday,1k-b,749,340,4.636,0.9881,A1,,0,n,sundays,first day of the week; observed as a day of rest and worship by most Christians,
beyond,1k-b,708,341,4.634,0.9975,B2,,0,prep|adv,,farther along in space or time or degree,through the valley and beyond
dry,1k-b,719,342,4.631,0.9926,A2,,0,adj|v,dried|drier|driers|dries|driest|drily|dryer|dryers|drying|dryly|dryness,free from liquid or moisture; lacking natural or normal moisture or depleted of water; or no longer wet,dry land
milk,1k-b,908,343,4.628,1.0000,A1,,0,n,milked|milking|milks|milky,a white nutritious liquid secreted by mammals and used as food by human beings,
feed,1k-b,758,344,4.627,1.0000,A2,,0,v|n,fed|feeder|feeders|feeding|feeds|unfed,provide as food,Feed the guests the nuts
horrible,1k-b,990,345,4.627,0.9978,B1,,0,adj,horribleness|horribly|orrible,provoking horror,an atrocious automobile accident
coat,1k-b,907,346,4.624,0.9945,A1,,0,n,coated|coating|coatings|coats,an outer garment that has sleeves and covers the body from shoulder down; worn outdoors,
ugly,1k-b,994,347,4.624,0.9898,B1,,0,adj,uglier|ugliest|ugliness,displeasing to the senses,an ugly face
settle,1k-b,621,348,4.623,0.9974,B2,,0,v,resettle|resettled|resettlement|resettlements|resettler|resettlers|resettles|resettling|settled|settlement|settlements|settler|settlers|settles|settling|settlor|settlors,"settle into a position, usually on a surface or ground",dust settled on the roofs
video,1k-b,689,349,4.615,1.0000,A1,,0,n,videoed|videoing|videos,the visible part of a television transmission,they could still receive the sound but the picture was gone
oil,1k-b,690,350,4.613,1.0000,A2,,0,n,oiled|oiler|oilers|oiliness|oiling|oils|oily|unoiled,a slippery or viscous liquid or liquefiable substance not miscible with water,
wash,1k-b,806,351,4.609,0.9854,A1,,0,v|n,unwashable|unwashed|washable|washed|washer|washers|washes|washing,clean with some chemical process,
stone,1k-b,680,352,4.608,0.9929,A2,,0,n,stoned|stones|stoney|stonier|stonily|stoniness|stoning|stony,a lump or mass of hard consolidated mineral matter,he threw a rock at me
indeed,1k-b,542,353,4.607,0.9978,B1,,0,adv,,in truth (often tends to intensify),they said the car would break down and indeed it did
heat,1k-b,723,354,4.603,1.0000,A2,,0,n|v,heated|heatedly|heater|heaters|heating|heats|preheat|preheated|preheating|preheats|reheat|reheated|reheating|reheats|unheated,a form of energy that is transferred by a difference in temperature,
loud,1k-b,953,355,4.600,0.9973,A2,,0,adj|adv,louder|loudest|loudly|loudness,characterized by or producing sound of great volume or intensity,a group of loud children
shake,1k-b,742,356,4.598,0.9977,A2,,0,v|n,shakable|shaken|shaker|shakers|shakes|shakily|shakiness|shaking|shaky|shook|unshakable|unshakeable,move or cause to move back and forth,The chemist shook the flask vigorously
island,1k-b,729,357,4.597,0.9949,A1,,0,n,islander|islanders|islands,a land mass (smaller than a continent) that is surrounded by water,
wet,1k-b,946,358,4.593,0.9924,A2,,0,adj,wetly|wetness|wets|wettable|wetted|wetter|wettest|wetting,covered or soaked with a liquid such as water,a wet bathing suit
football,1k-b,839,359,4.574,1.0000,A1,,0,n,footballer|footballers|footballing|footballs|footy|footie|footies,any of various games played with a ball (round or oval) in which two teams try to kick or carry or propel the ball into each other's goal,
hill,1k-b,738,360,4.574,0.9954,A2,,0,n,hills|hilly,a local and well-defined elevation of the land,they loved to roam the hills of West Virginia
rough,1k-b,873,361,4.572,0.9977,B1,,0,adj,roughage|roughed|roughen|roughened|roughening|roughens|rougher|roughest|roughing|roughish|roughly|roughness|roughs,having or caused by an irregular surface,trees with rough bark
pair,1k-b,798,362,4.571,0.9903,A1,,0,n,paired|pairing|pairings|pairs|unpaired,a set of two similar things considered as a unit,
paint,1k-b,569,363,4.566,0.9938,A1,,0,v|n,painted|painter|painterly|painters|painting|paintings|paints|repaint|repainted|repainting|repaintings|repaints|unpainted,make a painting,he painted all day in the garden
finger,1k-b,780,364,4.564,0.9975,A2,,0,n,fingered|fingering|fingers,any of the terminal members of the hand (sometimes excepting the thumb),her fingers were long and thin
weight,1k-b,734,365,4.559,1.0000,A2,,0,n,unweighted|weighted|weighting|weightings|weightless|weightlessly|weightlessness|weights,the vertical force exerted by a mass as a result of gravity,
cheap,1k-b,845,366,4.559,0.9933,A1,,0,adj|adv,cheapen|cheapened|cheapening|cheapens|cheaper|cheapest|cheaply|cheapness,relatively low in price or charging low prices,it would have been cheap at twice the price
lake,1k-b,924,367,4.556,0.9976,A2,,0,n,lakes,a body of (usually fresh) water surrounded by land,
throat,1k-b,973,368,4.556,0.9954,B1,,0,n,throated|throatily|throats|throaty|throatiness,the passage to the stomach and lungs; in the front part of the neck below the chin and above the collarbone,
aware,1k-b,605,369,4.552,0.9951,B1,,1,adj,awareness|unaware|unawares,(sometimes followed by ‘of’) having or showing knowledge or understanding or realization or perception,was aware of his opponent's hostility
mountain,1k-b,840,370,4.549,0.9895,A1,,0,n,mountaineer|mountaineering|mountaineers|mountainous|mountains|mountainside|mountainsides,a land mass that projects well above its surroundings; higher than a hill,
noise,1k-b,857,371,4.542,0.9949,A2,,0,n,noiseless|noiselessly|noises|noisier|noisiest|noisily|noisy,sound of any kind (especially unintelligible or dissonant sound),he enjoyed the street noises
rent,1k-b,881,372,4.538,0.9950,B1,,0,n|v,rentable|rental|rentals|rented|renting|rents|renter|renters|unrentable,"a payment or series of payments made by the lessee to an owner for use of some property, facility, equipment, or service",
weather,1k-b,859,373,4.534,0.9973,A1,,0,n,weathered|weathering|weathers,the atmospheric conditions that comprise the state of the atmosphere in terms of temperature and wind and clouds and precipitation,they were hoping for good weather
lift,1k-b,744,374,4.533,0.9929,A2,,0,v|n,lifted|lifter|lifters|lifting|lifts,raise from a lower to a higher position,Raise your hands
television,1k-b,548,375,4.530,0.9951,A1,,0,n,televise|televised|televises|televising|televisings|televisions|televize|televized|televizes|televizing|televizings|tellies|telly|tv|tvs,broadcasting visual images of stationary or moving objects,she is a star of screen and video
yellow,1k-b,922,376,4.529,0.9977,A1,,0,adj|n,yeller|yellowed|yellower|yellowest|yellowing|yellowish|yellowness|yellows|yellowy,of the color intermediate between green and orange in the color spectrum; of something resembling the color of an egg yolk,
scare,1k-b,987,377,4.526,0.9901,B2,,0,v|n,scared|scareder|scaredest|scares|scarier|scariest|scaring|scary,cause fear in,The stranger who hangs around the building frightens me
sudden,1k-b,609,378,4.524,0.9973,B1,,0,adj,suddenly|suddenness,happening without warning or in a short space of time,a sudden storm
travel,1k-b,586,379,4.523,0.9920,A1,,0,v|n,traveled|traveler|travelers|traveling|travelled|traveller|travellers|travelling|travels,"change location; move, travel, or proceed, also metaphorically",How fast does your new car go?
monday,1k-b,882,380,4.522,0.9905,A1,,0,n,mon|mondays,the second day of the week; the first working day,
post,1k-b,521,381,4.511,0.9972,A1,,0,n|v,postage|postages|postal|posted|posting|postings|posts,the position where someone (as a guard or sentry) stands or is assigned to stand,a soldier manned the entrance post
tall,1k-b,925,382,4.509,0.9948,A1,,0,adj,taller|tallest|tallness,great in vertical dimension; high in stature,tall people
freeze,1k-b,927,383,4.507,0.9922,B1,,0,v,freezable|freezer|freezers|freezes|freezing|froze|frozen|unfrozen,stop moving or become immobilized,When he saw the police car he froze
soft,1k-b,735,384,4.505,0.9974,A2,,0,adj,soften|softened|softener|softeners|softening|softens|softer|softest|softly|softness,yielding readily to pressure or weight,
ear,1k-b,885,385,4.505,0.9891,A1,,0,n,eared|earful|earless|ears,the sense organ for hearing and equilibrium,
engine,1k-b,849,386,4.503,0.9898,A2,,0,n,engined|engines,motor that converts thermal energy to mechanical work,
square,1k-b,741,387,4.502,1.0000,A2,,0,adj|n,sq|squared|squarely|squareness|squarer|squares|squarest|squaring,having four equal sides and four right angles or forming a right angle,a square peg in a round hole
swim,1k-b,920,388,4.502,0.9953,A1,,0,v|n,swam|swimmer|swimmers|swimming|swims|swum,travel through water,We had to swim for 20 minutes to reach the shore
snow,1k-b,950,389,4.496,0.9951,A1,,0,n|v,snowed|snowier|snowiest|snowiness|snowing|snows|snowy,precipitation falling from clouds in the form of ice crystals,
spring,1k-b,812,390,4.495,0.9976,A1,,0,n|v,sprang|springing|springs|sprung,the season of growth; spring; the beginning of spring,the emerging buds were a sure sign of spring
bath,1k-b,937,391,4.493,0.9896,A1,,0,n,baths,a vessel containing liquid in which something is immersed (as to process it or to maintain it at a constant temperature or to lubricate it),she soaked the etching in an acid bath
shoe,1k-b,933,392,4.482,0.9945,A1,,0,n,shoed|shoeing|shoeless|shoes,footwear shaped to fit the foot (below the ankle) with a flexible upper of leather or plastic and a sole and heel of heavier material,
shape,1k-b,667,393,4.480,0.9925,A2,,0,n|v,misshape|misshaped|misshapen|misshapes|misshaping|shaped|shapeless|shapelessly|shapelessness|shapelier|shapeliest|shapeliness|shapely|shaper|shapers|shapes|shaping|unshapely,any spatial attributes (especially as defined by outline),he could barely make out their shapes
farm,1k-b,535,394,4.477,0.9978,A1,,0,n|v,farmed|farmer|farmers|farming|farms|unfarmed,workplace consisting of farm buildings and cultivated land as a unit,it takes several people to work the farm
enter,1k-b,632,395,4.473,1.0000,A2,,0,v,entered|entering|enters|unentered|reenter|reentered|reentering|reenters,to come or go into,the boat entered an area of shallow marshes
obvious,1k-b,531,396,4.471,0.9975,B1,,1,adj,obviously|obviousness,easily perceived and understood,obvious errors
rights,1k-b,606,397,4.471,0.9954,,,0,n,righted|rightful|rightfully|righting|rightly|rightness|righto|righty|rt,an abstract idea of that which is due to a person or governmental body by law or tradition or nature,they are endowed by their Creator with certain unalienable Rights
load,1k-b,837,398,4.465,0.9975,B2,,0,n|v,loaded|loader|loaders|loading|loadings|loads|reload|reloaded|reloading|reloads|unload|unloaded|unloading|unloads,weight to be borne or conveyed,
meal,1k-b,860,399,4.460,1.0000,A1,,0,n,meals,the food served and eaten at one time,
bread,1k-b,963,400,4.452,0.9950,A1,,0,n,breads,food made from dough of flour or meal and usually raised with yeast or baking powder and then baked,
below,1k-b,633,401,4.447,0.9954,A1,,0,adv|prep,,in or to a place that is lower,
expensive,1k-b,877,402,4.446,0.9974,A1,,0,adj,expensively|inexpensive|inexpensively|inexpensiveness,high in price or charging high prices,expensive clothes
plant,1k-b,537,403,4.441,0.9978,A1,,0,n|v,planted|planter|planters|planting|plantings|plants|replant|replanted|replanting|replants|unplanted,buildings for carrying on industrial labor,they built a large plant to manufacture automobiles
birth,1k-b,875,404,4.440,1.0000,A2,,0,n,birthed|birthing|births|rebirth|rebirths,the time when something begins (especially life),they divorced after the birth of the child
boring,1k-b,960,405,4.438,0.9945,A1,,0,adj,bored|boredom|bores|boringly,so lacking in interest as to cause mental weariness,a boring evening with uninteresting people
ashamed,1k-b,995,406,4.437,0.9975,B2,,0,adj,ashamedly|unashamed|unashamedly,feeling shame or guilt or embarrassment or remorse,are you ashamed for having lied?
wheel,1k-b,890,407,4.432,1.0000,A2,,0,n,wheeled|wheeler|wheelers|wheelie|wheelies|wheeling|wheels,a simple machine consisting of a circular frame with spokes (or a solid disc) that can rotate on a shaft or axle (as in vehicles or other machines),
wood,1k-b,645,408,4.431,0.9976,A2,,0,n,wooden|woodenly|woodenness|woods|woodsy|woody,the hard fibrous lignified substance under the bark of trees,
tear,1k-b,834,409,4.431,0.9951,B2,,0,v|n,tearing|tears|tore|torn,separate or cause to separate abruptly,The rope snapped
garden,1k-b,571,410,4.424,1.0000,A1,,0,n,gardened|gardener|gardeners|gardening|gardens,a plot of ground where plants are cultivated,
winter,1k-b,815,411,4.418,1.0000,A1,,0,n,midwinter|wintered|wintering|winterise|winterised|winterising|winterize|winterized|winterizing|winters|wintery|wintry,the coldest season of the year; in the Northern Hemisphere it extends from the winter solstice to the vernal equinox,
flat,1k-b,754,412,4.418,0.9975,A1,,0,n|adj,flatly|flatness|flatten|flattened|flattening|flattens|flattest|flattish,a level tract of land,the salt flats of Utah
shoulder,1k-b,787,413,4.418,0.9951,A2,,0,n,shouldered|shouldering|shoulders,the part of the body between the neck and the upper arm,
bone,1k-b,915,414,4.416,0.9945,A2,,0,n,boned|boneless|bones|boney|bonier|boniest|boniness|boning|bony,rigid connective tissue that makes up the skeleton of vertebrates,
quarter,1k-b,704,415,4.415,1.0000,A1,,0,n,quartered|quartering|quarterly|quarters,one of four equal parts,a quarter of a pound
egg,1k-b,869,416,4.415,0.9954,A1,,0,n,eggs,animal reproductive body consisting of an ovum or embryo together with nutritive and protective envelopes; especially the thin-shelled reproductive body laid by e.g. female birds,
slip,1k-b,868,417,4.413,0.9975,B2,,0,v,slippage|slippages|slipped|slipping|slippy|slips,move stealthily,The ship slipped away in the darkness
hunt,1k-b,827,418,4.412,0.9947,B1,,0,v|n,hunted|hunter|hunters|hunting|huntress|hunts,pursue for food or sport (as of wild animals),Goering often hunted wild boars in Poland
proper,1k-b,682,419,4.402,0.9976,B1,,0,adj,improper|improperly|properly,marked by suitability or rightness or appropriateness,proper medical treatment
yard,1k-b,971,420,4.399,0.9974,B1,,0,n,yd,a unit of length equal to 3 feet; defined as 91.44 centimeters; originally taken to be the average length of a stride,
amount,1k-b,516,421,4.393,0.9907,A2,,0,n|v,amounted|amounting|amounts,a quantity of money,he borrowed a large sum
grandfather,1k-b,830,422,4.386,0.9930,A1,,0,n,gran|grandad|grandads|grandchild|grandchildren|granddad|granddads|granddaughter|granddaughters|grandfathers|grandma|grandmas|grandmother|grandmothers|grandmamma|grandmammas|grandpa|grandparent|grandparents|grandpas|grandpop|grandpops|grandson|grandsons|grans|granny|grannie|grannies,the father of your father or mother,
penny,1k-b,966,423,4.385,0.9920,A2,,0,n,pence|pennies|penniless,a fractional monetary unit of Ireland and the United Kingdom; equal to one hundredth of a pound,
thursday,1k-b,959,424,4.383,0.9953,A1,,0,n,thurs|thursdays,the fifth day of the week; the fourth working day,
odd,1k-b,844,425,4.381,0.9949,B1,,1,adj,odder|oddest|oddities|oddity|oddly|oddness|odds,not divisible by two,
tail,1k-b,954,426,4.378,0.9976,B1,,0,n,tailed|tailing|tailings|tails|tailless,the posterior part of the body of a vertebrate especially when elongated and extending beyond the trunk or main part of the body,
honour,1k-b,559,427,4.376,0.9927,B2,,0,n|v,hon|honor|honorable|honorably|honorary|honored|honorific|honoring|honors|honourable|honourably|honourary|honoured|honouring|honours|hons,the state of being honored,
tuesday,1k-b,957,428,4.374,0.9802,A1,,0,n,tue|tues|tuesdays,the third day of the week; the second working day,
edge,1k-b,731,429,4.371,0.9975,B1,,0,n,edged|edger|edges|edgewise|edgeways|edging,the boundary of a surface,
flower,1k-b,790,430,4.357,1.0000,A1,,0,n,flowered|flowerer|flowerers|flowerier|floweriest|floweriness|flowering|flowers|flowery,a plant cultivated for its blooms or blossoms,
exact,1k-b,673,431,4.354,1.0000,A2,,0,adj,exactly|exactness|inexact|inexactness,marked by strict and particular and complete accordance with fact,an exact mind
pot,1k-b,911,432,4.353,0.9976,B1,,0,n,potful|potfuls|pots|potted|potter|potteries|potters|pottery|potting,metal or earthenware cooking vessel that is usually round and deep; often has a handle and lid,
orange,1k-b,976,433,4.348,0.9931,A1,,0,n|adj,orangeish|oranges|orangey|orangish|orangy,round yellow to orange fruit of any of several citrus trees,
mum,1k-b,700,434,4.337,0.9769,A1,,0,n,mam|mammies|mammy|mams|mom|mommies|mommy|moms|mummy|mums,of China,
delicious,1k-b,996,435,4.333,1.0000,A1,,0,adj,deliciously|deliciousness,greatly pleasing or entertaining,a delightful surprise
zero,1k-b,982,436,4.331,0.9903,A2,,0,number,zeroed|zeroing|zeros,"a quantity of no importance; thing (object:), singular, negative pronoun; pronoun, thing, singular; quantifier: negative existential",it looked like nothing I had ever seen before
holiday,1k-b,721,437,4.328,0.9949,A1,,0,n,holidayed|holidayer|holidayers|holidaying|holidays|hols,leisure time away from work devoted to rest or pleasure,we get two weeks of vacation every summer
wave,1k-b,793,438,4.327,1.0000,A2,,0,n|v,waved|waves|waving,one of a series of ridges that moves across the surface of a liquid (especially across a large body of water),
mile,1k-b,619,439,4.322,0.9975,A1,,0,n,mileage|mileages|miles,"a unit of length equal to 1,760 yards or 5,280 feet; exactly 1609.344 meters",
rabbit,1k-b,986,440,4.321,1.0000,,,0,n,rabbits|rabbitted|rabbitter|rabbitters|rabbiter|rabbiters|rabbitting,any of various burrowing animals of the family Leporidae having long ears and short tails; some domesticated and raised for pets or food,
chip,1k-b,944,441,4.314,0.9976,A2,,0,n,chipped|chipping|chippings|chips,a small fragment of something broken off from the whole,a bit of rock caught him in the eye
sport,1k-b,728,442,4.299,0.9970,A1,,0,n,sporting|sports|sporty,an active diversion requiring physical exertion and competition,
climb,1k-b,819,443,4.295,0.9976,A1,,0,v|n,climbed|climber|climbers|climbing|climbs|unclimbed,go upward with gradual or continuous progress,Did you ever climb up the hill behind your house?
forest,1k-b,722,444,4.276,0.9947,A2,,0,n,forested|forester|foresters|foresting|forestry|forests|reforest|reforested|reforesting|reforestation,the trees and other plants in a large densely wooded area,
twelve,1k-b,824,445,4.275,0.9943,A1,,0,number,twelfth|twelfths|twelves,the cardinal number that is the sum of eleven and one,
arrive,1k-b,564,446,4.271,0.9921,A1,,0,v,arrival|arrivals|arrived|arrives|arriving,reach a destination; arrive by movement or progress,She arrived home at 7 o'clock
shy,1k-b,993,447,4.264,0.9952,B1,,0,adj,shyly|shyness,lacking self-confidence,stood in the doorway diffident and abashed
wednesday,1k-b,945,448,4.262,0.9950,A1,,0,n,wednesdays,the fourth day of the week; the third working day,
comfort,1k-b,717,449,4.236,1.0000,B2,,0,n|v,comfortable|comfortably|comforted|comforting|comfortingly|comforts|uncomfortable|uncomfortably|uncomforted,a state of being relaxed and feeling no pain,he is a man who enjoys his comfort
thirty,1k-b,681,450,4.235,0.9976,A1,,0,number,thirties|thirtieth|thirtieths,the cardinal number that is the product of ten and three,
grass,1k-b,931,451,4.225,0.9924,A2,,0,n,grassed|grasses|grassing|grassless|grasslike|grassy,narrow-leaved green herbage: grown as lawns; used as pasture for grazing animals; cut and dried as hay,
gentle,1k-b,852,452,4.219,0.9974,B1,,0,adj,gentleness|gentler|gentlest|gently,soft and mild; not harsh or stern or severe,a gentle reprimand
shout,1k-b,867,453,4.216,0.9976,A2,,0,v|n,shouted|shouter|shouters|shouting|shouts,utter in a loud voice; talk in a loud voice (usually denoting characteristic manner of speaking),My grandmother is hard of hearing — you'll have to shout
underneath,1k-b,992,454,4.211,0.9922,,,0,prep,,on the lower or downward side; on the underside of,a chest of drawers all scratched underneath
basic,1k-b,624,455,4.192,0.9973,B1,,0,adj,basically|basics,pertaining to or constituting a base or basis,a basic fact
arrange,1k-b,572,456,4.191,0.9931,A2,,0,v,arranged|arrangement|arrangements|arranger|arrangers|arranges|arranging|prearrange|prearranged|prearranges|prearranging|rearrange|rearranged|rearrangement|rearrangements|rearranges|rearranging,put into a proper or systematic order,arrange the books on the shelves in chronological order
beside,1k-b,833,457,4.181,0.9976,B2,,0,prep,besides,,
degree,1k-b,655,458,4.173,0.9954,A2,,0,n,deg|degrees,a position on a scale of intensity or amount or quality,a moderate grade of intelligence
yards,1k-b,967,459,4.173,,,,0,n,yds,a unit of length equal to 3 feet; defined as 91.44 centimeters; originally taken to be the average length of a stride,
favourite,1k-b,902,460,4.165,0.9975,A1,,0,adj|n,favorite|favorites|favoritism|favourites|favouritism,appealing to the general public,a favorite tourist attraction
self,1k-b,507,461,4.151,0.9948,B2,,0,n,selfhood|selfish|selfishly|selfishness|selfless|selflessly|selflessness|selves|unselfish|unselfishly|unselfishness,your consciousness of your own identity,
thick,1k-b,856,462,4.146,0.9976,A2,,0,adj,thicken|thickened|thickener|thickeners|thickening|thickens|thicker|thickest|thickly|thickness|thicknesses,not thin; of a specific thickness or of relatively great extent from one surface to the opposite usually in the smallest of the three solid dimensions,an inch thick
pound,1k-b,530,463,4.142,0.9951,A1,,0,n,pounds,16 ounces avoirdupois,he got a hernia when he tried to lift 100 pounds
sail,1k-b,888,464,4.138,0.9898,A2,,0,v|n,sailed|sailer|sailers|sailing|sailings|sailor|sailors|sails,traverse or travel on (a body of water),We sailed the Atlantic
tooth,1k-b,899,465,4.133,0.9974,A1,,0,n,teeth|teethed|teethes|teething|teethings|toothed|toothless|toothy,hard bonelike structures in the jaws of vertebrates; used for biting and chewing or for attack and defense,
eleven,1k-b,938,466,4.113,1.0000,A1,,0,number,elevens|eleventh|elevenths,the cardinal number that is the sum of ten and one,
realise,1k-b,580,467,4.099,0.9923,A2,,0,v,realisable|realisation|realisations|realised|realises|realising|realizable|realization|realizations|realize|realized|realizes|realizing|unrealised|unrealized,earn on some commercial or business transaction; earn as salary or wages,How much do you make a month in your new job?
neat,1k-b,978,468,4.095,0.9976,B2,,0,adj,neater|neatest|neatly|neatness,clean or organized,her neat dress
tire,1k-b,928,469,4.093,0.9896,A1,,0,adj,tired|tireder|tiredest|tiredly|tiredness|tireless|tirelessly|tirelessness|tires|tiring|untiring|untiringly|overtired|overtire|overtires|overtiring,hoop that covers a wheel,automobile tires are usually made of rubber and filled with compressed air
tend,1k-b,608,470,4.089,0.9954,B1,,0,v,tended|tendencies|tendency|tending|tends,have a tendency or disposition to do or be something; be inclined,She tends to be nervous before her lectures
discover,1k-b,628,471,4.081,1.0000,A2,,0,v,discovered|discoverer|discoverers|discoveries|discovering|discovers|discovery|rediscover|rediscovered|rediscoveries|rediscovering|rediscovers|rediscovery|undiscovered,"discover or determine the existence, presence, or fact of by perception with the eyes",She detected high levels of lead in her drinking water
owned,1k-b,534,472,4.070,1.0000,A2,,0,n,owner|owners|ownership|owning|owns,having an owner; often used in combination,state-owned railways
beneath,1k-b,936,473,4.066,0.9922,C1,,0,prep,,in or to a place that is lower,
lazy,1k-b,997,474,4.064,0.9951,A2,,0,adj,lazier|laziest|lazily|laziness,moving slowly and gently,up a lazy river
photograph,1k-b,675,475,4.055,0.9950,A1,,0,n|v,photo|photographed|photographer|photographers|photographic|photographically|photographing|photographs|photography|photos,a representation of a person or scene in the form of a print or transparent slide or in digital format,
absolute,1k-b,777,476,4.054,0.9930,B2,,0,adj,absolutely|absolutes|absolutism|absolutist|absolutists,perfect or complete or pure,absolute loyalty
billion,1k-b,917,477,4.047,0.9976,A2,,0,number,billions|billionth|billionths,the number that is represented as a one followed by 12 zeros; in the United Kingdom the usage followed in the United States is frequently seen,
lip,1k-b,866,478,4.031,0.9929,B1,,0,n,lipped|lips,either of two fleshy folds of tissue that surround the mouth and play a role in speaking,
naughty,1k-b,998,479,4.011,0.9946,,,0,adj,naughtier|naughtiest|naughtily|naughtiness,suggestive of sexual impropriety,a blue movie
slight,1k-b,683,480,4.008,0.9925,B2,,0,adj,slighter|slightest|slighting|slightly|slightness,(quantifier used with mass nouns) small in quantity or degree; not much or almost none or (with ‘a’) at least some,little rain fell in May
stare,1k-b,816,481,3.999,0.9910,B2,,0,v,stared|stares|staring,look at with fixed eyes,The students stared at the teacher with amazement
depend,1k-b,568,482,3.995,1.0000,A2,,0,v,dependability|dependable|dependably|dependant|dependants|depended|dependent|dependents|depending|depends|undependable,be contingent upon (something that is elided),That depends
web,1k-b,1000,483,3.965,0.9975,A2,,0,n,,an intricate network suggesting something that was formed by weaving or interweaving,the trees cast a delicate web of shadows over the lawn
grey,1k-b,836,484,3.964,0.9946,A1,,0,adj|n,gray|grayed|graying|grayish|grayly|grayness|grays|greyer|greyest|greying|greyish|greyly|greyness|greys,of an achromatic color of any lightness intermediate between the extremes of white and black,the little grey cells
fortunate,1k-b,782,485,3.915,0.9925,B2,,0,adj,fortunately|unfortunate|unfortunately|unfortunates,having unexpected good fortune,"other, less fortunate, children died"
definite,1k-b,913,486,3.790,0.9954,B1,,1,adj,definitely|definiteness|indefinite|indefinitely,precise; explicit and clearly defined,I want a definite answer
presented,1k-b,583,487,3.763,0.9975,B1,,0,n,presentable|presentably|presentation|presentational|presentations|presenter|presenters|presenting|presents|unpresentable,give an exhibition of to an interested audience,She shows her dogs frequently
rubbish,1k-b,988,488,3.748,0.9974,A2,,0,n,rubbished|rubbishes|rubbishing,worthless material that is to be disposed of,
thirteen,1k-b,981,489,3.722,0.9954,A1,,0,number,thirteenth|thirteenths,the cardinal number that is the sum of twelve and one,
reply,1k-b,736,490,3.683,0.9976,A2,,0,v|n,replied|replies|replying,react verbally,She didn't want to answer
apparent,1k-b,663,491,3.626,0.9919,B2,,1,adj,apparently,clearly revealed to the mind or the senses or judgment,the effects of the drought are apparent to anyone who sees the parched fields
neighbour,1k-b,817,492,3.584,0.9891,A1,,0,n,neighbor|neighborhood|neighborhoods|neighboring|neighborliness|neighborly|neighbors|neighbourhood|neighbourhoods|neighbouring|neighbourliness|neighbourly|neighbours,a person who lives (or is located) near another,
autumn,1k-b,956,493,3.580,1.0000,A1,,0,n,autumnal|autumns,the season when the leaves fall from the trees,in the fall of 1973
thirst,1k-b,999,494,3.573,0.9975,A1,,0,adj,thirsted|thirstier|thirstiest|thirstily|thirstiness|thirsting|thirsts|thirsty,a physiological need to drink,
glance,1k-b,880,495,3.537,0.9920,C1,,0,n|v,glanced|glances|glancing,a quick look,
fright,1k-b,935,496,3.444,0.9974,B1,,0,v,frighten|frightened|frightener|frighteners|frightening|frighteningly|frightens|frightful|frightfully|frights,cause fear in,The stranger who hangs around the building frightens me
rested,1k-b,951,497,3.349,1.0000,,,0,v,restful|restfully|restfulness|resting|restless|restlessly|restlessness|rests,not tired; refreshed as by sleeping or relaxing,came back rested from her vacation
excite,1k-b,791,498,3.333,0.9948,A1,,0,adj,excitable|excitably|excitation|excitations|excited|excitedly|excitement|excitements|exciter|exciters|excites|exciting|unexciting|overexcited|excitability,arouse or elicit a feeling,
advertise,1k-b,658,499,3.221,0.9940,A2,,0,v,ad|ads|advert|advertised|advertisement|advertisements|advertiser|advertisers|advertises|advertising|advertize|advertized|advertizement|advertizements|advertizer|advertizers|advertizes|advertizing|adverts,call attention to,Please don't advertise the fact that he has AIDS
insure,1k-b,772,500,3.032,0.8750,B2,,0,n,insurable|insurance|insurances|insured|insurer|insurers|insures|insuring|reinsurance|reinsure|reinsured|reinsures|reinsuring|uninsurable|uninsured,be careful or certain to do something; make certain of something,He verified that the valves were closed
captain,2k-a,1449,1,5.318,0.9893,B1,,0,n,capt|captaincies|captaincy|captained|captaining|captains|capts,an officer holding a rank below a major but above a lieutenant,
welcome,2k-a,1297,2,5.253,1.0000,A1,,0,exclam|v|adj|n,unwelcome|unwelcomed|unwelcoming|welcomed|welcomes|welcoming,the state of being welcome,don't outstay your welcome
president,2k-a,1090,3,5.148,0.9974,A2,,0,n,presidential|presidentially|presidents|pres,an executive officer of a firm or corporation,
murder,2k-a,1312,4,5.049,0.9908,B1,,0,n|v,murdered|murderer|murderers|murderess|murdering|murderous|murderously|murders,unlawful premeditated killing of a human being by a human being,
secret,2k-a,1382,5,5.039,0.9976,A2,,0,adj|n,secretive|secretively|secretiveness|secretly|secrets,not open or public; kept private or not revealed,a secret formula
future,2k-a,1068,6,5.014,0.9948,A1,,0,n|adj,futures|futurism|futurist|futuristic|futuristically|futurists,the time yet to come,
hotel,2k-a,1197,7,5.013,0.9951,A1,,0,n,hotels,a building where travelers can pay for lodging and meals and other services,
agent,2k-a,1374,8,5.011,0.9975,B1,,0,n,agents,an active and efficient cause; capable of producing a certain effect,their research uncovered new disease agents
attention,2k-a,1195,9,4.994,1.0000,A2,,0,n|exclam,attentional|attentions|inattention,the process whereby a person concentrates on some features of the environment to the (relative) exclusion of others,
th,2k-a,1114,10,4.990,,,,0,n,,the fifth day of the week; the fourth working day,
relax,2k-a,1453,11,4.985,1.0000,A1,,1,v,relaxation|relaxations|relaxed|relaxer|relaxers|relaxes|relaxing|relaxant|relaxants,"become less tense, rest, or take one's ease",He relaxed in the hot tub
message,2k-a,1346,12,4.961,0.9973,A1,,0,n,messages|messaging,a communication (usually brief) that is written or spoken or signaled,he sent a three-word message
appreciate,2k-a,1466,13,4.933,1.0000,B1,,1,v,appreciated|appreciates|appreciating|appreciation|appreciative|appreciatively|unappreciated|unappreciative,recognize with gratitude; be grateful for,
army,2k-a,1231,14,4.932,0.9973,A2,,0,n,armies,a permanent organization of the military land forces of a nation or state,
evidence,2k-a,1085,15,4.929,1.0000,A2,,0,n,evidenced|evidences|evidential,your basis for belief or disbelief; knowledge on which to base belief,the evidence that smoking causes lung cancer is very compelling
accident,2k-a,1311,16,4.910,0.9977,A2,,0,n,accidental|accidentally|accidently|accidents,an unfortunate mishap; especially one causing damage or injury,
pleasure,2k-a,1477,17,4.907,1.0000,B1,,0,n,pleasurable|pleasurably|pleasures,a fundamental feeling that is hard to define but that people desire to experience,he was tingling with pleasure
entire,2k-a,1248,18,4.902,0.9951,B2,,0,adj,entirely|entirity,constituting the full quantity or extent; complete,an entire town devastated by an earthquake
chief,2k-a,1207,19,4.891,0.9923,B2,,0,adj|n,chiefly|chiefs,most important element,the chief aim of living
brain,2k-a,1468,20,4.886,0.9930,A2,,0,n,brained|brainier|brainiest|braininess|brainless|brains|brainy,that part of the central nervous system that includes all the higher nervous centers; enclosed within the skull; continuous with the spinal cord,
private,2k-a,1102,21,4.880,0.9954,B1,,0,adj,privately|semiprivate,confined to particular persons or groups or providing privacy,a private place
attack,2k-a,1120,22,4.878,0.9975,A2,,0,n|v,attacked|attacker|attackers|attacking|attacks,(military) an offensive against an enemy (using weapons),the attack began at dawn
partner,2k-a,1208,23,4.876,0.9977,A1,,1,n,pardner|pardners|partnered|partnering|partners|partnership|partnerships,a person's partner in marriage,
scene,2k-a,1306,24,4.873,0.9928,A2,,0,n,scenery|scenes|scenic|scenically,the place where some action occurs,the police returned to the scene of the crime
cash,2k-a,1333,25,4.859,0.9972,A2,,0,n,cashed|cashes|cashing|cashless,money in the form of bills or coins,there is a desperate shortage of hard cash
respect,2k-a,1169,26,4.854,1.0000,B1,,0,n|v,respectable|respectably|respected|respecter|respecters|respectful|respectfully|respecting|respects,(usually preceded by ‘in’) a detail or point,it differs in that respect
prove,2k-a,1162,27,4.847,0.9864,B1,,0,v,proved|proven|proves|proving|unproved|unproven|provable,be shown or be found to be,She proved to be right
peace,2k-a,1263,28,4.842,0.9951,A2,,0,n,peaceable|peaceably|peaceful|peacefully|peacefulness,the state prevailing during the absence of war,
neither,2k-a,1377,29,4.830,0.9949,A2,,0,det|pron|adv,,"not either; not one or the other; entity, dual, negative pronoun; quantifier, dual, negative",
contact,2k-a,1184,30,4.811,1.0000,B1,,1,n|v,contactable|contacted|contacting|contacts|uncontactable,close interaction,they kept in daily contact
department,2k-a,1073,31,4.805,0.9831,A2,,0,n,departmental|departmentally|departments|dept|depts|interdepartmental,a specialized division of a large organization,you'll find it in the hardware department
patient,2k-a,1338,32,4.803,0.9975,A2,,0,n|adj,patiently,a person who requires medical care,the number of emergency patients has grown rapidly
grand,2k-a,1460,33,4.799,0.9922,B2,,0,adj,grander|grandest|grandly|grandness|grands,of behavior that is impressive and ambitious in scale or scope,an expansive lifestyle
guilty,2k-a,1472,34,4.794,0.9974,B1,,0,adj,guilt|guiltily|guiltless,responsible for or chargeable with a reprehensible act,guilty of murder
flight,2k-a,1426,35,4.775,0.9974,A1,,0,n,flightless|flights|flighty|flt,a formation of aircraft in flight,
arrest,2k-a,1435,36,4.774,0.9921,B1,,0,v|n,arrestable|arrested|arresting|arrests,take into custody,the police nabbed the suspected criminals
guard,2k-a,1485,37,4.764,0.9978,B1,,0,n|v,guarded|guardedly|guarding|guards|unguarded,a person who keeps watch over something or someone,
decision,2k-a,1052,38,4.740,1.0000,A2,,0,n,decisions,the act of making up your mind about something,the burden of decision was his
medical,2k-a,1314,39,4.735,1.0000,A2,,1,adj,medicalization|medically|medicals,relating to the study or practice of medicine,the medical profession
states,2k-a,1113,40,4.733,0.9897,,,0,name,interstate|statehood|stateless|statist,the territory occupied by one of the constituent administrative districts of a nation,his state is in the deep south
bomb,2k-a,1402,41,4.729,0.9926,B1,,0,n|v,bombed|bomber|bombers|bombing|bombings|bombs,an explosive device fused to explode under specific conditions,
band,2k-a,1313,42,4.727,1.0000,A1,,0,n,banded|banding|bands,an unofficial association of people or groups,the smart set goes there
pressure,2k-a,1164,43,4.725,0.9948,B1,,0,n,pressured|pressures|pressuring|pressurisation|pressurise|pressurised|pressurising|pressurization|pressurize|pressurized|pressurizing,the force applied to a unit area of surface; measured in pascals (SI unit) or in dynes (cgs unit),the compressed gas exerts an increased pressure
excellent,2k-a,1389,44,4.721,0.9929,A2,,0,adj,excellence|excellently,very good; of the highest quality,made an excellent speech
copy,2k-a,1275,45,4.718,1.0000,A2,,0,n|v,copied|copier|copiers|copies|copying|copyist|copyists,a reproduction of a written record (e.g. of a legal or school record),
duty,2k-a,1230,46,4.707,1.0000,B1,,0,n,dutiable|duties|dutiful|dutifully|dutifulness,the social force that binds you to the courses of action demanded by that force,we must instill a sense of duty in our children
match,2k-a,1145,47,4.694,0.9976,A1,,0,n|v,matched|matches|matching|matchless|mismatch|mismatched|mismatches|mismatching|rematch|unmatched,lighter consisting of a thin piece of wood or cardboard tipped with combustible chemical; ignites with friction,he always carries matches to light his pipe
trial,2k-a,1342,48,4.693,0.9948,B2,,0,n,retrial|retrials|trialed|trialing|trialings|trials|mistrial|mistrials,the act of testing something,in the experimental trials the amount of carbon was measured separately
spirit,2k-a,1242,49,4.693,0.9947,B1,,0,n,spirited|spiritedly|spirits|spiritual|spiritualised|spiritualism|spiritualist|spiritualists|spirituality|spiritualized|spiritually|spiritless|spiritualistic,the vital principle or animating force within living things,
risk,2k-a,1146,50,4.690,0.9974,B1,,0,n|v,risked|riskier|riskiest|riskiness|risking|riskless|risks|risky,a source of danger; a possibility of incurring loss or misfortune,drinking alcohol is a health hazard
memory,2k-a,1238,51,4.686,0.9927,A2,,0,n,memorial|memorials|memories|memorisation|memorisations|memorise|memorised|memorises|memorising|memorization|memorizations|memorize|memorized|memorizes|memorizing,something that is remembered,"search as he would, the memory was lost"
search,2k-a,1259,52,4.684,0.9928,A2,,0,n|v,searched|searcher|searchers|searches|searching|searchingly,the activity of looking thoroughly in order to find something or someone,
advice,2k-a,1295,53,4.681,1.0000,A1,,0,n,,a proposal for an appropriate course of action,
victim,2k-a,1411,54,4.678,0.9948,B1,,0,n,victimisation|victimise|victimised|victimising|victimization|victimize|victimized|victimizing|victimless|victims,an unfortunate person who suffers from some adverse circumstance,
destroy,2k-a,1447,55,4.673,0.9975,A2,,0,v,destroyed|destroyer|destroyers|destroying|destroys,"do away with, cause the destruction or undoing of",The fire destroyed the house
pool,2k-a,1463,56,4.672,1.0000,A1,,0,n,pooled|pooling|pools,an excavation that is (usually) filled with water,
weapon,2k-a,1471,57,4.668,0.9973,B1,,0,n,weaponless|weapons,any instrument or instrumentality used in fighting or hunting,he was licensed to carry a weapon
faith,2k-a,1413,58,4.665,1.0000,B2,,0,n,faithful|faithfully|faithfulness|faithfuls|faithless|faithlessly|faithlessness|faiths|unfaithful|unfaithfully|unfaithfulness,a strong belief in a supernatural power or powers that control human destiny,he lost his faith but not his morality
credit,2k-a,1274,59,4.661,0.9976,A2,,1,n|v,creditable|creditably|credited|crediting|creditor|creditors|credits,approval,give her recognition for trying
bridge,2k-a,1379,60,4.660,0.9902,A2,,0,n,bridged|bridges|bridging|unbridgeable,a structure that allows people or vehicles to cross an obstacle such as a river or canal or railway etc.,
discuss,2k-a,1050,61,4.659,0.9970,A1,,0,v,discussed|discusses|discussing|discussion|discussions|undiscussed,to consider or examine in speech or writing,The author talks about the different aspects of this question
career,2k-a,1323,62,4.655,0.9975,A1,,0,n,careerist|careers,the particular occupation for which you are trained,
famous,2k-a,1428,63,4.653,0.9977,A1,,0,adj,famously,widely known and esteemed,a famous actor
correct,2k-a,1239,64,4.652,0.9951,A1,,0,adj|v,corrected|correcting|correction|correctional|corrections|corrective|correctly|correctness|corrects|incorrect|incorrectly|uncorrected,free from error; especially conforming to fact or truth,the correct answer
account,2k-a,1041,65,4.650,0.9951,B1,,0,n|v,accounted|accounting|accounts|unaccounted,a record or narrative description of past events,a history of France
common,2k-a,1067,66,4.649,0.9975,A1,,0,adj|n,commoner|commoners|commonest|commonly|commonness|uncommon|uncommonly,belonging to or participated in by a community as a whole; public,for the common good
due,2k-a,1121,67,4.649,0.9854,B1,,0,adj,dues|duly|undue|unduly,owed and payable immediately or on demand,payment is due
belong,2k-a,1434,68,4.647,1.0000,A2,,0,v,belonged|belonging|belongings|belongs,be owned by; be in the possession of,This book belongs to me
escape,2k-a,1380,69,4.646,0.9953,B1,,0,v|n,esc|escaped|escapee|escapees|escaper|escapers|escapes|escaping|escapism|escapist,run away from confinement,The convicted murderer escaped from a high security prison
suspect,2k-a,1470,70,4.645,0.9954,B2,,0,v|n,suspected|suspecting|suspects|unsuspected|unsuspecting,imagine to be the case or true or probable,I suspect he is a fugitive
file,2k-a,1281,71,4.643,0.9976,B1,,1,n|v,filed|files|filing|filings|unfiled,a set of related records (either written or electronic) kept together,
command,2k-a,1324,72,4.639,0.9976,B2,,0,n|v,commanded|commander|commanders|commanding|commandment|commandments|commands,an authoritative direction or instruction to do something,
battle,2k-a,1365,73,4.625,1.0000,B1,,0,n|v,battled|battler|battlers|battles|battling,a hostile meeting of opposing military forces in the course of a war,Grant won a decisive victory in the battle of Chattanooga
opinion,2k-a,1326,74,4.623,0.9848,A1,,0,n,opinionated|opinions,a personal belief or judgment that is not founded on proof or certainty,my opinion differs from yours
according,2k-a,1118,75,4.621,1.0000,C1,,0,adv,accordingly,(followed by ‘to’) in agreement with or accordant with,according to instructions
gentleman,2k-a,1420,76,4.621,0.9974,B1,,0,n,gent|gentlemanly|gentlemen|gents|ungentlemanly,a man of refinement,
otherwise,2k-a,1354,77,4.618,0.9925,B2,,0,adv,,in other respects or ways,he is otherwise normal
military,2k-a,1237,78,4.615,0.9975,B2,,1,adj|n,militarily|militarism|militarist|militaristic|militarists,of or relating to the study of the principles of warfare,military law
speed,2k-a,1260,79,4.615,0.9953,A2,,0,n|v,sped|speeded|speedier|speediest|speedily|speeding|speeds|speedy|speeder|speeders,distance travelled per unit time,
opportunity,2k-a,1151,80,4.612,0.9949,A2,,0,n,opportunities,a possibility due to a favorable combination of circumstances,the holiday gave us the opportunity to visit Washington
block,2k-a,1320,81,4.607,0.9952,B1,,0,n|v,blockage|blockages|blocked|blocker|blockers|blocking|blocks|blocky|unblock|unblocked|unblocking,a solid piece of something (usually having flat rectangular sides),the pyramids were built with large stone blocks
guest,2k-a,1484,82,4.601,0.9949,A2,,0,n,guests,a visitor to whom hospitality is extended,
character,2k-a,1156,83,4.581,0.9974,A2,,0,n,characterful|characterisation|characterisations|characterise|characterised|characterises|characterising|characterization|characterize|characterized|characterizes|characterizing|characterless|characters,an imaginary person represented in a work of fiction (play or film or story),she is the main character in the novel
speech,2k-a,1335,84,4.580,0.9975,A2,,0,n,speeches|speechless,the act of delivering a formal spoken communication to an audience,he listened to an address on minor Roman poets
condition,2k-a,1048,85,4.579,0.9948,A2,,0,n,conditional|conditionally|conditionals|conditioned|conditioner|conditioners|conditioning|conditionings|conditions|unconditional|unconditionally|unconditioned,a state at a particular time,a condition (or state) of disrepair
signal,2k-a,1437,86,4.577,0.9946,B1,,0,n|v,signaling|signalled|signaled|signalling|signally|signals,any nonverbal action or gesture that encodes a message,signals from the boat suddenly stopped
justice,2k-a,1341,87,4.573,0.9948,B2,,0,n,injustice|injustices|justices|justiciable,the quality of being just or fair,
crowd,2k-a,1408,88,4.572,0.9975,A2,,0,n,crowded|crowding|crowds|uncrowded,a large number of things or people considered together,a crowd of insects assembled around the flowers
project,2k-a,1071,89,4.572,0.9920,A1,,1,n|v,projected|projecting|projection|projectionist|projectionists|projections|projective|projects,any piece of work that is undertaken or attempted,he prepared for great undertakings
remind,2k-a,1439,90,4.567,0.9949,B1,,0,v,reminded|reminder|reminders|reminding|reminds,put in the mind of someone,Remind me to call Mother
strength,2k-a,1252,91,4.567,0.9948,B1,,0,n,strengthen|strengthened|strengthening|strengthens|strengths,the property of being physically or mentally strong,fatigue sapped his strength
release,2k-a,1204,92,4.559,1.0000,B1,,1,v|n,releasable|released|releaser|releasers|releases|releasing|unreleased,"release, as from one's grip","Let go of the door handle, please!"
pray,2k-a,1487,93,4.559,0.9951,B1,,0,v,prayed|prayer|prayers|praying|prays,"address a deity, a prophet, a saint or an object of worship; say a prayer",pray to the Lord
unit,2k-a,1108,94,4.558,1.0000,A2,,0,n,subunit|subunits|units,any division of quantity accepted as a standard of measurement or exchange,the dollar is the United States unit of currency
nor,2k-a,1235,95,4.556,0.9440,B1,,0,conj|adv,,,
legal,2k-a,1116,96,4.552,0.9946,B1,,1,adj,illegal|illegality|illegally|legalese|legalisation|legalise|legalised|legalising|legalism|legalisms|legalist|legalists|legality|legalization|legalize|legalized|legalizing|legally,established by or founded upon law or official or accepted rules,
firm,2k-a,1140,97,4.547,1.0000,B2,,0,n|adj,firmed|firmer|firmest|firming|firmly|firmness,the members of a business organization that owns or operates one or more establishments,he worked for a brokerage house
trade,2k-a,1037,98,4.546,0.9926,B1,,0,n|v,traded|trader|traders|trades|trading,the commercial exchange (buying and selling on domestic or international markets) of goods and services,Venice was an important center of trade with the East
language,2k-a,1077,99,4.545,0.9956,A1,,0,n,languages,a systematic means of communicating by the use of sounds or conventional symbols,he taught foreign languages
fan,2k-a,1499,100,4.545,0.9955,A2,,0,n,fanned|fanning|fans,a device for creating a current of air by movement of a surface or surfaces,
purpose,2k-a,1141,101,4.545,0.9950,A2,,0,n,purposeful|purposefully|purposefulness|purposeless|purposelessness|purposely|purposes|purposive,an anticipated outcome that is intended or that guides your planned actions,his intent was to provide a new translation
introduce,2k-a,1079,102,4.540,0.9900,A1,,0,v,intro|introduced|introduces|introducing|introduction|introductions|introductory|intros|reintroduce|reintroduced|reintroduces|reintroducing|reintroduction|reintroductions,cause to come to know personally,permit me to acquaint you with my son
familiar,2k-a,1399,103,4.538,0.9976,B1,,0,adj,familiarisation|familiarise|familiarised|familiarises|familiarising|familiarity|familiarization|familiarize|familiarized|familiarizes|familiarizing|familiarly|unfamiliar|unfamiliarity,well known or easily recognized,a familiar figure
criminal,2k-a,1451,104,4.537,1.0000,A2,,0,n|adj,crim|criminality|criminally|criminals|crims,someone who has committed a crime or has been legally convicted of a crime,
vote,2k-a,1128,105,4.535,0.9951,B1,,0,n|v,voted|voter|voters|votes|voting,a choice that is made by counting the number of people in favor of each alternative,there were only 17 votes in favor of the motion
recognize,2k-a,1127,106,4.535,0.9947,A2,,0,v,recognisable|recognisably|recognise|recognised|recognises|recognising|recognizable|recognizably|recognized|recognizes|recognizing|unrecognisable|unrecognised|unrecognizable|unrecognized,accept (someone) to be what is claimed or accept their power and authority,The Crown Prince was acknowledged as the true heir to the throne
male,2k-a,1199,107,4.530,1.0000,A2,,0,adj|n,maleness|males,being the sex (of plant or animal) that produces gametes (spermatozoa) that perform the fertilizing function in generation,a male infant
regular,2k-a,1200,108,4.529,1.0000,A2,,0,adj,irregular|irregularities|irregularity|irregularly|irregulars|regularisation|regularisations|regularise|regularised|regularises|regularising|regularities|regularity|regularization|regularizations|regularize|regularized|regularizes|regularizing|regularly|regulars,in accordance with fixed order or procedure or principle,his regular calls on his customers
county,2k-a,1213,109,4.528,0.9953,B2,,0,n,counties,(United Kingdom) a region created by territorial division for the purpose of local government,"the county has a population of 12,345 people"
village,2k-a,1177,110,4.526,0.9975,A1,,0,n,villager|villagers|villages,a community of people smaller than a town,
lane,2k-a,1496,111,4.524,0.9977,B2,,0,n,lanes,a narrow way or road,
assume,2k-a,1253,112,4.524,0.9875,B2,,1,v,assumed|assumes|assuming|unassuming|unassumingly,take to be the case or to be true; accept without verification or proof,I assume his train was late
social,2k-a,1007,113,4.523,0.9976,A2,,0,adj,antisocial|socially|unsocial,relating to human society and its members,social institutions
property,2k-a,1136,114,4.522,0.9975,B1,,0,n,propertied|properties,something owned; any tangible or intangible possession that is owned by someone,that hat is my property
remain,2k-a,1026,115,4.521,0.9977,B1,,0,v,remained|remaining|remains,stay the same; remain in a certain state,The dress remained wet after repeated attempts to dry it
magazine,2k-a,1436,116,4.521,0.9975,A1,,0,n,mag|magazines|mags,a periodic publication containing pictures and stories and articles of interest to those who purchase it or subscribe to it,it takes several years before a magazine starts to break even or make money
damage,2k-a,1175,117,4.519,0.9975,B1,,0,n|v,damaged|damager|damagers|damages|damaging|undamaged,the occurrence of a change for the worse,
research,2k-a,1029,118,4.519,0.9900,A2,,1,n|v,researched|researcher|researchers|researches|researching,systematic investigation to establish facts,
repeat,2k-a,1277,119,4.518,0.9925,A1,,0,v|n,repeatable|repeated|repeatedly|repeater|repeaters|repeating|repeats|repetition|repetitions|repetitious|unrepeatable,"to say, state, or perform again",She kept reiterating her request
society,2k-a,1044,120,4.517,0.9952,A2,,0,n,societal|societies,an extended social group having a distinctive cultural and economic organization,
energy,2k-a,1182,121,4.517,0.9949,A2,,1,n,energetic|energetically|energetics|energies|energise|energised|energiser|energisers|energises|energising|energize|energized|energizer|energizers|energizes|energizing,(physics) a thermodynamic quantity equivalent to the capacity of a physical system to do work; the units of energy are joules or ergs,energy can take a wide variety of forms
prefer,2k-a,1216,122,4.517,0.9901,A1,,0,v,preferable|preferably|preference|preferences|preferential|preferentially|preferment|preferments|preferred|preferring|prefers|unpreferred,like better; value more highly,Some people prefer camping to staying in hotels
grant,2k-a,1152,123,4.512,0.9858,B2,,1,v|n,granted|granting|grantor|grantors|grants,let have,grant permission
contract,2k-a,1096,124,4.510,0.9977,B2,,1,n|v,contracted|contracting|contractor|contractors|contracts,a binding agreement between two or more persons that is enforceable by law,
model,2k-a,1094,125,4.506,0.9924,A1,,0,n|v,modeled|modeler|modelers|modeling|modelled|modeller|modellers|modelling|models,a hypothetical description of a complex entity or process,the computer program was based on a model of the circulatory and respiratory systems
staff,2k-a,1065,126,4.505,0.9975,B1,,0,n,staffed|staffer|staffers|staffing|staffs|understaffed,personnel who assist their superior in carrying out an assigned task,the hospital has an excellent nursing staff
gate,2k-a,1481,127,4.505,0.9924,A2,,0,n,gateless|gates,a movable barrier in a fence or wall,
map,2k-a,1412,128,4.502,0.9856,A1,,0,n|v,mappable|mapped|mapper|mappers|mapping|mappings|maps|unmapped,a diagrammatic representation of the earth's surface (or part of it),
silver,2k-a,1492,129,4.501,0.9921,A2,,0,n|adj,silvered|silvering|silvery,a soft white precious univalent metallic element having the highest electrical and thermal conductivity of any metal; occurs in argentite and in free form; used in coins and jewelry and tableware and photography,
access,2k-a,1189,130,4.500,0.9976,B1,,1,n|v,accessed|accesses|accessibility|accessible|accessing|accessibly|inaccessibility|inaccessible,the right to enter,
positive,2k-a,1291,131,4.500,0.9945,A1,,1,adj|n,positively|positives|positivism|positivist|positivistic|positivists|positivity,characterized by or displaying affirmation or acceptance or certainty etc.,a positive attitude
female,2k-a,1305,132,4.499,1.0000,A2,,0,adj|n,femaleness|females,being the sex (of plant or animal) that produces fertilizable gametes (ova) from which offspring develop,a female heir
weak,2k-a,1327,133,4.498,0.9953,A2,,0,adj,weaken|weakened|weakening|weakens|weaker|weakest|weakling|weaklings|weakly|weakness|weaknesses,wanting in physical strength,a weak pillar
season,2k-a,1196,134,4.498,0.9951,A2,,0,n,nonseasonal|seasonal|seasonality|seasonally|seasons|unseasonal|unseasonable|unseasonably|seasonable,a period of the year marked by special events or activities in some field,he celebrated his 10th season with the ballet company
spread,2k-a,1372,135,4.495,0.9925,B1,,0,v|n,spreadable|spreader|spreaders|spreading|spreads,distribute or disperse widely,The invaders spread their language all over the country
bond,2k-a,1488,136,4.495,0.9850,B2,,1,n,bonded|bonding|bonds,an electrical force linking atoms,
tour,2k-a,1194,137,4.488,0.9929,A2,,0,n|v,toured|tourer|tourers|touring|tourism|tourist|touristic|tourists|tours,a journey or route all the way around a particular place or area,they took an extended tour of Europe
score,2k-a,1264,138,4.483,0.9951,A2,,0,v|n,scored|scorer|scorers|scores|scoring|scoreless,gain points in a game,The home team is racking up points
survive,2k-a,1224,139,4.479,1.0000,B1,,1,v,survivability|survival|survivalist|survivalists|survivals|survived|survives|surviving|survivor|survivors,continue to live and avoid dying,We went without water and food for 3 days
style,2k-a,1129,140,4.478,0.9976,A1,,1,n,restyle|restyled|restyles|restyling|styled|styles|styling|stylisation|stylise|stylised|stylises|stylish|stylishly|stylising|stylist|stylistic|stylistically|stylistics|stylists|stylization|stylize|stylized|stylizes|stylizing|stylishness,how something is done or how it happens,her dignified manner
example,2k-a,1009,141,4.476,0.9974,A1,,0,n,examples,an item of information that is typical of a class or group,this patient provides a typical example of the syndrome
schedule,2k-a,1486,142,4.473,0.9954,A2,,1,n|v,nonscheduled|reschedule|rescheduled|reschedules|rescheduling|sch|scheduled|schedules|scheduling|unscheduled,a temporally organized plan for matters to be attended to,
invite,2k-a,1339,143,4.471,0.9949,A2,,0,v,invitation|invitations|invitational|invited|invites|inviting|invitingly|uninvited|uninviting,increase the likelihood of,ask for trouble
interview,2k-a,1296,144,4.470,0.9950,A1,,0,n|v,interviewed|interviewee|interviewees|interviewer|interviewers|interviewing|interviews,the questioning of a person (or a conversation in which information is elicited); often conducted by journalists,my interviews with teenagers revealed a weakening of religious bonds
affair,2k-a,1288,145,4.469,0.9976,B2,,0,n,affairs,a vaguely specified concern,several matters to attend to
community,2k-a,1047,146,4.464,1.0000,A2,,1,n,communities,a group of people living in a particular local area,the team is drawn from all parts of the community
loss,2k-a,1158,147,4.464,0.9866,B1,,0,n,losses,something that is lost,the car was a total loss
exist,2k-a,1043,148,4.462,0.9951,A2,,0,v,existed|existence|existences|existent|existing|exists|nonexistent|nonexistence,"have an existence, be extant",Is there a God?
shock,2k-a,1392,149,4.459,0.9977,B2,,0,n|v,shocked|shocker|shockers|shocking|shockingly|shocks|unshockable,the feeling of distress and disbelief that you have when something bad happens accidentally,his mother's death left him in a daze
traffic,2k-a,1427,150,4.455,1.0000,A1,,0,n,,the aggregation of things (pedestrians or vehicles) coming and going in a particular locality during a specified period of time,
deliver,2k-a,1285,151,4.452,0.9952,B1,,0,v,delivered|deliveries|delivering|delivers|delivery|undelivered|deliverer|deliverers,"deliver (a speech, oration, or idea)",The commencement speaker presented a forceful speech that impressed the students
original,2k-a,1143,152,4.450,1.0000,A2,,0,adj|n,originality|originally|originals|unoriginal,preceding all others in time or being as first made or performed,the original inhabitants of the Americas
switch,2k-a,1406,153,4.449,0.9948,B1,,0,v|n,switchable|switched|switches|switching,"change over, change around, as to a new order or sequence",
process,2k-a,1019,154,4.447,0.9975,A2,,1,n|v,processed|processer|processers|processes|processing|processor|processors|reprocess|reprocessed|reprocesses|reprocessing|reprocessings|unprocessed,a particular course of action intended to achieve a result,the procedure of obtaining a driver's license
period,2k-a,1033,155,4.444,1.0000,A1,,1,n,periodic|periodical|periodically|periodicals|periodicity|periods,an amount of time,a time period of 30 years
lower,2k-a,1134,156,4.444,0.9949,B2,,0,v,lowered|lowering|lowers|lowest,move something or somebody to a lower position,take down the vase from the shelf
section,2k-a,1057,157,4.436,0.9976,A1,,1,n,sectional|sectioned|sectioning|sections|subsection|subsections,a self-contained part of a larger composition (written or musical),he always turns first to the business section
success,2k-a,1036,158,4.435,0.9946,A1,,0,n,successes|successful|successfully|unsuccessful|unsuccessfully,an event that accomplishes its intended purpose,let's call heads a success and tails a failure
physical,2k-a,1245,159,4.434,1.0000,A2,,1,adj,physicality|physically,involving the body as distinguished from the mind or spirit,physical exercise
policy,2k-a,1020,160,4.431,1.0000,B1,,1,n,policies,a plan of action adopted by an individual or social group,it was a policy of retribution
coast,2k-a,1443,161,4.426,0.9975,A2,,0,n,coastal|coasts,the shore of a sea or ocean,
event,2k-a,1088,162,4.421,1.0000,A1,,0,n,eventful|events|uneventful|uneventfully,something that happens at a given place and time,
row,2k-a,1403,163,4.420,0.9975,B1,,0,n,rows,an arrangement of objects or people side by side in a line,a row of chairs
senior,2k-a,1352,164,4.419,0.9896,B2,,0,adj,seniority|seniors|snr,older; higher in rank; longer in length of tenure or service,senior officer
disease,2k-a,1272,165,4.418,1.0000,A2,,0,n,diseased|diseases,an impairment of health or a condition of abnormal functioning,
attitude,2k-a,1278,166,4.416,0.9973,B1,,1,n,attitudes|attitudinal,a complex mental state involving beliefs and feelings and values and dispositions to act in certain ways,he had the attitude that work was fun
available,2k-a,1039,167,4.414,0.9976,A2,,1,adj,availability|unavailability|unavailable,obtainable or accessible and ready for use or service,kept a fire extinguisher available
object,2k-a,1250,168,4.411,0.9975,A1,,0,n|v,objects,a tangible and visible entity; an entity that can cast a shadow,"it was full of rackets, balls and other objects"
likely,2k-a,1032,169,4.411,0.9900,A2,,0,adj,likelier|likeliest|likelihood|unlikeliest|unlikely|unlikelihood,has a good chance of being the case or of coming about,these services are likely to be available to us all before long
percent,2k-a,1462,170,4.410,0.9942,B1,,1,n,percentage|percentages,a proportion in relation to a whole (which is usually the amount per hundred); ten percent,
plate,2k-a,1414,171,4.409,0.9902,A2,,0,n,plated|plateful|platefuls|plates|plating,(baseball) base consisting of a rubber slab where the batter stands; it must be touched by a base runner in order to score,he ruled that the runner failed to touch home
distance,2k-a,1366,172,4.408,0.9977,A2,,0,n,distanced|distances|distancing,the property created by the space between two objects or points,
knowledge,2k-a,1171,173,4.407,0.9952,A2,,0,n,knowledgable|knowledgeable|knowledgeably|knowledges|foreknowledge,the psychological result of perception and learning and reasoning,
stock,2k-a,1287,174,4.406,0.9976,B2,,0,n,overstock|overstocked|overstocking|overstocks|stocked|stocks,the capital raised by a corporation through the issue of shares entitling holders to an ownership interest (equity),he owns a controlling share of the company's stock
equipment,2k-a,1258,175,4.405,1.0000,A2,,1,n,equip|equipments|equipped|equipping|equips|unequipped,an instrumentality needed for an undertaking or to perform a service,
sale,2k-a,1098,176,4.404,0.9976,A2,,0,n,sales|resale|resales|saleable|salable|unsaleable,a particular instance of selling,he has just made his first sale
claim,2k-a,1028,177,4.404,0.9952,B1,,0,v|n,claimant|claimants|claimed|claiming|claims|unclaimed,assert or affirm strongly; state to be true or existing,He claimed that he killed the burglar
silence,2k-a,1475,178,4.404,0.9926,B2,,0,n,silenced|silencer|silencers|silences|silencing|unsilenced,the state of being silent (as when no one is speaking),there was a shocked silence
warn,2k-a,1279,179,4.404,0.9778,B1,,0,v,warned|warning|warningly|warnings|warns,"notify of danger, potential harm, or risk",The director warned him that he might be fired
create,2k-a,1027,180,4.402,1.0000,A1,,1,v,created|creates|creating|creation|creations|creative|creatively|creativeness|creativity|creator|creators|recreate|recreated|recreates|recreating,make or cause to be or to become,make a mess in one's office
pure,2k-a,1398,181,4.396,1.0000,B2,,0,adj,impure|impurities|impurity|pured|purely|pureness|purer|purest|purism|purist|purists|purity,free of extraneous elements of any kind,pure air and water
path,2k-a,1391,182,4.390,1.0000,B1,,0,n,paths,a course of conduct,the path of virtue
fail,2k-a,1132,183,4.390,0.9976,A2,,0,v,failed|failing|failings|fails|unfailing|unfailingly,fail to do something; leave something undone,She failed to notice that her child was no longer in his crib
eventually,2k-a,1303,184,4.388,0.9950,B1,,1,adv,eventual|eventualities|eventuality,after an unspecified period of time or an especially long delay,
channel,2k-a,1421,185,4.387,0.9950,B1,,1,n,channelled|channelling|channels|unchannelled,a path over which electrical signals can pass,a channel is typically what you rent from a telephone company
avoid,2k-a,1214,186,4.385,0.9947,A2,,0,v,avoidable|avoidance|avoided|avoiding|avoids|unavoidable|unavoidably|avoidably,stay clear from; keep away from; keep out of the way of someone or something,Her former friends now avoid her
direction,2k-a,1261,187,4.381,0.9951,A2,,0,n,bidirectional|directional|directions|indirection|unidirectional|redirection,a line leading to a place or point,he looked the other direction
direct,2k-a,1093,188,4.381,0.9922,A2,,0,adj|v|adv,directly,direct in spatial dimensions; proceeding without deviation or interruption; straight and short,a direct route
official,2k-a,1110,189,4.380,0.9977,B1,,0,adj|n,officialdom|officially|officials|unofficial|unofficially,having official authority or sanction,official permission
march,2k-a,1147,190,4.380,0.9975,A1,,0,n|v,,the act of marching; walking with regular steps (especially in a procession of some kind),it was a long march
effect,2k-a,1021,191,4.378,0.9956,A2,,0,n,effected|effecting|effects,a phenomenon that follows and is caused by some previous phenomenon,the magnetic effect was greater when the rod was lengthwise
sharp,2k-a,1343,192,4.376,1.0000,B1,,0,adj,sharpen|sharpened|sharpener|sharpeners|sharpening|sharpens|sharper|sharpest|sharpish|sharply|sharpness,(of something seen or heard) clearly defined,a sharp photographic image
newspaper,2k-a,1364,193,4.374,1.0000,A1,,0,n,newspapers,a daily or weekly publication on folded sheets; contains news and articles and advertisements,he read his newspaper at breakfast
university,2k-a,1104,194,4.372,0.9976,A1,,0,n,preuniversity|univ|universities,the body of faculty and students at a university,
screen,2k-a,1373,195,4.369,1.0000,A2,,0,n|v,screened|screening|screenings|screens,a white or silvered surface where pictures can be projected for viewing,
royal,2k-a,1149,196,4.366,0.9971,B1,,0,adj,royalism|royalist|royalists|royally|royals|royalties|royalty,of or relating to or indicative of or issued or performed by a king or queen or other monarch,the royal party
intend,2k-a,1249,197,4.365,0.9942,B1,,0,v,intended|intending|intends|unintended,have in mind as a purpose,I mean no harm
cast,2k-a,1478,198,4.364,0.9974,B2,,0,n|v,casting|castings|casts|miscast,the actors in a play,
popular,2k-a,1211,199,4.363,0.9930,A1,,0,adj,popularisation|popularisations|popularise|popularised|populariser|popularisers|popularising|popularity|popularization|popularizations|popularize|popularized|popularizer|popularizers|popularizing|popularly|unpopular|unpopularity,"regarded with great favor, approval, or affection especially by the general public",a popular tourist attraction
library,2k-a,1240,200,4.360,0.9890,A1,,0,n,librarian|librarians|librarianship|libraries,a room where books are kept,they had brandy in the library
shift,2k-a,1383,201,4.358,0.9950,B1,,1,n|v,shifted|shifting|shifts,an event in which something is displaced without rotation,
range,2k-a,1060,202,4.357,1.0000,B1,,1,n|v,midrange|ranged|ranges|ranging,an area in which something acts or operates or has power or control:,a piano has a greater range than the human voice
vehicle,2k-a,1397,203,4.354,0.9974,A2,,1,n,vehicles|vehicular,a conveyance that transports people or objects,
image,2k-a,1227,204,4.354,0.9953,A2,,1,n,imaged|imager|imagers|imagery|images|imaging,an iconic mental representation,her imagination forced images upon her too awful to contemplate
suffer,2k-a,1165,205,4.352,1.0000,B1,,0,v,suffered|sufferer|sufferers|suffering|sufferings|suffers,undergo or be subjected to,He suffered the penalty
per,2k-a,1004,206,4.350,0.9682,A2,,0,prep,,,
foreign,2k-a,1122,207,4.348,0.9950,A2,,0,adj,foreigner|foreigners|foreignness,of concern to or concerning the affairs of other nations (other than your own),foreign trade
material,2k-a,1086,208,4.345,0.9975,A2,,0,n|adj,materialism|materialisms|materialist|materialistic|materialistically|materialists|materiality|materially|materials,the tangible substance that goes into the makeup of a physical object,coal is a hard black material
guarantee,2k-a,1459,209,4.343,0.9976,B2,,1,v|n,guaranteed|guaranteeing|guarantees|guaranty|guaranties,give surety or assume responsibility,I vouch for the quality of my products
advantage,2k-a,1283,210,4.343,0.9973,A2,,0,n,advantaged|advantageous|advantageously|advantages|advantaging,the quality of having a superior or more favorable position,the experience gave him the advantage over me
committee,2k-a,1076,211,4.343,0.9909,B2,,0,n,committees|subcommittee|subcommittees,a special group delegated to consider some matter,a committee is a group that keeps minutes and loses hours
union,2k-a,1061,212,4.338,0.9946,B1,,0,n,unionisation|unionism|unionisms|unionist|unionists|unionization|unions,an organization of employees formed to bargain with the employer,you have to join the union in order to get a job
fruit,2k-a,1491,213,4.337,0.9908,A1,,0,n,fruited|fruiter|fruiters|fruitily|fruiting|fruitless|fruitlessly|fruitlessness|fruits|fruity,the ripened reproductive body of a seed plant,
separate,2k-a,1139,214,4.336,0.9840,A2,,0,adj|v,separated|separately|separateness|separatenesses|separates|separating|separation|separations|separatism|separatist|separatists|separator|separators,independent; not united or joint,a problem consisting of two separate issues
castle,2k-a,1465,215,4.333,1.0000,A2,,0,n,castles,a large and stately mansion,
circle,2k-a,1363,216,4.332,0.9974,A2,,0,n|v,circled|circles|circling|circular|circularity|circulars|encircle|encircled|encirclement|encirclements|encircles|encircling|semicircle|semicircles|semicircular,ellipse in which the two axes are of equal length; a plane curve generated by one point moving at a constant distance from a fixed point,he calculated the circumference of the circle
value,2k-a,1023,217,4.332,0.9951,B1,,0,n|v,invaluable|invaluably|revaluation|revaluations|revalue|revalued|revalues|revaluing|valuable|valuables|valuation|valuations|valued|valueless|valuer|valuers|values|valuing,a numerical quantity measured or assigned or computed,the value assigned was 16 milliseconds
deny,2k-a,1345,218,4.330,0.9972,B2,,1,v,deniable|denial|denials|denied|denies|denying|undeniable|undeniably,declare untrue; contradict,He denied the allegations
ill,2k-a,1265,219,4.328,0.9975,A2,,0,adj,illness|illnesses|ills,affected by an impairment of normal physical or mental function,ill from the monotony of his suffering
rare,2k-a,1322,220,4.328,0.9926,B1,,0,adj,rarely|rareness|rarer|rarest|rarified|rarifies|rarify|rarifying|rarities|rarity,not widely known; especially valued for its uncommonness,a rare word
remove,2k-a,1191,221,4.327,1.0000,A2,,1,v,removable|removal|removals|removed|remover|removers|removes|removing,"remove something concrete, as by lifting, pushing, or taking off, or remove something abstract",remove a threat
progress,2k-a,1217,222,4.327,0.9974,A2,,0,n|v,progressed|progresses|progressing|progression|progressions|progressive|progressively|progressives,gradual improvement or growth or development,advancement of knowledge
chain,2k-a,1497,223,4.326,0.9924,B1,,0,n|v,chained|chaining|chains|unchained,a series of things depending on each other as if linked together,the chain of command
estate,2k-a,1393,224,4.324,0.9922,B2,,1,n,estates,everything you own; all of your assets (whether real property or personal property) and liabilities,
approach,2k-a,1066,225,4.322,0.9972,B2,,1,n|v,approachable|approached|approaches|approaching|unapproachable,ideas or actions intended to deal with a problem or situation,his approach to every problem is to draw up a list of pros and cons
refuse,2k-a,1219,226,4.322,0.9922,A2,,0,v,refusal|refusals|refused|refuser|refusers|refuses|refusing,show unwillingness towards,he declined to join the group on a hike
district,2k-a,1307,227,4.321,1.0000,B2,,0,n,districts,a region marked off for administrative or other purposes,
disappear,2k-a,1452,228,4.321,0.9899,A2,,0,v,disappearance|disappearances|disappeared|disappearing|disappears,"get lost, as without warning or explanation",He disappeared without a trace
competition,2k-a,1301,229,4.320,0.9977,A2,,0,n,competitions,a business relation in which two parties compete to gain customers,business competition can be fiendish at times
champion,2k-a,1300,230,4.320,0.9975,B1,,0,n,champ|championed|championing|champions|championship|championships|champs,someone who has won first place in a competition,
century,2k-a,1045,231,4.319,0.9951,A1,,0,n,centuries,a period of 100 years,
capable,2k-a,1390,232,4.318,0.9975,B2,,1,adj,capabilities|capability|capably|incapability|incapable,(usually followed by ‘of’) having capacity or ability,capable of winning
threat,2k-a,1181,233,4.317,0.9972,B2,,0,n,threaten|threatened|threatening|threateningly|threatens|threats|unthreatening,something that is a source of danger,earthquakes are a constant threat in Japan
therefore,2k-a,1074,234,4.317,0.9946,B1,,0,adv,,(used to introduce a logical conclusion) from that fact or reason or as a result,therefore X must be true
april,2k-a,1163,235,4.315,0.9928,A1,,0,n,apr,the month following March and preceding May,
transfer,2k-a,1225,236,4.313,0.9950,B2,,1,v|n,transferability|transferable|transferee|transferees|transference|transferer|transferers|transferor|transferors|transferral|transferrals|transferred|transferring|transfers,transfer somebody to a different position or location of work,
sentence,2k-a,1351,237,4.312,1.0000,A1,,0,n|v,sentences,a string of words satisfying the grammatical rules of a language,he always spoke in grammatical sentences
desire,2k-a,1267,238,4.307,0.9974,B2,,0,n|v,desirability|desirable|desired|desires|desiring|desirous|undesirability|undesirable|undesirables|undesired|desirably|undesirably,the feeling that accompanies an unsatisfied state,
sand,2k-a,1493,239,4.307,0.9951,B1,,0,n,sanded|sander|sanders|sanding|sands|sandy,a loose material consisting of grains of rock or coral,
wing,2k-a,1381,240,4.306,1.0000,B1,,0,n,winged|winging|wings|wingless,a movable organ for flying (one of a pair),
exchange,2k-a,1251,241,4.306,0.9949,B1,,0,n|v,exchangeable|exchanged|exchanger|exchangers|exchanges|exchanging,chemical process in which one atom or ion or group changes places with another,
thin,2k-a,1432,242,4.305,0.9975,A2,,0,adj,thinly|thinned|thinner|thinness|thinnest|thinning|thins,of relatively small extent from one surface to the opposite or in cross section,thin wire
drama,2k-a,1316,243,4.304,0.9974,A2,,1,n,dramas|dramatic|dramatically|dramatics|dramatisation|dramatisations|dramatise|dramatised|dramatises|dramatising|dramatist|dramatists|dramatization|dramatizations|dramatize|dramatized|dramatizes|dramatizing|undramatic,a dramatic work intended for performance by actors on a stage,he wrote several plays but only one was produced on Broadway
series,2k-a,1180,244,4.304,0.9974,A2,,1,n,,similar things placed in order or happening one after another,they were investigating a series of bank robberies
assure,2k-a,1359,245,4.301,1.0000,B2,,1,v,assurance|assurances|assured|assuredly|assurer|assurers|assures|assuring|reassurance|reassurances|reassure|reassured|reassures|reassuring|reassuringly,make certain of,This nest egg will ensure a nice retirement for us
journey,2k-a,1489,246,4.300,1.0000,A1,,0,n,journeyed|journeying|journeys,the act of traveling from one place to another,
print,2k-a,1218,247,4.300,0.9947,A2,,0,v|n,misprint|misprints|printable|printed|printer|printers|printing|prints|unprintable|reprint|reprinted|reprinting|reprints,put into print,The newspaper published the news of the royal couple's divorce
loan,2k-a,1419,248,4.298,1.0000,B2,,0,n,loaned|loaning|loans,the temporary provision of money (usually at interest),
challenge,2k-a,1243,249,4.298,0.9953,B1,,1,n|v,challenged|challenger|challengers|challenges|challenging|challengingly|unchallengeable|unchallenged,a demanding or stimulating situation,they reacted irrationally to the challenge of Russian power
result,2k-a,1008,250,4.296,0.9976,A1,,0,n|v,resultant|resulted|resulting|results,a phenomenon that follows and is caused by some previous phenomenon,the magnetic effect was greater when the rod was lengthwise
argue,2k-a,1046,251,4.295,0.9951,A2,,0,v,arguable|arguably|argued|argues|arguing|argument|argumentation|argumentative|argumentatively|argumentativeness|arguments|unarguable|unarguably,present reasons and arguments,
recall,2k-a,1455,252,4.294,0.9953,B2,,0,v,recalled|recalling|recalls,recall knowledge from memory; have a recollection,I can't remember saying any such thing
mental,2k-a,1369,253,4.293,0.9950,B1,,1,adj,mentalist|mentality|mentally,involving the mind or an intellectual process,mental images of happy times
article,2k-a,1315,254,4.291,0.9975,A1,,0,n,articles,nonfictional prose forming an independent part of a publication,
receive,2k-a,1059,255,4.289,0.9977,A2,,0,v,receivable|received|receives|receiving,get something; come into possession of,receive payment
metal,2k-a,1450,256,4.289,0.9976,A2,,0,n,metalled|metallic|metals|nonmetallic,any of several chemical elements that are usually shiny solids that conduct heat or electricity and can be formed into sheets etc.,
effort,2k-a,1198,257,4.287,0.9918,B1,,0,n,effortless|effortlessly|efforts,earnest and conscientious activity intended to do or accomplish something,made an effort to cover all the reading material
detail,2k-a,1063,258,4.287,0.9901,A1,,0,n|v,detailed|detailing|details,an isolated fact that is considered separately from the whole,several of the details are similar
commit,2k-a,1176,259,4.285,0.9802,B1,,1,v,commitment|commitments|commits|committal|committals|committed|committing|uncommitted,"perform an act, usually with a negative connotation",perpetrate a crime
site,2k-a,1138,260,4.284,0.9951,A2,,1,n,sited|sites|siting,the piece of land on which something is located (or is to be located),a good site for the school
attempt,2k-a,1081,261,4.281,0.9953,B2,,0,n|v,attempted|attempting|attempts|unattempted,earnest and conscientious activity intended to do or accomplish something,made an effort to cover all the reading material
ease,2k-a,1456,262,4.281,0.9869,C1,,0,n|v,eased|eases|easing|unease|uneasily|uneasiness|uneasy,freedom from difficulty or hardship or effort,he rose through the ranks with apparent ease
ordinary,2k-a,1400,263,4.280,0.9948,A2,,0,adj,ordinarily|ordinariness,not exceptional in any way especially in quality or ability or size or degree,ordinary everyday objects
june,2k-a,1167,264,4.275,0.9924,A1,,0,n,jun,the month following May and preceding July,
fashion,2k-a,1367,265,4.273,0.9975,A2,,0,n,fashionable|fashionably|fashioned|fashioning|fashions|unfashionable|unfashionably,how something is done or how it happens,her dignified manner
convince,2k-a,1442,266,4.272,0.9950,B1,,1,v,convinced|convinces|convincing|convincingly|unconvinced|unconvincing|unconvincingly,"make (someone) agree, understand, or realize the truth or validity of something",He had finally convinced several customers of the advantages of his product
supply,2k-a,1092,267,4.271,1.0000,B1,,0,n|v,resupplied|resupplies|resupply|resupplying|supplied|supplier|suppliers|supplies|supplying,an amount of something available for use,
league,2k-a,1349,268,4.270,1.0000,B2,,0,n,leaguer|leaguers|leagues,an association of sports teams that organizes matches for its members,
ignore,2k-a,1407,269,4.270,0.9976,B1,,0,v,ignored|ignores|ignoring,refuse to acknowledge,She cut him dead at the meeting
title,2k-a,1223,270,4.269,0.9978,A1,,0,n|v,titled|titles|titling|untitled,a heading that names a statute or legislative bill; may give a brief summary of the matters it deals with,Title 8 provided federal help for schools
quality,2k-a,1103,271,4.269,0.9951,A2,,0,n,qualities,an essential and distinguishing attribute of something or someone,the quality of mercy is not strained
favour,2k-a,1229,272,4.269,0.9899,B1,,0,n|v,favor|favorable|favorably|favored|favoring|favors|favourable|favourably|favoured|favouring|favours|unfavored|unfavourable|unfavorable|unfavourably|unfavoured|unfavorably,a feeling of favorable regard,
minister,2k-a,1025,273,4.266,0.9950,B2,,0,n,ministered|ministerial|ministering|ministers,a person authorized to conduct religious worship,clergymen are usually called ministers in Protestant churches
standard,2k-a,1069,274,4.265,0.9973,B1,,0,n|adj,standardisation|standardise|standardised|standardising|standardization|standardize|standardized|standardizing|standards|substandard|unstandardised|unstandardized|nonstandard,a basis for comparison; a reference point against which other things can be evaluated,the schools comply with federal standards
seek,2k-a,1123,275,4.263,1.0000,B2,,1,v,seeker|seekers|seeking|seeks|sought|unsought,try to get or reach,seek a position
prime,2k-a,1222,276,4.262,0.9974,B2,,1,adj,primed|primes|priming,first in rank or degree,an architect of premier rank
surface,2k-a,1255,277,4.261,0.9976,B1,,0,n,resurface|resurfaced|resurfaces|resurfacing|subsurface|subsurfaces|surfaced|surfaces|surfacing,the outer boundary of an artifact or a material layer constituting or resembling such a boundary,there is a special cleaner for these surfaces
modern,2k-a,1148,278,4.261,0.9975,A1,,0,adj,moderner|modernisation|modernise|modernised|modernising|modernism|modernisms|modernist|modernists|modernistic|modernity|modernization|modernize|modernized|modernizer|modernizers|modernizing|moderns|postmodern|postmodernism|postmodernist|postmodernists,belonging to the modern era; since the Middle Ages,modern art
role,2k-a,1087,279,4.260,1.0000,A2,,1,n,roles,the actions and activities assigned to or required or expected of a person or group,the function of a teacher
iron,2k-a,1500,280,4.254,0.9952,B1,,0,n|v,,a heavy ductile magnetic metallic element; is silver-white in pure form but readily rusts; used in construction and tools and armament; plays a role in the transport of oxygen by the blood,
insist,2k-a,1385,281,4.251,0.9973,B2,,0,v,insisted|insistence|insistences|insistent|insistently|insisting|insists,be emphatic or resolute and refuse to budge,I must insist!
guide,2k-a,1234,282,4.251,0.9946,A2,,0,n|v,guidance|guided|guider|guiders|guides|guiding|unguided,someone employed to conduct others,
specific,2k-a,1107,283,4.250,0.9926,A2,,1,adj,nonspecific|specifically|specification|specifications|specificities|specificity|specifics|unspecific,(sometimes followed by ‘to’) applying to or characterized by or distinguishing something particular or special or unique,rules with specific application
lack,2k-a,1206,284,4.249,0.9902,B1,,0,n|v,lacked|lacking|lacks,the state of needing something that is absent or unavailable,there is a serious lack of insight into the problem
exercise,2k-a,1215,285,4.248,0.9976,A1,,0,n|v,exercisable|exercised|exercises|exercising,the activity of exerting your muscles in various ways to keep fit,the doctor recommended regular exercise
background,2k-a,1422,286,4.246,0.9948,A2,,0,n,backgrounded|backgrounding|backgrounds,a person's social heritage: previous experience or training,he is a lawyer with a sports background
provide,2k-a,1003,287,4.241,0.9918,A2,,0,v,provided|provider|providers|provides|providing,give something useful or necessary to,We provided the room with an electrical heater
mass,2k-a,1332,288,4.237,1.0000,B2,,0,n|adj,massed|masses|massing,the property of a body that causes it to have weight in a gravitational field,
electric,2k-a,1289,289,4.234,1.0000,A2,,0,adj,electrical|electrically|electrician|electricians|electricity|electrics,using or providing or producing or transmitting or operated by electricity,electric current
demand,2k-a,1075,290,4.233,0.9928,B2,,0,n|v,demanded|demanding|demands|undemanding,an urgent or peremptory request,his demands for attention were unceasing
current,2k-a,1080,291,4.231,0.9947,B1,,0,adj|n,currently|currents,occurring in or belonging to the present time,current events
describe,2k-a,1070,292,4.230,0.9972,A1,,0,v,described|describer|describers|describes|describing|indescribable|indescribably,give a description of,He drew an elaborate plan of attack
council,2k-a,1013,293,4.228,0.9881,B2,,0,n,cllr|cllrs|coun|councillor|councillors|councilor|councils,a body serving in an administrative capacity,student council
tone,2k-a,1461,294,4.227,0.9973,B2,,0,n,tonal|tonality|toned|toneless|tonelessly|toner|toners|tones|toning,the quality of a person's voice,he began in a conversational tone
instance,2k-a,1280,295,4.225,0.9931,B2,,1,n,instanced|instances,an occurrence of something,it was a case of bad judgment
goal,2k-a,1256,296,4.224,0.9924,A2,,1,n,goalless|goals,the state of affairs that a plan is intended to achieve and that (when achieved) terminates behavior intended to achieve it,the ends justify the means
average,2k-a,1269,297,4.221,1.0000,A2,,0,adj|n|v,averaged|averagely|averages|averaging,approximating the statistical norm or average or expected value,the average income in New England is below that of the nation
occasion,2k-a,1154,298,4.219,0.9947,B1,,0,n,occasional|occasionally|occasioned|occasioning|occasions,an event that occurs at a critical time,at such junctures he always had an impulse to leave
politics,2k-a,1006,299,4.219,0.9877,B1,,0,n,nonpolitical|politic|political|politically|politician|politicians|politicisation|politicise|politicised|politicises|politicising|politicization|politicize|politicized|politicizes|politicizing|politicking|unpolitical|impolitic,social relations involving intrigue to gain authority or power,office politics is often counterproductive
mix,2k-a,1344,300,4.214,1.0000,B1,,0,v|n,mixed|mixer|mixers|mixes|mixing|unmixed,mix together different elements,The colors blend well
version,2k-a,1290,301,4.210,1.0000,B1,,1,n,versions,an interpretation of a matter from a particular viewpoint,his version of the fight was different from mine
identify,2k-a,1125,302,4.209,0.9952,A2,,1,v,identifiable|identification|identifications|identified|identifier|identifiers|identifies|identifying|unidentifiable|unidentified,recognize as being; establish the identity of someone or something,She identified the man on the ‘wanted’ poster
design,2k-a,1034,303,4.209,0.9899,A1,,1,n|v,designed|designer|designers|designing|designs,the act of working out the form of something (as by making a sketch or outline or plan),he contributed to the design of a new instrument
classic,2k-a,1375,304,4.208,1.0000,B2,,1,adj|n,classical|classically|classicism|classicist|classicists|classico|classics|neoclassical|neoclassically|neoclassicism|neoclassicist|neoclassicists,"of or relating to the first significant period of a civilization, culture, area of study, etc.",classic Chinese pottery
perform,2k-a,1058,305,4.207,0.9929,A2,,0,v,performance|performances|performed|performer|performers|performing|performs,carry out or perform an action,"John did the painting, the weeding, and he cleaned out the gutters"
advance,2k-a,1228,306,4.204,0.9973,B2,,0,n|v|adj,advanced|advancement|advances|advancing,a movement forward,he listened for the progress of the troops
gather,2k-a,1429,307,4.195,0.9942,B1,,0,v,gathered|gatherer|gatherers|gathering|gatherings|gathers,assemble or get together,gather some stones
concentrate,2k-a,1201,308,4.194,0.9952,B1,,1,v,concentrated|concentrates|concentrating|concentration|concentrations,"make denser, stronger, or purer",concentrate juice
stress,2k-a,1328,309,4.193,1.0000,A2,,1,n|v,stressed|stresses|stressful|stressing|unstressed,the relative prominence of a syllable or musical note (especially with regard to stress or pitch),he put the stress on the wrong syllable
diet,2k-a,1467,310,4.187,0.9920,A1,,0,n,dietary|dieted|dieter|dieters|dietician|dieticians|dieting|dietitian|dietitians|diets,a prescribed selection of foods,
earn,2k-a,1317,311,4.186,0.9929,A2,,0,v,earned|earner|earners|earning|earnings|earns|unearned,earn on some commercial or business transaction; earn as salary or wages,How much do you make a month in your new job?
customer,2k-a,1247,312,4.182,1.0000,A1,,0,n,customers,someone who pays for goods or services,
opposite,2k-a,1469,313,4.182,1.0000,A1,,0,adj|adv|prep|n,opposites,being directly across from each other; facing,"And I on the opposite shore will be, ready to ride and spread the alarm"
represent,2k-a,1038,314,4.181,0.9877,B1,,0,v,rep|representation|representational|representations|representative|representativeness|representatives|represented|representing|represents|reps|unrepresentative|unrepresented,take the place of or be parallel or equivalent to,"Because of the sound changes in the course of history, an ‘h’ in Greek stands for an ‘s’ in Latin"
balance,2k-a,1205,315,4.175,0.9948,B1,,0,n|v,balanced|balances|balancing|imbalance|imbalanced|imbalances|unbalance|unbalanced|unbalances|unbalancing|overbalance,a state of equilibrium,
technology,2k-a,1144,316,4.174,0.9973,A2,,1,n,tech|technological|technologically|technologies|technologist|technologists,the application of the knowledge and usage of tools (such as machines or utensils) and techniques to control one's environment,the mastery of fire was a huge advance in human technology
influence,2k-a,1130,317,4.170,0.9921,B1,,0,n|v,influenced|influences|influencing|influential|uninfluenced,a power to affect persons or events especially power based on prestige etc,used her parents' influence to get the job
product,2k-a,1011,318,4.169,0.9976,A1,,0,n,counterproductive|production|productions|productive|productively|productivity|products|unproductive,items for sale to the individual consumer,good business depends on having good merchandise
broad,2k-a,1318,319,4.168,0.9974,B2,,0,adj,broaden|broadened|broadening|broadens|broader|broadest|broadly,having great (or a certain) extent from one side to the other,wide roads
stretch,2k-a,1448,320,4.166,0.9953,B2,,0,v|n,stretchable|stretched|stretches|stretchiness|stretching|stretchy|unstretched,"occupy a large, elongated area",The park stretched beneath the train line
relief,2k-a,1425,321,4.164,0.9975,B2,,0,n,reliefs,the feeling that comes when something burdensome is removed or reduced,as he heard the news he was suddenly flooded with relief
pattern,2k-a,1159,322,4.160,0.9864,A2,,0,n,patterned|patterning|patterns,a perceptual structure,the composition presents problems for students of musical form
option,2k-a,1299,323,4.159,1.0000,A2,,1,n,optional|optionally|options,the right to buy or sell property at an agreed price; the right is purchased and if it is not exercised by a stated date the money is forfeited,
benefit,2k-a,1100,324,4.157,1.0000,A2,,1,n|v,benefited|benefiting|benefits|benefitted|benefitting,financial assistance in time of need,
brief,2k-a,1337,325,4.157,0.9975,B2,,1,adj,briefer|briefest|briefly|briefs,of short duration or distance,a brief stay in the country
adult,2k-a,1348,326,4.155,1.0000,A1,,1,n|adj,adulthood|adults,a fully developed person from maturity onward,
debt,2k-a,1347,327,4.153,0.9955,B2,,0,n,debtor|debtors|debts,the state of owing something (especially money),he is badly in debt
frame,2k-a,1474,328,4.149,0.9975,B1,,0,n|v,framed|framer|framers|frames|framing|framings|unframed,the framework for a pair of eyeglasses,
attend,2k-a,1233,329,4.147,0.9951,A2,,0,v,attendance|attendances|attendant|attendants|attended|attendee|attendees|attender|attenders|attending|attends|unattended,"be present at (meetings, church services, university), etc.",She attends class regularly
recommend,2k-a,1293,330,4.146,0.9926,A2,,0,v,recommendation|recommendations|recommended|recommending|recommends,push for something,The travel agent recommended strongly that we not travel on Thanksgiving Day
culture,2k-a,1115,331,4.144,0.9975,A1,,1,n,cultural|culturally|cultured|cultures|intercultural|subcultural|subculture|subcultures|uncultured|counterculture|countercultures,a particular society at a particular time and place,early Mayan civilization
aid,2k-a,1192,332,4.143,0.9928,B2,,1,n|v,aided|aider|aiders|aiding|aids|unaided,a person or thing that is a resource that helps make something easier or possible to do,visual aids in teaching
flow,2k-a,1355,333,4.138,1.0000,B1,,0,v|n,flowed|flowing|flows,move or progress freely as if in a stream,The crowd flowed out of the stadium
gain,2k-a,1226,334,4.138,1.0000,B2,,0,v|n,gained|gainer|gainers|gainful|gainfully|gaining|gains,obtain,derive pleasure from one's garden
tradition,2k-a,1106,335,4.136,0.9976,A2,,1,n,trad|traditional|traditionalism|traditionalist|traditionalists|traditionally|traditions,an inherited pattern of thought or action,
crown,2k-a,1457,336,4.136,0.9949,C1,,0,n,crowned|crowning|crowns|uncrowned,the part of a tooth above the gum that is covered with enamel,
species,2k-a,1302,337,4.135,0.9947,B2,,0,n,sp|specie|spp|subspecies,(biology) taxonomic group whose members can interbreed,
similar,2k-a,1062,338,4.134,0.9926,A1,,1,adj,dissimilar|dissimilarities|dissimilarity|similarities|similarity|similarly,marked by correspondence or resemblance,similar food at similar prices
operate,2k-a,1012,339,4.126,1.0000,B2,,0,v,op|operated|operates|operating|operation|operational|operationally|operations|operative|inoperative|operatively|operatives|operator|operators|ops,"direct or control; projects, businesses, etc.",She is running a relief operation in the Sudan
struggle,2k-a,1362,340,4.126,1.0000,B2,,0,v|n,struggled|struggler|strugglers|struggles|struggling,make a strenuous or labored effort,She struggled for years to survive without welfare
equal,2k-a,1112,341,4.126,0.9971,B1,,0,adj|v|n,equaled|equaling|equalisation|equalise|equalised|equaliser|equalisers|equalises|equalising|equality|equalization|equalize|equalized|equalizer|equalizers|equalizes|equalizing|equalled|equalling|equally|equals|inequalities|inequality|unequal|unequalled|unequaled|unequally,"having the same quantity, value, or measure as another",on equal terms
replace,2k-a,1187,342,4.126,0.9923,A2,,0,v,irreplaceable|replaceable|replaced|replacement|replacements|replacer|replacers|replaces|replacing,substitute a person or thing for (another that is broken or inefficient or lost or no longer working or yielding what is expected),He replaced the old razor blade
citizen,2k-a,1490,343,4.125,0.9972,B2,,0,n,citizenry|citizens|citizenship|citizenships,a native or naturalized member of a state or other political community,
western,2k-a,1282,344,4.124,0.9975,B1,,0,adj,midwestern|westerner|westerners|westernisation|westernise|westernised|westernises|westernising|westernization|westernize|westernized|westernizes|westernizing|westerns,relating to or characteristic of the western parts of the world or the West as opposed to the eastern or oriental parts,the western world
stable,2k-a,1371,345,4.120,0.9898,B2,,1,adj,instabilities|instability|stabilisation|stabilise|stabilised|stabiliser|stabilisers|stabilises|stabilising|stability|stabilization|stabilize|stabilized|stabilizer|stabilizers|stabilizes|stabilizing|stabler|stablest|unstable,resistant to change of position or condition,a stable ladder
motor,2k-a,1409,346,4.119,0.9926,B2,,0,n|adj,motored|motoring|motorisation|motorise|motorised|motorises|motorising|motorist|motorists|motorization|motorize|motorized|motorizes|motorizing|motors,machine that converts other forms of energy into mechanical energy and so imparts motion,
prevent,2k-a,1220,347,4.116,0.9975,A2,,0,v,preventable|preventative|prevented|preventer|preventing|prevention|preventive|preventively|prevents|unpreventable,keep from happening or arising; make impossible,My sense of tact forbids an honest answer
limit,2k-a,1031,348,4.115,1.0000,B1,,0,n|v,limitation|limitations|limited|limiting|limitless|limitlessly|limits|ltd|unlimited,the greatest possible degree of something,what he did was beyond the bounds of acceptable behavior
propose,2k-a,1078,349,4.114,0.9931,B2,,0,v,proposal|proposals|proposed|proposer|proposers|proposes|proposing,"make a proposal, declare a plan for something",the senator proposed to abolish the sales tax
appeal,2k-a,1161,350,4.114,0.9924,B2,,0,n|v,appealed|appealing|appealingly|appeals|unappealing,earnest or urgent request,an entreaty to stop the fighting
maintain,2k-a,1137,351,4.113,0.9975,B2,,1,v,maintainability|maintainable|maintained|maintaining|maintains|maintenance|unmaintained,"cause to continue in a certain state, position, or activity",hold in place
resist,2k-a,1357,352,4.110,0.9913,B2,,0,v,nonresistant|resistance|resistances|resistant|resisted|resister|resisters|resistible|resisting|resistive|resistivity|resistless|resistor|resistors|resists|unresistant|unresisting|unresistingly,"elude, especially in a baffling way",This behavior defies explanation
comment,2k-a,1210,353,4.108,0.9946,A2,,1,n|v,commentaries|commentary|commented|commenting|comments,a statement that expresses a personal opinion or belief or adds information,from time to time she contributed a personal comment on his account
minor,2k-a,1319,354,4.108,0.9887,B2,,1,adj,minorities|minority|minors,of lesser importance or stature or rank,a minor poet
environment,2k-a,1064,355,4.107,0.9950,A2,,1,n,environmental|environmentalism|environmentalist|environmentalists|environmentally|environments,the totality of surrounding conditions,he longed for the comfortable environment of his living room
capital,2k-a,1185,356,4.104,0.9903,A1,,0,n|adj,capitals,assets available for use in the production of further assets,
typical,2k-a,1410,357,4.100,0.9973,A2,,0,adj,typically|untypical|untypically,exhibiting the qualities or characteristics that identify a group or kind or category,a typical American girl
apply,2k-a,1018,358,4.097,0.9976,A2,,0,v,application|applications|applied|applies|applying|apps|disapplication|reapplication|reapplications|reapplied|reapplies|reapply|misapplication,put into service; make work or employ for a particular purpose or for its inherent or natural purpose,use your head!
thus,2k-a,1097,359,4.090,1.0000,B2,,0,adv,,(used to introduce a logical conclusion) from that fact or reason or as a result,therefore X must be true
item,2k-a,1284,360,4.090,0.9975,A2,,1,n,itemisation|itemise|itemised|itemises|itemising|itemization|itemize|itemized|itemizes|itemizing|items,a distinct part that can be specified separately in a group of things that could be enumerated on a list,he noticed an item in the New York Times
advise,2k-a,1246,361,4.086,0.9928,B1,,0,v,advisability|advisable|advisably|advised|advisedly|advisement|adviser|advisers|advises|advising|advisor|advisors|advisory|inadvisability|inadvisable,give advice to,The teacher counsels troubled students
generation,2k-a,1395,362,4.084,1.0000,B1,,1,n,generational|generations|intergenerational,all the people living at the same time or of approximately the same age,
upper,2k-a,1473,363,4.082,1.0000,B2,,0,adj,uppermost,the topmost one of two; upper,
july,2k-a,1232,364,4.082,0.9926,A1,,0,n,jul,the month following June and preceding August,
basis,2k-a,1183,365,4.077,0.9920,B1,,0,n,,a relation that provides the foundation for something,they were on a friendly footing
chapter,2k-a,1117,366,4.074,1.0000,B1,,1,n,ch|chapt|chapters,a subdivision of a written work; usually numbered and titled,he read a chapter every night before falling asleep
mount,2k-a,1495,367,4.069,0.9976,B2,,0,v,mounted|mounting|mountings|mounts|mt,attach to a support,They mounted the aerator on a floating
engineer,2k-a,1304,368,4.068,1.0000,A2,,0,n,engineered|engineering|engineers,a person who uses scientific knowledge to solve practical problems,
industry,2k-a,1017,369,4.068,0.9977,A2,,0,n,industrial|industrialisation|industrialise|industrialised|industrialises|industrialising|industrialism|industrialist|industrialists|industrialization|industrialize|industrialized|industrializes|industrializing|industrially|industries,the people or companies engaged in a particular kind of commercial enterprise,each industry has its own trade publications
individual,2k-a,1040,370,4.068,0.9975,A2,,1,n|adj,individualise|individualised|individualism|individualist|individualistic|individualists|individuality|individualize|individualized|individually|individuals,"a human being; person, singular, assertive existential pronoun; pronoun, person, singular; quantifier: assertive existential",there was too much for one person to do
sheet,2k-a,1418,371,4.065,1.0000,A2,,0,n,sheeted|sheeting|sheets,any broad thin expanse or surface,a sheet of ice
southern,2k-a,1483,372,4.065,0.9930,B1,,0,adj,southerner|southerners|southernmost,in or characteristic of a region of the United States south of (approximately) the Mason-Dixon line,southern hospitality
manner,2k-a,1416,373,4.062,0.9974,A2,,0,n,mannered|manners,how something is done or how it happens,her dignified manner
active,2k-a,1024,374,4.059,1.0000,A2,,0,adj,actively|activism|activist|activists|activities|activity|inactive|inactivity,tending to become more severe or wider in scope,active tuberculosis
theatre,2k-a,1405,375,4.058,0.9953,A1,,0,n,theater|theaters|theatres|theatric|theatrical|theatricality|theatrically|theatrics,a building where theatrical performances or motion-picture shows can be presented,the house was full
practical,2k-a,1310,376,4.054,0.9973,B1,,0,adj,impractical|impracticalities|impracticality|practicalities|practicality|practically,concerned with actual use or practice,he is a very practical person
immediate,2k-a,1142,377,4.049,0.9883,B1,,0,adj,immediacy|immediately|immediateness,of the present time and place,the immediate revisions
include,2k-a,1002,378,4.047,1.0000,A1,,0,v,incl|included|includes|including,"have as a part, be made up out of",The list includes the names of many famous writers
affect,2k-a,1179,379,4.047,0.9929,A2,,1,v,affected|affecting|affects|unaffected,have an effect upon,Will the new rules affect me?
produce,2k-a,1022,380,4.044,1.0000,A2,,0,v,produced|producer|producers|produces|producing,bring forth or yield,The tree would not produce fruit
register,2k-a,1292,381,4.042,0.9976,B2,,1,v|n,preregistration|registered|registering|registers|registrable|registration|registrations|unregistered,record in writing; enter into a book of names or events or transactions,
september,2k-a,1190,382,4.042,0.9952,A1,,0,n,sept,the month following August and preceding October,
extreme,2k-a,1241,383,4.039,0.9945,A2,,0,adj|n,extremely|extremes|extremism|extremist|extremists|extremities|extremity,of the greatest possible degree or extent or intensity,extreme cold
tool,2k-a,1494,384,4.031,0.9923,A2,,0,n,tooled|tooling|tools,an implement used in the practice of a vocation,
require,2k-a,1014,385,4.027,1.0000,B1,,1,v,required|requirement|requirements|requires|requiring,"require as useful, just, or proper",It takes nerve to do what she did
fund,2k-a,1101,386,4.026,0.9950,B2,,1,n|v,funded|funder|funders|funding|funds|unfunded,a reserve of money set aside for some purpose,
measure,2k-a,1084,387,4.023,0.9946,B1,,0,v|n,immeasurable|immeasurably|measurable|measurably|measured|measurement|measurements|measures|measuring|unmeasured|measureless,"determine the measurements of something or somebody, take measurements of",Measure the length of the wall
root,2k-a,1464,388,4.020,0.9883,B2,,0,n,rooted|rootedness|rooting|rootless|rootlessness|rootlet|rootlets|roots,(botany) the usually underground organ that lacks buds or leaves or nodes; absorbs water and mineral salts; usually it anchors the plant to the ground,
locate,2k-a,1298,389,4.012,0.9955,B1,,1,v,located|locater|locaters|locates|locating|location|locational|locations|locator|locators|relocate|relocated|relocates|relocating|relocation|relocations,discover the location of; determine the place of; find by searching or examining,Can you locate your cousins in the Midwest?
tense,2k-a,1479,390,4.010,0.9924,B2,,1,n,tensed|tensely|tenseness|tenser|tenses|tensest|tensing|tension|tensions,a grammatical category of verbs used to express distinctions of time,
intense,2k-a,1376,391,4.009,0.9956,B2,,1,adj,intensely|intenseness|intensification|intensified|intensifies|intensify|intensifying|intensities|intensity|intensive|intensively|intensifier|intensifiers,possessing or displaying a distinctive feature to a heightened degree,intense heat
impress,2k-a,1444,392,4.009,0.9955,B2,,0,v,impressed|impresses|impressing|impressive|impressively|unimpressed|unimpressive,have an emotional or cognitive impact upon,This child impressed me as unusually mature
august,2k-a,1262,393,4.009,0.9921,A1,,0,n,aug,of or befitting a lord,heir to a lordly fortune
branch,2k-a,1329,394,4.004,0.9977,B1,,0,n,branched|branches|branching,a division of some larger or more complex organization,a branch of Congress
constant,2k-a,1361,395,3.997,0.9952,B2,,1,adj,constantly|constants|inconstant|inconstantly,unvarying in nature,maintained a constant temperature
october,2k-a,1170,396,3.997,0.9882,A1,,0,n,oct,the month following September and preceding November,
examine,2k-a,1135,397,3.995,0.9906,B1,,0,v,examination|examinations|examined|examinee|examinees|examiner|examiners|examines|examining|unexamined|reexamine|reexamined|reexamining|reexamines|reexamination,consider in detail and subject to an analysis in order to discover essential features or meaning,analyze a sonnet by Shakespeare
observe,2k-a,1131,398,3.991,1.0000,B2,,0,v,nonobservant|observable|observant|observantly|observation|observational|observations|observatories|observatory|observed|observer|observers|observes|observing|unobservable|unobservant|unobserved|observably,"discover or determine the existence, presence, or fact of by perception with the eyes",She detected high levels of lead in her drinking water
retire,2k-a,1350,399,3.991,0.9946,B1,,0,v,ret|retd|retiral|retired|retirement|retirements|retires|retiring|retiree|retirees,go into retirement; stop performing one's work or withdraw from one's position,He retired at age 68
announce,2k-a,1160,400,3.990,0.9975,B1,,0,v,announced|announcement|announcements|announcer|announcers|announces|announcing|unannounced,make known; make an announcement,She denoted her feelings clearly
atmosphere,2k-a,1498,401,3.986,0.9976,B1,,0,n,atmospheres|atmospheric,a particular environment or surrounding influence,there was an atmosphere of excitement
connect,2k-a,1202,402,3.985,0.9973,A2,,0,v,connected|connectedness|connecting|connection|connections|connective|connectives|connectivity|connector|connectors|connects|connexion|connexions|interconnect|interconnected|interconnecting|interconnection|interconnections|interconnects|reconnect|reconnected|reconnecting|reconnection|reconnections|reconnects|unconnected,"connect, fasten, or put together two or more pieces",Can you connect the two loudspeakers?
develop,2k-a,1001,403,3.983,0.9853,A2,,0,v,developed|developer|developers|developing|development|developmental|developmentally|developments|develops|redevelop|redeveloped|redeveloping|redevelopment|redevelopments|redevelops|underdeveloped|underdevelopment|undeveloped,"make something new, such as a product or a mental or artistic creation",Her company developed a new kind of building material that withstands all kinds of weather
quote,2k-a,1430,404,3.981,1.0000,B1,,1,v|n,misquote|misquoted|misquotes|misquoting|quotation|quotations|quoted|quotes|quoting|unquote|unquoted|quotable,repeat a passage from,He quoted the Bible to her
mill,2k-a,1370,405,3.979,0.9973,C1,,0,n,millage|milled|miller|millers|milling|millings|mills,a plant consisting of one or more buildings with facilities for manufacturing,
scale,2k-a,1236,406,3.978,1.0000,B2,,0,n,scalable|scaled|scales|scaling|scalings,an ordered reference standard,judging on a scale of 1 to 10
previous,2k-a,1105,407,3.978,0.9977,B1,,1,adj,previously,just preceding something else in time or order,the previous owner
investigate,2k-a,1193,408,3.977,0.9973,B1,,1,v,investigated|investigates|investigating|investigation|investigations|investigative|investigator|investigators|investigatory,investigate scientifically,Let's investigate the syntax of Chinese
cent,2k-a,1016,409,3.977,0.9904,A1,,0,n,cents,a fractional monetary unit of several countries,
poet,2k-a,1431,410,3.965,1.0000,B1,,0,n,poetess|poetesses|poetic|poetical|poetically|poetry|poets,a writer of poems (the term is usually reserved for writers of good poetry),
population,2k-a,1168,411,3.959,0.9974,A2,,0,n,populate|populated|populates|populating|populations|unpopulated,the people who inhabit a territory or state,the population seemed to be well fed and clothed
discipline,2k-a,1331,412,3.957,0.9977,B2,,0,n,disciplinarian|disciplinary|disciplined|disciplines|disciplining|indiscipline|interdisciplinary|undisciplined,a branch of knowledge,in what discipline is his doctorate?
profession,2k-a,1083,413,3.956,0.9899,B1,,1,n,pro|professional|professionalism|professionality|professionally|professionals|professions|pros|semipro|semipros|semiprofessional|semiprofessionals|unprofessional|nonprofessional,the body of people in a learned occupation,the news spread rapidly through the medical profession
associate,2k-a,1053,414,3.954,0.9975,B2,,0,v,associated|associates|associateship|associateships|associating|association|associations|associative|associatively,make a logical or causal connection,I cannot connect these two pieces of evidence in my mind
various,2k-a,1153,415,3.952,0.9859,B1,,0,adj,variously,of many different kinds purposefully arranged but lacking any uniformity,assorted sizes
protest,2k-a,1401,416,3.944,0.9955,B1,,0,n|v,protestation|protestations|protested|protester|protesters|protesting|protestor|protestors|protests,a formal and solemn declaration of objection,they finished the game under protest to the league president
november,2k-a,1212,417,3.943,0.9896,A1,,0,n,nov,the month following October and preceding December,
increase,2k-a,1005,418,3.932,0.9918,A2,,0,v|n,increased|increases|increasing|increasingly,become bigger or greater in amount,The amount of work increased
determine,2k-a,1109,419,3.924,0.9931,B1,,0,v,determinable|determinant|determinants|determination|determinations|determinative|determined|determinedly|determines|determining|determinism|determinist|deterministic|deterministically|determinists|indeterminacies|indeterminacy|undetermined,"establish after a calculation, investigation, experiment, survey, or study",find the product of two numbers
compare,2k-a,1099,420,3.922,0.9872,A1,,0,v,comparability|comparable|comparably|compared|compares|comparing|comparison|comparisons|incomparable|incomparably,examine and note the similarities or differences of,John compared his haircut to his friend's
indicate,2k-a,1119,421,3.921,1.0000,B1,,1,v,indicated|indicates|indicating|indication|indications|indicative|indicator|indicators,be a signal for or a symptom of,These symptoms indicate a serious illness
emotion,2k-a,1384,422,3.919,0.9976,B1,,0,n,emotional|emotionally|emotionless|emotionlessly|emotions|unemotional|unemotionally,any strong feeling,
instrument,2k-a,1424,423,3.909,0.9974,A2,,0,n,instrumental|instrumentalist|instrumentalists|instrumentation|instruments,a device that requires skill for proper use,
improve,2k-a,1089,424,3.909,0.9907,A1,,0,v,improved|improvement|improvements|improver|improvers|improves|improving|unimproved,to make better,The editor improved the manuscript with his changes
recover,2k-a,1325,425,3.905,0.9976,B2,,1,v,irrecoverable|recoverable|recovered|recoveries|recovering|recovers|recovery,get or find back; recover the use of,She regained control of herself
defence,2k-a,1166,426,3.905,0.9098,B2,,0,n,defenceless|defencelessly|defences|defense|defenses|defensible|defensibly|defensive|defensively|defensiveness|indefensible|indefensibly|defenseless|defenselessly,(psychiatry) an unconscious process that tries to reduce the anxiety associated with instinctive desires,
skill,2k-a,1150,427,3.899,0.9976,A1,,0,n,skilful|skilfully|skilled|skillful|skillfully|skilling|skills|unskillful|unskilfully|unskilled|unskillfully|semiskilled,an ability that has been acquired by training,
assist,2k-a,1209,428,3.895,0.9947,B1,,1,v,assistance|assistant|assistants|assisted|assisting|assists|unassisted,give help or assistance; be of service,Everyone helped out during the earthquake
maximum,2k-a,1445,429,3.891,1.0000,B2,,0,adj|n,max|maximums,the greatest or most complete or best possible,maximal expansion
december,2k-a,1186,430,3.881,1.0000,A1,,0,n,dec,the last (12th) month of the year,
react,2k-a,1221,431,3.878,0.9975,A2,,1,v,overreact|overreacted|overreacting|overreaction|overreactions|overreacts|reactance|reactant|reactants|reacted|reacting|reaction|reactionaries|reactionary|reactions|reactive|reactivity|reactor|reactors|reacts|unreactive,show a response or a reaction to something,
occur,2k-a,1133,432,3.872,0.9950,B1,,1,v,occurred|occurrence|occurrences|occurring|occurs|reoccur|reoccurred|reoccurring|reoccurs,come to pass,What is happening?
income,2k-a,1188,433,3.870,0.9976,B2,,1,n,incomes,the financial gain (earned or unearned) accruing over a given period of time,
regard,2k-a,1111,434,3.867,0.9924,B2,,0,v|n,regarded|regarding|regardless|regards,deem to be,She views this quite differently from me
refer,2k-a,1030,435,3.866,0.9900,A2,,0,v,ref|reference|referenced|references|referencing|referent|referential|referents|referral|referrals|referred|referring|refers|refs,make reference to,he was named in connection with the invention
reserve,2k-a,1368,436,3.857,0.9974,B2,,0,n|v,reservation|reservations|reserved|reserves|reserving|reservist|reservists|unreserved|unreservedly,formality and propriety of manner,
rely,2k-a,1294,437,3.857,0.9701,B2,,1,v,reliabilities|reliability|reliable|reliably|reliance|reliant|relied|relies|relying|unreliability|unreliable,have faith or confidence in,you can count on me to help you any time
northern,2k-a,1271,438,3.852,0.9974,B1,,0,adj,northerner|northerners,in or characteristic of a region of the United States north of (approximately) the Mason-Dixon line,Northern liberals
expose,2k-a,1438,439,3.849,1.0000,B2,,1,v,exposed|exposes|exposing|exposure|exposures|unexposed,expose or make accessible to some action or influence,Expose your students to art
elder,2k-a,1423,440,3.848,0.9951,B2,,0,adj,elderly|elders,used of the older of two persons of the same name especially used to distinguish a father from his son,"Bill Adams, Sr."
narrow,2k-a,1388,441,3.847,0.9976,A2,,0,adj|v,narrowed|narrower|narrowest|narrowing|narrowly|narrowness|narrows,not wide,a narrow bridge
length,2k-a,1254,442,3.847,0.9948,B1,,0,n,lengthen|lengthened|lengthening|lengthens|lengthier|lengthiest|lengthily|lengthiness|lengths|lengthways|lengthwise|lengthy,the linear extent in space from one end to the other; the longest dimension of something that is fixed in place,the length of the table was 5 feet
conscious,2k-a,1336,443,3.833,0.9900,B2,,0,adj,consciously|consciousness|unconscious|unconsciously|unconsciousness|semiconscious|semiconsciously,intentionally conceived,a conscious effort to speak more slowly
january,2k-a,1172,444,3.826,0.9824,A1,,0,n,jan,the first month of the year; begins 10 days after the winter solstice,
coal,2k-a,1480,445,3.818,0.9956,B1,,0,n,coals,fossil fuel consisting of carbonized vegetable matter deposited in the Carboniferous period,
extend,2k-a,1257,446,3.808,0.9974,B2,,0,v,extendable|extended|extender|extenders|extending|extends|unextended,extend in scope or range or area,The law was extended to all citizens
purchase,2k-a,1276,447,3.805,0.9976,B2,,1,n|v,purchasable|purchased|purchaser|purchasers|purchases|purchasing|repurchase|repurchased|repurchaser|repurchasers|repurchases|repurchasing,the acquisition of something for payment,they closed the purchase with a handshake
breed,2k-a,1446,448,3.802,0.9975,C1,,0,v|n,bred|breeder|breeders|breeding|breeds|interbred|interbreed|interbreeding|interbreeds,call forth,
establish,2k-a,1055,449,3.802,0.9974,B2,,1,v,established|establishes|establishing|establishment|establishments|reestablish|reestablished|reestablishes|reestablishing|reestablishment,set up or found,She set up a literacy program
engage,2k-a,1433,450,3.790,0.9951,B2,,0,v,engaged|engagement|engagements|engages|engaging|engagingly,carry out or participate in an activity; be involved in,She pursued many activities
contain,2k-a,1095,451,3.785,0.9877,A2,,0,v,contained|container|containers|containing|containment|contains,include or contain; have as a component,A totally new idea is comprised in this paper
encourage,2k-a,1173,452,3.782,0.9927,B1,,0,v,encouraged|encouragement|encouragements|encourages|encouraging|encouragingly,contribute to the progress or growth of,I am promoting the use of computers in the classroom
directed,2k-a,1051,453,3.782,0.9923,A2,,0,n,directing|directive|directives|director|directorial|directories|directors|directorship|directorships|directory|directs|misdirect|misdirected|misdirecting|misdirection|misdirections|misdirects|redirect|redirected|redirecting|redirects|undirected,(often used in combination) having a specified direction,a positively directed vector
divide,2k-a,1387,454,3.768,0.9976,B1,,0,v|n,divided|divider|dividers|divides|dividing|undivided,separate into parts or portions,divide the cake into three equal parts
feature,2k-a,1124,455,3.768,0.9899,A2,,1,n|v,featured|featureless|features|featuring,a prominent attribute or aspect of something,the map showed roads and other features
economy,2k-a,1010,456,3.765,0.9851,B1,,1,n,economic|economical|economically|economics|economies|economise|economised|economises|economising|economist|economists|economize|economized|economizes|economizing|uneconomic|uneconomical|uneconomically,the system of production and distribution and consumption,
attract,2k-a,1174,457,3.756,1.0000,B1,,0,v,attracted|attracting|attraction|attractions|attractive|attractively|attractiveness|attractor|attractors|attracts|unattractive|unattractively,direct toward itself or oneself by means of some psychological power or physical attributes,Her good looks attract the stares of many men
accuse,2k-a,1404,458,3.756,0.9863,B2,,0,v,accusation|accusations|accused|accuser|accusers|accuses|accusing|accusingly|accusatory,bring an accusation against; level a charge against,The neighbors accused the man of spousal abuse
delight,2k-a,1441,459,3.753,0.9947,B2,,0,v|n,delighted|delightedly|delightful|delightfully|delighting|delights,give pleasure to or be pleasing to,These colors please the senses
intent,2k-a,1321,460,3.750,0.9976,C1,,0,n,intention|intentional|intentionality|intentionally|intentioned|intentions|intently|intentness|intents|unintentional|unintentionally,an anticipated outcome that is intended or that guides your planned actions,his intent was to provide a new translation
satisfy,2k-a,1417,461,3.750,0.9950,B2,,0,v,satisfied|satisfies|satisfying|satisfyingly|unsatisfied|unsatisfying,meet the requirements or expectations of,
february,2k-a,1244,462,3.741,0.9930,A1,,0,n,feb,the month following January and preceding March,
possess,2k-a,1334,463,3.741,0.9805,B2,,0,v,possessed|possesses|possessing|possession|possessions|possessive|possessively|possessiveness|possessor|possessors|possessory|repossess|repossessed|repossesses|repossessing|repossession|repossessions,"have as an attribute, knowledge, or skill",he possesses great knowledge about the Middle East
finance,2k-a,1042,464,3.730,0.9977,B2,,1,n|v,financed|finances|financial|financially|financials|financier|financiers|financing|underfinanced|unfinanced,the commercial activity of providing funds and capital,
detect,2k-a,1353,465,3.710,0.9950,B2,,1,v,det|detectable|detected|detecting|detection|detective|detectives|detector|detectors|detects|undetectable|undetected,"discover or determine the existence, presence, or fact of by perception with the eyes",She detected high levels of lead in her drinking water
region,2k-a,1082,466,3.702,1.0000,A2,,1,n,regional|regionalism|regionalist|regionalists|regionally|regions,the extended spatial location of something,the farming regions of France
licence,2k-a,1330,467,3.693,0.8349,B2,,1,n,licenced|licences|licencing|license|licensed|licensee|licensees|licenses|licensing|unlicenced|unlicensed,excessive freedom; lack of due restraint,"when liberty becomes license, dictatorship is near"
pension,2k-a,1356,468,3.686,0.9895,B2,,0,n,pensionable|pensioned|pensioner|pensioners|pensioning|pensions,a regular payment to a person that is intended to allow them to subsist without working,
alter,2k-a,1440,469,3.681,0.9906,B2,,1,v,alterable|alteration|alterations|altered|altering|alters|unalterable|unaltered|unalterably,cause to change; make different; cause a transformation,The advent of the automobile may have altered the growth pattern of the city
confuse,2k-a,1415,470,3.679,1.0000,B1,,0,v,confused|confusedly|confuses|confusing|confusingly|confusion|confusions,mistake one thing for another,you are confusing me with the other candidate
remark,2k-a,1286,471,3.644,0.9952,B2,,0,n|v,remarkable|remarkably|remarked|remarking|remarks|unremarkable|unremarkably|unremarked,a statement that expresses a personal opinion or belief or adds information,from time to time she contributed a personal comment on his account
rapid,2k-a,1360,472,3.642,1.0000,B2,,0,adj,rapidity|rapidly|rapids,done or occurring in a brief period of time,a rapid rise through the ranks
organize,2k-a,1015,473,3.636,0.9978,A2,,0,v,organisation|organisational|organisationally|organisations|organise|organised|organiser|organisers|organises|organising|organization|organizational|organizationally|organizations|organized|organizer|organizers|organizes|organizing|reorganisation|reorganisations|reorganise|reorganised|reorganises|reorganising|reorganization|reorganizations|reorganize|reorganized|reorganizes|reorganizing|unorganised|unorganized,create (as an entity),social groups form everywhere
reduce,2k-a,1054,474,3.634,0.9953,A2,,0,v,reduced|reduces|reducible|reducing|reduction|reductionism|reductionist|reductionists|reductions,cut down on; make a reduction in,reduce your daily fat intake
qualify,2k-a,1309,475,3.614,0.9975,B1,,0,v,qualification|qualifications|qualified|qualifier|qualifiers|qualifies|qualifying|unqualified,prove capable or fit; meet requirements,
contribute,2k-a,1155,476,3.582,0.9974,B2,,1,v,contributed|contributes|contributing|contribution|contributions|contributor|contributors|contributory|noncontributory,bestow a quality on,Her presence lends a certain cachet to the company
practise,2k-a,1056,477,3.571,0.9976,A1,,0,v,practice|practiced|practices|practicing|practised|practises|practising,engage in a rehearsal (of),
whereas,2k-a,1458,478,3.552,0.9794,B2,,1,conj,,,
select,2k-a,1126,479,3.550,0.9953,B2,,1,v,reselection|selectable|selected|selecting|selection|selections|selective|selectively|selectivities|selectivity|selector|selectors|selects|unselected,"pick out, select, or choose from a number of alternatives",Take any one of these cards
commerce,2k-a,1270,480,3.542,0.9952,C1,,0,n,commercial|commercialisation|commercialise|commercialised|commercialises|commercialising|commercialism|commercialization|commercialize|commercialized|commercializes|commercializing|commercially|commercials|uncommercial,transactions (sales and purchases) having the objective of supplying commodities (goods and services),
bind,2k-a,1308,481,3.527,0.9949,C1,,0,v,binder|binderies|binders|bindery|binding|bindings|binds|bound|unbind|unbinding|unbound,stick to firmly,Will this wallpaper adhere to the wall?
labour,2k-a,1035,482,3.515,0.9921,B2,,1,n,labor|labored|laborer|laborers|laboring|labors|laboured|labourer|labourers|labouring|labourism|labours,a social class comprising those who do manual labor or work for wages,there is a shortage of skilled labor in this field
wage,2k-a,1386,483,3.496,0.9972,B2,,0,n,unwaged|waged|wages|waging,something that remunerates,wages were paid by cash
surround,2k-a,1394,484,3.488,0.9889,B2,,0,v,surrounded|surrounding|surroundings|surrounds,extend on all sides of simultaneously; encircle,The forest surrounds my property
unite,2k-a,1091,485,3.482,0.9976,B2,,0,v,reunite|reunited|reunites|reuniting|united|unites|uniting,act in concert or unite in a common purpose or belief,
inspect,2k-a,1378,486,3.409,0.9853,C1,,1,v,insp|inspected|inspecting|inspection|inspections|inspector|inspectors|inspects,look over carefully,Please inspect your father's will carefully
attach,2k-a,1454,487,3.396,0.9947,B1,,1,v,attached|attaches|attaching|attachment|attachments|unattached,cause to be attached,
combine,2k-a,1203,488,3.349,0.9978,B1,,0,v,combinability|combination|combinations|combined|combines|combining|recombinant|recombination|recombinations|recombine|recombined|recombines|recombining,have or possess in combination,she unites charm with a good business sense
oppose,2k-a,1157,489,3.337,0.9975,B2,,0,v,opposed|opposes|opposing|opposition|oppositional|oppositions|unopposed,be against; express opposition to,We oppose the ban on abortion
calculate,2k-a,1396,490,3.321,1.0000,B2,,0,v,calculated|calculates|calculating|calculation|calculations|calculator|calculators|miscalculate|miscalculated|miscalculates|miscalculating|miscalculation|miscalculations|recalculate|recalculated|recalculates|recalculating|recalculation|recalculations,make a mathematical calculation or computation,
circumstance,2k-a,1268,491,3.317,0.9948,B2,,1,n,circumstances|circumstantial|circumstantially,a condition that accompanies or influences some event or activity,
appoint,2k-a,1178,492,3.313,0.9783,C1,,0,v,appointed|appointee|appointees|appointing|appointment|appointments|appoints|reappoint|reappointed|reappointing|reappointment|reappointments|reappoints,create and charge with a task or function,nominate a committee
instruct,2k-a,1340,493,3.226,0.9978,C1,,1,v,instructed|instructing|instruction|instructional|instructionally|instructions|instructive|instructively|instructor|instructors|instructs,impart skills or knowledge to,I taught them French
edit,2k-a,1273,494,3.184,0.9953,B2,,1,v,ed|editable|edited|editing|editor|editorial|editorialise|editorialised|editorialist|editorialists|editorialize|editorialized|editorializing|editorials|editorially|editors|editorship|editorships|editress|edits|eds|unedited,"prepare for publication or presentation by correcting, revising, or adapting",Edit a book on lexical semantics
elect,2k-a,1049,495,3.155,0.9906,B2,,0,v,elected|electing|election|electioneer|electioneers|electioneering|elections|elector|electoral|electorally|electors|elects|reelect|reelected|reelecting|reelection|reelects|unelected,select by a vote for an office or membership,We elected him chairman of the board
injure,2k-a,1266,496,3.008,0.9656,B1,,1,v,injured|injures|injuries|injuring|injurious|injury|uninjured,cause injuries or bodily harm to,
vary,2k-a,1072,497,2.973,0.9834,B2,,1,v,invariable|invariably|invariance|invariant|invariate|unvaried|unvarying|variability|variable|variables|variably|variance|variances|variant|variants|variate|variates|variation|variations|varied|varies|varying,"become different in some particular way, without permanently losing one's or its former characteristics or essence",her mood changes in accordance with the weather
illustrate,2k-a,1358,498,2.905,0.9975,B2,,1,v,illustrated|illustrates|illustrating|illustration|illustrations|illustrative|illustrator|illustrators|unillustrated,clarify by giving an example of,
pollute,2k-a,1482,499,2.672,0.9862,A2,,0,n,antipollution|pollutant|pollutants|polluted|polluter|polluters|pollutes|polluting|pollution|pollutions|unpolluted,make impure,The industrial wastes polluted the lake
metre,2k-a,1476,500,2.468,1.0000,A1,,0,n,meter|metered|metering|meters|metres|metric|metrical|metrically|metricize|metricized|metricizes|metricizing|metrics,the basic unit of length adopted under the Systeme International d'Unites (approximately 1.094 yards),
honey,2k-b,1914,1,5.477,0.9976,,,0,n,honeyed|honeys,a sweet yellow liquid produced by bees,
alive,2k-b,1621,2,5.188,0.9947,A2,,0,adj,,possessing life,the happiest person alive
boss,2k-b,1605,3,5.094,0.9974,A2,,0,n,bossed|bosses|bossing|bossy|bossiness,a person who exercises control over workers,if you want to leave early you have to ask the foreman
fault,2k-b,1518,4,5.017,0.9976,B2,,0,n,faulted|faulting|faultless|faultlessly|faults|faulty|unfaulted|faultily|faultiness,a wrong action attributable to bad judgment or ignorance or inattention,he made a bad mistake
mama,2k-b,1984,5,5.015,0.9718,,,0,n,maman|mamas|mamma|mammas|momma|mommas,informal terms for a mother,
weird,2k-b,1958,6,5.004,0.9929,B2,,0,adj,weirder|weirdest|weirdly|weirdness|weirdo|weirdos,suggesting the operation of supernatural influences,an eldritch screech
smart,2k-b,1837,7,4.983,1.0000,B1,,0,adj,smarten|smartened|smartening|smartens|smarter|smartest|smartly|smartness|smarty,showing mental alertness and calculation and resourcefulness,
plane,2k-b,1512,8,4.980,1.0000,A1,,0,n,planes|aeroplane|aeroplanes,an aircraft that has a fixed wing and is powered by propellers or jets,the flight was delayed due to trouble with the airplane
tough,2k-b,1591,9,4.956,0.9978,B2,,0,adj,toughen|toughened|toughener|tougheners|toughening|toughens|tougher|toughest|toughies|toughness|toughy|toughly,not given to gentleness or sentimentality,a tough character
quit,2k-b,1970,10,4.954,1.0000,B1,,0,v,quits|quitted|quitter|quitters|quitting,put an end to a state or an activity,Quit teasing your little brother
fool,2k-b,1622,11,4.951,0.9897,B2,,0,n,fooled|fooling|foolish|foolishly|foolishness|fools|foolery,a person who lacks good judgment,
calm,2k-b,1590,12,4.949,0.9975,B1,,0,adj|v|n,calmed|calmer|calmest|calming|calmly|calmness|calms,not agitated; without losing self-possession,spoke in a calm voice
swear,2k-b,1812,13,4.945,0.9925,B2,,0,v,swearing|swears|swore|sworn,utter obscenities or profanities,The drunken men were cursing loudly in the street
cop,2k-b,1990,14,4.935,0.9955,C1,,0,n,cops,uncomplimentary terms for a policeman,
proud,2k-b,1658,15,4.922,1.0000,B1,,0,adj,prouder|proudest|proudly|proudness,feeling self-respect or pleasure in something by which you measure your self-worth; or being a reason for pride,proud parents
apartment,2k-b,1878,16,4.919,0.9977,A1,,0,n,apartments|apts,a suite of rooms usually on one floor of an apartment house,
lawyer,2k-b,1578,17,4.900,1.0000,A2,,0,n,lawyers,a professional person authorized to practice law; conducts lawsuits or gives legal advice,
angel,2k-b,1830,18,4.893,0.9919,C1,,0,n,angelic|angelically|angels,spiritual being attendant upon God,
soul,2k-b,1629,19,4.886,0.9922,B2,,0,n,soulful|soulfully|soulfulness|soulless|soullessly|souls,the immaterial part of a person; the actuating cause of an individual life,
forgive,2k-b,1767,20,4.885,0.9921,B2,,0,v,forgave|forgivable|forgiven|forgiveness|forgives|forgiving|unforgivable|unforgivably|unforgiven|unforgiving,stop blaming or grant forgiveness,I forgave him his infidelity
beer,2k-b,1661,21,4.877,0.9954,A1,,0,n,beers,a general name for alcoholic beverages made by fermenting a cereal (or mixture of cereals) flavored with hops,
upset,2k-b,1681,22,4.872,0.9958,B1,,0,adj|v,upsets|upsetting,afflicted with or marked by anxious uneasiness or trouble or grief,too upset to say anything
owe,2k-b,1587,23,4.870,0.9759,B2,,0,v,owed|owes|owing,be obliged to pay or repay,
evil,2k-b,1722,24,4.864,0.9952,B2,,0,adj|n,eviler|evilest|evilly|evilness|evils,morally bad or wrong,evil purposes
truck,2k-b,1879,25,4.862,0.9922,A2,,0,n,trucked|trucker|truckers|trucking|trucks,an automotive vehicle suitable for hauling,
grab,2k-b,1740,26,4.850,1.0000,B2,,0,v,grabbed|grabber|grabbers|grabbing|grabby|grabs,take hold of so as to seize or restrain or stop the motion of,Catch the ball!
seconds,2k-b,1516,27,4.849,0.7845,,,0,n,sec|secs,1/60 of a minute; the basic unit of time adopted under the Systeme International d'Unites,
nervous,2k-b,1645,28,4.827,1.0000,A2,,0,adj,nervously|nervousness,easily agitated,a nervous addict
idiot,2k-b,1985,29,4.820,0.9876,C1,,0,n,idiotic|idiotically|idiots,a person of subnormal intelligence,
gift,2k-b,1522,30,4.809,0.9974,A2,,0,n,gifted|giftedness|gifting|giftings|gifts,something acquired without compensation,
sake,2k-b,1729,31,4.807,0.9900,C1,,0,n,sakes,a reason for wanting something done,for your sake
gay,2k-b,1831,32,4.771,1.0000,B2,,0,adj,gaily|gayer|gayest|gayness|gays,bright and pleasant; promoting a feeling of cheer,a cheery hello
bunch,2k-b,1933,33,4.770,0.9976,B2,,0,n,bunched|bunches|bunching,a grouping of a number of similar things,a bunch of trees
blame,2k-b,1521,34,4.769,1.0000,B2,,0,v|n,blamed|blameless|blamelessly|blames|blaming,put or pin the blame on,
camera,2k-b,1637,35,4.755,1.0000,A1,,0,n,cameras,equipment for taking photographs (usually consisting of a lightproof box with a lens at one end and light-sensitive film at the other),
heaven,2k-b,1701,36,4.752,0.9864,B2,,0,n,heavenly|heavens|heavenward|heavenwards,any place of complete bliss and delight and peace,
ridiculous,2k-b,1823,37,4.745,0.9952,B2,,0,adj,ridicule|ridiculed|ridicules|ridiculing|ridiculously|ridiculousness,inspiring scornful pity,how silly an ardent and unsuccessful wooer can be especially if he is getting on in years
dare,2k-b,1682,38,4.743,1.0000,B2,,0,v,dared|dares|daring|daringly,"take upon oneself; act presumptuously, without permission",How dare you call my lawyer?
innocent,2k-b,1762,39,4.736,0.9978,B1,,0,adj,innocently|innocents,free from evil or guilt,an innocent child
magic,2k-b,1588,40,4.721,0.9973,B1,,0,n|adj,magical|magically|magician|magicians,any art that invokes supernatural powers,
pregnant,2k-b,1639,41,4.716,0.9977,B2,,0,adj,pregnancies|pregnancy,carrying developing offspring within the body or being about to produce new life,
witness,2k-b,1502,42,4.710,0.9927,B2,,0,n|v,unwitnessed|witnessed|witnesses|witnessing,someone who sees an event and reports what happened,
beg,2k-b,1807,43,4.707,0.9948,B2,,0,v,beggar|beggars|begged|begging|begs|beggarly,call upon in supplication; entreat,I beg you to stop!
moon,2k-b,1718,44,4.698,0.9952,A2,,0,n,moonless|moons,any object resembling a moon,he made a moon lamp that he used as a night light
hero,2k-b,1604,45,4.697,1.0000,A2,,0,n,heroes|heroic|heroically|heroics|heroism|antihero|antiheros,a person distinguished by exceptional courage and nobility and strength,RAF pilots were the heroes of the Battle of Britain
asleep,2k-b,1843,46,4.697,0.9951,A2,,0,adj,,in a state of sleep,were all asleep when the phone rang
cousin,2k-b,1815,47,4.688,0.9905,A1,,0,n,cousins|cuz|cuzzies,the child of your aunt or uncle,
cream,2k-b,1592,48,4.687,0.9949,A1,,0,n|adj,creamed|creamery|creamier|creamiest|creamily|creaminess|creaming|creams|creamy|creamer,the best people or things in a group,the cream of England's young men were killed in the Great War
enemy,2k-b,1568,49,4.685,0.9952,B1,,0,n,enemies,an opposing military force,the enemy attacked at dawn
breathe,2k-b,1596,50,4.685,0.9922,B1,,0,v,breathable|breathed|breathes|breathing|unbreathable|unbreathing,"draw air into, and expel out of, the lungs",I can breathe better when the air is clean
coach,2k-b,1506,51,4.677,0.9952,A2,,0,n|v,coached|coaches|coaching,(sports) someone in charge of training an athlete or a team,
trick,2k-b,1659,52,4.674,1.0000,B1,,0,n|v,tricked|tricker|trickeries|trickers|trickery|trickier|trickiest|trickily|trickiness|tricking|tricks|tricky,a cunning or deceitful action or device,he played a trick on me
mission,2k-b,1614,53,4.672,1.0000,B2,,0,n,missionaries|missionary|missioner|missioners|missions,an organization of missionaries in a foreign land sent to carry on religious work,
knife,2k-b,1684,54,4.670,0.9956,A2,,0,n,knifed|knifes|knifing|knives,edge tool used as a cutting instrument; has a pointed blade with a sharp edge and a handle,
restaurant,2k-b,1528,55,4.667,0.9952,A1,,0,n,restaurants,a building where people go to eat,
blind,2k-b,1566,56,4.661,0.9976,B2,,0,adj,blinded|blinding|blindingly|blindly|blindness|blinds,unable to see,a person is blind to the extent that he must devise alternative techniques to do efficiently those things he would do with sight if he had normal vision
ticket,2k-b,1551,57,4.658,0.9975,A1,,0,n,ticketless|tickets|ticketted|ticketed|ticketting,a commercial document showing that the holder is entitled to something (as to ride on public transportation or to enter a public entertainment),
desk,2k-b,1577,58,4.642,0.9974,A1,,0,n,desks,a piece of furniture with a writing surface and usually drawers or other compartments,
meat,2k-b,1638,59,4.640,0.9975,A1,,0,n,meats|meaty,the flesh of animals (including fishes and birds and snails) used as food,
deserve,2k-b,1667,60,4.640,0.9974,B2,,0,v,deserved|deservedly|deserves|deserving|undeserved|undeserving,be worthy or deserving,You deserve a promotion after all the hard work you have done
grace,2k-b,1698,61,4.626,0.9903,C1,,0,n,graced|graceful|gracefully|gracefulness|graceless|gracelessly|gracelessness|graces|gracing,(Christian theology) a state of sanctification by God; the state of one who is under such divine influence,the conception of grace developed alongside the conception of sin
loose,2k-b,1558,62,4.621,0.9951,B2,,0,adj,loosed|loosely|loosen|loosened|loosener|looseness|loosening|loosenings|loosens|looser|loosest|loosing|unloose,not compact or dense in structure or arrangement,loose gravel
shame,2k-b,1792,63,4.618,0.9921,B2,,0,n,shamed|shameful|shamefully|shameless|shamelessly|shames|shaming,a painful emotion resulting from an awareness of inadequacy or guilt,
shower,2k-b,1829,64,4.614,0.9899,A1,,0,n,showered|showering|showers|showery,a plumbing fixture that sprays water over you,they installed a shower in the bathroom
chest,2k-b,1640,65,4.612,0.9976,B1,,0,n,chested|chests,the part of the human torso between the neck and the diaphragm or the corresponding part in other vertebrates,
bite,2k-b,1768,66,4.610,0.9977,B1,,0,v|n,biter|biters|bites|biting|bitten,"to grip, cut off, or tear with or as if with the teeth or jaws",Gunny invariably tried to bite her
pretend,2k-b,1760,67,4.605,1.0000,B1,,0,v,pretended|pretender|pretenders|pretending|pretends,make believe with the intent to deceive,He feigned that he was ill
fantastic,2k-b,1959,68,4.599,0.9908,A1,,0,adj,fantastical|fantastically,ludicrously odd,Hamlet's assumed antic disposition
bell,2k-b,1573,69,4.594,0.9975,B1,,0,n,belled|belling|bells,a hollow device made of metal that makes a ringing sound when struck,
merry,2k-b,1992,70,4.592,0.9976,,,0,adj,merrier|merriest|merrily|merriment|merriness,full of or showing high-spirited merriment,when hearts were young and gay
pig,2k-b,1737,71,4.592,0.9948,A1,,0,n,pigged|piggies|pigging|piggish|piggy|piglet|piglets|piglike|pigs,domestic swine,
cheese,2k-b,1742,72,4.591,0.9974,A1,,0,n,cheesed|cheeses,a solid food prepared from the pressed curd of milk,
soldier,2k-b,1503,73,4.590,0.9951,A2,,0,n,soldiered|soldiering|soldiers|soldiery|soldierly,an enlisted man or woman who serves in an army,the soldiers stood at attention
planet,2k-b,1778,74,4.588,0.9922,A2,,0,n,interplanetary|planetary|planets,"(astronomy) any of the nine large celestial bodies in the solar system that revolve around the sun and shine by reflected light; Mercury, Venus, Earth, Mars, Jupiter, Saturn, Uranus, Neptune, and Pluto in order of their proximity to the sun; viewed from the constellation Hercules, all the planets rotate around the sun in a counterclockwise direction",
split,2k-b,1539,75,4.583,0.9945,B2,,0,v|n,splits|splitting,separate into parts or portions,divide the cake into three equal parts
hook,2k-b,1776,76,4.579,0.9976,B2,,0,v|n,hooked|hooking|hooks|unhook|unhooked|unhooking|unhooks,fasten with a hook,
incredible,2k-b,1871,77,4.577,0.9974,A2,,0,adj,incredibly,beyond belief or understanding,at incredible speed
sugar,2k-b,1609,78,4.577,0.9929,A1,,0,n,sugared|sugars|sugary|sugarless,a white crystalline carbohydrate used as a sweetener and preservative,
screw,2k-b,1857,79,4.574,0.9950,C1,,0,v|n,screwed|screwing|screws|unscrew|unscrewed|unscrewing|unscrews,have sexual intercourse with,Adam knew Eve
mail,2k-b,1601,80,4.566,0.9976,A2,,0,n|v,mailed|mailing|mailings|mails,the bags of letters and packages that are transported by the postal service,
spell,2k-b,1535,81,4.564,0.9976,A1,,0,v|n,misspell|misspelled|misspelling|misspellings|misspelt|spelled|spelling|spellings|spells|spelt,orally recite the letters of or give the spelling of,How do you spell this word?
ghost,2k-b,1844,82,4.563,1.0000,B1,,0,n,ghosted|ghosting|ghostlike|ghostly|ghosts,a mental representation of some haunting experience,he looked like he had seen a ghost
brilliant,2k-b,1634,83,4.554,1.0000,A2,,0,adj,brilliantly,of surpassing excellence,a brilliant performance
junior,2k-b,1680,84,4.553,0.9975,B2,,0,adj,jnr|jr|juniors,younger; lower in rank; shorter in length of tenure or service,
pocket,2k-b,1519,85,4.552,0.9925,A2,,0,n,pocketed|pocketful|pocketfuls|pocketing|pockets|pocketsful,a small pouch inside a garment for carrying small articles,
roof,2k-b,1507,86,4.552,0.9905,A2,,0,n,roofed|roofing|roofless|roofs|rooves,a protective covering that covers or forms the top of a building,
bless,2k-b,1808,87,4.544,0.9953,C1,,0,v,blessed|blessedly|blessedness|blesses|blessing|blessings|blest|unblessed,give a benediction to,The dying man blessed his son
suck,2k-b,1909,88,4.542,0.9975,C1,,0,v,sucked|sucking|sucks,draw into the mouth by creating a practical vacuum in the mouth,suck the poison from the place where the snake bit
fancy,2k-b,1713,89,4.542,0.9926,B1,,0,v|adj,fancied|fancier|fancies|fanciest|fanciful|fancifully|fancifulness|fancily|fanciness|fancying,imagine; conceive of; see in one's mind,I can't see him on horseback!
medicine,2k-b,1669,90,4.534,0.9926,A2,,0,n,medicinal|medicinally|medicines,the branches of medical science that deal with nonsurgical techniques,
mood,2k-b,1623,91,4.532,0.9974,B1,,0,n,moodily|moodiness|moods|moody,a characteristic (habitual or relatively temporary) state of feeling,whether he praised or cursed me depended on his temper at the time
stomach,2k-b,1731,92,4.529,0.9973,A2,,0,n,stomachs,an enlarged and muscular saclike organ of the alimentary canal; the principal organ of digestion,
buck,2k-b,1973,93,4.528,0.9923,C1,,0,n,bucked|bucking|bucks,a gymnastic horse without pommels and with one end elongated; used lengthwise for vaulting,
monkey,2k-b,1971,94,4.525,0.9975,A2,,0,n,monkeys,any of various long-tailed primates (excluding the prosimians),
jacket,2k-b,1686,95,4.524,0.9929,A1,,0,n,jacketed|jackets,a short coat,
toast,2k-b,1930,96,4.524,0.9923,,,0,n,toasted|toaster|toasters|toastier|toastiest|toasting|toasts|toasty|untoasted,slices of bread that have been toasted,
crack,2k-b,1626,97,4.516,1.0000,B2,,0,v|n,cracked|cracking|cracks,become fractured; break or crack on the surface only,The glass cracked when it was heated
chase,2k-b,1710,98,4.516,0.9921,B2,,0,v|n,chased|chaser|chasers|chases|chasing,go after with the intent to catch,The policeman chased the mugger down the alley
divorce,2k-b,1715,99,4.515,1.0000,B2,,0,n|v,divorced|divorcee|divorcees|divorces|divorcing,the legal dissolution of a marriage,
rat,2k-b,1788,100,4.513,0.9951,B2,,0,n,ratlike|rats|ratty,any of various long-tailed rodents similar to but larger than a mouse,
tiny,2k-b,1511,101,4.508,0.9974,B1,,0,adj,tinier|tiniest|tininess,very small,diminutive in stature
lesson,2k-b,1582,102,4.508,0.9948,A1,,0,n,lessons,a unit of instruction,he took driving lessons
harm,2k-b,1545,103,4.502,1.0000,B2,,0,n|v,harmed|harmful|harmfully|harmfulness|harming|harmless|harmlessly|harmlessness|harms|unharmed,any physical damage to the body caused by violence or accident or fracture etc.; the condition of an injury,
brave,2k-b,1799,104,4.501,0.9926,B1,,0,adj,braved|bravely|braveness|braver|bravery|braves|bravest|braving,possessing or displaying courage; able to face and deal with danger or fear without flinching,Familiarity with danger makes a brave man braver but less daring
rush,2k-b,1541,105,4.497,0.9977,B2,,0,v|n,rushed|rusher|rushers|rushes|rushing,move hurridly,He rushed down the hall to receive his guests
tongue,2k-b,1752,106,4.493,0.9975,B1,,0,n,tongued|tongues,a mobile mass of muscular tissue covered with mucous membrane and located in the oral cavity,
storm,2k-b,1631,107,4.489,1.0000,A2,,0,n,stormed|stormier|stormiest|stormily|storminess|storming|storms|stormy,a violent weather condition with winds 64-72 knots (11 on the Beaufort scale) and precipitation and thunder and lightning,
spare,2k-b,1648,108,4.489,0.9949,B2,,0,adj|v,spared|spares|sparing|sparingly|unsparing|unsparingly,thin and fit,the spare figure of a marathon runner
alarm,2k-b,1606,109,4.475,1.0000,B1,,0,n|v,alarmed|alarming|alarmingly|alarmist|alarmists|alarms,fear resulting from the awareness of danger,
fortune,2k-b,1732,110,4.473,0.9900,B2,,0,n,fortunes,an unknown and unpredictable phenomenon that causes an event to result one way rather than another,bad luck caused his downfall
punch,2k-b,1804,111,4.472,0.9949,C1,,0,n|v,punched|puncher|punchers|punches|punching,(boxing) a blow with the fist,I gave him a clout on his nose
chocolate,2k-b,1814,112,4.468,0.9975,A1,,0,n,choc|chocolates|chocolatey|chocs,a beverage made from cocoa powder and milk and sugar; usually drunk hot,
borrow,2k-b,1509,113,4.467,0.9952,A2,,0,v,borrowed|borrower|borrowers|borrowing|borrowings|borrows|unborrowed,get temporarily,May I borrow your lawn mower?
mate,2k-b,1619,114,4.466,0.9975,B2,,0,n|v,mated|mates|mateship|matey|mating|matings,the officer below the master on a commercial ship,
grade,2k-b,1598,115,4.466,0.9920,B1,,1,n|v,gradable|graded|grader|graders|grades|grading|gradings|regrade|regraded|regrades|regrading|ungraded,a body of students who are taught together,early morning classes are always sleepy
toilet,2k-b,1860,116,4.461,0.9922,A1,,0,n,toileted|toileting|toilets,a room or building equipped with one or more toilets,
dump,2k-b,1800,117,4.459,0.9977,B2,,0,v,dumped|dumper|dumpers|dumping|dumps,throw away as refuse,No dumping in these woods!
pie,2k-b,1911,118,4.458,0.9977,,,0,n,pies,dish baked in pastry-lined pan often with a pastry top,
crash,2k-b,1564,119,4.457,0.9949,B2,,0,n|v,crashed|crashes|crashing,a loud resonant repeating noise,he could hear the clang of distant bells
joy,2k-b,1662,120,4.455,1.0000,B2,,0,n,joyful|joyfully|joyfulness|joyless|joylessly|joyous|joyously|joyousness|joys,the emotion of great happiness,
ruin,2k-b,1757,121,4.455,1.0000,B2,,0,v|n,ruination|ruined|ruining|ruinous|ruinously|ruins,destroy completely; damage irreparably,You have ruined my car by pouring sugar in the tank!
pink,2k-b,1656,122,4.454,1.0000,A1,,0,adj|n,pinker|pinkest|pinkie|pinkies|pinkish|pinkly|pinkness|pinks|pinky,of a light shade of red,
wise,2k-b,1514,123,4.454,0.9975,B2,,0,adj,unwise|unwisely|wisdom|wisely|wiseness|wiser|wisest,having or prompted by wisdom or discernment,a wise leader
button,2k-b,1743,124,4.451,0.9975,A2,,0,n,buttoned|buttoning|buttons|unbutton|unbuttoned|unbuttoning|unbuttons,a round fastener sewn to shirts and coats etc. to fit through buttonholes,
decent,2k-b,1819,125,4.448,0.9972,B2,,0,adj,decently|indecent|indecently,socially or conventionally correct; refined or virtuous,from a decent family
desert,2k-b,1624,126,4.447,0.9922,A2,,0,n|v,deserted|deserter|deserters|deserting|desertion|desertions|deserts,arid land with little or no vegetation,
pride,2k-b,1741,127,4.442,0.9974,B2,,0,n,prided|prides|priding,a feeling of self-respect and personal worth,
dollar,2k-b,1641,128,4.441,0.9975,A1,,0,n,dollars,the basic monetary unit in many countries; equal to 100 cents,
tip,2k-b,1504,129,4.441,0.9878,A2,,0,n|v,tipped|tipper|tippers|tipping|tips,the extreme end of something; especially something pointed,
wire,2k-b,1646,130,4.439,0.9949,B2,,0,n,wired|wires|wiring|wirings,ligament made of metal and used to fasten things or make cages or fences etc,
clever,2k-b,1771,131,4.435,1.0000,A2,,0,adj,cleverer|cleverest|cleverly|cleverness,showing self-interest and shrewdness in dealing with others,a cagey lawyer
garage,2k-b,1834,132,4.435,0.9952,B1,,0,n,garaged|garages|garaging,an outbuilding (or part of a building) for housing automobiles,
giant,2k-b,1691,133,4.432,0.9950,B1,,0,adj|n,giantess|giantesses|giantism|giants,of great mass; huge and bulky,a jumbo jet
juice,2k-b,1855,134,4.429,0.9978,A1,,0,n,juices|juiced|juicing|juicier|juiciest|juicily|juiciness|juicy|juicer|juicers,the liquid part that can be extracted from plant or animal tissue by squeezing or cooking,
awake,2k-b,1824,135,4.426,0.9949,,,0,adj,awaken|awakened|awakening|awakenings|awakens|awakes|awoke|awoken|reawaken|reawakened|reawakening|reawakens,not in a state of sleep; completely conscious,lay awake thinking about his new job
cigarette,2k-b,1696,136,4.425,0.9960,A2,,0,n,cig|cigarettes|ciggies|ciggy|cigs,finely ground tobacco wrapped in paper; for smoking,
wound,2k-b,1537,137,4.423,0.9974,B2,,0,n|v,unwounded|wounded|wounding|wounds,an injury to living tissue (especially an injury involving a cut or break in the skin),
drag,2k-b,1683,138,4.422,0.9953,B2,,0,v,dragged|dragging|drags,"pull, as against a resistance",He dragged the big suitcase behind him
scream,2k-b,1663,139,4.422,0.9933,B2,,0,v|n,screamed|screamer|screamers|screaming|screams,utter a sudden loud cry,she cried with pain when the doctor inserted the needle
sword,2k-b,1893,140,4.418,0.9976,C1,,0,n,swords,a cutting or thrusting weapon that has a long metal blade and a hilt with a hand guard,
super,2k-b,1810,141,4.418,0.9975,B2,,0,adj,,of the highest quality,an ace reporter
curious,2k-b,1610,142,4.418,0.9974,B2,,0,adj,curiosities|curiosity|curiously|incurious,beyond or deviating from the usual or expected,a curious hybrid accent
swing,2k-b,1532,143,4.414,0.9912,C1,,0,v|n,swinging|swings|swung|swinger|swingers,"move in a curve or arc, usually with the intent of hitting",He swung his left fist
bike,2k-b,1801,144,4.413,0.9954,A1,,0,n,biked|biker|bikers|bikes|biking,a motor vehicle with two wheels and a strong frame,
taxi,2k-b,1839,145,4.412,0.9871,A1,,0,n,taxied|taxiing|taxis,a car driven by a person whose job is to take passengers where they want to go in exchange for money,
navy,2k-b,1675,146,4.409,0.9955,C1,,0,adj,naval|navies,an organization of military vessels belonging to a country and available for sea warfare,
desperate,2k-b,1550,147,4.409,0.9873,B2,,0,adj,desperately|desperation,arising from or marked by despair or loss of hope,a despairing view of the world situation
tank,2k-b,1531,148,4.408,0.9977,B2,,0,n,antitank|tankful|tankless|tanks,an enclosed armored military vehicle; has a cannon and moves on caterpillar treads,
hire,2k-b,1671,149,4.407,0.9977,B1,,0,v|n,hired|hirer|hirers|hires|hiring,engage or hire for work,They hired two new secretaries in the department
golf,2k-b,1586,150,4.407,0.9950,A2,,0,n,golfer|golfers|golfing,a game played on a large open course with 9 or 18 holes; the object is use as few strokes as possible in playing all the holes,
cow,2k-b,1782,151,4.406,0.9974,A1,,0,n,cows,female of domestic cattle:,
dawn,2k-b,1756,152,4.406,0.9929,C1,,0,n,dawned|dawning|dawns,the first light of day,we got up before dawn
soup,2k-b,1935,153,4.401,0.9976,A1,,0,n,soups|soupy,liquid food especially of meat or fish or vegetable stock often containing pieces of solid food,
valley,2k-b,1501,154,4.398,0.9840,A2,,0,n,valleys,a long depression in the surface of the land that usually contains a river,
piano,2k-b,1811,155,4.395,0.9952,A1,,0,n,pianist|pianists|pianos,a keyboard instrument that is played by depressing keys that cause hammers to strike tuned strings and produce sounds,
doll,2k-b,1895,156,4.394,1.0000,,,0,n,dollies|dolls|dolly,a small replica of a person; used as a toy,
duck,2k-b,1775,157,4.394,0.9922,,,0,n,ducked|ducking|duckling|ducklings|ducks,small wild or domesticated web-footed broad-billed swimming bird usually having a depressed body and short legs,
pen,2k-b,1735,158,4.393,1.0000,A1,,0,n,penned|penning|pens,a writing implement with a point from which ink flows,
poison,2k-b,1774,159,4.390,0.9955,B1,,0,n|v,poisoned|poisoner|poisoners|poisoning|poisonous|poisonously|poisons,any substance that causes injury or illness or death of a living organism,
belt,2k-b,1750,160,4.386,1.0000,A2,,0,n,belted|belting|belts|unbelted,endless loop of flexible material between two rotating shafts or pulleys,
thief,2k-b,1894,161,4.385,0.9972,A2,,0,n,thieve|thieved|thieves|thieving|thievery|thievish,a criminal who takes property belonging to someone else with the intention of keeping it or selling it,
bay,2k-b,1655,162,4.384,0.9977,C1,,0,n,bays,an indentation of a shoreline larger than a cove but smaller than a gulf,
mirror,2k-b,1543,163,4.383,1.0000,A2,,0,n,mirrored|mirroring|mirrors,polished surface that forms images by reflecting light,
dozen,2k-b,1670,164,4.382,0.9974,B2,,0,n|det,dozens,the cardinal number that is the sum of eleven and one,
gorgeous,2k-b,1998,165,4.381,0.9949,B2,,0,adj,gorgeously|gorgeousness,dazzlingly beautiful,a gorgeous Victorian gown
trap,2k-b,1615,166,4.377,0.9971,B2,,0,v|n,trapped|trapper|trappers|trapping|traps,place in a confining or embarrassing position,He was trapped in a difficult situation
dust,2k-b,1612,167,4.377,0.9873,B1,,0,n,dusted|duster|dusters|dustier|dustiest|dustiness|dusting|dustless|dusts|dusty,fine powdery material such as dry earth or pollen that can be blown about in the air,the furniture was covered with dust
stairs,2k-b,1665,168,4.376,1.0000,A2,,0,n,stair,a flight of stairs or a flight of steps,
deck,2k-b,1897,169,4.376,0.9976,B2,,0,n,decking|decks,any of various platforms built into a vessel,
aside,2k-b,1642,170,4.376,0.9873,B2,,0,adv,asides,on or to one side,step aside
apple,2k-b,1676,171,4.374,1.0000,A1,,0,n,apples,fruit with red or yellow or green skin and sweet to tart crisp whitish flesh,
pity,2k-b,1798,172,4.371,0.9975,B2,,0,n,piteous|piteously|piteousness|pitiable|pitiably|pitied|pities|pitiful|pitifully|pitiless|pitilessly|pitying|unpitied,a feeling of sympathy and sorrow for the misfortunes of others,the blind are too often objects of pity
rob,2k-b,1672,173,4.367,0.9953,B2,,0,v,robbed|robber|robberies|robbers|robbery|robbing|robs,take something away by force or without the consent of the owner,The burglars robbed him of all his money
mystery,2k-b,1602,174,4.361,0.9975,B1,,0,n,mysteries|mysterious|mysteriously,something that baffles understanding and cannot be explained,how it got out is a mystery
nerve,2k-b,1779,175,4.361,0.9946,B2,,0,n,nerveless|nerves|nervily,any bundle of nerve fibers running to various organs and tissues of the body,
tower,2k-b,1538,176,4.359,0.9975,A2,,0,n,towered|towering|towers,a structure taller than its diameter; can stand alone or be attached to a larger building,
steady,2k-b,1524,177,4.356,0.9950,B2,,0,adj,steadied|steadier|steadies|steadiest|steadily|steadiness|steadying|unsteadily|unsteadiness|unsteady,not subject to change or variation especially in behavior,a steady beat
rope,2k-b,1832,178,4.356,0.9930,B1,,0,n,roped|ropes|roping,a strong line,
nasty,2k-b,1866,179,4.353,0.9954,B2,,0,adj,nastier|nasties|nastiest|nastily|nastiness,offensive or even (of persons) malicious,in a nasty mood
snake,2k-b,1938,180,4.349,0.9934,A1,,0,n,snaked|snakes|snaking|snaky,limbless scaly elongate reptile; some are venomous,
rude,2k-b,1963,181,4.343,0.9808,A2,,0,adj,rudely|rudeness|ruder|rudest,socially incorrect in behavior,resentment flared at such an unmannered intrusion
sandwich,2k-b,1868,182,4.341,0.9872,A1,,0,n,sandwiched|sandwiches|sandwiching,two (or more) slices of bread with a filling between them,
plain,2k-b,1540,183,4.339,0.9977,B2,,0,adj,plainer|plainest|plainly|plainness,clearly revealed to the mind or the senses or judgment,the effects of the drought are apparent to anyone who sees the parched fields
panic,2k-b,1805,184,4.339,0.9975,B2,,0,n,panick|panicked|panickier|panickiest|panicking|panicky|panics,an overwhelming feeling of fear and anxiety,
boom,2k-b,1836,185,4.338,0.9975,C1,,0,n,boomed|booming|booms,a deep prolonged loud noise,
cable,2k-b,1770,186,4.337,0.9951,B2,,0,n,cabled|cabler|cablers|cables|cabling|cablings,a telegram sent abroad,
fox,2k-b,1749,187,4.334,0.9951,,,0,name,foxed|foxes|foxier|foxiest|foxily|foxiness|foxy,alert carnivorous mammal with pointed muzzle and ears and a bushy tail; most are predators that do not hunt in packs,
cliff,2k-b,1802,188,4.334,0.9947,B2,,0,n,cliffs,a steep high face of rock,he stood on a high cliff overlooking the town
glory,2k-b,1707,189,4.332,0.9975,C1,,0,n,gloried|glories|glorification|glorifications|glorified|glorifies|glorify|glorifying|glorious|gloriously|glorying|inglorious,a state of high honor,he valued glory above life itself
bowl,2k-b,1720,190,4.331,0.9978,A2,,0,n,bowls,a round vessel that is open at the top; used chiefly for holding grains or liquids,
creature,2k-b,1651,191,4.330,0.9861,B2,,0,n,creatures,a living organism characterized by voluntary movement,
shadow,2k-b,1520,192,4.326,0.9954,B2,,0,n,shadowed|shadowing|shadows|shadowy,shade within clear boundaries,
pleasant,2k-b,1571,193,4.322,0.9920,B1,,0,adj,pleasanter|pleasantly|pleasantness|pleasantries|pleasantry|unpleasant|unpleasantly|unpleasantness|unpleasantnesses,affording pleasure; being in harmony with your taste or likings,we had a pleasant evening together
bug,2k-b,1988,194,4.321,0.9932,B2,,0,n,bugged|bugging|bugs,general term for any insect or similar creeping or crawling invertebrate,
cure,2k-b,1797,195,4.319,1.0000,B2,,0,v|n,curable|curative|cured|cures|curing|incurable|incurably,"provide a cure for, make healthy again",The treatment cured the boy's acne
shine,2k-b,1660,196,4.315,0.9951,B1,,0,v,shined|shines|shininess|shining|shiny|shone,be bright by reflecting or casting light,Drive carefully — the wet road reflects
bury,2k-b,1565,197,4.315,0.9695,B1,,0,v,burial|burials|buried|buries|burying|unburied,cover from sight,Afghani women buried under their burkas
bat,2k-b,1827,198,4.314,0.9932,B2,,0,n|v,bats|batted|batter|batters|batting,nocturnal mouselike mammal with forelimbs modified to form membranous wings and anatomical adaptations for echolocation by which they navigate,
butter,2k-b,1817,199,4.310,1.0000,A1,,0,n,buttered|buttering|butters|buttery|unbuttered,an edible emulsion of fat globules made by churning milk or cream; for cooking and table use,
cage,2k-b,1929,200,4.307,1.0000,,,0,n,caged|cages|caging,an enclosure made or wire or metal bars in which birds or animals can be kept,
wolf,2k-b,1913,201,4.307,0.9975,,,0,n,wolfish|wolfishly|wolves,any of various predatory carnivorous canine mammals of North America and Eurasia that usually hunt in packs,
bow,2k-b,1747,202,4.307,0.9929,C1,,0,v|n,bowed|bowing|bows|unbowed,"bend one's knee or body, or lower one's head",He bowed before the King
pet,2k-b,1876,203,4.305,1.0000,A2,,0,n,pets,a domesticated animal kept for companionship or amusement,
rip,2k-b,1928,204,4.304,0.9974,C1,,0,v,ripped|ripping|rips,tear or be torn violently,The curtain ripped from top to bottom
bang,2k-b,1838,205,4.300,0.9953,,,0,v,banged|banging|bangings|bangs,strike violently,slam the ball
shore,2k-b,1818,206,4.298,0.9949,B2,,0,n,shores,the land along the edge of a body of water,
mask,2k-b,1806,207,4.297,0.9955,C1,,0,n,masked|masking|masks|unmask|unmasked|unmasking|unmasks,a covering to disguise or conceal the face,
trunk,2k-b,1967,208,4.297,0.9884,,,0,n,trunks,the main stem of a tree; usually covered with bark; the bole is usually the part that is commercially useful for lumber,
beef,2k-b,1912,209,4.294,0.9877,A2,,0,n,beefy,cattle that are reared for their meat,
solid,2k-b,1579,210,4.291,0.9950,B1,,0,adj|n,solidification|solidified|solidifies|solidify|solidifying|solidities|solidity|solidly|solids|solidness,characterized by good substantial quality,solid comfort
salt,2k-b,1632,211,4.290,0.9899,A1,,0,n,salted|saltier|saltiest|salting|salts|salty|unsalted|saltiness,a compound formed by replacing hydrogen in an acid by a metal (or a radical that acts like a metal),
frankly,2k-b,1975,212,4.289,0.9946,C1,,0,adv,franker|frankest|frankness,(used as intensives reflecting the speaker's attitude) it is sincerely the case that,"honestly, I don't believe it"
anger,2k-b,1617,213,4.288,0.9945,B2,,0,n,angered|angering|angers,a strong emotion; a feeling that is oriented toward some real or supposed grievance,
trace,2k-b,1570,214,4.287,0.9974,B2,,1,v|n,traceable|traced|traces|tracing|untraceable,"follow, discover, or ascertain the course of development of something",We must follow closely the economic development is Cuba
pipe,2k-b,1599,215,4.287,0.9898,B1,,0,n,piped|pipes|piping|pipings,a tube with a small bowl at one end; used for smoking tobacco,
dragon,2k-b,1955,216,4.285,0.9977,,,0,n,dragons,a creature of Teutonic mythology; usually represented as breathing fire and having a reptilian body and sometimes wings,
mouse,2k-b,1734,217,4.281,0.9975,A1,,0,n,mice|mousey|mousy,any of numerous small rodents typically resembling diminutive rats having pointed snouts and small ears on elongated bodies with slender usually hairless tails,
scratch,2k-b,1861,218,4.275,0.9946,B2,,0,v|n,scratched|scratches|scratchiness|scratching|scratchings|scratchy|unscratched,cause friction,my sweater scratches
plastic,2k-b,1585,219,4.273,0.9975,A2,,0,n|adj,plasticity|plastics,generic name for certain synthetic or semisynthetic materials that can be molded or extruded into objects or films or filaments or used for making e.g. coatings and adhesives,
cap,2k-b,1657,220,4.273,0.9951,B1,,0,n,capped|capping|cappings|caps|uncapped,a tight-fitting headdress,
interrupt,2k-b,1727,221,4.272,0.9976,B2,,0,v,interrupted|interrupting|interruption|interruptions|interrupts|uninterrupted|uninterruptedly,make a break in,We interrupt the program for the following messages
cheer,2k-b,1603,222,4.271,0.9953,B2,,0,v|n,cheered|cheerful|cheerfully|cheerfulness|cheerier|cheeriest|cheerily|cheeriness|cheering|cheerless|cheerlessly|cheerlessness|cheers|cheery,give encouragement to,
nail,2k-b,1821,223,4.270,0.9951,B1,,0,n,nailed|nailing|nails,horny plate covering and protecting part of the dorsal surface of the digits,
steel,2k-b,1575,224,4.266,0.9950,B2,,0,n,steeled|steeling|steels|steely,an alloy of iron with small amounts of carbon; widely used in construction; mechanical properties can be varied over a wide range,
slave,2k-b,1766,225,4.265,0.9976,B2,,0,n,antislavery|slaved|slavery|slaves|slaving|slavish|slavishly,a person who is owned by someone,
yell,2k-b,1957,226,4.265,0.9948,C1,,0,v,yelled|yelling|yells,utter a sudden loud cry,she cried with pain when the doctor inserted the needle
cruel,2k-b,1820,227,4.264,1.0000,B1,,0,adj,crueller|cruellest|cruelly|cruelness|cruelties|cruelty,(of persons or their actions) able or disposed to inflict pain or suffering,a barbarous crime
smooth,2k-b,1517,228,4.262,0.9952,B1,,0,adj,smoothed|smoother|smoothest|smoothing|smoothly|smoothness|smoothnesses|smooths,having a surface free from roughness or bumps or ridges or irregularities,smooth skin
saint,2k-b,1786,229,4.253,0.9949,C1,,0,n,sainthood|sainthoods|saintliness|saintly|saints,a person who has died and has been declared a saint by canonization,
slide,2k-b,1549,230,4.251,1.0000,B2,,0,v|n,slid|slider|sliders|slides|sliding,"move obliquely or sideways, usually in an uncontrolled manner",the wheels skidded against the sidewalk
wrap,2k-b,1703,231,4.250,0.9976,B2,,0,v,unwrap|unwrapped|unwrapping|unwraps|wrapped|wrapper|wrappers|wrapping|wrappings|wraps,arrange or fold as a cover or protection,wrap the baby before taking her out
cheat,2k-b,1969,232,4.247,0.9923,B1,,0,v|n,cheated|cheater|cheaters|cheating|cheats,deprive somebody of something by deceit,The con-man beat me out of $50
clue,2k-b,1870,233,4.246,1.0000,B1,,0,n,clueless|clues,a slight indication,
tent,2k-b,1919,234,4.243,0.9953,B1,,0,n,tented|tents,a portable shelter (usually of canvas stretched over supporting poles and fastened to the ground with ropes and pegs),he pitched his tent near the creek
flag,2k-b,1859,235,4.243,0.9813,B1,,0,n,flags,emblem usually consisting of a rectangular piece of cloth of distinctive design,
patch,2k-b,1765,236,4.241,0.9975,C1,,0,n,patched|patches|patching,a small contrasting part of something,a bald spot
snap,2k-b,1719,237,4.240,0.9974,C1,,0,v,snapped|snapper|snappers|snapping|snaps,"utter in an angry, sharp, or abrupt tone",The sales clerk snapped a reply at the angry customer
salad,2k-b,1943,238,4.231,1.0000,A1,,0,n,salads,food mixtures either arranged on a plate or tossed and served with a moist dressing; usually consisting of or including greens,
sink,2k-b,1542,239,4.228,0.9930,B1,,0,v,sank|sinkable|sinker|sinkers|sinking|sinks|sunk|sunken|unsinkable,fall or descend to a lower place or level,He sank to his knees
wipe,2k-b,1789,240,4.227,0.9976,C1,,0,v,unwiped|wiped|wiper|wipers|wipes|wiping,rub with a circular motion,wipe the blackboard
toy,2k-b,1828,241,4.226,0.9976,A2,,0,n|adj,toyed|toying|toys,an artifact designed to be played with,
fairy,2k-b,1965,242,4.222,1.0000,,,0,n,faerie|faeries|fairies,"a small being, human in form, playful and having magical powers",
violent,2k-b,1678,243,4.222,0.9977,B1,,0,adj,nonviolent|nonviolently|violently,acting with or marked by or resulting from great force or energy or emotional intensity,a violent attack
alcohol,2k-b,1580,244,4.219,0.9976,B1,,0,n,alcoholic|alcoholics|alcoholism|alcohols,a liquor or brew containing alcohol as the active agent,alcohol (or drink) ruined him
pin,2k-b,1726,245,4.214,0.9951,B1,,0,n|v,pinned|pinning|pins|unpinned,a piece of jewelry that is pinned onto the wearer's garment,
chat,2k-b,1822,246,4.211,0.9947,A2,,0,v|n,chats|chatted|chatting|chatty|chattiness,talk socially without exchanging too much information,the men were sitting in the cafe and shooting the breeze
steak,2k-b,1995,247,4.210,0.9948,,,0,n,steaks,a slice of meat cut from the fleshy part of an animal or large fish,
fence,2k-b,1754,248,4.206,0.9953,B1,,0,n,fenced|fences|fencing|unfenced|fencer|fencers,a barrier that serves to enclose an area,
gear,2k-b,1725,249,4.204,0.9946,C1,,0,n,geared|gearing|gearings|gearless|gears,a toothed wheel that engages another toothed mechanism in order to change the speed or direction of transmitted motion,
forth,2k-b,1849,250,4.198,0.9928,C1,,0,adv,,from a particular thing or place or position (‘forth’ is obsolete),ran away from the lion
strip,2k-b,1595,251,4.195,0.9974,C1,,0,n|v,stripped|stripper|strippers|stripping|strips,a relatively long narrow piece of something,he felt a flat strip of muscle
nut,2k-b,1910,252,4.194,0.9951,A2,,0,n,nuts,usually large hard-shelled seed,
tune,2k-b,1730,253,4.193,1.0000,B2,,0,n,tuned|tuneful|tunefully|tuneless|tunelessly|tuner|tuners|tunes|tuning,a succession of notes forming a distinctive sequence,she was humming an air from Beethoven
sauce,2k-b,1908,254,4.193,0.9975,A2,,0,n,sauces,flavorful relish or dressing or topping served as an accompaniment to food,
charm,2k-b,1704,255,4.192,0.9853,C1,,0,n,charmed|charmer|charmers|charming|charmingly|charmless|charms,attractiveness that interests or pleases or stimulates,his smile was part of his appeal to her
pitch,2k-b,1589,256,4.191,0.9973,B2,,0,n,pitched|pitcher|pitchers|pitches|pitching,the property of sound that varies with variation in the frequency of vibration,
whistle,2k-b,1907,257,4.189,0.9949,,,0,n,whistled|whistler|whistlers|whistles|whistling,the sound made by something moving rapidly or by steam coming out of a small aperture,
rub,2k-b,1840,258,4.189,0.9907,B2,,0,v,rubbed|rubbing|rubs,move over something with pressure,rub my hands
flash,2k-b,1712,259,4.186,1.0000,B2,,0,n|v,flashed|flasher|flashers|flashes|flashing,a sudden intense burst of radiant energy,
lion,2k-b,1845,260,4.186,0.9976,A1,,0,n,lioness|lionesses|lions,large gregarious predatory feline of Africa and India having a tawny coat with a shaggy mane in the male,
privacy,2k-b,1977,261,4.181,0.9977,B2,,0,n,,the quality of being secluded from the presence or view of others,
pour,2k-b,1636,262,4.179,0.9935,B1,,0,v,poured|pouring|pours,cause to run,pour water over the floor
furniture,2k-b,1692,263,4.178,0.9978,A2,,0,n,,furnishings that make a room or other area ready for occupancy,they had too much furniture for the small apartment
bend,2k-b,1554,264,4.178,0.9952,B1,,0,v|n,bendable|bended|bending|bends|bendy|bent|unbend|unbending|unbends|unbent,form a curve,The stick does not bend
rice,2k-b,1901,265,4.178,0.9945,A1,,0,n,rices,grains used as food either unpolished or more often polished,
sore,2k-b,1961,266,4.176,0.9973,,,0,adj,sorely|soreness|sorer|sores|sorest,hurting,the tender spot on his jaw
mud,2k-b,1784,267,4.171,0.9976,B1,,0,n,muddied|muddiness|muddy|muds,water soaked soil; soft wet earth,
seal,2k-b,1664,268,4.169,0.9950,C1,,0,v|n,reseal|resealed|resealing|reseals|sealant|sealants|sealed|sealer|sealers|sealing|seals|unsealed|unseal,make tight; secure against leakage,seal the windows
tap,2k-b,1616,269,4.169,0.9918,B2,,0,v|n,tapped|tapper|tappers|tapping|taps|untapped,cut a female screw thread with a tap,
ace,2k-b,1858,270,4.168,0.9922,,,0,n,aced|aces|acing,the smallest whole number or a numeral representing this number,he has the one but will need a two and three to go with it
knee,2k-b,1563,271,4.167,0.9977,A2,,0,n,kneed|kneeing|knees,hinge joint in the human leg connecting the tibia and fibula with the femur and protected in front by the patella,
spin,2k-b,1694,272,4.165,0.9907,C1,,0,v|n,spinner|spinners|spinning|spins|spun,revolve quickly and repeatedly around one's own axis,The dervishes whirl around and around without getting dizzy
port,2k-b,1527,273,4.162,0.9974,B1,,0,n,ported|ports,a place (seaport or airport) where people and merchandise can enter or leave a country,
habit,2k-b,1647,274,4.160,1.0000,A2,,0,n,habits,an established custom,it was their habit to dine at 7 every evening
awkward,2k-b,1873,275,4.156,0.9856,B2,,0,adj,awkwardly|awkwardness|awkwardnesses,causing inconvenience,they arrived at an awkward time
flip,2k-b,1989,276,4.155,0.9975,,,0,v,flipped|flipping|flips,lightly throw to see which side comes up,I don't know what to do — I may as well flip a coin!
cotton,2k-b,1803,277,4.152,1.0000,B1,,0,n,cottons,soft silky fibers from cotton plants in their raw state,
brush,2k-b,1635,278,4.151,1.0000,A2,,0,v|n,brushed|brushes|brushing|unbrushed,"rub with a brush, or as if with a brush",Johnson brushed the hairs from his jacket
towel,2k-b,1947,279,4.151,0.9974,A2,,0,n,towelette|towelettes|towelling|toweling|towels,a rectangular piece of absorbent cloth (or paper) for drying or wiping,
admire,2k-b,1584,280,4.151,0.9954,B1,,0,v,admirable|admirably|admiration|admired|admirer|admirers|admires|admiring|admiringly,feel admiration for,
anxious,2k-b,1677,281,4.149,0.9897,B2,,0,adj,anxiously,eagerly desirous,anxious to see the new show at the museum
brand,2k-b,1688,282,4.145,1.0000,B1,,0,n|v,branded|branding|brands,a name given to a product or service,
blonde,2k-b,1916,283,4.144,1.0000,A1,,0,adj,blond|blonder|blondes|blondest|blondness|blondy,being or having light colored skin and hair and usually blue or grey eyes,blond Scandinavians
polite,2k-b,1856,284,4.144,0.9923,A2,,0,adj,impolite|impolitely|impoliteness|politely|politeness|politenesses|politer|politest,"showing regard for others in manners, speech, behavior, etc.",
counter,2k-b,1546,285,4.143,0.9976,B2,,0,n|v,countered|countering|counters,table consisting of a horizontal surface over which business is transacted,
shave,2k-b,1954,286,4.139,0.9906,,,0,v,shaved|shaven|shaver|shavers|shaves|shaving|shavings|unshaven,remove body hair with a razor,
poem,2k-b,1625,287,4.135,0.9972,B1,,0,n,poems,a composition written in metrical feet forming rhythmical lines,
chop,2k-b,1850,288,4.134,1.0000,B2,,0,v,chopped|chopper|choppers|chopping|chops,cut into pieces with repeated blows,Chop wood
muscle,2k-b,1630,289,4.134,0.9898,B1,,0,n,muscled|muscles|muscling,one of the contractile organs of the body,
jam,2k-b,1896,290,4.131,0.9948,A2,,0,n,jammed|jamming|jams,preserve of crushed fruit,
steam,2k-b,1654,291,4.129,1.0000,B2,,0,n,steamed|steaming|steams|steamy,water at boiling temperature diffused in the atmosphere,
sheep,2k-b,1728,292,4.128,0.9975,A1,,0,n,,woolly usually horned ruminant mammal related to the goat,
adventure,2k-b,1711,293,4.128,0.9973,A2,,0,n,adventured|adventurer|adventurers|adventures|adventuring|adventurism|adventurous|misadventure|misadventures|adventuresome|adventuress|adventurously,a wild and exciting undertaking (not necessarily lawful),
exam,2k-b,1920,294,4.128,0.9897,A1,,0,n,exams,a set of questions or exercises evaluating skill or knowledge,when the test was stolen the professor had to make a new set of questions
wicked,2k-b,1950,295,4.124,0.9949,,,0,adj,wickeder|wickedest|wickedly|wickedness,morally bad in principle or practice,
shell,2k-b,1652,296,4.121,0.9950,B1,,0,n,shelled|shelling|shells|unshelled,ammunition consisting of a cylindrical metal casing containing an explosive charge and a projectile; fired from a large gun,
shove,2k-b,1991,297,4.121,0.9902,,,0,v,shoved|shoves|shoving,come into rough contact with while moving,The passengers jostled each other in the overcrowded train
pile,2k-b,1702,298,4.120,0.9975,B2,,0,n|v,piled|piles|piling|pilings,a collection of objects laid on top of each other,
basket,2k-b,1890,299,4.120,0.9950,B2,,0,n,basketful|basketry|baskets|basketsful,a container that is usually woven and has handles,
whip,2k-b,1885,300,4.119,0.9952,C1,,0,v,whipped|whipping|whips,beat severely with a whip or rod,The teacher often flogged the students
stroke,2k-b,1709,301,4.117,0.9930,B2,,0,n,stroked|strokes|stroking,(sports) the act of swinging or striking at a ball with a club or racket or bat or cue or hand,it took two strokes to get out of the bunker
drawer,2k-b,1924,302,4.114,0.9909,,,0,n,drawers,a boxlike container in a piece of furniture; made so as to slide in and out,
blanket,2k-b,1905,303,4.113,0.9977,B2,,0,n,blanketed|blanketing|blankets,bedding that keeps a person warm in bed,he pulled the covers over his head and went to sleep
lamp,2k-b,1846,304,4.110,0.9976,A2,,0,n,lamps,an artificial source of visible illumination,
dive,2k-b,1796,305,4.108,0.9925,B2,,0,v|n,diveable|dived|diver|divers|dives|diving,drop steeply,the stock market plunged
swallow,2k-b,1793,306,4.105,0.9940,B2,,0,v,swallowed|swallowing|swallows,pass through the esophagus as part of eating or drinking,Swallow the raw fish — it won't kill you!
empire,2k-b,1649,307,4.103,0.9973,B2,,0,n,empires,the domain ruled by an emperor or empress; the region over which imperial dominion is exercised,
string,2k-b,1534,308,4.103,0.9902,B1,,0,n,stringed|stringing|strings|stringy|strung,a lightweight cord,
toe,2k-b,1874,309,4.103,0.9902,B1,,0,n,toed|toeing|toes,one of the digits of the foot,
pump,2k-b,1761,310,4.102,0.9976,C1,,0,v|n,pumped|pumper|pumpers|pumping|pumps,"operate like a pump; move up and down, like a handle or a pedal",pump the gas pedal
twist,2k-b,1690,311,4.101,0.9977,C1,,0,v|n,twisted|twister|twisters|twisting|twistings|twists|twisty|untwisted,"to move in a twisting or contorted motion, (especially when struggling)",The prisoner writhed in discomfort
pole,2k-b,1777,312,4.100,0.9930,C1,,0,n,poles,a long (usually round) rod of wood or metal or plastic,
complain,2k-b,1600,313,4.099,1.0000,A2,,0,v,complained|complaining|complains|uncomplaining|complainer|complainers,"express complaints, discontent, displeasure, or unhappiness",My mother complains all day
battery,2k-b,1854,314,4.094,0.9976,B1,,0,n,batteries,group of guns or missile launchers operated together at one place,
inch,2k-b,1530,315,4.093,1.0000,B2,,0,n,inched|inches|inching,a unit of length equal to one twelfth of a foot,
bump,2k-b,1902,316,4.092,0.9976,,,0,n,bumped|bumper|bumpers|bumping|bumps|bumpy|bumpier|bumpiest|bumpiness,a lump on the body caused by a blow,
lawn,2k-b,1945,317,4.092,0.9951,C1,,0,n,lawns,a field of cultivated and mowed grass,
purple,2k-b,1934,318,4.091,0.9975,A1,,0,adj|n,purples|purplish,of a color intermediate between red and blue,
pan,2k-b,1785,319,4.090,0.9870,B1,,0,n,pans,cooking utensil consisting of a wide metal vessel,
handy,2k-b,1983,320,4.087,0.9927,C1,,0,adj,handier|handiest|handily|handiness,easy to reach,found a handy spot for the can opener
accent,2k-b,1881,321,4.086,0.9873,B2,,0,n,accented|accenting|accents|unaccented,distinctive manner of oral expression,he couldn't suppress his contemptuous accent
crawl,2k-b,1952,322,4.081,0.9976,C1,,0,v,crawled|crawler|crawlers|crawlies|crawling|crawls|crawly,move slowly; in the case of people or animals with the body near the ground,The crocodile was crawling along the riverbed
tale,2k-b,1673,323,4.079,0.9909,B2,,0,n,tales,a message that tells the particulars of an act or occurrence or course of events; presented in writing or drama or cinema or as a radio or television program,his narrative was interesting
log,2k-b,1791,324,4.078,1.0000,C1,,0,n|v,logged|logger|loggers|logging|loggings|logs,a segment of the trunk of a tree when stripped of branches,
bacon,2k-b,1939,325,4.074,0.9951,,,0,n,bacons,back and sides of a hog salted and dried or smoked; usually sliced thin and fried,
frog,2k-b,1974,326,4.073,0.9973,A2,,0,n,froggies|froggy|froglike|frogs,any of various tailless stout-bodied amphibians with long hind limbs for leaping; semiaquatic and terrestrial species,
weed,2k-b,1937,327,4.071,0.9975,C1,,0,n,weeded|weedier|weediest|weeding|weedless|weeds|weedy|weeder|weeders,any plant that crowds out cultivated plants,
cloud,2k-b,1583,328,4.070,0.9976,A2,,0,n,clouded|clouding|cloudless|clouds|cloudy|unclouded,"any collection of particles (e.g., smoke or dust) or gases that is visible",
reckon,2k-b,1613,329,4.068,0.9692,B2,,0,v,reckoned|reckoning|reckonings|reckons,"expect, believe, or suppose",I imagine she earned a lot of money with her new novel
shelter,2k-b,1781,330,4.067,0.9975,B2,,0,n|v,sheltered|sheltering|shelters|unsheltered,a structure that provides privacy and protection from danger,
lend,2k-b,1548,331,4.067,0.9952,A2,,0,v,lender|lenders|lending|lends|lent,bestow a quality on,Her presence lends a certain cachet to the company
carpet,2k-b,1674,332,4.066,1.0000,A2,,0,n,carpeted|carpeting|carpets|uncarpeted,floor covering consisting of a piece of thick heavy fabric (usually with nap or pile),
spoil,2k-b,1853,333,4.066,0.9912,B2,,0,v,spoiled|spoiler|spoilers|spoiling|spoils|spoilt|unspoiled|unspoilt|spoilage,"make a mess of, destroy or ruin",I botched the dinner and we had to eat out
dish,2k-b,1721,334,4.059,1.0000,A1,,0,n,dished|dishes|dishing,a piece of dishware normally used as a container for holding or serving food,we gave them a set of dishes for a wedding present
elephant,2k-b,1925,335,4.056,0.9974,A1,,0,n,elephants,five-toed pachyderm,
potato,2k-b,1809,336,4.053,0.9945,A1,,0,n,potatoes,an edible tuber native to South America; a staple food of Ireland,
creep,2k-b,1862,337,4.051,0.9950,C1,,0,v,creeper|creepers|creeping|creeps|creepy|crept,move slowly; in the case of people or animals with the body near the ground,The crocodile was crawling along the riverbed
boot,2k-b,1552,338,4.047,0.9974,A1,,0,n,booted|booting|boots,footwear that covers the whole foot and lower leg,
bitter,2k-b,1607,339,4.047,0.9973,B2,,0,adj,bitterer|bitterest|bitterly|bitterness,marked by strong resentment or cynicism,an acrimonious dispute
disturb,2k-b,1510,340,4.045,0.9972,B2,,0,v,disturbance|disturbances|disturbed|disturbing|disturbingly|disturbs|undisturbed,move deeply,This book upset me
nest,2k-b,1813,341,4.045,0.9951,C1,,0,n,nested|nesting|nests,a structure in which animals lay eggs or give birth to their young,
shed,2k-b,1763,342,4.041,0.9904,C1,,0,v,shedding|sheds,to remove,he shed his image as a pushy boss
fetch,2k-b,1875,343,4.040,0.9902,,,0,v,fetched|fetches|fetching|fetchingly,go or come after and bring or take back,"Get me those books over there, please"
instant,2k-b,1644,344,4.033,0.9952,B2,,0,adj,instantaneous|instantaneously|instantly|instants,occurring with no delay,relief was instantaneous
banana,2k-b,1980,345,4.031,0.9949,A1,,0,n,bananas,any of several tropical and subtropical treelike herbs of the genus Musa having a terminal crown of large entire leaves and usually bearing hanging clusters of elongated fruits,
salary,2k-b,1724,346,4.031,0.9900,A2,,0,n,salaried|salaries|salarys,something that remunerates,wages were paid by cash
lamb,2k-b,1841,347,4.027,0.9956,,,0,n,lambed|lambing|lambs,young sheep,
kindly,2k-b,1795,348,4.023,0.9976,,,0,adv,kinder|kindest|kindliness|kindlinesses|kindness|kindnesses|unkind|unkindest|unkindly|unkindness,in a kind manner or out of kindness,He spoke kindly to the boy
twin,2k-b,1708,349,4.019,0.9975,A2,,0,n|adj,twinned|twinning|twins,either of two offspring born at the same time from the same pregnancy,
nanny,2k-b,1926,350,4.018,0.9950,,,0,n,nan|nana|nanas|nanna|nannas|nannie|nannies|nans,a woman who is the custodian of children,
plug,2k-b,1900,351,4.018,0.9835,C1,,0,v|n,plugged|plugging|plugs|unplug|unplugged|unplugging|unplugs,fill or close tightly with or as if with a plug,plug the hole
lean,2k-b,1505,352,4.016,0.9977,B2,,0,v,leaned|leaning|leanings|leans|leant,to incline or bend from a vertical position,She leaned over the banister
bee,2k-b,1946,353,4.015,0.9951,B1,,0,n,bees,any of numerous hairy-bodied insects including social and solitary species,
enormous,2k-b,1547,354,4.014,0.9971,A2,,1,adj,enormously,extraordinarily large in size or extent or amount or power or degree,an enormous boulder
stiff,2k-b,1751,355,4.011,0.9975,B2,,0,adj,stiffen|stiffened|stiffening|stiffens|stiffener|stiffeners|stiffer|stiffest|stiffly|stiffness|stiffs,not moving or operating freely,a stiff hinge
brick,2k-b,1738,356,4.008,0.9899,B2,,0,n,bricked|brickie|brickies|bricks|bricky,rectangular block of clay baked by the sun or in a kiln; used as a building or paving material,
worm,2k-b,1941,357,4.005,0.9910,B2,,0,n,wormed|wormier|wormiest|worming|worms|wormy,any of numerous relatively small elongated soft-bodied animals especially of the phyla Annelida and Chaetognatha and Nematoda and Nemertea and Platyhelminthes; also many insect larvae,
bleed,2k-b,1892,358,4.004,0.9859,C1,,0,v,bled|bleedin|bleeding|bleeds|bleeder|bleeders,lose blood from one's body,
envelope,2k-b,1863,359,4.003,1.0000,B2,,0,n,envelop|enveloped|envelopes|enveloping|envelopment|envelopments|envelops,"a flat (usually rectangular) container for a letter, thin package, etc.",
bucket,2k-b,1940,360,4.001,0.9977,,,0,n,bucketful|buckets|bucketsful,a roughly cylindrical vessel that is open at the top,
skirt,2k-b,1864,361,3.999,1.0000,A1,,0,n,skirts,cloth covering that forms the part of a garment below the waist,
massive,2k-b,1569,362,3.999,0.9976,B2,,0,adj,massively|massiveness,imposing in size or bulk or solidity,massive oak doors
bounce,2k-b,1888,363,3.993,0.9976,C1,,0,v,bounced|bouncer|bouncers|bounces|bouncier|bounciest|bouncily|bounciness|bouncing|bouncy,spring back; spring away from an impact,The rubber ball bounced
blank,2k-b,1833,364,3.987,0.9956,A2,,0,adj|n,blanked|blanking|blankly|blankness|blanks,(of a surface) not written or printed on,blank pages
punish,2k-b,1611,365,3.986,0.9975,B1,,0,v,nonpunishable|punishable|punished|punisher|punishers|punishes|punishing|punishment|punishments|unpunished,impose a penalty on; inflict punishment on,The students were penalized for showing up late for class
polish,2k-b,1668,366,3.986,0.9971,,,0,n,polished|polisher|polishers|polishes|polishing|unpolished,the property of being smooth and shiny,
spray,2k-b,1865,367,3.985,0.9950,,,0,n,respray|resprayed|respraying|resprays|sprayed|sprayer|sprayers|spraying|sprays,a pesticide in suspension or solution; intended for spraying,
sweep,2k-b,1574,368,3.978,0.9945,B2,,0,v,sweeper|sweepers|sweeping|sweepings|sweeps|swept,sweep across or over,Her long skirt brushed the floor
height,2k-b,1557,369,3.970,1.0000,A2,,0,n,heights,the vertical dimension of extension; distance from the base of something to the top,
faint,2k-b,1745,370,3.968,0.9920,,,0,adj,fainted|fainter|faintest|fainting|faintings|faintly|faintness|faints,deficient in magnitude; barely perceptible; lacking clarity or brightness or loudness etc,a faint outline
somewhat,2k-b,1581,371,3.959,0.9904,B2,,1,adv,,to a small degree or extent,his arguments were somewhat self-contradictory
chew,2k-b,1964,372,3.957,0.9951,,,0,v,chewed|chewer|chewers|chewier|chewiest|chewing|chews|chewy,chew (food); to bite and grind with the teeth,He jawed his bubble gum
flame,2k-b,1790,373,3.956,0.9976,B2,,0,n,flamed|flames|flaming,the process of combustion of inflammable materials producing heat and light and (often) smoke,fire was one of our ancestors' first discoveries
cart,2k-b,1759,374,3.956,0.9946,,,0,n,carted|carter|carters|carting|carts,a heavy open wagon usually having two wheels and drawn by an animal,
sock,2k-b,1966,375,3.954,1.0000,A2,,0,n,socks,hosiery consisting of a cloth covering for the foot; worn inside the shoe; reaches to between the ankle and the knee,
breast,2k-b,1717,376,3.953,0.9976,B2,,0,n,breasted|breasting|breasts,the front of the trunk from the neck to the abdomen,he beat his breast in anger
oven,2k-b,1918,377,3.949,0.9906,A2,,0,n,ovens,kitchen appliance used for baking or roasting,
repair,2k-b,1572,378,3.946,1.0000,A2,,0,v|n,repaired|repairer|repairers|repairing|repairs|unrepaired|repairable,restore by replacing a part or putting together what is torn or broken,She repaired her TV set
embarrass,2k-b,1618,379,3.946,0.9872,B1,,0,adj,embarrassed|embarrasses|embarrassing|embarrassingly|embarrassment|embarrassments|unembarrassed,cause to be embarrassed; cause to feel self-conscious,
cough,2k-b,1922,380,3.944,0.9975,,,0,n,coughed|coughing|coughs,a sudden noisy expulsion of air from the lungs that clears the air passages; a common symptom of upper respiratory infection or bronchitis or pneumonia or tuberculosis,
tin,2k-b,1746,381,3.937,0.9951,B1,,0,n,tinful|tinfuls|tinned|tinny|tins,a silvery malleable metallic element that resists corrosion; used in many alloys and to coat other metals to prevent corrosion; obtained chiefly from cassiterite where it occurs as tin oxide,
fold,2k-b,1597,382,3.936,0.9912,B1,,0,v|n,folded|folding|foldings|folds|unfold|unfolded|unfolding|unfolds|refold|refolded|refolding|refolds,bend or lay so that one part covers the other,fold up the newspaper
burst,2k-b,1693,383,3.931,0.9902,C1,,0,v,bursting|bursts,"come open suddenly and violently, as if from internal pressure",The bubble burst
drum,2k-b,1825,384,3.928,1.0000,B1,,0,n,drummed|drummer|drummers|drumming|drums,a musical percussion instrument; usually consists of a hollow cylinder with a membrane stretched across each end,
disappoint,2k-b,1525,385,3.927,0.9922,B2,,0,v,disappointed|disappointing|disappointingly|disappointment|disappointments|disappoints,fail to meet the hopes or expectations of,Her boyfriend let her down when he did not propose marriage
fry,2k-b,1847,386,3.924,0.9976,B1,,0,v,fried|fries|fryer|fryers|frying,be excessively hot,"If the children stay out on the beach for another hour, they'll be fried"
refrigerator,2k-b,1903,387,3.923,0.9856,A2,,0,n,fridge|fridges|refrigerate|refrigerated|refrigerates|refrigerating|refrigeration|refrigerations|refrigerators,white goods in which food can be stored at low temperatures,
ceiling,2k-b,1780,388,3.922,0.9950,B1,,0,n,ceilinged|ceilings,the overhead upper surface of a covered space,he hated painting the ceiling
bare,2k-b,1544,389,3.921,1.0000,C1,,0,adj,bared|barely|bareness|barer|bares|barest|baring,having no clothes on the body,bare bodies
fur,2k-b,1923,390,3.918,0.9972,B1,,0,n,furred|furrier|furriest|furriness|furry|furs,the dressed hairy coat of a mammal,
smash,2k-b,1851,391,3.917,0.9976,C1,,0,v,smashed|smasher|smashers|smashes|smashing|unsmashed,hit with great force,He smashed a 3-run homer
native,2k-b,1739,392,3.917,0.9947,B1,,0,adj|n,nativelike|natives|unnativelike,characteristic of or existing by virtue of geographic origin,the native North American sugar maple
cape,2k-b,1976,393,3.916,1.0000,,,0,name,caped|capes,a strip of land projecting into a body of water,
presume,2k-b,1533,394,3.911,0.9975,C1,,1,v,presumably|presumed|presumes|presuming|presumption|presumptions,take to be the case or to be true; accept without verification or proof,I assume his train was late
ski,2k-b,1816,395,3.909,0.9977,A2,,0,v|n,skied|skier|skiers|skiing|skiings|skis,move along on skis,We love to ski the Rockies
stream,2k-b,1628,396,3.906,1.0000,B2,,0,n,streamed|streaming|streams,a natural body of running water flowing on or under the earth,
tray,2k-b,1891,397,3.906,0.9955,,,0,n,trays,an open receptacle for holding or displaying or serving articles or food,
minus,2k-b,1884,398,3.896,0.9921,,,0,prep,minuses,an arithmetic operation in which the difference between two numbers is calculated,the subtraction of three from four leaves one
soil,2k-b,1529,399,3.892,0.9952,B1,,0,n,soils|subsoil|subsoils,anything regarded as making something unclean,
sausage,2k-b,1979,400,3.892,0.9951,,,0,n,sausages,highly seasoned minced meat stuffed in casings,
rot,2k-b,1883,401,3.888,0.9919,,,0,v,rots|rotted|rotten|rottener|rottenest|rottenly|rottenness|rotting,break down,The bodies decomposed in the heat
cans,2k-b,1982,402,3.885,0.9973,,,0,n,canned|canning|cannery|canneries,airtight sealed metal container for food or drink or paint etc.,
recipe,2k-b,1887,403,3.882,0.9974,A2,,0,n,recipes,directions for making something,
seed,2k-b,1627,404,3.880,1.0000,B1,,0,n,seeded|seeding|seedless|seedling|seedlings|seeds|unseeded,a small hard fruit,
float,2k-b,1679,405,3.874,1.0000,B2,,0,v,floatation|floatations|floated|floater|floaters|floating|floats|floaty,be in motion due to some air or water current,The leaves were blowing in the wind
expense,2k-b,1560,406,3.873,1.0000,B2,,0,n,expenses,amounts paid for goods and services that may be currently tax deductible (as opposed to capital expenditures),
tide,2k-b,1787,407,3.867,0.9976,C1,,0,n,intertidal|tidal|tides,the periodic rise and fall of the sea level under the gravitational pull of the moon,
casual,2k-b,1794,408,3.865,0.9919,B2,,0,adj,casually|casualness|casuals,marked by blithe unconcern,an ability to interest casual students
melt,2k-b,1867,409,3.865,0.9890,B2,,0,v,meltdown|melted|melting|melts,"reduce or cause to be reduced from a solid to a liquid state, usually by heating",melt butter
suspicion,2k-b,1650,410,3.865,0.9842,C1,,0,n,suspicions|suspicious|suspiciously,an impression that something might be the case,he had an intuition that something had gone wrong
folk,2k-b,1783,411,3.855,1.0000,B1,,0,n|adj,folks,people in general (often used in the plural),they're just country folk
cheek,2k-b,1706,412,3.855,0.9924,B2,,0,n,cheeks,either side of the face below the eyes,
jaw,2k-b,1899,413,3.854,1.0000,,,0,n,jawed|jawing|jaws,the part of the skull of a vertebrate that frames the mouth and holds the teeth,
automatic,2k-b,1523,414,3.845,0.9896,B2,,0,adj,automatically|semiautomatic,operating with minimal human intervention; independent of external control,automatic transmission
shelf,2k-b,1736,415,3.843,0.9974,B1,,0,n,shelve|shelved|shelves|shelving,a support that consists of a horizontal surface for holding objects,
hobby,2k-b,1978,416,3.842,0.9974,A1,,0,n,hobbies|hobbyist|hobbyists,an auxiliary activity,
teenage,2k-b,1755,417,3.837,0.9951,A2,,0,adj,teenaged|teenager|teenagers,being of the age 13 through 19,teenage mothers
bean,2k-b,1882,418,3.836,0.9976,A2,,0,n,beans,any of various edible seeds of plants of the family Leguminosae used for food,
leap,2k-b,1758,419,3.825,0.9952,C1,,0,v|n,leaped|leaper|leapers|leaping|leaps|leapt,move forward by leaps and bounds,The horse bounded across the meadow
feather,2k-b,1906,420,3.822,1.0000,B2,,0,n,feathered|feathering|featherless|feathers|feathery,"branching, hair-like structure that grows on the bodies of birds",
jeans,2k-b,1962,421,3.821,0.9930,A1,,0,n,,(used in the plural) close-fitting trousers of heavy denim for manual work or casual wear,
internet,2k-b,1999,422,3.817,0.9975,A1,,0,n,,a computer network consisting of a worldwide network of computer networks that use the TCP/IP network protocols to facilitate data transmission and exchange,
laboratory,2k-b,1526,423,3.813,0.9975,B1,,0,n,lab|laboratories|labs,a workplace for the conduct of scientific research,
pronounce,2k-b,1835,424,3.813,0.9974,A2,,0,v,mispronounce|mispronounced|mispronounces|mispronouncing|mispronunciation|mispronunciations|pronounceable|pronounced|pronounces|pronouncing|pronunciation|pronunciations|unpronounceable,"speak, pronounce, or utter in a certain way",She pronounces French words in a funny way
altogether,2k-b,1723,425,3.808,0.9767,B2,,0,adv,,to a complete degree or to the full or entire extent; Completely or entirely,he was wholly convinced
bake,2k-b,1567,426,3.802,0.9923,B1,,0,v,baked|baker|bakeries|bakers|bakery|bakes|baking,cook and make edible by putting in a hot oven,bake the potatoes
pine,2k-b,1956,427,3.793,0.9943,,,0,n,pines|piney,a coniferous tree,
lasted,2k-b,1685,428,3.792,1.0000,,,0,v,everlasting|lasting|lasts|longlasting,persist for a specified period of time,The bad weather lasted for three days
starve,2k-b,1889,429,3.790,0.9974,B2,,0,v,starvation|starved|starves|starving,be hungry; go without food,Let's eat — I'm starving!
pudding,2k-b,1972,430,3.790,0.9948,,,0,n,pud|puddings|puds,any of various soft thick unsweetened baked dishes,corn pudding
entertain,2k-b,1555,431,3.789,0.9973,B1,,0,v,entertained|entertainer|entertainers|entertaining|entertainingly|entertainment|entertainments|entertains|unentertaining,provide entertainment for,
cloth,2k-b,1848,432,3.786,1.0000,B1,,0,n,cloths,artifact made by weaving or felting or knitting or crocheting natural or synthetic fibers,the fabric in the curtains was light and semitransparent
brake,2k-b,1931,433,3.778,0.9948,,,0,n,braked|brakes|braking,a restraint used to slow or stop a vehicle,
shade,2k-b,1714,434,3.776,0.9950,B2,,0,n,shaded|shades|shadiness|shading|shadings|shady|unshaded,relative darkness caused by light rays being intercepted by an opaque body,it is much cooler in the shade
boil,2k-b,1687,435,3.775,0.9915,A2,,0,v,boiled|boiler|boilers|boiling|boils,come to the boiling point and change from a liquid to vapor,Water boils at 100 degrees Celsius
stamp,2k-b,1716,436,3.773,0.9948,A2,,0,n,stamped|stamping|stamps|unstamped,the distinctive form in which a thing is made,pottery of this cast was found throughout the region
stir,2k-b,1744,437,3.772,0.9928,C1,,0,v,stirred|stirrer|stirrers|stirring|stirrings|stirs,move an implement through,stir the soup
tomato,2k-b,1932,438,3.772,0.9816,A1,,0,n,tomatoes,mildly acid red or yellow pulpy fruit eaten as a vegetable,
wander,2k-b,1769,439,3.769,0.9947,B2,,0,v,wandered|wanderer|wanderers|wandering|wanderings|wanders,"move about aimlessly or without any destination, often in search of food or employment",The gypsies roamed the woods
flood,2k-b,1689,440,3.757,0.9975,B1,,0,n|v,flooded|flooding|floods,the rising of a body of water and its overflowing onto normally dry land,plains fertilized by annual inundations
vegetable,2k-b,1753,441,3.757,0.9928,A1,,0,n,veg|vegetables|veggie|veggies|vegs,edible seeds or roots or stems or leaves or bulbs or tubers or nonsweet fruits of any of numerous herbaceous plant,
clip,2k-b,1904,442,3.756,0.9951,B2,,0,n,clipped|clipper|clippers|clipping|clippings|clips|unclipped,a metal frame or container holding cartridges; can be inserted into an automatic gun,
tease,2k-b,1951,443,3.756,0.9925,,,0,v,teased|teaser|teasers|teases|teasing|teasingly,annoy persistently,The children teased the boy because of his stammer
oak,2k-b,1872,444,3.750,0.9863,,,0,n,oaken|oaks,the hard durable wood of any oak; used especially for furniture and flooring,
strawberry,2k-b,1996,445,3.744,0.9974,,,0,n,strawberries,sweet fleshy red fruit,
bloom,2k-b,1949,446,3.742,1.0000,,,0,v,bloomed|bloomer|bloomers|bloomin|blooming|blooms,produce or yield flowers,The cherry tree bloomed
bark,2k-b,1936,447,3.741,1.0000,,,0,n,barked|barking|barks,tough protective covering of the woody stems and roots of trees and other woody plants,
sew,2k-b,1968,448,3.741,0.9925,,,0,v,sewed|sewing|sewn|sews|unsewn,fasten by sewing; do needlework,
hesitate,2k-b,1764,449,3.739,1.0000,B2,,0,v,hesitated|hesitates|hesitating|hesitatingly|hesitation|hesitations|unhesitating|unhesitatingly,pause or hold back in uncertainty or unwillingness,Authorities hesitate to quote exact figures
pause,2k-b,1562,450,3.733,0.9950,B2,,0,v|n,pausal|paused|pauses|pausing,interrupt temporarily an activity before continuing,The speaker paused
bin,2k-b,1944,451,3.731,0.9841,A2,,0,n,binned|binning|bins,a container; usually has a lid,
topic,2k-b,1556,452,3.726,0.9931,A1,,1,n,topical|topicality|topically|topics,the subject matter of a conversation or discussion,he didn't want to discuss that subject
cottage,2k-b,1633,453,3.725,0.9975,B1,,0,n,cottager|cottagers|cottages,a small house with a single story,
lone,2k-b,1699,454,3.722,0.9791,B1,,0,adj,lonelier|loneliest|loneliness|lonely|loner|loners|lonesome,lacking companions or companionship,he was alone when we met him
lid,2k-b,1942,455,3.693,0.9975,,,0,n,lidded|lids,either of two folds of skin that can be moved to cover or open the eye,his lids would stay open no longer
heap,2k-b,1953,456,3.690,0.9974,,,0,n,heaped|heaping|heaps,a collection of objects laid on top of each other,
frost,2k-b,1915,457,3.683,0.9923,,,0,name,frosted|frostier|frostiest|frostily|frostiness|frosting|frosts|frosty,ice crystals forming a white deposit (especially on objects outside),
lightly,2k-b,1666,458,3.665,0.9974,,,0,adv,lighten|lightened|lightening|lightens|lighter|lightest|lightness,without good reason,one cannot say such things lightly
keen,2k-b,1608,459,3.652,0.9854,B1,,0,adj,keener|keenest|keenly|keenness,having or demonstrating ability to recognize or draw fine distinctions,an acute observer of politics and politicians
dine,2k-b,1748,460,3.634,0.9871,,,0,v,dined|diner|diners|dines|dining,have supper; eat dinner,We often dine with friends in this restaurant
onion,2k-b,1960,461,3.628,0.9923,A1,,0,n,onions,the bulb of an onion plant,
roar,2k-b,1898,462,3.606,0.9974,,,0,n,roared|roarer|roarers|roaring|roars,a deep prolonged loud noise,
microwave,2k-b,1993,463,3.593,0.9955,,,0,n,microwavable|microwaveable|microwaved|microwaves|microwaving,"a short electromagnetic wave (longer than infrared but shorter than radio waves); used for radar and microwave ovens and for transmitting telephone, facsimile, video and data",
carrot,2k-b,1986,464,3.584,0.9950,A1,,0,n,carrots|carroty,deep orange edible root of the cultivated carrot plant,
biscuit,2k-b,1917,465,3.575,1.0000,A2,,0,n,biscuits,small round bread leavened with baking-powder or soda,
pub,2k-b,1536,466,3.573,0.9949,A2,,0,n,pubs,tavern consisting of a building with a bar and public rooms; often provides light meals,
canoe,2k-b,1987,467,3.554,0.9858,,,0,n,canoed|canoeing|canoeist|canoeists|canoes,small and light boat; pointed at both ends; propelled with a paddle,
lump,2k-b,1880,468,3.552,0.9977,,,0,n,lumped|lumpily|lumpiness|lumping|lumps|lumpy,a compact mass,a ball of mud caught him on the shoulder
countryside,2k-b,1643,469,3.550,0.9906,B1,,0,n,countrysides,rural regions,
cope,2k-b,1508,470,3.515,0.9889,B2,,0,v,coped|copes|coping,"succeed in doing, achieving, or producing (something) with the limited or inadequate means available",We got by on just a gallon of gas
pup,2k-b,1981,471,3.509,0.9947,,,0,n,puppies|puppy|pups,young of any of various canines such as a dog or wolf,
wool,2k-b,1773,472,3.501,0.9953,B1,,0,n,woolen|woolens|woolies|woollen|woollens|woollies|woolly|wooly|wools,a fabric made from the hair of sheep,
crisp,2k-b,1948,473,3.501,0.9893,,,0,adj,crisped|crispier|crispiest|crispiness|crisping|crisply|crispness|crisps|crispy,(of something seen or heard) clearly defined,a sharp photographic image
mathematics,2k-b,1559,474,3.488,0.9926,A2,,0,n,math|mathematical|mathematically|mathematician|mathematicians|maths,a science (or group of related sciences) dealing with the logic of quantity and shape and arrangement,
disgust,2k-b,1886,475,3.444,0.9927,,,0,n,disgusted|disgustedly|disgusting|disgustingly|disgusts,strong feelings of dislike,
grin,2k-b,1695,476,3.435,0.9878,C1,,0,v|n,grinned|grinning|grins,"to draw back the lips and reveal the teeth, in a smile, grimace, or snarl",
adapt,2k-b,1513,477,3.422,1.0000,B2,,1,v,adaptabilities|adaptability|adaptable|adaptation|adaptations|adapted|adapter|adapters|adapting|adaption|adaptive|adaptor|adaptors|adapts|maladaptive|unadapted,"make fit for, or change to suit a new purpose",Adapt our native cuisine to the available food resources of the new country
amuse,2k-b,1733,478,3.419,0.9975,B2,,0,adj,amused|amusement|amusements|amuses|amusing|amusingly|unamused,"occupy in an agreeable, entertaining or pleasant fashion",The play amused the ladies
tempt,2k-b,1700,479,3.406,0.9828,C1,,0,v,temptation|temptations|tempted|tempting|tempts|temptingly|tempter|tempters,dispose or incline or entice to,We were tempted by the delicious-looking food
annoy,2k-b,1852,480,3.402,0.9925,B1,,0,v,annoyance|annoyances|annoyed|annoying|annoyingly|annoys,"cause annoyance in; disturb, especially by minor irritations",Mosquitoes buzzing in my ear really bothers me
wed,2k-b,1594,481,3.392,0.9782,A2,,0,n,unwed|unwedded|wedded|wedding|weddings|weds,take in marriage; married,
curl,2k-b,1772,482,3.375,0.9976,A2,,0,adj,curled|curler|curlers|curlier|curliest|curliness|curling|curls|curly|uncurl|uncurled|uncurling|uncurls,a round shape formed by a series of concentric circles (as formed by leaves or flower petals),
decorate,2k-b,1553,483,3.367,0.9973,B1,,0,v,decorated|decorates|decorating|decoration|decorations|decorative|decoratively|decorator|decorators|redecorate|redecorated|redecorates|redecorating|redecoration|redecorations|undecorated,"make more attractive by adding ornament, colour, etc.",Decorate the room for the party
exhaust,2k-b,1705,484,3.333,0.9949,,,0,n,exhausted|exhaustible|exhausting|exhaustion|exhaustions|exhaustive|exhaustively|exhaustiveness|exhausts|inexhaustible,gases ejected from an engine as waste products,
sorted,2k-b,1869,485,3.325,0.9913,,,0,v,sorting|unsorted,arranged according to size,
email,2k-b,2000,486,3.321,0.9950,A1,,0,n|v,emailed|emailing|emailled|emailling|emails,(computer science) a system of world-wide electronic communication in which a computer user can compose a message at one terminal that can be regenerated at the recipient's terminal when the recipient logs in,you cannot send packages by electronic mail
marvel,2k-b,1826,487,3.292,0.9977,,,0,n,marveled|marveling|marvelled|marvelling|marvellous|marvellously|marvelous|marvelously|marvels,something that causes feelings of wonder,the wonders of modern science
knit,2k-b,1620,488,3.283,0.9952,,,0,v,knits|knitted|knitter|knitters|knitting,make (textiles) by knitting,knit a scarf
amaze,2k-b,1653,489,3.211,0.9949,A1,,0,adj,amazed|amazement|amazes|amazing|amazingly,affect with wonder,Your ability to speak six languages amazes me!
hedge,2k-b,1877,490,3.195,0.9930,,,0,n,hedged|hedges|hedging,a fence formed by a row of closely planted shrubs or bushes,
shiver,2k-b,1927,491,3.189,0.9830,,,0,v,shivered|shivering|shivers|shivery,"tremble convulsively, as from fear or excitement",
complicate,2k-b,1561,492,3.173,0.9974,B2,,0,adj,complicated|complicates|complicating|complication|complications|uncomplicated,make more complicated,There was a new development that complicated the matter
fortnight,2k-b,1921,493,2.964,0.9691,,,0,n,fortnightly|fortnights,a period of fourteen consecutive days,most major tennis tournaments last a fortnight
depress,2k-b,1515,494,2.860,0.9925,B2,,1,adj,antidepressant|antidepressants|depressant|depressants|depressed|depresses|depressing|depressingly|depression|depressions|depressive|depressives,lower someone's spirits; make downhearted,These news depressed her
grocer,2k-b,1997,495,2.848,0.9603,B2,,0,n,groceries|grocers|grocery,a retail merchant who sells foodstuffs (and some household supplies),
bowled,2k-b,1842,496,2.797,0.9953,,,0,v,bowler|bowlers|bowling,roll (a ball),
frustrate,2k-b,1697,497,2.468,0.9887,C1,,0,adj,frustrated|frustrates|frustrating|frustratingly|frustration|frustrations,"hinder or prevent (the efforts, plans, or desires) of",What ultimately frustrated every challenger was Ruth's amazing September surge
rowed,2k-b,1994,498,2.468,0.9760,,,0,v,rower|rowers|rowing,propel with oars,row the boat across the lake
centimetre,2k-b,1576,499,2.137,0.9976,,,0,n,centimeter|centimeters|centimetres|cm|cms,a metric unit of length equal to one hundredth of a meter,
kilometre,2k-b,1593,500,2.070,0.9922,A1,,0,n,kilometer|kilometers|kilometres|km|kms,a metric unit of length equal to 1000 meters (or 0.621371 miles),
professor,3k-a,2289,1,4.842,0.9923,A2,,0,n,prof|professorial|professors|professorship|professorships|profs,someone who is a member of the faculty at a college or university,
cell,3k-a,2040,2,4.735,0.9931,B2,,0,n,celled|cells,any small compartment,the cells of a honeycomb
emergency,3k-a,2480,3,4.735,0.9903,B1,,0,n,emergencies,a sudden unforeseen crisis (usually involving danger) that requires immediate action,he never knew what to do in an emergency
client,3k-a,2072,4,4.726,0.9975,B1,,0,n,clients,a person who seeks the advice of a lawyer,
code,3k-a,2165,5,4.725,0.9975,A2,,1,n,coded|codes|coding|uncoded,a set of rules or principles or laws (especially written ones),
crew,3k-a,2494,6,4.677,0.9929,B2,,0,n,crewed|crewing|crews,"the men and women who man a vehicle (ship, aircraft, etc.)",
target,3k-a,2085,7,4.579,1.0000,A2,,1,n|v,targeted|targeting|targets|targetted|targetting,a reference point to shoot at,his arrow hit the mark
secretary,3k-a,2014,8,4.521,0.9952,A2,,0,n,secretarial|secretaries|secretaryship,a person who is head of an administrative department of government,
ally,3k-a,2471,9,4.514,0.9686,C1,,0,n,allied|allies|allying,a friendly nation,
patients,3k-a,2017,10,4.471,,,,0,n,,a person who requires medical care,the number of emergency patients has grown rapidly
focus,3k-a,2103,11,4.468,0.9930,A2,,1,v|n,foci|focused|focuses|focusing|focussed|focusses|focussing|refocus|refocused|refocuses|refocusing|refocussed|refocusses|refocussing|unfocused|unfocussed,direct one's attention on something,Please focus on your studies and not on your hobbies
theory,3k-a,2018,12,4.456,0.9945,B1,,1,n,theories|theorist|theorists,a well-substantiated explanation of some aspect of the natural world; an organized system of accepted knowledge that applies in a variety of circumstances to explain a specific set of phenomena,theories can incorporate facts and laws and tested hypotheses
source,3k-a,2021,13,4.450,0.9954,A2,,1,n,sourced|sources|sourcing|unsourced,"the place where something begins, where it springs into being",the Italian beginning of the Renaissance
joint,3k-a,2128,14,4.440,0.9921,B2,,0,adj|n,jointed|jointing|jointly|joints,united or combined,a joint session of Congress
pilot,3k-a,2417,15,4.426,0.9974,A2,,0,n,piloted|piloting|pilots,someone who is licensed to operate an aircraft in flight,
negative,3k-a,2341,16,4.409,1.0000,A1,,0,adj|n,negatively|negatives|negativism|negativity,characterized by or displaying negation or denial or opposition or resistance; having no positive features,a negative outlook on life
data,3k-a,2011,17,4.408,0.9973,A2,,1,n,datum,a collection of facts from which conclusions may be drawn,statistical data
request,3k-a,2162,18,4.407,0.9948,A2,,0,n|v,requested|requester|requesters|requesting|requests,a formal message requesting something that is submitted to an authority,
audience,3k-a,2233,19,4.404,0.9975,A2,,0,n,audiences,a gathering of spectators or listeners at a (usually public) performance,the audience applauded
universe,3k-a,2254,20,4.402,0.9949,B2,,0,n,universal|universalisation|universalise|universalised|universalises|universalising|universalism|universalist|universalistic|universalists|universality|universalization|universalize|universalized|universalizes|universalizing|universally|universals|universes,everything that exists anywhere,they study the evolution of the universe
celebrate,3k-a,2229,21,4.395,0.9975,A2,,0,v,celebrated|celebrates|celebrating|celebration|celebrations|celebratory|uncelebrated,behave as expected during holidays or rites,Keep the commandments
vision,3k-a,2384,22,4.378,0.9974,B2,,1,n,visionaries|visionary|visions,a vivid mental image,he had a vision of his own death
studio,3k-a,2146,23,4.368,0.9948,B1,,0,n,studios,workplace for the teaching or practice of an art,she ran a dance studio
silent,3k-a,2437,24,4.362,0.9931,B1,,0,adj,silently,marked by absence of sound,a silent house
violence,3k-a,2305,25,4.362,0.9920,B2,,0,n,nonviolence,an act of aggression (as one against a person who resists),he may accomplish by craft in the long run what he cannot do by force and violence in the short one
armed,3k-a,2362,26,4.358,0.9924,B2,,0,adj,arming|unarmed,(used of persons or the military) characterized by having or bearing arms,armed robbery
sensitive,3k-a,2247,27,4.353,1.0000,B2,,0,adj,insensitive|insensitivity|sensitively|sensitivities|sensitivity|sensitiveness|oversensitive|insensitively,responsive to physical stimuli,a mimosa's leaves are sensitive to touch
prize,3k-a,2404,28,4.350,0.9927,A2,,0,n,prized|prizes,something given for victory or superiority in a contest or competition or for winning a lottery,the prize was a free trip to Europe
cancer,3k-a,2394,29,4.349,1.0000,B2,,0,n,cancerlike|cancerous|cancers,any malignant growth or tumor caused by abnormal and uncontrolled cell division; it may spread to other parts of the body through the lymphatic system or the blood stream,
media,3k-a,2151,30,4.348,0.9894,A2,,1,n,,a means or instrumentality for storing or communicating information,
expert,3k-a,2169,31,4.345,0.9975,A2,,1,n|adj,expertly|expertness|experts|inexpert,a person with special knowledge or ability who performs skillfully,
ancient,3k-a,2382,32,4.336,0.9867,A2,,0,adj,anciently|ancients,belonging to times long past especially of the historical period before the fall of the Western Roman Empire,ancient history
victory,3k-a,2224,33,4.331,1.0000,B2,,0,n,victories|victorious|victoriously,a successful ending of a struggle or contest,a narrow victory
route,3k-a,2140,34,4.329,0.9977,A2,,1,n,routed|routes|routing|reroute|rerouted|rerouting|reroutes,an established line of travel or access,
authority,3k-a,2001,35,4.326,0.9976,B1,,1,n,authorities,the power or right to give orders or make decisions,he has the authority to issue warrants
false,3k-a,2455,36,4.325,1.0000,A1,,0,adj,falsehood|falsehoods|falsely|falseness|falsifiable|falsification|falsifications|falsified|falsifies|falsify|falsifying|falsity,not in accordance with the fact or reality or actuality,gave false testimony under oath
proceed,3k-a,2117,37,4.320,0.9924,B2,,1,v,proceeded|proceeding|proceedings|proceeds,continue talking,"‘I know it's hard,’ he continued, ‘but there is no choice’"
presence,3k-a,2160,38,4.319,0.9904,B2,,0,n,presences,the state of being present; current existence,he tested for the presence of radon
failure,3k-a,2135,39,4.301,0.9950,B2,,0,n,failures,an act that fails,his failure to pass the test
launch,3k-a,2130,40,4.300,0.9947,B2,,0,v|n,launched|launcher|launchers|launches|launching,set up or found,She set up a literacy program
routine,3k-a,2481,41,4.297,0.9975,A1,,0,n|adj,routinely|routines|subroutine|subroutines,an unvarying or habitual method or procedure,
solve,3k-a,2453,42,4.290,0.9955,A2,,0,v,solved|solves|solving|unsolvable|unsolved|solvable,find the solution to (a problem or question) or understand the meaning of,did you solve the problem?
confidence,3k-a,2180,43,4.289,0.9949,B2,,0,n,confidences|overconfidence,freedom from doubt; belief in yourself and your abilities,his assurance in his superiority did not make him popular
agency,3k-a,2115,44,4.288,0.9956,B2,,0,n,agencies|interagency,an administrative unit of government,the Central Intelligence Agency
palace,3k-a,2352,45,4.283,0.9914,A2,,0,n,palaces,a large and stately mansion,
treasure,3k-a,2333,46,4.280,0.9976,B2,,0,n,treasured|treasurer|treasurers|treasures|treasuries|treasuring|treasury,accumulated wealth in the form of money or jewels etc.,the pirates hid their treasure on a small island in the West Indies
motion,3k-a,2284,47,4.278,0.9975,B2,,0,n,motioned|motioning|motionless|motions,the use of movements (especially of the hands) to communicate familiar or prearranged signals,
nuclear,3k-a,2142,48,4.278,0.9844,B1,,1,adj,antinuclear,(weapons) deriving destructive energy from the release of atomic energy,nuclear war
potential,3k-a,2037,49,4.275,0.9896,B2,,1,adj|n,potentialities|potentiality|potentially|potentials,existing in possibility,a potential problem
defend,3k-a,2242,50,4.274,0.9975,B2,,0,v,defended|defender|defenders|defending|defends|undefended,argue or speak in defense of,She supported the motion to strike
vice,3k-a,2463,51,4.270,0.9953,C1,,0,n,vices,moral weakness,
impression,3k-a,2390,52,4.268,1.0000,B1,,0,n,impressionable|impressions,a vague idea in which some confidence is placed,his impression of her was favorable
division,3k-a,2060,53,4.268,0.9905,B2,,0,n,divisional|divisions,an army unit large enough to sustain combat,two infantry divisions were held in reserve
museum,3k-a,2149,54,4.266,0.9951,A1,,0,n,museums,a depository for collecting and displaying objects having scientific or historical or artistic value,
former,3k-a,2009,55,4.262,1.0000,B2,,0,adj,formerly,referring to the first of two things or persons mentioned (or the earlier one or ones of several),the novel was made into a film in 1943 and again in 1967; I prefer the former version to the latter one
device,3k-a,2375,56,4.259,1.0000,A2,,1,n,devices,an instrumentality invented for a particular purpose,the device is small enough to wear on your wrist
reward,3k-a,2396,57,4.256,0.9978,B2,,0,n|v,rewarded|rewarding|rewards|unrewarded|unrewarding,a recompense for worthy acts or retribution for wrongdoing,the wages of sin is death
defendant,3k-a,2386,58,4.248,0.9874,,,0,n,defendants,a person or institution against whom an action is brought in a court of law; the person being sued or accused,
incident,3k-a,2363,59,4.238,1.0000,B2,,0,n,incidents,a single distinct event,
disaster,3k-a,2444,60,4.237,0.9899,A2,,0,n,disasters|disastrous|disastrously,a state of extreme (usually irremediable) ruin and misfortune,lack of funds has resulted in a catastrophe for our school system
fuel,3k-a,2314,61,4.235,1.0000,B1,,0,n|v,fueled|fueling|fuelled|fuelling|fuels,a substance that can be consumed to produce energy,more fuel is needed during the winter months
border,3k-a,2258,62,4.235,0.9977,B1,,0,n|v,bordered|bordering|borders,a line that indicates a boundary,
youth,3k-a,2210,63,4.226,0.9955,B1,,0,n,youthful|youthfully|youthfulness|youths,a young person (especially a young man or boy),
campaign,3k-a,2048,64,4.225,0.9976,B1,,0,n|v,campaigned|campaigner|campaigners|campaigning|campaigns,a race between candidates for elective office,I managed his campaign for governor
factory,3k-a,2251,65,4.225,0.9925,A2,,0,n,factories,a plant consisting of one or more buildings with facilities for manufacturing,
bishop,3k-a,2171,66,4.224,0.9950,C1,,0,n,archbishop|archbishops|archbishopship|bishops|bishopship,a senior member of the Christian clergy having spiritual and administrative authority; appointed in Christian churches to oversee priests or ministers; considered in some churches to be successors of the twelve Apostles of Christ,
crisis,3k-a,2222,67,4.221,1.0000,B2,,0,n,crises|crisises,an unstable situation of extreme danger or difficulty,they went bankrupt during the economic crisis
network,3k-a,2100,68,4.218,0.9952,A2,,1,n,networked|networker|networkers|networking|networks,an interconnected system of things or people,he owned a network of shops
charity,3k-a,2434,69,4.217,1.0000,A2,,0,n,charities,a foundation created to promote the public good (not for assistance to any particular individuals),
experiment,3k-a,2106,70,4.209,1.0000,A2,,0,n|v,experimental|experimentalism|experimentalist|experimentalists|experimentally|experimentation|experimented|experimenter|experimenters|experimenting|experiments,the act of conducting a controlled test or investigation,
procedure,3k-a,2067,71,4.208,0.9947,B2,,0,n,procedural|procedures,a particular course of action intended to achieve a result,the procedure of obtaining a driver's license
response,3k-a,2022,72,4.207,0.9949,A2,,0,n,responses|responsive|responsively|responsiveness|unresponsive,a result,this situation developed in response to events in Africa
meanwhile,3k-a,2420,73,4.202,0.9955,B1,,0,adv,,at the same time but in another place,"meanwhile, back at the ranch …"
civil,3k-a,2138,74,4.202,0.9948,B2,,1,adj,civilities|civility|incivility|civilly,applying to ordinary citizens as contrasted with the military,civil authorities
solution,3k-a,2126,75,4.199,0.9975,A2,,0,n,solutions,a homogeneous mixture of two or more substances; frequently (but not necessarily) a liquid solution,he used a solution of peroxide and water
deputy,3k-a,2339,76,4.194,0.9972,C1,,0,n,deputies|deputise|deputised|deputises|deputising|deputize|deputized|deputizes|deputizing,someone authorized to exercise the powers of sheriff in emergencies,
guitar,3k-a,2478,77,4.193,1.0000,A1,,0,n,guitarist|guitarists|guitars,a stringed instrument usually having six strings; played by strumming or plucking,
net,3k-a,2206,78,4.192,0.9935,B1,,0,n|adj,,a computer network consisting of a worldwide network of computer networks that use the TCP/IP network protocols to facilitate data transmission and exchange,
host,3k-a,2392,79,4.177,0.9976,B1,,0,n|v,hosted|hostess|hostesses|hosting|hosts,a person who invites guests to a social event (such as a party in his or her own home) and who is responsible for them while they are there,
angle,3k-a,2451,80,4.174,0.9945,B2,,0,n,angled|angles|angling,the space between two lines or planes that intersect; the inclination of one line to another; measured in degrees or radians,
aim,3k-a,2024,81,4.172,0.9930,B1,,0,v|n,aimed|aiming|aimless|aimlessly|aimlessness|aims,"point or cause to go (blows, weapons, or objects such as photographic equipment) towards",Please don't aim at your little brother!
review,3k-a,2041,82,4.170,0.9947,A2,,0,n|v,reviewable|reviewed|reviewer|reviewers|reviewing|reviews,a new appraisal or evaluation,
status,3k-a,2122,83,4.167,0.9944,B2,,1,n,statuses,the relative position or standing of things or especially persons in a society,he had the status of a minor
territory,3k-a,2295,84,4.166,0.9922,B2,,0,n,territorial|territoriality|territorially|territories,a region marked off for administrative or other purposes,
sample,3k-a,2137,85,4.164,0.9974,B1,,0,n|v,sampled|samples|sampling,a small part of something intended as representative of the whole,
gene,3k-a,2465,86,4.163,0.9974,B2,,0,n,genes,(genetics) a segment of DNA that is involved in producing a polypeptide chain; it can include regions preceding and following the coding DNA as well as introns between the exons; it is considered a unit of heredity,genes were formerly called factors
foundation,3k-a,2371,87,4.162,1.0000,B2,,1,n,foundations,the basis on which something is grounded,there is little foundation for his objections
confirm,3k-a,2099,88,4.159,0.9902,B1,,1,v,confirmation|confirmations|confirmatory|confirmed|confirming|confirms|unconfirmed,establish or strengthen as with new evidence or facts,his story confirmed my doubts
international,3k-a,2003,89,4.153,1.0000,A2,,0,adj,internationalisation|internationalise|internationalised|internationalises|internationalism|internationalist|internationalists|internationalization|internationalize|internationalized|internationalizes|internationally|internationals,concerning or belonging to all or at least two or more nations,international affairs
facility,3k-a,2112,90,4.152,1.0000,B2,,0,n,facilities,a building or place that provides a particular service or is used for a particular industry,the assembly plant is an enormous facility
respond,3k-a,2134,91,4.149,1.0000,A2,,1,v,responded|respondent|respondents|responder|responders|responding|responds,show a response or a reaction to something,
clinic,3k-a,2287,92,4.146,0.9976,B2,,0,n,clinical|clinically|clinician|clinicians|clinics|nonclinical,a medical establishment run by a group of medical specialists,
theme,3k-a,2271,93,4.144,0.9905,B1,,1,n,thematic|thematically|themed|themes,the subject matter of a conversation or discussion,he didn't want to discuss that subject
religion,3k-a,2369,94,4.142,0.9974,B1,,0,n,religions,a strong belief in a supernatural power or powers that control human destiny,he lost his faith but not his morality
religious,3k-a,2213,95,4.142,0.9974,B1,,0,adj,irreligious|religiosity|religiously,concerned with sacred matters or religion or the church,religious texts
temperature,3k-a,2275,96,4.139,1.0000,A2,,0,n,temperatures,the degree of hotness or coldness of a body or environment (corresponding to its molecular activity),
commission,3k-a,2023,97,4.139,0.9951,B2,,1,n|v,commissioned|commissioner|commissioners|commissioning|commissions|uncommissioned,a special group delegated to consider some matter,a committee is a group that keeps minutes and loses hours
principal,3k-a,2252,98,4.138,0.9952,B2,,1,adj|n,principally|principals,most important element,the chief aim of living
unique,3k-a,2372,99,4.135,1.0000,B2,,1,adj,uniquely|uniqueness,radically distinctive and without equal,he is alone in the field of microbiology
moral,3k-a,2168,100,4.131,0.9917,B2,,0,adj|n,moralise|moralised|moralises|moralising|moralist|moralistic|moralistically|moralists|morality|moralize|moralized|moralizes|moralizing|morally|morals,concerned with principles of right and wrong or conforming to standards of behavior and character based on those principles,moral sense
session,3k-a,2219,101,4.124,1.0000,B2,,0,n,sessional|sessions,a meeting for execution of a group's functions,it was the opening session of the legislature
motive,3k-a,2316,102,4.122,0.9927,C1,,1,n,motivate|motivated|motivates|motivating|motivation|motivational|motivations|motivator|motivators|motiveless|motives|unmotivated,the psychological feature that arouses an organism to action toward a desired goal; the reason for the action; that which gives purpose and direction to behavior,we did not understand his motivation
monitor,3k-a,2234,103,4.118,0.9972,B2,,1,n|v,monitored|monitoring|monitors|unmonitored,someone who supervises (an examination),
complex,3k-a,2059,104,4.118,0.9946,B1,,1,adj|n,complexed|complexes|complexities|complexity,complicated in structure; consisting of interconnected parts,a complex set of variations based on a simple folk melody
temporary,3k-a,2353,105,4.115,0.9834,B2,,1,adj,temp|temporarily|temps,not permanent; not lasting,politics is an impermanent factor of life
despite,3k-a,2032,106,4.114,0.9880,B1,,1,prep,,lack of respect accompanied by a feeling of intense dislike,he was held in contempt
identity,3k-a,2469,107,4.113,0.9948,B1,,0,n,identities,the distinct personality of an individual regarded as a persisting entity,you can lose your identity when you join the army
appropriate,3k-a,2035,108,4.110,1.0000,B2,,1,adj,appropriacy|appropriately|appropriateness|inappropriacy|inappropriate|inappropriately|inappropriateness,suitable for a particular person or place or condition etc,a book not appropriate for children
award,3k-a,2005,109,4.110,0.9921,A2,,0,n|v,awarded|awarding|awards,a grant made by a law court,he criticized the awarding of compensation by the court
chamber,3k-a,2484,110,4.105,0.9929,C1,,0,n,chambered|chambers,a natural or artificial enclosed space,
task,3k-a,2049,111,4.105,0.9903,A2,,1,n,tasked|tasking|tasks,any piece of work that is undertaken or attempted,he prepared for great undertakings
description,3k-a,2187,112,4.102,0.9974,A1,,0,n,descriptions|descriptive|descriptively,a statement that represents something in words,
bid,3k-a,2256,113,4.100,0.9951,B2,,0,n|v,bidden|bidder|bidders|bidding|bids|unbidden|bade,an authoritative direction or instruction to do something,
catholic,3k-a,2354,114,4.096,0.9975,,,0,adj,catholicism|catholics,free from provincial prejudices or attachments,catholic in one's tastes
academy,3k-a,2182,115,4.094,0.9976,C1,,1,n,academic|academically|academicals|academician|academicians|academics|academies|unacademic,a secondary school (usually private),
phase,3k-a,2223,116,4.091,0.9976,B2,,1,n,phased|phases|phasing,any distinct time period in a sequence of events,we are in a transitional stage in which many former ideas must be revised or rejected
revolution,3k-a,2158,117,4.091,0.9976,B2,,1,n,revolutionaries|revolutionary|revolutionise|revolutionised|revolutionises|revolutionising|revolutionist|revolutionists|revolutionize|revolutionized|revolutionizes|revolutionizing|revolutions|counterrevolution|counterrevolutionary|counterrevolutions|counterrevolutionaries,a drastic and far-reaching change in ways of thinking and behaving,the industrial revolution was also a cultural revolution
convention,3k-a,2129,118,4.091,0.9974,B2,,0,n,conventional|conventionalism|conventionality|conventionally|conventions|unconventional|unconventionally,a large formal assembly,political convention
goods,3k-a,2096,119,4.090,0.9954,B1,,0,n,,benefit,for your own good
entry,3k-a,2190,120,4.085,0.9933,B1,,0,n,entries|reentries|reentry,an item inserted in a written record,
permanent,3k-a,2285,121,4.084,0.9974,B2,,0,adj,impermanent|permanently,continuing or enduring without marked change in status or condition or place,permanent secretary to the president
permit,3k-a,2330,122,4.083,0.9930,B2,,0,v|n,permits|permitted|permitting,"consent to, give permission; permit",She permitted her son to visit her estranged husband
loyal,3k-a,2498,123,4.079,0.9977,B2,,0,adj,loyalist|loyalists|loyally|loyalties|loyalty,steadfast in allegiance or duty,loyal subjects
link,3k-a,2019,124,4.077,1.0000,A2,,1,n|v,interlink|interlinked|interlinking|interlinks|linkage|linkages|linked|linker|linkers|linking|links|unlinked,the means of connection between things linked in series,
chairman,3k-a,2044,125,4.074,0.9903,B2,,0,n,chairmanship|chairmanships|chairmen|chairperson|chairpersons|chairwoman|chairwomen,the male officer who presides at the meetings of an organization,
visual,3k-a,2373,126,4.060,0.9944,B2,,1,adj,visualisation|visualise|visualised|visualising|visualization|visualize|visualized|visualizing|visually|visuals,relating to or using sight,ocular inspection
approve,3k-a,2088,127,4.056,0.9946,B2,,0,v,approval|approvals|approved|approver|approvers|approves|approving|approvingly|preapprove|preapproved|preapproves|preapproving,give sanction to,I approve of his educational policies
defeat,3k-a,2243,128,4.056,0.9892,B2,,0,v|n,defeated|defeating|defeatism|defeatist|defeatists|defeats|undefeated,win a victory over,You must overcome all difficulties
chemical,3k-a,2201,129,4.055,0.9952,B1,,1,adj|n,chemically|chemicals,relating to or used in chemistry,chemical engineer
transport,3k-a,2091,130,4.049,1.0000,A2,,1,n|v,transportable|transportation|transported|transporter|transporters|transporting|transports,something that serves as a means of transportation,
conduct,3k-a,2105,131,4.045,0.9978,B2,,1,v|n,conductance|conducted|conducting|conduction|conductive|conductivity|conductor|conductors|conducts|semiconductor|semiconductors,direct the course of; manage or control,You cannot conduct business like this
function,3k-a,2013,132,4.045,0.9973,B1,,1,n|v,functional|functionalism|functionalist|functionalists|functionalities|functionality|functionally|functioned|functioning|functions,(mathematics) a mathematical relation such that each element of a given set (the domain of the function) is associated with an element of another set (the range of the function),
delay,3k-a,2230,133,4.042,0.9955,B2,,0,v|n,delayed|delaying|delays,cause to be slowed down or delayed,Traffic was delayed by the bad weather
reverse,3k-a,2357,134,4.041,0.9954,C1,,1,v|n|adj,irreversible|irreversibly|reversal|reversals|reversed|reverser|reversers|reverses|reversible|reversibly|reversing,change to the contrary,The trend was reversed
column,3k-a,2307,135,4.040,1.0000,A2,,0,n,col|cols|columnar|columned|columns,a line of units following one after another,
profit,3k-a,2026,136,4.040,0.9976,B1,,0,n,nonprofit|profitability|profitable|profitably|profited|profiteer|profiteered|profiteering|profiteers|profiting|profitless|profits|unprofitability|unprofitable,the excess of revenues over outlays in a given period of time (including depreciation and other non-cash expenses),
concept,3k-a,2047,137,4.035,1.0000,B2,,1,n,conception|conceptions|concepts|conceptual|conceptualisation|conceptualisations|conceptualise|conceptualised|conceptualises|conceptualising|conceptualization|conceptualizations|conceptualize|conceptualized|conceptualizes|conceptualizing|conceptually,an abstract or general idea inferred or derived from specific instances,
deposit,3k-a,2367,138,4.034,0.9952,B2,,0,n|v,deposited|depositing|depositor|depositors|depository|deposits,the phenomenon of sediment or gravel accumulating,
passenger,3k-a,2446,139,4.032,0.9953,A2,,0,n,passengers,a traveler riding in a vehicle (a boat or bus or car or plane or train etc.) who is not operating it,
executive,3k-a,2111,140,4.026,0.9923,B2,,0,n|adj,exec|execs|executives,a person responsible for the administration of a business,
effective,3k-a,2012,141,4.022,0.9928,B1,,0,adj,effectively|effectiveness|ineffective|ineffectively|ineffectiveness|ineffectivenesses,producing or capable of producing an intended result or having a striking effect,an air-cooled motor was more effective than a witch's broomstick for rapid long-distance transportation
lecture,3k-a,2350,142,4.020,0.9976,A2,,1,n|v,lectured|lecturer|lecturers|lectures|lectureship|lectureships|lecturing,a speech that is open to the public,he attended a lecture on telecommunications
abuse,3k-a,2326,143,4.011,0.9978,C1,,0,n|v,abused|abuser|abusers|abuses|abusing|abusive|abusively,cruel or inhumane treatment,the child showed signs of physical abuse
sum,3k-a,2193,144,4.011,0.9951,B2,,1,n|v,summed|summing|sums,a quantity of money,he borrowed a large sum
corporate,3k-a,2028,145,4.010,0.9975,B2,,1,adj,corp|corporately|corporates|corporation|corporations|corporatism|corporatist|corporatists,of or belonging to a corporation,corporate rates
priority,3k-a,2313,146,4.008,0.9976,B2,,1,n,priorities|prioritisation|prioritise|prioritised|prioritises|prioritising|prioritization|prioritize|prioritized|prioritizes|prioritizing,status established in order of importance or urgency,… its precedence as the world's leading manufacturer of pharmaceuticals
structure,3k-a,2002,147,4.008,0.9947,A2,,1,n|v,poststructuralism|poststructuralist|restructure|restructured|restructures|restructuring|structural|structuralism|structuralisms|structuralist|structuralists|structurally|structured|structures|structuring|unstructured|substructure,a thing constructed; a complex entity constructed of many parts,the structure consisted of a series of arches
complaint,3k-a,2409,148,4.007,0.9975,B1,,0,n,complainant|complainants|complaints,an often persistent bodily disorder or disease; a cause for complaining,
document,3k-a,2065,149,4.004,0.9953,A2,,1,n|v,documentation|documented|documenting|documents|undocumented,writing that provides information (especially information of an official nature),
novel,3k-a,2231,150,4.003,0.9976,A2,,0,n|adj,novelist|novelistic|novelists|novels|novelette,an extended fictional work in prose; usually in the form of a story,
budget,3k-a,2083,151,4.003,0.9974,B2,,0,n,budgetary|budgeted|budgeting|budgets,a sum of money allocated for a particular purpose,the laboratory runs on a budget of a million a year
internal,3k-a,2175,152,3.993,0.9925,B2,,1,adj,internalisation|internalise|internalised|internalises|internalising|internalization|internalize|internalized|internalizes|internalizing|internally,happening or arising or located within some limits or especially surface,internal organs
fee,3k-a,2272,153,3.986,0.9923,B2,,1,n,fees,a fixed charge for a privilege or for professional services,
pace,3k-a,2492,154,3.981,0.9976,B2,,0,n|v,paced|pacer|pacers|paces|pacing,the rate of moving (especially walking or running),
strategy,3k-a,2057,155,3.976,1.0000,A2,,1,n,strategic|strategically|strategies|strategist|strategists,an elaborate and systematic plan of action,
succeed,3k-a,2312,156,3.976,0.9977,A2,,0,v,succeeded|succeeding|succeeds,attain success or reach a desired goal,The enterprise succeeded
aircraft,3k-a,2239,157,3.976,0.9976,B2,,0,n,,a vehicle that can fly,
severe,3k-a,2192,158,3.974,0.9955,B2,,0,adj,severely|severeness|severer|severest|severity,intensely or extremely bad or unpleasant in degree or quality,severe pain
impact,3k-a,2163,159,3.974,0.9946,B1,,1,n|v,impacted|impacting|impacts,the striking of one body against another,
independent,3k-a,2051,160,3.971,0.9943,A2,,0,adj,independently|independents,free from external control and constraint,an independent mind
alternative,3k-a,2064,161,3.970,1.0000,A2,,1,n|adj,alternatively|alternatives,one of a number of things from which only one can be chosen,what option did I have?
reveal,3k-a,2061,162,3.970,0.9920,B2,,1,v,revealed|revealing|revealingly|reveals|revelation|revelations|unrevealed,make manifest,Summer brings out bright clothes
debate,3k-a,2109,163,3.969,0.9973,B2,,1,n|v,debatable|debated|debates|debating|debater|debaters,a discussion in which reasons are advanced for and against some proposition or proposal,the argument over foreign aid goes on and on
error,3k-a,2260,164,3.968,1.0000,A2,,1,n,errors,a wrong action attributable to bad judgment or ignorance or inattention,he made a bad mistake
conclusion,3k-a,2185,165,3.960,0.9977,B1,,0,n,conclusions,a position or opinion or judgment reached after consideration,a decision unfavorable to the opposition
phrase,3k-a,2403,166,3.959,0.9975,A1,,0,n,misphrased|misphrasing|misphrasings|phrasal|phrased|phrases|phrasing|phrasings|rephrase|rephrased|rephrases|rephrasing,an expression consisting of one or more words forming a grammatical constituent of a sentence,
ultimate,3k-a,2344,167,3.956,1.0000,B2,,1,adj,ultimately,furthest or highest in degree or order; utmost or extreme,the ultimate achievement
terror,3k-a,2497,168,3.955,0.9927,B2,,0,n,terrorise|terrorised|terrorising|terrorism|terrorist|terrorists|terrorize|terrorized|terrorizing|terrors,an overwhelming feeling of fear and anxiety,
broadcast,3k-a,2464,169,3.953,1.0000,B2,,0,v|n,broadcasted|broadcaster|broadcasters|broadcasting|broadcasts,"broadcast over the airwaves, as in radio or television",We cannot air this X-rated song
technique,3k-a,2089,170,3.952,1.0000,B1,,1,n,techniques,a practical method or art applied to some particular task,
conflict,3k-a,2144,171,3.940,1.0000,B2,,1,n|v,conflicted|conflicting|conflicts|conflictual,an open clash between two opposing groups (or individuals),"the harder the conflict, the more glorious the triumph"
primary,3k-a,2052,172,3.940,0.9977,B1,,1,adj,primaries|primarily,of first rank or importance or value; direct and immediate rather than secondary,primary goals
symbol,3k-a,2303,173,3.934,1.0000,A2,,1,n,symbolic|symbolical|symbolically|symbolise|symbolised|symbolises|symbolising|symbolism|symbolize|symbolized|symbolizes|symbolizing|symbols,an arbitrary sign (written or printed) that has acquired a conventional significance,
display,3k-a,2077,174,3.931,0.9929,B2,,1,v|n,displayed|displaying|displays|undisplayed,"to show, make visible or apparent",The Metropolitan Museum is exhibiting Goya's works this month
candidate,3k-a,2150,175,3.930,0.9976,B1,,0,n,candidacies|candidacy|candidates|candidature,a politician who is running for public office,
gallery,3k-a,2324,176,3.930,0.9975,A2,,0,n,galleried|galleries,spectators at a golf or tennis match,
communicate,3k-a,2043,177,3.930,0.9949,A2,,1,v,communicated|communicates|communicating|communication|communications|communicative|communicatively|communicator|communicators|uncommunicative,transmit information,Please communicate this message to all employees
rank,3k-a,2317,178,3.929,0.9951,B2,,0,n|v,ranked|ranking|rankings|ranks|unranked,a row or line of people (especially soldiers or police) standing abreast of one another,the entrance was guarded by ranks of policemen
compete,3k-a,2082,179,3.928,0.9844,A2,,0,v,anticompetitive|competed|competes|competing|competitive|competitively|competitiveness|competitor|competitors|uncompetitive|uncompetitiveness,compete for something; engage in a contest; measure oneself against others,
software,3k-a,2121,180,3.926,1.0000,B1,,0,n,softwares,(computer science) written programs or procedures or rules and associated documentation pertaining to the operation of a computer system and that are stored in read/write memory,the market for software is expected to expand
sequence,3k-a,2220,181,3.924,0.9948,B2,,1,n,sequenced|sequences|sequencing|sequential|sequentially|unsequenced,serial arrangement in which things follow in logical order or a recurrent pattern,the sequence of names was alphabetical
sympathy,3k-a,2398,182,3.922,0.9975,B2,,0,n,sympathetic|sympathetically|sympatheticly|sympathies|sympathise|sympathised|sympathiser|sympathisers|sympathises|sympathising|sympathize|sympathized|sympathizer|sympathizers|sympathizes|sympathizing|unsympathetic|unsympathetically,an inclination to support or be loyal to or to agree with an opinion,his sympathies were always with the underdog
cabinet,3k-a,2205,183,3.921,0.9974,C1,,0,n,cabinets,a piece of furniture resembling a cupboard with doors and shelves and drawers; for storage or display,
formal,3k-a,2101,184,3.920,0.9977,A2,,0,adj,formalisation|formalise|formalised|formalising|formalism|formalist|formalistic|formalists|formalities|formality|formalization|formalize|formalized|formalizing|formally,being in accord with established forms and conventions and requirements (as e.g. of formal dress),pay one's formal respects
philosophy,3k-a,2227,185,3.918,0.9950,B2,,1,n,philosopher|philosophers|philosophic|philosophical|philosophically|philosophies|philosophise|philosophised|philosophises|philosophising|philosophize|philosophized|philosophizes|philosophizing,a belief (or system of beliefs) accepted as authoritative by some group or school,
prior,3k-a,2400,186,3.918,0.9945,B2,,1,adj,priors,earlier in time,
technical,3k-a,2161,187,3.916,1.0000,B1,,1,adj,technically,of or relating to technique or proficiency in a practical skill,his technical innovation was his brushwork
mature,3k-a,2439,188,3.915,1.0000,C1,,1,adj|v,immature|immaturely|immatures|immaturity|maturation|maturational|matured|maturely|matures|maturing|maturities|maturity|prematurity,characteristic of maturity,mature for her age
congress,3k-a,2257,189,3.915,0.9974,C1,,0,adj,congresses|congressional,a meeting of elected or appointed representatives,
genuine,3k-a,2428,190,3.914,0.9930,B2,,0,adj,genuinely|genuineness,not fake or counterfeit,a genuine Picasso
minimum,3k-a,2378,191,3.911,0.9953,B2,,1,adj|n,minimums,the least possible,needed to enforce minimal standards
eastern,3k-a,2240,192,3.910,0.9880,B1,,0,adj,easterner|easterners|easternmost,lying toward or situated in the east,the eastern end of the island
capacity,3k-a,2225,193,3.909,0.9976,B2,,1,n,capacities|incapacities|incapacity,capability to perform or produce,among his gifts is his capacity for true altruism
abandon,3k-a,2336,194,3.909,0.9974,B2,,1,v,abandoned|abandoning|abandonment|abandons,"forsake, leave behind",We abandoned the old car in the empty parking lot
enterprise,3k-a,2262,195,3.909,0.9951,C1,,0,n,enterprises,a purposeful or industrious undertaking (especially one that requires effort or boldness),he had doubts about the whole enterprise
exception,3k-a,2198,196,3.905,0.9925,B2,,0,n,exceptionable|exceptional|exceptionalities|exceptionality|exceptionally|exceptions|unexceptionable|unexceptional,a deliberate act of omission,"with the exception of the children, everyone was told the news"
author,3k-a,2181,197,3.900,0.9974,A2,,1,n,authored|authoress|authoresses|authorial|authoring|authors|authorship|coauthor|coauthored|coauthors|coauthoring,writes (books or stories or articles or the like) professionally (for pay),
method,3k-a,2007,198,3.897,0.9949,A2,,1,n,methodical|methodically|methodological|methodologically|methodologies|methodology|methods,"a way of doing something, especially a systematic way; implies an orderly logical arrangement (usually in steps)",
welfare,3k-a,2395,199,3.897,0.9876,B2,,1,n,,governmental provision of economic assistance to persons in need,she lives on welfare
formula,3k-a,2249,200,3.896,1.0000,C1,,1,n,formulae|formulaic|formulas|formulate|formulated|formulates|formulating|formulation|formulations|reformulate|reformulated|reformulating|reformulation|reformulations,a group of symbols that make a mathematical statement,
mere,3k-a,2081,201,3.896,0.9640,C1,,0,adj,merely|merest,being nothing more than specified,a mere child
accurate,3k-a,2218,202,3.895,0.9950,B2,,1,adj,accuracies|accuracy|accurately|inaccuracies|inaccuracy|inaccurate|inaccurately,conforming exactly or almost exactly to fact or to a standard or performing with total accuracy,an accurate reproduction
relative,3k-a,2038,203,3.892,1.0000,B1,,0,adj|n,relatively|relativise|relativised|relativises|relativising|relativism|relativist|relativistic|relativists|relativize|relativized|relativizes|relativizing,estimated by comparison; not absolute or complete,a relative stranger
institution,3k-a,2039,204,3.891,0.9975,B2,,0,n,institutional|institutionalisation|institutionalise|institutionalised|institutionalises|institutionalising|institutionalization|institutionalize|institutionalized|institutionalizes|institutionalizing|institutionally|institutions,an organization founded and united for a specific purpose,
vital,3k-a,2343,205,3.891,0.9923,B2,,0,adj,vitally|vitals,urgently needed; absolutely necessary,a critical element of the plan
principle,3k-a,2036,206,3.890,0.9946,B2,,1,n,principled|principles|unprincipled,a basic generalization that is accepted as true and that can be used as a basis for reasoning or conduct,their principles of composition characterized all their works
passage,3k-a,2377,207,3.884,0.9945,B2,,0,n,passages,the act of passing from one state or place to the next,
importance,3k-a,2116,208,3.884,0.9918,B1,,0,n,unimportance,the quality of being important and worthy of note,the importance of a well-balanced diet
content,3k-a,2131,209,3.883,0.9950,B1,,0,n|adj,contents,(usually plural) everything that is included in a collection and that is held or included in something,he emptied the contents of his pockets
exhibit,3k-a,2127,210,3.882,0.9974,B2,,1,v|n,exhibited|exhibiting|exhibition|exhibitionism|exhibitionist|exhibitionists|exhibitions|exhibitor|exhibitors|exhibits,"show an attribute, property, knowledge, or skill",he exhibits a great talent
belief,3k-a,2174,211,3.882,0.9951,B1,,0,n,beliefs|unbelief,any cognitive content held as true,
administration,3k-a,2202,212,3.881,0.9977,B2,,0,n,admin|administrations,a method of tending to or managing the affairs of some group of people (especially the group's business affairs),
communist,3k-a,2274,213,3.880,0.9954,C1,,0,adj,anticommunist|anticommunists|commie|commies|communists|communistic,relating to or marked by communism,Communist Party
declare,3k-a,2136,214,3.880,0.9952,B2,,0,v,declaration|declarations|declared|declarer|declarers|declares|declaring|undeclared,state emphatically and authoritatively,He declared that he needed more money to carry out the task he was charged with
ton,3k-a,2489,215,3.875,0.9880,B2,,0,n,tonnage|tonnages|tonne|tonner|tonners|tonnes|tons,a United States unit of weight equivalent to 2000 pounds,
consent,3k-a,2490,216,3.872,0.9950,C1,,1,n|v,consented|consenting|consents,permission for something to happen,he indicated his consent
ideal,3k-a,2143,217,3.866,0.9934,A2,,0,adj|n,idealisation|idealisations|idealise|idealised|idealising|idealism|idealist|idealists|ideality|idealization|idealizations|idealize|idealized|idealizing|ideally|ideals,conforming to an ultimate standard of perfection or excellence; embodying an ideal,
achieve,3k-a,2004,218,3.866,0.9921,A2,,1,v,achievable|achieved|achievement|achievements|achiever|achievers|achieves|achieving|unachievable,to gain with effort,she achieved her goal despite setbacks
panel,3k-a,2329,219,3.864,0.9976,B2,,1,n,paneled|paneling|panelled|panelling|panels,sheet that forms a distinct (usually flat and rectangular) section or component of something,
draft,3k-a,2393,220,3.862,0.9917,B2,,1,n|v,drafted|drafter|drafters|drafting|drafts|redraft|redrafted|redrafting|redrafts,a document ordering the payment of money; drawn by one person or bank on another,
scheme,3k-a,2015,221,3.861,1.0000,B2,,1,n,schematic|schematically|schemed|schemes|scheming|schemer|schemers,an elaborate and systematic plan of action,
factor,3k-a,2027,222,3.861,0.9929,A2,,1,n,factored|factoring|factors,anything that contributes causally to a result,a number of factors determined the outcome
liable,3k-a,2195,223,3.860,0.9774,C1,,0,adj,liabilities|liability,at risk of or subject to experiencing something usually unpleasant,he is apt to lose
annual,3k-a,2124,224,3.858,0.9978,B2,,1,adj,annually|annuals|semiannual,completing its life cycle within a year,a border of annual flowering plants
medium,3k-a,2475,225,3.852,0.9975,B1,,1,adj|n,mediums,around the middle of a scale of evaluation,an orange of average size
strain,3k-a,2447,226,3.851,0.9971,C1,,0,n,strained|strainer|strainers|straining|strains,(physics) deformation of a physical body under the action of applied forces,
sector,3k-a,2068,227,3.849,0.9922,B2,,1,n,sectoral|sectors,a plane figure bounded by two radii and the included arc of a circle,
objective,3k-a,2107,228,3.848,0.9975,B2,,1,n|adj,objectively|objectives|objectivism|objectivist|objectivistic|objectivity,the goal intended to be attained (and which is believed to be attainable),the sole object of her trip was to see her children
strict,3k-a,2466,229,3.847,1.0000,B2,,0,adj,stricter|strictest|strictly|strictness,rigidly accurate; allowing no deviation from a standard,rigorous application of the law
volume,3k-a,2132,230,3.842,0.9976,B2,,1,n,vol|vols|volumes,the amount of 3-dimensional space occupied by an object,the gas expanded to twice its original volume
household,3k-a,2302,231,3.842,0.9928,B2,,0,n,households,a social unit living together,he moved his family to Virginia
label,3k-a,2306,232,3.838,0.9975,B1,,1,n|v,labeled|labeling|labelled|labeller|labellers|labelling|labels|unlabeled|unlabelled,a brief description given for purposes of identification,the label modern is applied to many different kinds of architecture
domestic,3k-a,2191,233,3.838,0.9948,B2,,1,adj,domestically|domesticities|domesticity|domestics,of concern to or concerning the internal affairs of a nation,domestic issues such as tax rate and highway construction
electronic,3k-a,2356,234,3.837,0.9948,A2,,0,adj,electronically|electronics,of or relating to electronics; concerned with or using devices that operate on principles governing the behavior of electrons,electronic devices
colleague,3k-a,2199,235,3.832,0.9900,A2,,1,n,colleagues,an associate that one works with,
negotiate,3k-a,2123,236,3.827,0.9954,B2,,0,v,negotiated|negotiates|negotiating|negotiation|negotiations|negotiator|negotiators|renegotiate|renegotiated|renegotiates|renegotiating|renegotiation|renegotiations,discuss the terms of an arrangement,They negotiated the sale of the house
logic,3k-a,2325,237,3.827,0.9951,C1,,1,n,illogical|illogicality|illogically|logical|logically|logician|logicians|logics,the branch of philosophy that analyzes inference,
urge,3k-a,2429,238,3.823,0.9952,B2,,0,v,urged|urges|urging|urgings,force or impel in an indicated direction,I urged him to finish his studies
element,3k-a,2066,239,3.822,0.9949,B1,,1,n,elements,an abstract part of something,jealousy was a component of his character
withdraw,3k-a,2204,240,3.821,0.9972,B2,,0,v,withdrawal|withdrawals|withdrawing|withdrawn|withdraws|withdrew,pull back or move away or backward,The enemy withdrew
democracy,3k-a,2405,241,3.821,0.9867,B2,,0,n,democracies,the political orientation of those who favor government by the people or by their elected representatives,
notion,3k-a,2449,242,3.819,0.9897,B2,,1,n,notions,a vague idea in which some confidence is placed,his impression of her was favorable
significant,3k-a,2020,243,3.813,0.9933,B2,,1,adj,insignificant|insignificantly|significantly,important in effect or meaning,a significant change in tax laws
pursue,3k-a,2401,244,3.808,0.9905,B2,,1,v,pursued|pursuer|pursuers|pursues|pursuing,carry out or participate in an activity; be involved in,She pursued many activities
literature,3k-a,2359,245,3.806,1.0000,B1,,0,n,literatures,creative writing of recognized artistic value,
persuade,3k-a,2380,246,3.806,0.9974,B1,,0,v,persuaded|persuader|persuaders|persuades|persuading,win approval or support for,Carry all before one
initial,3k-a,2080,247,3.805,0.9921,B2,,1,adj,initialisation|initialisations|initialise|initialised|initialises|initialising|initialization|initializations|initialize|initialized|initializes|initializing|initialled|initialling|initially|initials,occurring at the beginning,took the initial step toward reconciliation
convict,3k-a,2432,248,3.804,1.0000,C1,,0,v,convicted|convicting|conviction|convictions|convicts|unconvicted,find or declare guilty,The man was convicted of fraud and sentenced
wealth,3k-a,2332,249,3.804,0.9974,B2,,0,n,wealthier|wealthiest|wealthiness|wealthy,the state of being rich and affluent; having a plentiful supply of material goods and money,great wealth is not a sign of great intelligence
absence,3k-a,2277,250,3.801,0.9928,C1,,0,n,absences,the state of being absent,he was surprised by the absence of any explanation
define,3k-a,2016,251,3.796,0.9934,B1,,1,v,definable|defined|defines|defining|definition|definitional|definitions|indefinable|indefinably|predefined|redefine|redefined|redefines|redefining|redefinition|redefinitions|undefinable|undefined,determine the essential quality of,
explore,3k-a,2186,252,3.794,1.0000,B1,,0,v,exploration|explorations|exploratory|explored|explorer|explorers|explores|exploring|unexplored,inquire into,the students had to research the history of the Second World War for their history project
custom,3k-a,2424,253,3.793,0.9975,B1,,0,n,customarily|customary|customs,accepted or habitual practice,
acknowledge,3k-a,2349,254,3.789,1.0000,B2,,1,v,acknowledged|acknowledgement|acknowledgements|acknowledges|acknowledging|acknowledgment|acknowledgments|unacknowledged,declare to be true or admit the existence or reality or truth of,He admitted his errors
vast,3k-a,2360,255,3.786,0.9975,B2,,0,adj,vaster|vastly|vastness,unusually great in size or amount or degree or especially extent or scope,huge government spending
peak,3k-a,2476,256,3.775,1.0000,C1,,0,n,peaked|peaking|peaks,the most extreme possible amount or value,voltage peak
colony,3k-a,2399,257,3.773,1.0000,B2,,0,n,colonial|colonialism|colonialisms|colonialist|colonialists|colonially|colonials|colonies|colonisation|colonise|colonised|colonising|colonist|colonists|colonization|colonize|colonized|colonizing|neocolonialism|colonizer|colonizers|coloniser|colonisers,a body of people who settle far from home but maintain ties with their homeland; inhabitants remain nationals of their home state but are not literally under the home state's system of government,the American colony in Paris
nevertheless,3k-a,2200,258,3.772,0.9742,B2,,1,adv,,despite anything to the contrary (usually preceding a concession),"although I'm a little afraid, however I'd like to try it"
cycle,3k-a,2212,259,3.770,1.0000,A2,,1,n|v,cycled|cycles|cyclic|cyclical|cycling|cyclist|cyclists,an interval during which a recurring sequence of events occurs,the never-ending cycle of the seasons
troop,3k-a,2328,260,3.765,0.9949,B2,,0,n,trooped|trooping|troops,a group of soldiers,
variety,3k-a,2095,261,3.762,0.9943,A2,,0,n,varietal|varieties,a collection containing a variety of sorts of things,a great assortment of cars was on display
consistent,3k-a,2331,262,3.760,0.9925,B2,,0,adj,consistently|inconsistent|inconsistently,(sometimes followed by ‘with’) in agreement or consistent or reliable,testimony consistent with the known facts
database,3k-a,2452,263,3.756,0.9952,B2,,0,n,databases|dbase|dbases,an organized body of related information,
inevitable,3k-a,2269,264,3.753,0.9898,B2,,1,adj,inevitability|inevitably,incapable of being avoided or prevented,the inevitable result
preserve,3k-a,2286,265,3.751,1.0000,B2,,0,v,preservation|preservative|preservatives|preserved|preserver|preservers|preserves|preserving,keep or maintain in unaltered condition; cause to remain or last,preserve the peace in the family
adjust,3k-a,2299,266,3.751,0.9897,B2,,1,v,adjustable|adjusted|adjuster|adjusters|adjusting|adjustment|adjustments|adjusts|nonadjustable|readjust|readjusted|readjusting|readjustment|readjustments|readjusts|unadjusted,alter or regulate so as to achieve accuracy or conform to a standard,"Adjust the clock, please"
republic,3k-a,2148,267,3.750,1.0000,C1,,0,n,republican|republicanism|republicans|republics,a political system in which the supreme power lies in a body of citizens who can elect people to represent them,
relevant,3k-a,2125,268,3.750,0.9952,B2,,1,adj,irrelevancies|irrelevancy|irrelevant|irrelevantly|relevancy|relevantly,having a bearing on or connection with the subject at issue,the scientist corresponds with colleagues in order to learn about matters relevant to her own research
consult,3k-a,2076,269,3.748,0.9926,B2,,1,v,consultancies|consultancy|consultant|consultants|consultation|consultations|consultative|consulted|consulting|consults,get or ask advice from,Consult your local broker
encounter,3k-a,2495,270,3.747,0.9978,B2,,1,v|n,encountered|encountering|encounters|unencountered,come together,I'll probably see you at the meeting
collapse,3k-a,2402,271,3.745,0.9977,B2,,1,v|n,collapsed|collapses|collapsible|collapsing,"break down, literally or metaphorically",The wall collapsed
constitution,3k-a,2176,272,3.744,1.0000,C1,,0,n,constitutional|constitutionalism|constitutionality|constitutionally|constitutions|unconstitutional,law determining the fundamental political principles of a government,
psychology,3k-a,2196,273,3.739,0.9976,B2,,1,n,psychological|psychologically|psychologies|psychologist|psychologists,the science of mental life,
dismiss,3k-a,2237,274,3.739,0.9949,B2,,0,v,dismissal|dismissals|dismissed|dismisses|dismissing|dismissive|dismissively,bar from attention or consideration,She dismissed his advances
extension,3k-a,2472,275,3.733,0.9975,B2,,0,n,ext|extensions,a mutually agreed delay in the date set for the completion of a job or payment of a debt,they applied for an extension of the loan
behaviour,3k-a,2033,276,3.733,0.9907,A2,,0,n,behavior|behavioral|behaviorism|behaviorist|behaviorists|behaviors|behavioural|behaviourism|behaviourist|behaviourists|behaviours|misbehavior|misbehaviors|misbehaviour|misbehaviours,the action or reaction of something (as a machine or substance) under specified circumstances,the behavior of small particles can be studied in experiments
sponsor,3k-a,2387,277,3.730,0.9951,B2,,0,v|n,sponsored|sponsoring|sponsors|sponsorship|sponsorships,assume sponsorship of,
offence,3k-a,2170,278,3.730,0.8905,B2,,0,n,inoffensive|inoffensively|inoffensiveness|offences|offense|offenses|offensive|offensively|offensiveness|offensives|unoffensive,the action of attacking an enemy,
text,3k-a,2086,279,3.720,0.9971,A1,,1,n|v,subtext|subtexts|texts|textual|textualism|textuality|textualized,the words of something written,there were more than a thousand words of text
precise,3k-a,2173,280,3.717,0.9973,B2,,1,adj,imprecise|imprecision|imprecisely|precisely|preciseness|precision,sharply exact or accurate or delimited,a precise mind
majority,3k-a,2098,281,3.710,0.9975,B2,,0,n,majorities,the property resulting from being or relating to the greater in number of two parts; the main part,the majority of his customers prefer it
publish,3k-a,2010,282,3.708,0.9951,A2,,1,v,publishable|published|publisher|publishers|publishes|publishing|republish|republished|republishes|republishing|unpublished,put into print,The newspaper published the news of the royal couple's divorce
resign,3k-a,2290,283,3.703,0.9891,B2,,0,v,resignation|resignations|resigned|resignedly|resigning|resigns,"leave (a job, post, or position) voluntarily",She vacated the position when she got pregnant
rational,3k-a,2374,284,3.702,0.9977,C1,,1,adj,irrational|irrationalities|irrationality|irrationally|rationalisation|rationalisations|rationalise|rationalised|rationalises|rationalising|rationalism|rationalist|rationalistic|rationalists|rationality|rationalization|rationalizations|rationalize|rationalized|rationalizes|rationalizing|rationally,consistent with or based on or using reason,rational behavior
justify,3k-a,2172,285,3.702,0.9920,B2,,1,v,justifiable|justifiably|justification|justifications|justified|justifies|justifying|unjustifiable|unjustifiably|unjustified,show to be right by providing justification or proof,vindicate a claim
restore,3k-a,2215,286,3.697,1.0000,B2,,1,v,restoration|restorations|restorative|restored|restorer|restorers|restores|restoring|unrestored,return to its original or usable and functioning condition,restore the forest to its original pristine condition
efficient,3k-a,2102,287,3.697,0.9949,B2,,0,adj,efficiencies|efficiency|efficiently|inefficiencies|inefficiency|inefficient|inefficiently,being effective without wasting time or effort or expense,an efficient production manager
visible,3k-a,2366,288,3.697,0.9921,B2,,1,adj,invisibility|invisible|invisibly|visibility|visibly,capable of being seen; or open to easy view,a visible object
ensure,3k-a,2034,289,3.697,0.9877,B2,,1,v,ensured|ensures|ensuring,make certain of,This nest egg will ensure a nice retirement for us
resolve,3k-a,2423,290,3.686,0.9979,B2,,1,v,resolved|resolves|resolving|unresolved,bring to an end; settle conclusively,The case was decided
decade,3k-a,2250,291,3.686,0.9977,B1,,1,n,decades,a period of 10 years,
essential,3k-a,2050,292,3.686,0.9974,B1,,0,adj,essentialist|essentialists|essentiality|essentialized|essentially|essentials|inessential|nonessential,absolutely necessary; vitally necessary,essential tools and materials
hence,3k-a,2427,293,3.686,0.9948,B2,,1,adv,,(used to introduce a logical conclusion) from that fact or reason or as a result,therefore X must be true
translate,3k-a,2467,294,3.685,0.9948,B1,,0,v,translatable|translated|translates|translating|translation|translations|translational|translator|translators|untranslatable|untranslated,restate (words) from one language into another language,I have to translate when my in-laws from Austria visit the U.S.
assembly,3k-a,2266,295,3.683,0.9975,C1,,0,n,assemblies,a group of machine parts that fit together to form a self-contained unit,
estimate,3k-a,2062,296,3.679,1.0000,B2,,1,v|n,est|estimated|estimates|estimating|estimation|estimations|estimator|estimators,judge tentatively or form an estimate of (quantities or time),I estimate this chicken to weigh three pounds
sufficient,3k-a,2094,297,3.679,0.9930,B2,,1,adj,insufficient|insufficiently|sufficiently,of a quantity that can fulfill a need or requirement but without being abundant,sufficient food
accompany,3k-a,2265,298,3.677,1.0000,B2,,1,v,accompanied|accompanies|accompaniment|accompaniments|accompanist|accompanists|accompanying|unaccompanied,be present or associated with an event or entity,French fries come with the hamburger
invest,3k-a,2006,299,3.676,0.9975,B1,,1,v,invested|investing|investment|investments|investor|investors|invests|reinvest|reinvested|reinvesting|reinvestment|reinvests,make an investment,Put money into bonds
treaty,3k-a,2301,300,3.672,0.9921,C1,,0,n,treaties,a written agreement between two states or sovereigns,
adopt,3k-a,2084,301,3.670,0.9973,B2,,0,v,adopted|adopter|adopters|adopting|adoption|adoptions|adoptive|adopts,"choose and follow; as of theories, ideas, policies, strategies or plans",She followed the feminist movement
demonstrate,3k-a,2074,302,3.670,0.9928,B2,,1,v,demo|demonstrated|demonstrates|demonstrating|demonstration|demonstrations|demonstrative|demonstratively|demonstratives|demonstrator|demonstrators|demos|undemonstrative,give an exhibition of to an interested audience,She shows her dogs frequently
urban,3k-a,2278,303,3.668,0.9926,B2,,0,adj,urbanisation|urbanise|urbanised|urbanist|urbanists|urbanization|urbanize|urbanized,relating to or concerned with a city or densely populated area,urban sociology
dimension,3k-a,2493,304,3.667,0.9906,C1,,1,n,dimensional|dimensions,the magnitude of something in a particular direction (especially length or width or height),
curve,3k-a,2340,305,3.665,0.9976,B2,,0,n|v,curvaceous|curvature|curvatures|curved|curves|curving|curvy,the trace of a point whose direction of motion changes,
crucial,3k-a,2412,306,3.663,0.9924,B2,,1,adj,crucially,of extreme importance; vital to the resolution of a crisis,a crucial moment in his career
recognition,3k-a,2282,307,3.661,0.9974,B2,,0,n,recognitions,the state or quality of being recognized or acknowledged,the partners were delighted with the recognition of their work
rail,3k-a,2361,308,3.661,0.9949,B2,,0,n,railed|railing|railings|rails,a barrier consisting of a horizontal bar and supports,
considerable,3k-a,2054,309,3.657,0.9952,B2,,1,adj,considerably|inconsiderable,large or relatively large in number or amount or extent or degree,a considerable quantity
protein,3k-a,2460,310,3.655,0.9921,B2,,0,n,proteins,any of a large group of nitrogenous organic compounds that are essential constituents of living cells; consist of polymers of amino acids; essential in the diet of animals for growth and for repair of tissues; can be obtained from meat and eggs and milk and legumes,a diet high in protein
origin,3k-a,2421,311,3.650,1.0000,B2,,0,n,origins,"the place where something begins, where it springs into being",the Italian beginning of the Renaissance
survey,3k-a,2055,312,3.650,0.9978,A2,,1,n|v,surveyed|surveying|surveyor|surveyors|surveys|unsurveyed,a detailed critical inspection,
promote,3k-a,2058,313,3.646,1.0000,B1,,1,v,promo|promos|promoted|promoter|promoters|promotes|promoting|promotion|promotional|promotions,contribute to the progress or growth of,I am promoting the use of computers in the classroom
parallel,3k-a,2457,314,3.644,0.9974,B2,,1,adj|n,paralleled|paralleling|parallelism|parallelled|parallelling|parallels|unparalleled,being everywhere equidistant and not intersecting,parallel lines never converge
participate,3k-a,2244,315,3.644,0.9953,B1,,1,v,participated|participates|participating|participation|participations|participative|participatory|participator|participators,share in something,
radical,3k-a,2308,316,3.632,0.9976,C1,,1,adj,radicalism|radicalisms|radically|radicals,(used of opinions and actions) far beyond the norm,extremist political views
gap,3k-a,2443,317,3.632,0.9949,A2,,0,n,gapped|gappy|gaps,a conspicuous disparity or difference as between two figures,gap between income and outgo
reject,3k-a,2156,318,3.628,0.9951,B1,,1,v,rejected|rejecting|rejection|rejections|rejects,not accept something given or offered,I reject the idea of starting a war
reflect,3k-a,2031,319,3.622,0.9922,B1,,0,v,reflectance|reflected|reflecting|reflection|reflections|reflective|reflectively|reflectiveness|reflects|unreflecting,manifest or bring back,This action reflects his true beliefs
occupation,3k-a,2376,320,3.616,0.9973,B2,,0,n,occupational|occupationally|occupations,the principal activity in your life that you do to earn money,he's not in my line of business
category,3k-a,2184,321,3.610,1.0000,B1,,1,n,categories|categorisation|categorise|categorised|categorises|categorising|categorization|categorize|categorized|categorizes|categorizing|uncategorised|uncategorized,a collection of things sharing a common attribute,there are two classes of detergents
extent,3k-a,2104,322,3.610,0.9952,B2,,0,n,extents,the point or degree to which something extends,the extent of the damage
independence,3k-a,2441,323,3.604,0.9948,B2,,0,n,,freedom from control or influence of another or others,
nod,3k-a,2264,324,3.601,0.9977,C1,,0,v,nodded|nodding|nods,express or signify by nodding,He nodded his approval
formation,3k-a,2456,325,3.601,0.9952,B2,,0,n,formations,an arrangement of people or things acting as a unit,a defensive formation
liberal,3k-a,2139,326,3.601,0.9924,C1,,1,adj|n,illiberal|lib|liberalisation|liberalise|liberalised|liberalises|liberalising|liberalism|liberality|liberalization|liberalize|liberalized|liberalizes|liberalizing|liberally|liberals,showing or characterized by broad-mindedness,a broad political stance
predict,3k-a,2147,327,3.601,0.9923,A2,,1,v,predictability|predictable|predictably|predicted|predicting|prediction|predictions|predictive|predictor|predictors|predicts|unpredictability|unpredictable|unpredictably,make a prediction about; tell in advance,Call the outcome of an election
outcome,3k-a,2436,328,3.597,0.9951,B2,,1,n,outcomes,something that results,he listened for the results on the radio
inspire,3k-a,2416,329,3.591,0.9927,B2,,0,v,inspiration|inspirational|inspirations|inspired|inspires|inspiring|uninspired|uninspiring,heighten or intensify,These paintings exalt the imagination
aspect,3k-a,2071,330,3.588,0.9933,B2,,1,n,aspects,a distinct feature or element in a problem,he studied every facet of the question
ministry,3k-a,2323,331,3.586,0.9869,C1,,1,n,ministries,religious ministers collectively (especially Presbyterian),
rival,3k-a,2368,332,3.580,0.9974,B2,,0,n|adj,rivalled|rivalling|rivalries|rivalry|rivals|unrivalled,the contestant you hope to defeat,he had respect for his rivals
asset,3k-a,2228,333,3.580,0.9922,B2,,0,n,assets,a useful or valuable quality,
conservative,3k-a,2114,334,3.577,0.9932,B2,,0,adj|n,conservatively|conservatives,"resistant to change, particularly in relation to politics or religion",
critic,3k-a,2092,335,3.577,0.9901,B2,,0,n,critical|critically|critics|uncritical|uncritically,a person who is professionally engaged in the analysis and interpretation of works of art,
mechanism,3k-a,2388,336,3.573,0.9975,B2,,1,n,mechanisms,the atomic process that occurs during a chemical reaction,he determined unique mechanisms for the photochemical reactions
obtain,3k-a,2045,337,3.573,0.9953,B2,,1,v,obtainable|obtained|obtaining|obtains|unobtainable,come into possession of,How did you obtain the visa?
layer,3k-a,2479,338,3.571,0.9972,B1,,1,n,layered|layering|layers,single thickness of usually some homogeneous substance,slices of hard-boiled egg on a bed of spinach
extensive,3k-a,2385,339,3.571,0.9901,B2,,0,adj,extensively|extensiveness,large in spatial extent or range or scope or quantity,an extensive Roman settlement in northwest England
recruit,3k-a,2418,340,3.568,0.9929,B2,,0,v|n,recruited|recruiter|recruiters|recruiting|recruitment|recruits,register formally as a participant or member,The party recruited many new members
continent,3k-a,2477,341,3.566,0.9928,A2,,0,n,continental|continentals|continents|intercontinental|subcontinent|subcontinents|subcontinental|transcontinental,one of the large landmasses of the earth,there are seven continents
currency,3k-a,2462,342,3.564,0.9973,B1,,1,n,currencies,the metal or paper medium of exchange that is presently used,
reform,3k-a,2073,343,3.559,0.9922,C1,,0,n|v,reformation|reformative|reformatory|reformed|reformer|reformers|reforming|reformism|reformist|reformists|reforms|unreformed,a change for the better as a result of correcting abuses,justice was for sale before the reform of the law courts
substantial,3k-a,2157,344,3.554,0.9927,C1,,0,adj,insubstantial|insubstantially|substantiality|substantially|unsubstantial,"of considerable importance, size, or worth",won by a substantial margin
via,3k-a,2438,345,3.550,0.9928,B2,,1,prep,,,
significance,3k-a,2410,346,3.545,0.9978,B2,,0,n,insignificance|significances,the quality of being significant,do not underestimate the significance of nuclear power
prospect,3k-a,2217,347,3.545,0.9911,B2,,1,n,prospective|prospectively|prospects,the possibility of future success,his prospects as a writer are excellent
expand,3k-a,2320,348,3.545,0.9903,B1,,1,v,expandability|expandable|expanded|expanding|expands|expansible,extend in one or more directions,The dough expands
disabled,3k-a,2281,349,3.542,0.9974,B2,,0,adj,disabilities|disability|disable|disablement|disablements|disables|disabling,"the total or partial absence of a person's bodily or mental functions, including the absence of a part of a person's body",
initiate,3k-a,2145,350,3.525,0.9946,C1,,1,v,initiated|initiates|initiating|initiation|initiations|initiative|initiatives|initiator|initiators|uninitiated,bring into being,He initiated a new program
assumption,3k-a,2321,351,3.525,0.9945,B2,,0,n,assumptions,a statement that is assumed to be true and from which a conclusion can be drawn,"on the assumption that he has been injured, we can infer that he will not play"
fundamental,3k-a,2259,352,3.517,0.9952,B2,,1,adj,fundamentalism|fundamentalist|fundamentalists|fundamentally|fundamentals,serving as an essential component,a cardinal rule
institute,3k-a,2245,353,3.515,0.9975,B2,,1,n,instituted|institutes|instituting,an association organized to promote art or science or education,
overall,3k-a,2166,354,3.509,0.9954,B2,,1,adj|adv,,involving only main features,the overall pattern of his life
context,3k-a,2090,355,3.507,0.9922,A2,,1,n,contexts|contextual|contextualise|contextualised|contextualising|contextualize|contextualized|contextualizing|contextually|uncontextualised|uncontextualized,discourse that surrounds a language unit and helps to determine its interpretation,
province,3k-a,2381,356,3.507,0.9879,C1,,0,n,provinces|provincial|provincialism|provincially,the territory occupied by one of the constituent administrative districts of a nation,his state is in the deep south
architecture,3k-a,2468,357,3.504,0.9948,A2,,0,n,architectural|architecturally|architectures,an architectural product or work,
pupil,3k-a,2087,358,3.499,1.0000,B2,,0,n,pupils,a learner who is enrolled in an educational institution,
ban,3k-a,2292,359,3.499,0.9950,B1,,0,v|n,banned|banning|bans,forbid the public distribution of (a movie or a newspaper),
consequence,3k-a,2164,360,3.499,0.9948,B1,,0,n,consequences,a phenomenon that follows and is caused by some previous phenomenon,the magnetic effect was greater when the rod was lengthwise
dispute,3k-a,2296,361,3.499,0.9924,C1,,0,n|v,disputation|disputations|disputed|disputes|disputing|undisputed|disputable|disputant|disputatious,a disagreement or argument about something important,he had a dispute with his wife
dispose,3k-a,2448,362,3.499,0.9880,C1,,1,v,disposable|disposal|disposals|disposed|disposes|disposing|dispositive|indisposed,"give, sell, or transfer to another",She disposed of her parents' possessions
convert,3k-a,2345,363,3.496,1.0000,B2,,1,v,converted|converter|converters|convertibility|convertible|convertibles|converting|converts|unconverted,change from one system to another or to a new plan or policy,We converted from 220 to 110 Volt
founded,3k-a,2311,364,3.493,0.9974,B2,,0,n,founder|founders|founding|founds|unfounded,set up or found,She set up a literacy program
excess,3k-a,2337,365,3.488,0.9927,C1,,0,n|adj,excesses|excessive|excessively,a quantity much larger than is needed,
distinct,3k-a,2075,366,3.485,0.9976,B2,,1,adj,distinction|distinctions|distinctive|distinctively|distinctiveness|distinctivenesses|distinctly|distinctness|indistinct|indistinctly,(often followed by ‘from’) not alike; different in nature or quality,plants of several distinct types
criticism,3k-a,2280,367,3.485,0.9975,B2,,0,n,criticisms,disapproval expressed by pointing out faults or shortcomings,the senator received severe criticism from his opponent
parish,3k-a,2442,368,3.482,0.9875,C1,,0,n,parishes,a local church community,
input,3k-a,2431,369,3.477,0.9950,B2,,1,n,inputs|inputting,signal going into an electronic system,
decline,3k-a,2152,370,3.477,0.9947,B2,,1,v|n,declined|declines|declining,grow worse,Conditions in the slum worsened
arise,3k-a,2119,371,3.474,1.0000,B2,,0,v,arisen|arises|arising|arose,come into existence; take on form or shape,A new religious movement originated in that country
resolution,3k-a,2461,372,3.471,0.9900,B2,,0,n,resolutions,a formal expression by a meeting; agreed to by a vote,
isolate,3k-a,2322,373,3.462,0.9823,B2,,1,v,isolated|isolates|isolating|isolation|isolationism|isolationist|isolationists,place or set apart,They isolated the political prisoners from the other inmates
impose,3k-a,2167,374,3.456,0.9974,B2,,1,v,imposed|imposer|imposers|imposes|imposing|imposingly|imposition|impositions,compel to behave in a certain way,Social relations impose courtesy
paragraph,3k-a,2425,375,3.453,0.9948,A1,,1,n,para|paragraphed|paragraphing|paragraphs|paras,one of several distinct subdivisions of a text intended to separate ideas; the beginning is usually marked by a new indented line,
prosecute,3k-a,2473,376,3.453,0.9730,C1,,0,v,prosecuted|prosecutes|prosecuting|prosecution|prosecutions|prosecutor|prosecutors,conduct a prosecution in a court of law,
clause,3k-a,2379,377,3.450,0.9893,B1,,1,n,clauses,(grammar) an expression including a subject and predicate functioning as a part of a complex sentence,
suspend,3k-a,2440,378,3.444,0.9952,B2,,1,v,suspended|suspender|suspenders|suspending|suspends|suspension|suspensions,hang freely,The secret police suspended their victims from the ceiling and beat them
frequent,3k-a,2133,379,3.441,1.0000,B2,,0,adj,frequented|frequenting|frequently|frequents|infrequent|infrequently,coming at short intervals or habitually,a frequent guest
proportion,3k-a,2113,380,3.438,0.9944,B2,,1,n,proportional|proportionality|proportionally|proportionate|proportionately|proportioned|proportions,the quotient obtained when the magnitude of a part is divided by the magnitude of the whole,
install,3k-a,2342,381,3.435,0.9945,B2,,0,v,instal|installation|installations|installed|installer|installers|installing|installs,set up for use,install the washer and dryer
imply,3k-a,2246,382,3.432,0.9837,B2,,1,v,implied|impliedly|implies|implying,express or state indirectly,
flexible,3k-a,2419,383,3.429,0.9947,B2,,1,adj,flexibility|flexibly|inflexibility|inflexible|inflexibly,capable of being changed,flexible schedules
module,3k-a,2216,384,3.429,0.9929,,,0,n,modular|modularity|modules,one of the inherent cognitive or perceptual powers of the mind,
sustain,3k-a,2415,385,3.429,0.9880,C1,,1,v,sustainability|sustainable|sustained|sustaining|sustains|unsustainable,lengthen or extend in duration or space,We sustained the diplomatic negotiations as long as possible
acquire,3k-a,2188,386,3.425,0.9901,B2,,1,v,acquired|acquirer|acquirers|acquires|acquiring|unacquired|acquirement,come into the possession of something concrete or abstract,She got a lot of paintings from her uncle
etc,3k-a,2154,387,3.425,0.9054,,,0,adv,cetera|etcetera,continuing in the same way,
equivalent,3k-a,2413,388,3.422,0.9953,B2,,1,n|adj,equivalently|equivalents,a person or thing equal to another in value or measure or force or effect or significance etc,send two dollars or the equivalent in stamps
virtual,3k-a,2355,389,3.419,1.0000,B2,,1,adj,virtually,being actually such in almost every respect,a practical failure
adequate,3k-a,2194,390,3.416,0.9910,B2,,1,adj,adequately|inadequate|inadequately,having the requisite qualities or resources to meet a task,she had adequate training
disc,3k-a,2268,391,3.412,0.9844,B2,,0,n,discette|discettes|discs|disk|diskette|diskettes|disks,sound recording consisting of a disk with a continuous groove; used to reproduce music by rotating while a phonograph needle tracks in the groove,
gaze,3k-a,2488,392,3.406,0.9976,C1,,0,n|v,gazed|gazes|gazing,a long fixed look,he fixed his paternal gaze on me
conclude,3k-a,2288,393,3.399,0.9976,B1,,1,v,concluded|concludes|concluding|unconcluded,decide by reasoning; draw or come to a conclusion,We reasoned that it was cheaper to rent than to buy a house
landscape,3k-a,2485,394,3.399,0.9903,B2,,0,n,landscaped|landscaper|landscapers|landscapes|landscaping,an expanse of scenery that can be seen in a single view,
poll,3k-a,2397,395,3.399,0.9813,C1,,0,n,polled|polling|pollings|polls,an inquiry into public opinion conducted by interviewing a random sample of people,
external,3k-a,2318,396,3.396,0.9929,B2,,1,adj,externalisation|externalise|externalised|externalises|externalising|externalities|externality|externalization|externalize|externalized|externalizes|externalizing|externally|externals,happening or arising or located outside or beyond some limits or especially surface,the external auditory canal
occupy,3k-a,2189,397,3.396,0.9927,B2,,1,v,occupancy|occupant|occupants|occupied|occupier|occupiers|occupies|occupying|unoccupied,keep busy with,She busies herself with her butterfly collection
enhance,3k-a,2411,398,3.392,0.9972,B2,,1,v,enhanced|enhancement|enhancements|enhancer|enhancers|enhances|enhancing,increase the level of,This will enhance your enjoyment
interpret,3k-a,2078,399,3.392,0.9947,B2,,1,v,interpretable|interpretation|interpretations|interpretative|interpreted|interpreter|interpreters|interpreting|interpretive|interprets|misinterpret|misinterpretation|misinterpretations|misinterpreted|misinterpreting|misinterprets|reinterpret|reinterpretation|reinterpretations|reinterpreted|reinterpreting|reinterprets,make sense of; assign a meaning to,What message do you see in this letter?
exploit,3k-a,2454,400,3.392,0.9931,B2,,1,v,exploitable|exploitation|exploitations|exploitative|exploited|exploiter|exploiters|exploiting|exploits,use or manipulate to one's advantage,He exploited the new taxation system
compensate,3k-a,2391,401,3.389,0.9977,C1,,1,v,compensated|compensates|compensating|compensation|compensations|compensatory,adjust for,engineers will work to correct the effects of air resistance
generate,3k-a,2232,402,3.389,0.9947,B2,,1,v,generated|generates|generating|generative|generatively,"produce, create",The new manager generated a lot of problems
differ,3k-a,2496,403,3.389,0.9924,B2,,0,v,differed|differing|differs,be different,These two tests differ in only one respect
manufacture,3k-a,2063,404,3.389,0.9924,B2,,0,v,manufacturable|manufactured|manufacturer|manufacturers|manufactures|manufacturing,put together out of artificial or natural components or parts,the company fabricates plastic chairs
revenue,3k-a,2335,405,3.382,0.9976,B2,,1,n,revenues,the entire amount of income before any deductions are made,
retain,3k-a,2203,406,3.378,0.9918,B2,,1,v,retained|retainer|retainers|retaining|retains,hold back within,This soil retains water
regime,3k-a,2499,407,3.367,0.9720,C1,,1,n,regimes,the organization that is the governing authority of a political unit,the government reduced taxes
geography,3k-a,2491,408,3.364,0.9951,A1,,0,n,geographer|geographers|geographic|geographical|geographically|geographies,study of the earth's surface; includes people's responses to topography and climate and soil and vegetation,
parliament,3k-a,2030,409,3.353,0.9826,B2,,0,n,parliamentarian|parliamentarians|parliamentary|parliaments,a legislative assembly in certain countries,
oblige,3k-a,2197,410,3.349,0.9952,C1,,0,v,nonobligatory|obligate|obligated|obligates|obligating|obligation|obligations|obligatorily|obligatory|obliged|obligee|obligees|obliges|obliging|obligingly,force somebody to do something,We compel all students to fill out this form
transform,3k-a,2309,411,3.345,0.9927,B2,,1,v,transformation|transformational|transformations|transformed|transformer|transformers|transforming|transforms,subject to a mathematical transformation,
import,3k-a,2291,412,3.341,1.0000,B1,,0,n|v,importation|importations|imported|importer|importers|importing|imports,commodities (goods or services) bought from a foreign country,
accommodate,3k-a,2221,413,3.333,0.9921,B2,,1,v,accommodated|accommodates|accommodating|accommodation|accommodations,be agreeable or acceptable to,This suits my needs
contrast,3k-a,2141,414,3.325,1.0000,B1,,1,n|v,contrasted|contrasting|contrastive|contrasts,the opposition or dissimilarity of things that are compared,in contrast to
index,3k-a,2226,415,3.321,0.9976,B2,,1,n,indexation|indexed|indexer|indexers|indexes|indexical|indexing|indices,a numerical scale used to compare variables with one another or with some reference number,
trend,3k-a,2408,416,3.321,0.9948,B1,,1,n,trended|trending|trends,a general direction in which something tends to move,the shoreward tendency of the current
consume,3k-a,2120,417,3.317,0.9928,B1,,1,v,consumable|consumables|consumed|consumer|consumerism|consumerist|consumers|consumes|consuming,"eat up completely, as with great appetite",Some people can down a pound of meat in the course of one meal
outline,3k-a,2406,418,3.313,0.9954,B2,,0,n|v,outlined|outlines|outlining,the line that appears to bound an object,
voluntary,3k-a,2459,419,3.309,0.9900,B2,,1,adj,voluntarily|voluntariness|voluntaristic,of your own free will or design; done by choice; not forced or compelled,man is a voluntary agent
absorb,3k-a,2486,420,3.300,1.0000,B2,,0,v,absorbance|absorbed|absorbency|absorbent|absorber|absorbers|absorbing|absorbs|absorption|absorptions|absorptive,become imbued,"The liquids, light, and gases absorb"
margin,3k-a,2298,421,3.296,0.9907,B2,,1,n,marginal|marginalisation|marginalise|marginalised|marginalising|marginality|marginalization|marginalize|marginalized|marginalizing|marginally|marginals|margined|margins,the boundary line or the area immediately inside the boundary,
devote,3k-a,2483,422,3.296,0.9838,B2,,1,v,devoted|devotedly|devotee|devotees|devotes|devoting|devotion|devotional|devotions,"give entirely to a specific person, activity, or cause",She committed herself to the work of God
contemporary,3k-a,2334,423,3.292,1.0000,B2,,1,adj,contemporaries,characteristic of the present,contemporary trends in design
supervise,3k-a,2414,424,3.287,0.9740,C1,,0,v,supervised|supervises|supervising|supervision|supervisor|supervisors|supervisory|unsupervised,watch and direct,Who is overseeing this project?
statute,3k-a,2255,425,3.283,0.9841,,,0,n,statutes|statutorily|statutory,an act passed by a legislative body,
dominate,3k-a,2293,426,3.274,0.9974,B2,,1,v,dominated|dominates|dominating|domination,"be larger in number, quantity, power, status or importance",Money reigns supreme here
quantity,3k-a,2348,427,3.274,0.9929,A2,,0,n,quantitative|quantitatively|quantities,how much there is or how many there are of something that you can quantify,
criteria,3k-a,2347,428,3.256,1.0000,B2,,1,n,criterion|criterions,a basis for comparison; a reference point against which other things can be evaluated,the schools comply with federal standards
distinguish,3k-a,2263,429,3.256,1.0000,B2,,0,v,distinguishable|distinguished|distinguishes|distinguishing|indistinguishable|undistinguished,mark as different,We distinguish several kinds of maple
publication,3k-a,2297,430,3.251,0.9953,B2,,1,n,publications,a copy of a printed work offered for distribution,
evaluate,3k-a,2273,431,3.241,1.0000,B2,,1,v,evaluated|evaluates|evaluating|evaluation|evaluations|evaluative|evaluator|evaluators,"evaluate or estimate the nature, quality, ability, extent, or significance of",I will have the family jewels appraised by a professional
emerge,3k-a,2108,432,3.241,0.9889,B2,,1,v,emerged|emergence|emergent|emerges|emerging,"come out into view, as from concealment","Suddenly, the proprietor emerged from his office"
democrat,3k-a,2110,433,3.231,0.9897,B2,,0,adj,democratic|democratically|democratisation|democratisations|democratise|democratised|democratises|democratising|democratization|democratizations|democratize|democratized|democratizes|democratizing|democrats|dems|nondemocratic|undemocratic,an advocate of democratic principles,
enforce,3k-a,2482,434,3.231,0.9894,C1,,1,v,enforceability|enforceable|enforced|enforcement|enforcements|enforcer|enforcers|enforces|enforcing|nonenforceable|unenforceable,ensure observance of laws and rules,Apply the rules to everyone
inquire,3k-a,2389,435,3.231,0.9854,,,0,v,inquired|inquirer|inquirers|inquires|inquiries|inquiring|inquiringly|inquiry,address a question to and expect an answer from,Ask your teacher about trigonometry
summary,3k-a,2370,436,3.226,0.9976,B1,,1,n,summaries|summarily|summarisation|summarisations|summarise|summarised|summarises|summarising|summarization|summarizations|summarize|summarized|summarizes|summarizing,a brief statement that presents the main points in a concise form,he gave a summary of the conclusions
resource,3k-a,2042,437,3.216,1.0000,B1,,1,n,resourced|resourceful|resourcefulness|resources|resourcing|underresourced|unresourceful,available source of wealth; a new or reserve supply that can be drawn upon when needed,
controversy,3k-a,2458,438,3.216,0.9915,B2,,1,n,controversial|controversially|controversies|uncontroversial,a contentious speech act; a dispute where there is strong disagreement,they were involved in a violent argument
assess,3k-a,2025,439,3.216,0.9789,B2,,1,v,assessable|assessed|assesses|assessing|assessment|assessments|assessor|assessors|reassess|reassessed|reassessing|reassessment|reassessments|unassessed,"evaluate or estimate the nature, quality, ability, extent, or significance of",I will have the family jewels appraised by a professional
firms,3k-a,2178,440,3.211,,,,0,n,,the members of a business organization that owns or operates one or more establishments,he worked for a brokerage house
component,3k-a,2283,441,3.206,0.9952,B2,,1,n,componentry|components,an abstract part of something,jealousy was a component of his character
compose,3k-a,2207,442,3.200,1.0000,B2,,0,v,composed|composer|composers|composes|composing|composition|compositional|compositions,form the substance of,Greed and ambition composed his personality
distribute,3k-a,2056,443,3.178,0.9936,B2,,1,v,distributable|distributed|distributes|distributing|distribution|distributional|distributions|distributive|distributor|distributors|redistribute|redistributed|redistributes|redistributing|redistribution|redistributive,"administer or bestow, as in small portions",administer critical remarks to everyone present
enable,3k-a,2093,444,3.173,0.9977,B2,,1,v,enabled|enabler|enablers|enables|enabling,render capable or able for some task,This skill will enable you to find a job on Wall Street
construct,3k-a,2029,445,3.167,0.9925,B2,,1,v,constructed|constructing|construction|constructional|constructions|constructive|constructively|constructivist|constructivists|constructor|constructors|constructs|reconstruct|reconstructed|reconstructing|reconstruction|reconstructions|reconstructs|unreconstructed|misconstruction,make by combining materials and parts,this little pig made his house out of straw
miner,3k-a,2276,446,3.167,0.9859,B2,,0,n,mined|miners|mines|mining,laborer who works in a mine,
interact,3k-a,2327,447,3.161,1.0000,B2,,1,v,interacted|interacting|interaction|interactional|interactionally|interactionism|interactionist|interactions|interactive|interactively|interactivity|interacts,act together or towards others or with others,He should interact more with his colleagues
delegate,3k-a,2422,448,3.161,0.9893,C1,,0,n,delegated|delegates|delegating|delegation|delegations,a person appointed or elected to represent others,
intervene,3k-a,2267,449,3.155,0.9923,C1,,1,v,intervened|intervener|interveners|intervenes|intervening|intervention|interventionism|interventionist|interventionists|interventions,"get involved, so as to alter or hinder an action, or through force or threat of force",Why did the U.S. not intervene earlier in WW II?
output,3k-a,2214,450,3.149,0.9925,B2,,1,n,outputs,final product; the things produced,
curriculum,3k-a,2261,451,3.143,0.9950,B2,,0,n,curricula|curricular|curriculums,an integrated course of academic studies,he was admitted to a new program at the university
boundary,3k-a,2450,452,3.137,0.9974,C1,,0,n,boundaries,the line or plane indicating the limit or extent of something,
evident,3k-a,2470,453,3.131,0.9941,B2,,1,adj,evidently,clearly revealed to the mind or the senses or judgment,the effects of the drought are apparent to anyone who sees the parched fields
confer,3k-a,2053,454,3.118,0.9326,C1,,1,v,conference|conferences|conferencing|conferred|conferring|confers|conferment,have a conference in order to talk something over,We conferred about a plan of action
export,3k-a,2208,455,3.111,1.0000,B1,,1,n|v,exported|exporter|exporters|exporting|exports|exportation,commodities (goods or services) sold to a foreign country,
emphasis,3k-a,2319,456,3.111,0.9926,B2,,1,n,emphases,special importance or significance,the red light gave the central figure increased emphasis
subsequent,3k-a,2155,457,3.105,1.0000,B2,,1,adj,subsequently,following in time or order,subsequent developments
approximate,3k-a,2474,458,3.105,0.9952,B1,,1,adv,approx|approximated|approximately|approximates|approximating|approximation|approximations,be close or similar,Her results approximate my own
latter,3k-a,2159,459,3.105,0.9854,C1,,0,adj|n,latterly,referring to the second of two things or persons mentioned (or the last one or ones of several),in the latter case
implement,3k-a,2179,460,3.098,0.9929,B2,,1,v,implementation|implementations|implemented|implementing|implements,apply in a manner consistent with its purpose or design,implement a procedure
moreover,3k-a,2487,461,3.098,0.9684,B2,,0,adv,,denoting additional information,"computer chess games are getting cheaper all the time; furthermore, their quality is improving"
infect,3k-a,2315,462,3.091,0.9845,C1,,0,v,infected|infecting|infection|infections|infectious|infectiously|infectiousness|infective|infects|noninfectious|reinfect|reinfected|reinfecting|reinfection|reinfections|reinfects|uninfected,communicate a disease to,Your children have infected you with this head cold
premise,3k-a,2430,463,3.084,0.9828,C1,,0,n,premised|premises|premising,a statement that is assumed to be true and from which a conclusion can be drawn,"on the assumption that he has been injured, we can infer that he will not play"
characteristic,3k-a,2183,464,3.077,1.0000,B2,,0,n|adj,characteristically|characteristics|uncharacteristic|uncharacteristically,a prominent attribute or aspect of something,the map showed roads and other features
rural,3k-a,2241,465,3.070,0.9947,B2,,0,adj,,of or relating to the countryside as opposed to the city,rural people
audit,3k-a,2338,466,3.055,0.9791,C1,,0,n,audited|auditing|auditor|auditors|auditory|audits,an inspection of the accounting procedures and records by a trained accountant or CPA,
agriculture,3k-a,2153,467,3.048,0.9974,B2,,0,n,agricultural|agriculturalist|agriculturalists|agriculturally|agriculturist|agriculturists,a large-scale farming enterprise,
implicate,3k-a,2235,468,3.048,0.9872,B2,,1,n,implicated|implicates|implicating|implication|implications,bring into intimate and incriminating connection,He is implicated in the scheme to defraud the government
reside,3k-a,2070,469,3.048,0.9827,C1,,1,v,resided|residence|residences|residencies|residency|resident|residential|residents|nonresident|nonresidents|resides|residing,make one's home in a particular place or community,my parents reside in Florida
undertake,3k-a,2177,470,3.016,0.9923,B2,,1,v,undertaken|undertakes|undertaking|undertakings|undertook,enter upon an activity or enterprise,
exclude,3k-a,2351,471,3.008,1.0000,B2,,1,v,excluded|excludes|excluding,prevent from being included or considered or accepted,The bad results were excluded from the report
modify,3k-a,2383,472,2.999,0.9975,B2,,1,v,modification|modifications|modified|modifier|modifiers|modifies|modifying|unmodified,make less severe or harsh or extreme,please modify this letter to make it more polite
succession,3k-a,2279,473,2.982,0.9974,C1,,1,n,successions|successive|successively|successor|successors,a following of one thing after another in time,the doctor saw a sequence of patients
correspond,3k-a,2310,474,2.982,0.9900,C1,,1,v,corresponded|correspondence|correspondences|corresponding|correspondingly|corresponds,"be compatible, similar or consistent; coincide in their characteristics",The two stories don't agree in many details
specify,3k-a,2304,475,2.964,0.9920,B2,,1,v,specifiable|specified|specifies|specifying|unspecified,specify as a condition or requirement in a contract or agreement; make an express demand or provision in an agreement,The will stipulates that she can live in the house for the rest of her life
analyse,3k-a,2008,476,2.955,0.9933,B1,,1,v,analysed|analyser|analysers|analyses|analysing|analysis|analyze|analyzed|analyzes|analyzing,consider in detail and subject to an analysis in order to discover essential features or meaning,analyze a sonnet by Shakespeare
attribute,3k-a,2445,477,2.955,0.9896,C1,,1,v|n,attributable|attributed|attributes|attributing|attribution|attributions|attributive|attributives|unattributed,attribute or credit to,We attributed this quotation to Shakespeare
conserve,3k-a,2364,478,2.945,0.9948,C1,,0,v,conservation|conservationism|conservationist|conservationists|conservator|conservators|conserved|conserves|conserving,keep constant through physical or chemical reactions or evolutionary change,Energy is conserved in this process
constitute,3k-a,2270,479,2.935,0.9951,C1,,1,v,constituent|constituents|constituted|constitutes|constituting|constitutive|constitutively,form or compose,This money is my only income
respective,3k-a,2346,480,2.915,0.9869,C1,,0,adj,irrespective|irrespectively|respectively,considered individually,the respective club members
provision,3k-a,2046,481,2.905,1.0000,C1,,0,n,provisioning|provisions,a stipulated condition,he accepted subject to one provision
integrate,3k-a,2209,482,2.905,0.9921,B2,,1,v,integrated|integrates|integrating|integration|integrative|integrator|integrators|reintegrate|reintegrated|reintegrates|reintegrating|reintegration|reintegrations,make into a whole or make part of a whole,She incorporated his suggestions into her proposal
regulate,3k-a,2079,483,2.894,0.9949,B2,,1,v,regulated|regulates|regulating|regulation|regulations|regulator|regulators|regulatory|unregulated,"fix or adjust the time, amount, degree, or rate of",regulate the temperature
incorporate,3k-a,2069,484,2.894,0.9838,B2,,1,v,inc|incorporated|incorporates|incorporating|incorporation|incorporations|unincorporated,make into a whole or make part of a whole,She incorporated his suggestions into her proposal
gradual,3k-a,2426,485,2.883,0.9927,B2,,0,adv,gradualism|gradualist|gradually,(Roman Catholic Church) an antiphon (usually from the Book of Psalms) immediately after the epistle at Mass,
amend,3k-a,2433,486,2.883,0.9798,C1,,1,v,amendable|amended|amending|amendment|amendments|amends,make amendments to,amend the document
derive,3k-a,2238,487,2.848,0.9829,B2,,1,v,derivation|derivations|derivative|derivatives|derived|derives|deriving,reason by deduction; establish by deduction,
statistic,3k-a,2248,488,2.797,0.9974,B1,,1,n,statistical|statistically|statistician|statisticians|statistics,a datum that can be represented numerically,
restrict,3k-a,2097,489,2.754,0.9926,B2,,1,v,restricted|restricting|restriction|restrictions|restrictive|restrictively|restricts|unrestricted|unrestrictive,place restrictions on,curtail drinking in school
inflate,3k-a,2300,490,2.707,0.9975,B2,,0,n,hyperinflation|inflatable|inflated|inflates|inflating|inflation|inflationary,exaggerate or make bigger,The charges were inflated
recession,3k-a,2500,491,2.672,0.9951,B2,,0,n,recessional|recessionary|recessions,the state of the economy declines; a widespread decline in the GDP and employment and trade lasting from six months to a year,
consist,3k-a,2236,492,2.654,0.9895,B1,,1,v,consisted|consisting|consists,originate (in),The problems dwell in the social injustices in this country
entitle,3k-a,2253,493,2.654,0.9847,C1,,0,v,entitled|entitlement|entitlements|entitles|entitling|unentitled,give the right to,The Freedom of Information Act entitles you to request your FBI file
legislate,3k-a,2118,494,2.522,0.9892,C1,,1,n,legislated|legislates|legislating|legislation|legislations|legislative|legislatively|legislator|legislators,"make laws, bills, etc. or bring into effect by legislation",They passed the amendment
precede,3k-a,2407,495,2.468,0.9845,B2,,1,v,preceded|precedence|precedent|precedents|precedes|preceding|unprecedented|unprecedentedly,be earlier in time; go back further,Stone tools precede bronze tools
expenditure,3k-a,2294,496,2.468,0.9824,C1,,0,n,expenditures,money paid out; an amount spent,
transact,3k-a,2435,497,2.371,0.9277,C1,,0,n,transacted|transacting|transaction|transactions|transactional|transacts,conduct business,transact with foreign governments
allege,3k-a,2211,498,2.371,0.8519,C1,,0,v,allegation|allegations|alleged|allegedly|alleges|alleging,report or maintain,He alleged that he was the victim of a crime
allocate,3k-a,2358,499,2.246,0.9924,C1,,1,v,allocated|allocates|allocating|allocation|allocations|reallocate|reallocated|reallocates|reallocating|reallocation|reallocations,distribute according to a plan or set apart for a special purpose,I am allocating a loaf of bread to everyone on a daily basis
emphasise,3k-a,2365,500,1.991,0.9972,B2,,0,v,emphasised|emphasises|emphasising|emphasize|emphasized|emphasizes|emphasizing|unemphasised|unemphasized,give extra weight to (a communication),Her gesture emphasized her words
damn,3k-b,2651,1,5.452,0.9978,,,0,adj,dammit|damnable|damnably|damnation|damndest|damned|damnedest|damning|damnit|damns,used as expletives,"oh, damn (or goddamn)!"
jail,3k-b,2884,2,4.848,0.9974,B2,,0,n|v,jailed|jailer|jailers|jailing|jails,a correctional institution used to detain persons who are in the lawful custody of the government (either accused persons awaiting trial or convicted persons serving a sentence),
holy,3k-b,2644,3,4.833,0.9975,B2,,0,adj,holier|holiest|holiness|unholier|unholiest|unholiness|unholy,belonging to or derived from or associated with a divine power,
jury,3k-b,2845,4,4.631,1.0000,B2,,0,n,juries,a body of citizens sworn to give a true verdict according to the evidence presented in a court of law,
naked,3k-b,2911,5,4.594,0.9974,B2,,0,adj,nakedly|nakedness,having no clothes on the body,bare bodies
monster,3k-b,2913,6,4.589,0.9976,B2,,0,n,monsters|monstrosities|monstrosity|monstrous|monstrously,an imaginary creature usually having various human and animal parts,
romantic,3k-b,2872,7,4.546,0.9951,B1,,0,adj,romantically|romanticisation|romanticise|romanticised|romanticises|romanticising|romanticization|romanticize|romanticized|romanticizes|romanticizing|romantics|unromantic,belonging to or characteristic of Romanticism or the Romantic Movement in the arts,romantic poetry
proof,3k-b,2607,8,4.536,1.0000,B2,,0,n,proofed|proofing|proofs,any factual evidence that helps to establish the truth of something,"if you have any proof for what you say, now is the time to produce it"
suicide,3k-b,2931,9,4.534,0.9979,C1,,0,n,suicidal|suicidally|suicides,the act of killing yourself,it is a crime to commit suicide
funeral,3k-b,2866,10,4.521,0.9923,C1,,0,n,funerals,a ceremony at which a dead person is buried or cremated,hundreds of people attended his funeral
surgery,3k-b,2751,11,4.510,0.9929,B2,,0,n,surgeries,the branch of medical science that treats disease or injury by operative procedures,he is professor of surgery at the Harvard Medical School
mayor,3k-b,2827,12,4.495,1.0000,B2,,0,n,mayoral|mayoress|mayoresses|mayors|mayoralty,the head of a city government,
permission,3k-b,2629,13,4.493,1.0000,A2,,0,n,permissions,approval to do something,he asked permission to leave
ocean,3k-b,2705,14,4.481,0.9953,A2,,0,n,oceanic|oceans,a large body of water constituting a principal part of the hydrosphere,
gang,3k-b,2904,15,4.479,1.0000,B2,,0,n,ganged|ganging|gangs,an association of criminals,police tried to break up the gang
regret,3k-b,2673,16,4.433,1.0000,B2,,0,v|n,regretful|regretfully|regrets|regrettable|regrettably|regretted|regretting,feel remorse for; feel sorry for; be contrite about,
fate,3k-b,2843,17,4.430,0.9975,C1,,0,n,fated|fates|fating,an event (or a course of events) that will inevitably happen in the future,
grateful,3k-b,2677,18,4.424,0.9949,B1,,0,adj,gratefully|gratefulness|ungrateful|ungratefully|ungratefulness,feeling or showing gratitude,a grateful heart
grave,3k-b,2757,19,4.419,1.0000,C1,,0,n|adj,graves,death of a person,he went to his grave without forgiving me
priest,3k-b,2564,20,4.418,0.9901,B1,,0,n,priestess|priestesses|priesthood|priestlier|priestliest|priestliness|priestly|priests,a clergyman in Christian churches who has the authority to perform or administer various religious rites; one of the Holy Orders,
talent,3k-b,2543,21,4.417,1.0000,B1,,0,n,talented|talents|untalented,natural abilities or qualities,
rescue,3k-b,2584,22,4.405,0.9868,B2,,0,v|n,rescued|rescuer|rescuers|rescues|rescuing,free from harm or evil,
duke,3k-b,2611,23,4.398,0.9871,,,0,n,archduke|archdukes|dukedom|dukedoms|dukes,a British peer of the highest rank,
uniform,3k-b,2511,24,4.395,0.9947,A2,,1,n,uniformed|uniformity|uniformly|uniforms,clothing of distinctive design worn by members of a particular group as a means of identification,
courage,3k-b,2849,25,4.374,0.9922,B2,,0,n,courageous|courageously,a quality of spirit that enables you to face danger or pain without showing fear,
federal,3k-b,2513,26,4.362,0.9896,B2,,1,adj,federalism|federalist|federalists|federalize|federalized|federalizes|federalizing|federally,of or relating to the central government of a federation,a federal district is one set aside as the seat of the national government
flesh,3k-b,2776,27,4.343,0.9948,C1,,0,n,fleshed|fleshes|fleshiness|fleshing|fleshy|fleshly,the soft tissue of the body of a vertebrate: mainly muscle tissue and fat,
sweat,3k-b,2905,28,4.339,0.9948,,,0,n,sweated|sweatier|sweatiest|sweating|sweats|sweaty,salty fluid secreted by sweat glands,sweat poured off his brow
swell,3k-b,2934,29,4.318,0.9974,,,0,adj,swelled|swelling|swellings|swells|swollen,excellent,he did a bully job
alert,3k-b,2893,30,4.314,0.9950,C1,,0,v|n|adj,alerted|alerting|alertly|alertness|alerts,warn or arouse to a sense of danger or call to a state of preparedness,The empty house alarmed him
zone,3k-b,2520,31,4.303,1.0000,B2,,0,n,zonal|zoned|zones|zoning,a locally circumscribed place characterized by some distinctive features,
passion,3k-b,2552,32,4.296,0.9950,B1,,0,n,passionate|passionately|passionless|passions,a strong feeling or emotion,
intelligence,3k-b,2595,33,4.285,0.9946,B1,,0,n,intelligences|counterintelligence,the ability to comprehend; to understand and profit from experience,
reputation,3k-b,2526,34,4.285,0.9873,B2,,0,n,reputations,the state of being held in high esteem and honor,
trail,3k-b,2766,35,4.283,0.9951,C1,,0,n|v,trailed|trailing|trails,a track or mark left by something that has passed,there as a trail of blood
virus,3k-b,2932,36,4.276,0.9974,A2,,0,n,viruses,(virology) ultramicroscopic infectious agent that replicates itself only within cells of living hosts; many are pathogenic; a piece of nucleic acid (DNA or RNA) wrapped in a thin coat of protein,
contest,3k-b,2681,37,4.274,0.9923,B2,,0,n|v,contestable|contestant|contestants|contested|contesting|contests|incontestable|uncontested,an occasion on which a winner is selected from among two or more contestants,
therapy,3k-b,2702,38,4.267,1.0000,B2,,0,n,therapies|therapist|therapists,(medicine) the act of caring for someone (as by medication or remedial training etc.),the quarterback is undergoing treatment for a knee injury
bible,3k-b,2746,39,4.263,0.9977,,,0,n,bibles|biblical,a book regarded as authoritative in its field,
cancel,3k-b,2715,40,4.262,1.0000,B2,,0,v,canceled|canceling|cancellation|cancellations|cancelled|cancelling|cancels,postpone indefinitely or annul something that was scheduled,Call off the engagement
sacrifice,3k-b,2898,41,4.253,0.9976,C1,,0,n|v,sacrificed|sacrifices|sacrificial|sacrificing,the act of losing or surrendering something as a penalty for a mistake or fault or failure to perform etc.,
highway,3k-b,2995,42,4.252,1.0000,B2,,0,n,highways,a major road for any form of motor transport,
tunnel,3k-b,2717,43,4.252,0.9974,B2,,0,n,tunnelled|tunnelling|tunnellings|tunnels,"a passageway through or under something, usually underground (especially one for trains or cars)",the tunnel reduced congestion at that intersection
assault,3k-b,2630,44,4.245,0.9974,C1,,0,n|v,assaulted|assaulting|assaults,close fighting during the culmination of a military attack,
concert,3k-b,2799,45,4.244,0.9953,A1,,0,n,concerts,a performance of music by players or singers not involving theatrical staging,
alien,3k-b,2788,46,4.241,0.9899,B2,,0,n|adj,alienate|alienated|alienates|alienating|alienation|aliens|inalienable,a person who comes from a foreign country; someone who does not owe allegiance to your country,
legend,3k-b,2876,47,4.234,0.9953,B2,,0,n,legendarily|legendary|legends,a story about mythical or supernatural beings or events,
opera,3k-b,2733,48,4.233,0.9900,B2,,0,n,operas|operatic,a drama set to music; consists of singing with orchestral accompaniment and an orchestral overture and interludes,
trigger,3k-b,2969,49,4.227,0.9977,B2,,1,v|n,triggered|triggering|triggers,put in motion or move to act,trigger a reaction
crush,3k-b,2945,50,4.225,1.0000,C1,,0,v,crushed|crusher|crushers|crushes|crushing|crushingly,come down on or keep down by unjust use of one's authority,The government oppresses political activists
generous,3k-b,2626,51,4.223,0.9948,B1,,0,adj,generosities|generosity|generously|ungenerous,willing to give and share unstintingly,a generous donation
liberty,3k-b,2974,52,4.221,0.9976,C1,,0,n,liberties,immunity from arbitrary exercise of authority: political independence,
stake,3k-b,2657,53,4.220,0.9974,C1,,0,n,staked|stakes|staking,(law) a right or legal share of something; a financial involvement with something,they have interests all over the world
explosion,3k-b,2623,54,4.217,0.9954,B1,,0,n,explosions|explosive|explosively|explosiveness|explosives|nonexplosive,a violent release of energy caused by a chemical or nuclear reaction,
tube,3k-b,2649,55,4.216,0.9951,B1,,0,n,tubed|tubes|tubing|tubeless,conduit consisting of a long hollow object (usually cylindrical) used to hold and conduct objects or liquids or gases,
headquarters,3k-b,2672,56,4.216,0.9947,B2,,0,n,headquartered|hq|hqs,(usually plural) the office that serves as the administrative center of an enterprise,many companies have their headquarters in New York
personnel,3k-b,2631,57,4.214,0.9857,C1,,0,n,,group of people willing to obey orders,a public force is necessary to give security to the rights of citizens
fantasy,3k-b,2951,58,4.210,1.0000,B2,,0,n,fantasies|fantasise|fantasised|fantasises|fantasising|fantasize|fantasized|fantasizes|fantasizing|phantasies|phantasy,imagination unrestricted by reality,a schoolgirl fantasy
behave,3k-b,2605,59,4.210,0.9977,A2,,0,v,behaved|behaves|behaving|misbehave|misbehaved|misbehaves|misbehaving,behave in a certain manner; show a certain behavior; conduct or comport oneself,You should act like an adult
chill,3k-b,2953,60,4.210,0.9924,,,0,n,chilled|chiller|chillier|chilliest|chilliness|chilling|chillingly|chills|chilly,coldness due to a cold environment,
blast,3k-b,2909,61,4.209,0.9954,C1,,0,n|v,blasted|blaster|blasters|blasting|blasts,a very long fly ball,
crystal,3k-b,2663,62,4.208,0.9930,C1,,0,n,crystallisation|crystallise|crystallised|crystallises|crystallising|crystallization|crystallize|crystallized|crystallizes|crystallizing|crystals,a solid formed by the solidification of a chemical and having a highly regular atomic structure,
powder,3k-b,2978,63,4.205,0.9952,B1,,0,n,powdered|powdering|powders|powdery,a solid substance in the form of tiny loose particles; a solid that has been pulverized,
rape,3k-b,2656,64,4.204,0.9977,C1,,0,n|v,raped|rapes|raping|rapist|rapists,Eurasian plant cultivated for its seed and as a forage crop,
sin,3k-b,2818,65,4.202,0.9897,C1,,0,n,sinful|sinfully|sinfulness|sinned|sinner|sinners|sinning|sins,estrangement from god,
personality,3k-b,2579,66,4.201,1.0000,A2,,0,n,personalities,"the complex of all the attributes — behavioral, temperamental, emotional and mental — that characterize a unique individual",their different reactions reflected their very different personalities
confess,3k-b,2771,67,4.200,0.9976,B2,,0,v,confessed|confesses|confessing|confession|confessional|confessions|confessor|confessors|confessedly,"confess to a punishable or reprehensible deed, usually under pressure",
ceremony,3k-b,2758,68,4.199,1.0000,B1,,0,n,ceremonial|ceremonially|ceremonials|ceremonies|ceremonious|ceremoniously|unceremonious|unceremoniously,a formal event performed on a special occasion,a ceremony commemorating Pearl Harbor
apology,3k-b,2736,69,4.198,1.0000,B2,,0,n,apologies|apologise|apologised|apologises|apologising|apologist|apologists|apologize|apologized|apologizes|apologizing,an expression of regret at having caused trouble for someone,he wrote a letter of apology to the hostess
entrance,3k-b,2652,70,4.195,0.9952,B1,,0,n,entrances,something that provides access (to get in or get out),they waited at the entrance to the garden
satellite,3k-b,2917,71,4.194,0.9974,B2,,0,n,satellites,man-made equipment that orbits around the earth or the moon,
hip,3k-b,2948,72,4.188,0.9947,B2,,0,n,hipped|hips,either side of the body below the waist and above the thigh,
gross,3k-b,2720,73,4.184,1.0000,C1,,0,adj,grosser|grossest|grossly|grossness,before any deductions,gross income
extraordinary,3k-b,2614,74,4.179,0.9974,B2,,0,adj,extraordinarily,beyond what is ordinary or usual; highly unusual or exceptional or remarkable; special,extraordinary authority
squeeze,3k-b,2875,75,4.178,1.0000,C1,,0,v,squeezed|squeezes|squeezing,"to compress with violence, out of natural shape or condition",crush an aluminum can
urgent,3k-b,2546,76,4.172,0.9896,B2,,0,adj,nonurgent|urgency|urgently,compelling immediate action,too pressing to permit of longer delay
counsel,3k-b,2530,77,4.153,0.9747,C1,,0,n,counseled|counseling|counselings|counselled|counselling|counsellings|counsellor|counsellors|counselor|counselors|counsels,a lawyer who pleads cases in court,
tragedy,3k-b,2957,78,4.152,0.9908,B2,,0,n,tragedian|tragedians|tragedies,an event resulting in great loss and misfortune,the whole city was affected by the irremediable calamity
jet,3k-b,2922,79,4.150,0.9923,B2,,0,n,jets|jetted|jetting,an airplane powered by one or more jet engines,
marine,3k-b,2916,80,4.149,0.9900,C1,,0,adj,,of or relating to the sea,marine explorations
remote,3k-b,2578,81,4.146,0.9951,B1,,0,adj,remotely|remoteness|remoter|remotest,located far away spatially,distant lands
combat,3k-b,2928,82,4.141,1.0000,C1,,0,n|v,combatant|combatants|combated|combating|combative|combativeness|combats|combatted|combatting,an engagement fought between two military forces,
laughter,3k-b,2935,83,4.140,1.0000,A2,,0,n,,the sound of laughing,
drill,3k-b,2841,84,4.138,0.9976,,,0,n,drilled|driller|drillers|drilling|drills,a tool with a sharp point and cutting edges for making holes in hard materials (usually rotating rapidly or by repeated blows),
tennis,3k-b,2739,85,4.134,1.0000,A1,,0,n,,a game played with rackets by two or four players who hit a ball back and forth over a net that divides the court,
leather,3k-b,2756,86,4.133,0.9976,B1,,0,n,leatheriness|leathers|leathery,an animal skin made smooth and flexible by removing the hair and then tanning,
palm,3k-b,2964,87,4.122,0.9927,B2,,0,n,palmed|palming|palms,the inner surface of the hand from the wrist to the base of the fingers,
cattle,3k-b,2802,88,4.121,1.0000,C1,,0,n,,domesticated bovine animals as a group regardless of sex or age,so many head of cattle
pit,3k-b,2683,89,4.121,0.9976,C1,,0,n,pits|pitted|pitting,a sizeable hole (usually in the ground),they dug a pit to bury the body
missile,3k-b,2968,90,4.119,0.9852,C1,,0,n,antimissile|missiles,a rocket carrying a warhead of conventional or nuclear explosives; may be ballistic or directed by remote control,
superior,3k-b,2647,91,4.114,0.9952,C1,,0,adj,superiority|superiors,of high or superior quality or performance,superior wisdom derived from experience
profile,3k-b,2675,92,4.110,0.9974,A2,,0,n,profiled|profiles|profiling,an analysis (often in graphical form) representing the extent to which something exhibits various characteristics,a biochemical profile of blood
lobby,3k-b,2970,93,4.103,0.9831,C1,,0,n|v,lobbied|lobbies|lobbying|lobbyings|lobbyist|lobbyists,a large entrance or reception room or area,
rear,3k-b,2524,94,4.095,0.9949,C1,,0,adj|n,reared|rearing|rears|rearward|rearwards,located in or toward the back or rear,the chair's rear legs
toss,3k-b,2992,95,4.093,0.9947,C1,,0,v,tossed|tosses|tossing,throw or toss with a light motion,flip me the beachball
episode,3k-b,2919,96,4.090,1.0000,B1,,0,n,episodes|episodic|episodically,a happening that is distinctive in a series of related events,
cruise,3k-b,2952,97,4.089,0.9975,B2,,0,n|v,cruised|cruiser|cruisers|cruises|cruising,an ocean trip taken for pleasure,
graduate,3k-b,2660,98,4.087,1.0000,B1,,0,n|v,graduated|graduates|graduating|graduation|graduations|grad|grads,a person who has received a degree from a school (high school or college or university),
foster,3k-b,2784,99,4.080,0.9900,C1,,0,v,fostered|fostering|fosters,promote the growth of,Foster our children's well-being and education
bargain,3k-b,2696,100,4.079,0.9916,B2,,0,n,bargained|bargaining|bargains,an agreement between parties (usually arrived at after discussion) fixing obligations of each,he made a bargain with the devil
comedy,3k-b,2937,101,4.072,0.9949,A2,,0,n,comedian|comedians|comedies,light and humorous drama with a happy ending,
plot,3k-b,2555,102,4.064,1.0000,B1,,0,n|v,plots|plotted|plotter|plotters|plotting|subplot|subplots,a secret scheme to do something (especially something underhand or illegal),they concocted a plot to discredit the governor
destruction,3k-b,2604,103,4.061,1.0000,B2,,0,n,destruct|destructive|destructively|destructiveness|indestructible|indestructibly|destructibility|indestructibility,the termination of something by causing so much damage to it that it cannot be repaired or no longer exists,
heal,3k-b,2869,104,4.055,0.9951,B2,,0,v,healed|healer|healers|healing|healings|heals,heal or recover,My broken leg is mending
rage,3k-b,2902,105,4.054,0.9952,C1,,0,n,enrage|enraged|enrages|enraging|raged|rages|raging,a feeling of intense anger,hell hath no fury like a woman scorned
halt,3k-b,2786,106,4.052,0.9944,C1,,0,v|n,halted|halting|haltingly|halts,cause to come to an abrupt stop,Halt the engines
reception,3k-b,2709,107,4.047,0.9975,A2,,0,n,receptionist|receptionists|receptions,the manner in which something is greeted,she did not expect the cold reception she received from her superiors
bureau,3k-b,2973,108,4.047,0.9901,,,0,n,bureaus|bureaux,an administrative unit of government,the Central Intelligence Agency
harbor,3k-b,2832,109,4.042,0.9778,B2,,0,n,harbored|harboring|harbors|harbour|harboured|harbouring|harbours,a sheltered port where ships can take on or discharge cargo,
rhythm,3k-b,2770,110,4.038,1.0000,B2,,0,n,rhythmic|rhythmical|rhythmically|rhythmics|rhythms,the basic rhythmic unit in a piece of music,the piece has a fast rhythm
tissue,3k-b,2712,111,4.031,0.9950,B2,,0,n,tissues,part of an organism consisting of an aggregate of cells having a similar structure and function,
confident,3k-b,2541,112,4.027,0.9978,B1,,0,adj,confidently|unconfident,having or marked by confidence or assurance,a confident speaker
privilege,3k-b,2581,113,4.027,0.9851,C1,,0,n,privileged|privileges|privileging,a special advantage or immunity or benefit not enjoyed by all,
capture,3k-b,2586,114,4.025,0.9946,B2,,0,v|n,captured|captures|capturing|uncaptured,succeed in representing or expressing something intangible,capture the essence of Spring
multiple,3k-b,2779,115,4.025,0.9877,B2,,0,adj,multiples,having or involving or consisting of more than one part or entity or individual,multiple birth
cooperate,3k-b,2822,116,4.015,0.9909,C1,,1,v,cooperated|cooperates|cooperating|cooperation|cooperative|cooperatively|cooperatives|uncooperative|uncooperatively,work together on a common enterprise or project,The soprano and the pianist did not get together very well
curtain,3k-b,2627,117,4.013,1.0000,B1,,0,n,curtained|curtaining|curtains,hanging cloth used as a blind (especially for a window),
random,3k-b,2655,118,4.010,0.9976,B2,,1,adj,randomisation|randomisations|randomise|randomised|randomises|randomization|randomizations|randomize|randomized|randomizes|randomizing|randomly|randomness|randomising,lacking any definite plan or order or purpose; governed by or depending on chance,a random choice
album,3k-b,2804,119,4.010,0.9974,B1,,0,n,albums,one or more recordings issued together; originally released on 12-inch phonograph records (usually with attractive record covers) and later on cassette audiotape and compact disc,
raw,3k-b,2844,120,4.008,0.9945,B2,,0,adj,rawer|rawest|rawness,(used especially of commodities) being unprocessed or manufactured using only simple or minimal processes,natural yogurt
leak,3k-b,2942,121,4.006,0.9974,C1,,0,v|n,leakage|leakages|leaked|leakier|leakiest|leakiness|leaking|leaks|leaky,tell anonymously,The news was leaked to the paper
shortly,3k-b,2556,122,4.003,0.9929,B2,,0,adv,,for a short time,he was at the airport shortly before she was expected to arrive
relatives,3k-b,2805,123,4.003,,,,0,n,,a person related by blood or marriage,police are searching for relatives of the deceased
menu,3k-b,2946,124,3.999,0.9951,A1,,0,n,menus,a list of dishes available at a restaurant,the menu was in French
festival,3k-b,2588,125,3.996,0.9952,A1,,0,n,festivals,a day or period of time set aside for feasting and celebration,
core,3k-b,2535,126,3.993,1.0000,B2,,1,n|adj,cored|cores|coring,a small group of indispensable persons or things,five periodicals make up the core of their publishing program
burden,3k-b,2648,127,3.993,0.9929,C1,,0,n,burdened|burdening|burdens|unburden|unburdened|unburdening|unburdens,an onerous or difficult concern,the burden of responsibility
silk,3k-b,2732,128,3.991,0.9947,B2,,0,n,silken|silkier|silkiest|silkily|silkiness|silks|silky,a fabric made from the fine threads produced by certain insect larvae,
coin,3k-b,2658,129,3.989,0.9950,B1,,0,n,coinage|coinages|coined|coining|coins,a flat metal piece (usually a disc) used as money,
bench,3k-b,2724,130,3.986,1.0000,C1,,0,n,bencher|benchers|benches,a long seat for more than one person,
grip,3k-b,2615,131,3.986,0.9948,C1,,0,n|v,gripped|gripper|grippers|gripping|grips,the act of grasping,he released his clasp on my arm
mortal,3k-b,2587,132,3.981,0.9976,,,0,adj,immortal|immortalise|immortalised|immortalises|immortalising|immortalities|immortality|immortalize|immortalized|immortalizes|immortalizing|immortally|immortals|mortalities|mortality|mortally|mortals,subject to death,mortal beings
interfere,3k-b,2665,133,3.979,0.9853,C1,,0,v,interfered|interference|interferes|interfering,come between so as to be hindrance or obstacle,Your talking interferes with my work!
retreat,3k-b,2954,134,3.978,0.9975,C1,,0,n|v,retreated|retreating|retreats,(military) withdrawal of troops to a more favorable position to escape the enemy's superior forces or after a defeat,the disorderly retreat of French troops
chart,3k-b,2645,135,3.977,0.9976,A1,,1,n|v,charted|charting|charts|uncharted,a visual display of information,
praise,3k-b,2759,136,3.976,0.9974,B2,,0,n|v,praised|praises|praising,an expression of approval and commendation,he always appreciated praise for his work
scan,3k-b,2863,137,3.974,0.9976,B1,,0,v,scanned|scanner|scanners|scanning|scans,examine minutely or intensely,the surgeon scanned the X-ray
civilian,3k-b,2915,138,3.973,0.9949,C1,,0,n|adj,civilians,a nonmilitary citizen,
vessel,3k-b,2713,139,3.971,0.9931,C1,,0,n,vessels,a tube in which a body fluid circulates,
volunteer,3k-b,2622,140,3.969,0.9956,B1,,0,n|v,volunteered|volunteering|volunteerism|volunteers,(military) a person who freely enlists for service,
hint,3k-b,2754,141,3.964,0.9925,C1,,0,n|v,hinted|hinting|hints,an indirect suggestion,not a breath of scandal ever touched her
horror,3k-b,2842,142,3.963,0.9922,B1,,0,n,horrors,intense and profound fear,
alliance,3k-b,2561,143,3.960,0.9928,C1,,0,n,alliances,the state of being allied or confederated,
tournament,3k-b,2933,144,3.959,1.0000,B2,,0,n,tournaments,a sporting competition in which contestants play a series of games to decide the winner,
penalty,3k-b,2540,145,3.959,0.9952,B2,,0,n,penalties,"the act of punishing, or the infliction of a penalty",
hostile,3k-b,2642,146,3.952,1.0000,C1,,0,adj,hostiles|hostilities|hostility|hostilely,characterized by enmity or ill will,a hostile nation
ritual,3k-b,2903,147,3.952,0.9951,C1,,0,n,ritualisation|ritualised|ritualistic|ritualistically|ritualization|ritualized|ritually|rituals,any customary observance or practice,
journal,3k-b,2618,148,3.949,1.0000,B1,,1,n,journals|journalese,a daily written record of (usually personal) experiences and observations,
tender,3k-b,2882,149,3.949,1.0000,C1,,0,adj,tenderly|tenderness,given to sympathy or gentleness or sentimentality,a tender heart
pepper,3k-b,2999,150,3.945,0.9922,A1,,0,n,peppered|peppers|peppery,climber having dark red berries (peppercorns) when fully ripe; southern India and Sri Lanka; naturalized in northern Burma and Assam,
supreme,3k-b,2599,151,3.943,0.9975,C1,,0,adj,supremely,final or last in your life or progress,the supreme sacrifice
beam,3k-b,2852,152,3.941,0.9976,C1,,0,n,beamed|beaming|beams,a signal transmitted along a narrow path; guides airplane pilots in darkness or bad weather,
cease,3k-b,2654,153,3.941,0.9930,C1,,1,v,ceased|ceaseless|ceaselessly|ceases|ceasing|unceasing|unceasingly,put an end to a state or an activity,Quit teasing your little brother
drain,3k-b,2514,154,3.936,1.0000,C1,,0,v,drainage|drainages|drained|drainer|draining|drains,flow off gradually,The rain water drains into this big vat
distant,3k-b,2707,155,3.935,0.9974,B2,,0,adj,distantly,separated in space or coming from or going to a distance,distant villages
vulnerable,3k-b,2693,156,3.933,0.9874,C1,,0,adj,invulnerability|invulnerable|vulnerabilities|vulnerability|vulnerably,susceptible to attack,a vulnerable bridge
raid,3k-b,2624,157,3.932,0.9810,C1,,0,n|v,raided|raider|raiders|raiding|raids,a sudden short attack,
slice,3k-b,2829,158,3.931,0.9975,B1,,0,n|v,sliced|slicer|slicers|slices|slicing|unsliced,a share of something,a slice of the company's revenue
invasion,3k-b,2941,159,3.930,0.9947,B2,,0,n,invasions,the act of invading; the act of an army that invades for conquest or plunder,
spill,3k-b,2975,160,3.928,0.9950,B2,,0,v,spillage|spillages|spilled|spilling|spills|spilt|unspilt,cause or allow (a liquid substance) to run or flow from a container,spill the milk
senses,3k-b,2694,161,3.928,0.9722,,,0,n,sensed|sensing|sensings,a general conscious awareness,a sense of security
affection,3k-b,2892,162,3.927,0.9975,C1,,0,n,affectionate|affectionately|affections|affective|affectively,a positive feeling of liking,he had trouble expressing the affection he felt
tremendous,3k-b,2887,163,3.927,0.9927,C1,,0,adj,tremendously,extraordinarily large in size or extent or amount or power or degree,an enormous boulder
thrill,3k-b,2971,164,3.925,0.9947,C1,,0,adj,thrilled|thriller|thrillers|thrilling|thrills,the swift release of a store of affective force,they got a great bang out of it
perspective,3k-b,2551,165,3.915,0.9973,B2,,1,n,perspectival|perspectives,a way of regarding situations or topics etc.,consider what follows from the positivist view
shield,3k-b,2831,166,3.914,0.9952,,,0,n,shielded|shielding|shields|unshielded,a protective covering or structure,
pad,3k-b,2961,167,3.911,0.9905,C1,,0,n,padded|padding|pads,a number of sheets of paper fastened together along one edge,
scandal,3k-b,2944,168,3.910,0.9928,B2,,0,n,scandalise|scandalised|scandalises|scandalising|scandalize|scandalized|scandalizes|scandalizing|scandalous|scandals|scandalously,disgraceful gossip about the private lives of other people,
versus,3k-b,2988,169,3.907,0.9950,C1,,0,prep,vs,,
pale,3k-b,2537,170,3.905,0.9976,B1,,0,adj,paled|paleness|paler|pales|palest,very light colored; highly diluted with white,pale seagreen
manual,3k-b,2668,171,3.904,1.0000,,,1,n,manually|manuals,a small handbook,
aggressive,3k-b,2877,172,3.900,0.9977,B2,,0,adj,aggressively|aggressiveness|aggressivenesses,having or showing determination and energetic pursuit of your ends,an aggressive businessman
whisper,3k-b,2532,173,3.898,0.9949,B2,,0,v|n,whispered|whisperer|whisperers|whispering|whispers,speak softly; in a low voice,
exclusive,3k-b,2516,174,3.893,0.9974,C1,,0,adj,exclusively|exclusiveness|exclusivity,not divided or shared with others,they have exclusive use of the machine
liquid,3k-b,2609,175,3.890,0.9977,B1,,0,n|adj,liquidities|liquidity|liquids,a substance that is liquid at room temperature and pressure,
instinct,3k-b,2722,176,3.884,0.9977,C1,,0,n,instinctive|instinctively|instincts|instinctual|instinctually,inborn pattern of behavior often responsive to specific stimuli,the spawning instinct in salmon
embrace,3k-b,2900,177,3.880,1.0000,B2,,0,v,embraced|embraces|embracing,include in scope; include as part of something broader; have as one's sphere or territory,This group encompasses a wide range of people from different backgrounds
genetic,3k-b,2808,178,3.878,1.0000,B2,,0,adj,genetically|geneticist|geneticists|genetics,occurring among members of a family usually by heredity,an inherited disease
legitimate,3k-b,2650,179,3.877,0.9951,C1,,0,adj,illegitimacy|illegitimate|illegitimately|legit|legitimacy|legitimated|legitimately|legitimates|legitimating|legitimation,of marriages and offspring; recognized as lawful,
mobile,3k-b,2608,180,3.874,0.9921,A2,,0,adj|n,immobile|immobility|mobiles|mobilities|mobility,migratory,a restless mobile society
gesture,3k-b,2687,181,3.872,0.9947,B2,,0,n,gestured|gestures|gesturing,motion of hands or body to emphasize or help to express a thought or feeling,
concrete,3k-b,2777,182,3.872,0.9929,B2,,0,adj|n,concreted|concretely|concretes|concreting,capable of being perceived by the senses; not abstract or imaginary,concrete objects such as trees
heel,3k-b,2912,183,3.869,0.9900,B2,,0,n,heeled|heels,the bottom of a shoe or boot; the back part of a shoe or boot that touches the ground and provides elevation,
puzzle,3k-b,2835,184,3.866,0.9949,B2,,0,n,puzzled|puzzlement|puzzlements|puzzler|puzzlers|puzzles|puzzling,a particularly baffling problem that is said to have a correct solution,he loved to solve chessmate puzzles
agenda,3k-b,2839,185,3.865,0.9873,B2,,0,n,agendas,a temporally organized plan for matters to be attended to,
organ,3k-b,2793,186,3.861,1.0000,B2,,0,n,organist|organists|organs,a fully differentiated structural and functional unit in an animal that is specialized for some particular function,
rally,3k-b,2855,187,3.859,0.9930,C1,,0,n|v,rallied|rallies|rallying,a large gathering of people intended to arouse enthusiasm,
mutual,3k-b,2719,188,3.859,0.9889,C1,,1,adj,mutuality|mutually,common to or shared by two or more parties,a common friend
disorder,3k-b,2725,189,3.854,1.0000,B2,,0,n,disordered|disorderly|disorders|disorderliness,a physical condition in which there is a disturbance of normal functioning,the doctor prescribed some medicine for the disorder
substance,3k-b,2598,190,3.854,1.0000,B1,,0,n,substances,the real physical matter of which a person or thing consists,DNA is the substance of our genes
weigh,3k-b,2809,191,3.853,0.9927,B1,,0,v,unweighed|weighed|weigher|weighers|weighing|weighs,have a certain weight,
harsh,3k-b,2914,192,3.852,1.0000,C1,,0,adj,harsher|harshest|harshly|harshness,unpleasantly stern,wild and harsh country full of hot sand and cactus
compound,3k-b,2728,193,3.851,0.9929,B2,,1,n,compoundable|compounded|compounding|compounds,a whole formed by a union of two or more elements or parts,
compromise,3k-b,2676,194,3.847,1.0000,C1,,0,n|v,compromised|compromises|compromising|uncompromising|uncompromisingly,a middle way between two extremes,
intimate,3k-b,2847,195,3.843,0.9951,C1,,0,adj,intimacies|intimacy|intimated|intimately|intimates|intimating|intimation|intimations,"marked by close acquaintance, association, or familiarity",intimate friend
satisfaction,3k-b,2714,196,3.843,0.9924,B2,,0,n,satisfactions,"the contentment one feels when one has fulfilled a desire, need, or expectation",the chef tasted the sauce with great satisfaction
subtle,3k-b,2888,197,3.842,0.9901,C1,,0,adj,subtleness|subtler|subtlest|subtly|unsubtle,difficult to detect or grasp by the mind or analyze,his whole attitude had undergone a subtle change
resort,3k-b,2674,198,3.840,0.9951,B2,,0,n,resorted|resorting|resorts,a hotel located in a resort area,
myth,3k-b,2861,199,3.840,0.9918,B2,,0,n,mythic|mythical|mythically|myths,a traditional story accepted as history; serves to explain the world view of a people,
gravity,3k-b,2960,200,3.838,0.9975,C1,,0,n,gravitate|gravitated|gravitates|gravitating|gravitation|gravitational|gravities,(physics) the force of attraction between all masses in the universe; especially the attraction of the earth's mass for bodies near its surface,"the more remote the body, the less the gravity"
echo,3k-b,2570,201,3.837,0.9950,C1,,0,v|n,echoed|echoes|echoing,to say again or imitate,followers echoing the cries of their leaders
eager,3k-b,2878,202,3.837,0.9928,C1,,0,adj,eagerly|eagerness|uneager,having or showing keen interest or intense desire or impatient expectancy,eager to learn
sensible,3k-b,2593,203,3.833,1.0000,B1,,0,adj,sensibilities|sensibility|sensibly,showing reason or sound judgment,a sensible choice
pose,3k-b,2612,204,3.833,0.9971,B2,,1,v,posed|poser|posers|poses|posing,offer for others to consider,This poses an interesting question
sophisticated,3k-b,2812,205,3.832,0.9919,B2,,0,adj,sophisticate|sophisticates|sophisticating|unsophisticated,having or appealing to those having worldly knowledge and refinement and savoir-faire,sophisticated young socialites
anxiety,3k-b,2678,206,3.831,0.9896,B2,,0,n,anxieties,"(psychiatry) a relatively permanent state of worry and nervousness occurring in a variety of mental disorders, usually accompanied by compulsive behavior or attacks of panic",
lodge,3k-b,2641,207,3.826,0.9922,,,0,n,lodged|lodger|lodgers|lodges|lodging|lodgings,a formal association of people with similar interests,he joined a golf club
circuit,3k-b,2582,208,3.825,1.0000,B2,,0,n,circuited|circuiting|circuitous|circuitries|circuitry|circuits,an electrical device that provides a path for electrical current to flow,
disagree,3k-b,2803,209,3.822,0.9976,A2,,0,v,disagreeable|disagreeably|disagreed|disagreeing|disagreement|disagreements|disagrees,be of different opinions,I beg to differ!
frequency,3k-b,2549,210,3.821,0.9923,B2,,0,n,frequencies|infrequency,the number of occurrences within a given time period,the frequency of modulation was 40 cycles per second
architect,3k-b,2780,211,3.817,0.9973,A2,,0,n,architects,someone who creates plans to be used in making something (such as buildings),
airline,3k-b,2897,212,3.813,0.9974,A2,,0,n,airliner|airliners|airlines,a hose that carries air under pressure,
senate,3k-b,2998,213,3.813,0.9852,,,0,n,senates,assembly possessing high legislative powers,
discharge,3k-b,2684,214,3.808,1.0000,C1,,0,v,discharged|discharger|dischargers|discharges|discharging|undischarged,complete or carry out,discharge one's duties
drift,3k-b,2670,215,3.808,1.0000,C1,,0,v,drifted|drifter|drifters|drifting|drifts,be in motion due to some air or water current,The leaves were blowing in the wind
tribe,3k-b,2930,216,3.805,1.0000,B2,,0,n,tribal|tribalism|tribes,a social division of (usually preliterate) people,
companion,3k-b,2762,217,3.802,0.9973,C1,,0,n,companionable|companionably|companions|companionship,a friend who is frequently in the company of another,drinking companions
global,3k-b,2559,218,3.800,1.0000,B1,,0,adj,globalisation|globalise|globalised|globalises|globalising|globalism|globalist|globalists|globalization|globalize|globalized|globalizes|globalizing|globally,involving the entire earth; not limited or provincial in scope,global war
lease,3k-b,2597,219,3.798,0.9920,,,0,n,leased|leaser|leasers|leases|leasing|sublease|subleased|subleases|subleasing,property that is leased or rented out or let,
overcome,3k-b,2616,220,3.793,0.9924,B2,,0,v,overcame|overcomes|overcoming,win a victory over,You must overcome all difficulties
stain,3k-b,2688,221,3.793,0.9903,,,0,n,stained|staining|stainless|stains|unstained,a soiled or discolored appearance,the wine left a dark stain
essay,3k-b,2853,222,3.789,1.0000,A2,,0,n,essayist|essayists|essays,an analytic or interpretive literary composition,
platform,3k-b,2635,223,3.789,0.9975,A2,,0,n,platforms,a raised horizontal surface,the speaker mounted the platform
journalist,3k-b,2633,224,3.786,1.0000,A2,,0,n,journalistic|journalists,a writer for newspapers and magazines,
fiction,3k-b,2783,225,3.785,1.0000,A2,,0,n,fictional|fictions|nonfiction,a literary work based on the imagination and not necessarily on fact,
luxury,3k-b,2801,226,3.780,0.9974,B1,,0,n,luxuriance|luxuriant|luxuriantly|luxuries|luxurious|luxuriously,something that is an indulgence rather than a necessity,
eliminate,3k-b,2697,227,3.778,1.0000,B2,,1,v,eliminated|eliminates|eliminating|elimination|eliminations|eliminator|eliminators,"terminate, end, or take out",Let's eliminate the course on Akkadian hieroglyphics
mortgage,3k-b,2510,228,3.772,0.9895,B2,,0,n,mortgaged|mortgagee|mortgagees|mortgages|mortgaging|mortgagor|mortgagors|remortgage|remortgaged|remortgages|remortgaging|unmortgaged,a conditional conveyance of property as security for the repayment of a loan,
modest,3k-b,2726,229,3.770,0.9933,B2,,0,adj,immodest|immodestly|modestly|modesty|immodesty,marked by simplicity; having a humble opinion of yourself,a modest apartment
biological,3k-b,2899,230,3.770,0.9886,B2,,0,adj,biologically,pertaining to biology or to life and living things,
accomplish,3k-b,2991,231,3.768,0.9903,B2,,0,v,accomplished|accomplishes|accomplishing|accomplishment|accomplishments,put in effect,carry out a task
cheque,3k-b,2721,232,3.762,,,,0,n,cheques,a written order directing a bank to pay money,he paid all his bills by check
glow,3k-b,2938,233,3.760,0.9972,,,0,n,glowed|glowing|glowingly|glows,an alert and refreshed state,
era,3k-b,2880,234,3.757,0.9927,B2,,0,n,eras,a period marked by distinctive character or reckoned from a fixed point or event,
resume,3k-b,2927,235,3.756,0.9908,C1,,0,v,resumed|resumes|resuming|resumption,take up or begin anew,We resumed the negotiations
craft,3k-b,2750,236,3.754,0.9975,B2,,0,n|v,crafted|crafting|crafts,the skilled practice of a practical occupation,he learned his trade as an apprentice
fade,3k-b,2838,237,3.750,0.9953,C1,,0,v,faded|fades|fading|unfaded|unfading,become less clearly visible or distinguishable; disappear gradually or seemingly,The scene begins to fade
scope,3k-b,2601,238,3.750,0.9950,C1,,1,n,scoped|scoping|scopes,an area in which something acts or operates or has power or control:,a piano has a greater range than the human voice
relieve,3k-b,2792,239,3.747,0.9972,B2,,0,v,relieved|relieves|relieving,"provide physical relief, as from pain",This pill will relieve your headaches
corridor,3k-b,2798,240,3.747,0.9838,B2,,0,n,corridors,an enclosed passageway; rooms usually open onto it,
execute,3k-b,2562,241,3.745,1.0000,C1,,0,v,executable|executed|executes|executing|execution|executioner|executioners|executions,kill as a means of socially sanctioned punishment,"In some states, criminals are executed"
submit,3k-b,2527,242,3.744,1.0000,B2,,1,v,submits|submitted|submitting,refer for judgment or consideration,The lawyers submitted the material to the court
portrait,3k-b,2755,243,3.736,0.9978,B1,,0,n,portraits|portraiture,a word picture of a person's appearance and character,
digital,3k-b,2950,244,3.733,0.9973,A2,,0,adj,digitally,displaying numbers rather than scale positions,digital clock
addict,3k-b,2967,245,3.730,1.0000,B2,,0,n,addicted|addicting|addiction|addictions|addictive|addicts|nonaddictive,someone who is so ardently devoted to something that it resembles an addiction,a golf addict
rebel,3k-b,2525,246,3.730,0.9950,C1,,0,n,rebelled|rebelling|rebellings|rebellion|rebellions|rebellious|rebelliously|rebelliousness|rebels,a person who takes part in an armed rebellion against the constituted authority (especially in the hope of improving conditions),
evolution,3k-b,2558,247,3.728,0.9953,B2,,0,n,evolutionarily|evolutionary|evolutionism|evolutionist|evolutionists,a process in which something passes by degrees to a different stage (especially a more advanced or mature stage),the development of his ideas took many years
corrupt,3k-b,2857,248,3.726,0.9922,C1,,0,adj,corrupted|corrupter|corrupters|corruptest|corruptible|corrupting|corruption|corruptly|corruptness|corrupts|incorruptible,lacking in integrity,humanity they knew to be corrupt … from the day of Adam's creation
dose,3k-b,2778,249,3.725,0.9749,C1,,0,n,dosage|dosages|dosed|doses|dosing|dosings,a measured portion of medicine taken at any one time,
humour,3k-b,2701,250,3.723,0.9977,B2,,0,n,humor|humored|humoredly|humoring|humorless|humorlessly|humorous|humorously|humors|humorist|humorists|humoured|humouredly|humouring|humourless|humourlessly|humourous|humourously|humours,a characteristic (habitual or relatively temporary) state of feeling,whether he praised or cursed me depended on his temper at the time
sole,3k-b,2509,251,3.722,0.9950,C1,,1,adj,solely,not divided or shared with others,they have exclusive use of the machine
greet,3k-b,2734,252,3.722,0.9832,A2,,0,v,greeted|greeting|greetings|greets,express greetings upon meeting someone,
interior,3k-b,2592,253,3.720,0.9977,C1,,0,adj|n,interiors,situated within or suitable for inside a building,an interior scene
carbon,3k-b,2787,254,3.720,0.9952,B2,,0,n,carbons,an abundant nonmetallic tetravalent element occurring in three allotropic forms: amorphous carbon and graphite and diamond; occurs in all organic compounds,
offend,3k-b,2661,255,3.718,1.0000,B2,,0,v,offended|offender|offenders|offending|offends,cause to feel resentment or indignation,Her tactless remark offended me
mode,3k-b,2508,256,3.713,0.9905,B2,,1,n,modes|modish,how something is done or how it happens,her dignified manner
virtue,3k-b,2774,257,3.713,0.9876,C1,,0,n,virtues|virtuous|virtuously,the quality of doing what is right and avoiding what is wrong,
mechanic,3k-b,2606,258,3.705,0.9953,B2,,0,n,mechanical|mechanically|mechanics,a craftsman skilled in operating machine tools,
update,3k-b,2744,259,3.695,0.9977,B1,,0,v|n,updated|updates|updating|updatings,modernize or bring up to date,We updated the kitchen in the old house
abroad,3k-b,2522,260,3.692,0.9950,A2,,0,adv,,to or in a foreign country,they had never travelled abroad
edition,3k-b,2666,261,3.690,0.9977,B2,,0,n,editions,the form in which a text (especially a printed book) is published,
crop,3k-b,2521,262,3.688,0.9956,B2,,0,n,cropped|cropper|croppers|cropping|crops,the yield from plants in a single growing season,
faculty,3k-b,2985,263,3.688,0.9920,C1,,0,n,faculties,one of the inherent cognitive or perceptual powers of the mind,
seize,3k-b,2813,264,3.685,0.9838,C1,,0,v,seized|seizes|seizing,take into your hands deliberately,The sales clerk quickly seized the money on the counter
fabric,3k-b,2737,265,3.683,0.9949,B2,,0,n,fabrics,artifact made by weaving or felting or knitting or crocheting natural or synthetic fibers,the fabric in the curtains was light and semitransparent
mild,3k-b,2854,266,3.683,0.9911,B1,,0,adj,milder|mildest|mildly|mildness,moderate in type or degree or effect or force; far from extreme,a mild winter storm
fierce,3k-b,2823,267,3.681,0.9975,C1,,0,adj,fiercely|fierceness|fiercer|fiercest,marked by extreme and violent energy,a ferocious beating
discount,3k-b,2632,268,3.679,0.9977,B1,,0,n|v,discounted|discounter|discounters|discounting|discounts,the act of reducing the selling price of merchandise,
grain,3k-b,2796,269,3.679,0.9976,B1,,0,n,grained|grains|grainy,a relatively small granular particle of a substance,a grain of sand
elaborate,3k-b,2836,270,3.677,0.9893,C1,,0,adj,elaborated|elaborately|elaborateness|elaborates|elaborating|elaboration|elaborations|unelaborated,marked by complexity and richness of detail,an elaborate lace pattern
venture,3k-b,2550,271,3.676,0.9972,C1,,0,n|v,ventured|ventures|venturing|venturous,any venturesome undertaking especially one with an uncertain outcome,
thorough,3k-b,2646,272,3.674,1.0000,B2,,0,adj,thoroughly|thoroughness,painstakingly careful and accurate,our accountant is thorough
opponent,3k-b,2689,273,3.674,0.9948,B2,,0,n,opponents,a contestant that you are matched against,
substitute,3k-b,2523,274,3.670,1.0000,C1,,1,n|v,substituted|substitutes|substituting|substitution|substitutions,a person or thing that takes or can take the place of another,
triumph,3k-b,2680,275,3.668,0.9974,C1,,0,n,triumphal|triumphalism|triumphalist|triumphalists|triumphant|triumphantly|triumphed|triumphing|triumphs,a successful ending of a struggle or contest,a narrow victory
invent,3k-b,2569,276,3.665,0.9972,A2,,0,v,invented|inventing|invention|inventions|inventor|inventors|invents|reinvent|reinvented|reinventing|reinvention|reinventions|reinvents,"come up with (an idea, plan, explanation, theory, or principle) after a mental effort",excogitate a way to measure the speed of light
abort,3k-b,2920,277,3.665,0.9955,C1,,0,n,aborted|aborting|abortion|abortions|abortionist|abortionists|abortive|abortively|aborts,the act of terminating a project or procedure before it is completed,I wasted a year of my life working on an abort
athlete,3k-b,2959,278,3.665,0.9892,A2,,0,n,athletes|athletic|athletically|athleticism|athletics|nonathletic,a person trained to compete in sports,
intellectual,3k-b,2512,279,3.663,0.9974,B2,,0,adj|n,intellectualise|intellectualism|intellectualize|intellectually|intellectuals,of or associated with or requiring the use of the mind,intellectual problems
phenomenon,3k-b,2603,280,3.663,0.9925,B2,,1,n,phenomena|phenomenons,any state or process known through the senses rather than by intuition or reasoning,
grasp,3k-b,2837,281,3.661,0.9976,C1,,0,v|n,grasped|grasping|grasps,hold firmly,
flee,3k-b,2918,282,3.661,0.9925,C1,,0,v,fled|fleeing|flees,run away quickly,He threw down his gun and fled
irony,3k-b,2761,283,3.661,0.9921,C1,,0,n,ironic|ironical|ironically|ironies,witty language used to convey insults or scorn,he used sarcasm to upset his opponent
overseas,3k-b,2539,284,3.661,0.9906,B2,,1,adv|adj,,beyond or across the sea,He lived overseas for many years
vague,3k-b,2810,285,3.657,0.9952,C1,,0,adj,vaguely|vagueness|vaguer|vaguest,not clearly expressed or understood,an obscure turn of phrase
boost,3k-b,2690,286,3.655,0.9975,B2,,0,v|n,boosted|booster|boosters|boosting|boosts,increase,The landlord hiked up the rents
enthusiasm,3k-b,2711,287,3.654,1.0000,B2,,0,n,enthusiasms,a feeling of excitement,
endure,3k-b,2976,288,3.646,1.0000,C1,,0,v,endurable|endurance|endurances|endured|endures|enduring|unendurable,put up with something or somebody unpleasant,I cannot bear his constant criticism
probe,3k-b,2870,289,3.646,0.9926,C1,,0,n|v,probed|probes|probing,an inquiry into unfamiliar or questionable activities,there was a congressional probe into the scandal
poverty,3k-b,2679,290,3.638,1.0000,B1,,0,n,,the state of having little or no money and few or no material possessions,
immune,3k-b,2955,291,3.638,0.9925,B2,,0,adj,immunisation|immunisations|immunise|immunised|immunising|immunities|immunity|immunization|immunizations|immunize|immunized|immunizing|immuno,relating to the condition of immunity,the immune system
portion,3k-b,2989,292,3.638,0.9921,B2,,1,n,portioned|portioning|portions,something determined in relation to something that includes it,he wanted to feel a part of something bigger than himself
oral,3k-b,2819,293,3.636,1.0000,C1,,0,adj,orally,using speech rather than writing,an oral tradition
organic,3k-b,2828,294,3.636,0.9949,B2,,0,adj,inorganic|inorganically|organically|organics,relating or belonging to the class of chemical compounds having a carbon basis,hydrocarbons are organic compounds
tackle,3k-b,2538,295,3.634,0.9951,B2,,0,v|n,tackled|tackles|tackling|tackler|tacklers,accept as a challenge,I'll tackle this difficult task
blend,3k-b,2984,296,3.632,0.9927,C1,,0,v|n,blended|blender|blenders|blending|blends|unblended,combine into one,blend the nuts and raisins together
confront,3k-b,2568,297,3.632,0.9908,C1,,0,v,confrontation|confrontational|confrontations|confronted|confronting|confronts,"oppose, as in hostility or a competition",You must confront your opponent
neutral,3k-b,2741,298,3.626,0.9951,B2,,1,adj,neutralisation|neutralise|neutralised|neutralises|neutralising|neutrality|neutralization|neutralize|neutralized|neutralizes|neutralizing|neutrally|neutrals,having no personal preference,impersonal criticism
infant,3k-b,2706,299,3.626,0.9929,C1,,0,n,infancy|infants,a very young child (birth to 1 year) who has not yet begun to walk or talk,the baby began to cry again
profound,3k-b,2940,300,3.622,0.9948,C1,,0,adj,profounder|profoundest|profoundly|profoundness|profundity,showing intellectual penetration or emotional depth,the differences are profound
dialogue,3k-b,2965,301,3.612,1.0000,A1,,0,n,dialog|dialogic|dialogs|dialogues,a conversation between two persons,
discreet,3k-b,2591,302,3.610,0.9747,C1,,0,n,discreeter|discreetest|discreetly|discreetness|discretion|discretions|discretionary|indiscretionary|indiscreet|indiscreetly|indiscretion|indiscretions,marked by prudence or modesty and wise self-restraint,his trusted discreet aide
yield,3k-b,2502,303,3.608,0.9978,C1,,0,n|v,unyielding|yielded|yielding|yields,production of a certain amount,
peasant,3k-b,2533,304,3.606,0.9867,C1,,0,n,peasantries|peasantry|peasants,a country person,
donate,3k-b,2860,305,3.601,0.9859,B1,,0,v,donated|donates|donating|donation|donations,give to a charity or good cause,I donated blood to the Red Cross for the victims of the earthquake
hazard,3k-b,2864,306,3.588,0.9904,C1,,0,n,hazarded|hazarding|hazardous|hazardously|hazards|nonhazardous,a source of danger; a possibility of incurring loss or misfortune,drinking alcohol is a health hazard
alongside,3k-b,2667,307,3.577,0.9789,B2,,0,prep,,side by side,anchored close aboard another ship
veteran,3k-b,2994,308,3.575,0.9928,C1,,0,n,veterans,a serviceman who has seen considerable active service,the veterans laughed at the new recruits
manifest,3k-b,2891,309,3.568,0.9927,C1,,0,v,manifestation|manifestations|manifested|manifesting|manifestly|manifests,"provide evidence for; stand as proof of; show by one's behavior, attitude, or external attributes",His high fever attested to his illness
scholar,3k-b,2883,310,3.564,0.9918,B2,,0,n,scholarly|scholars,a learned person; someone who by long study has gained mastery in one or more disciplines,
numerous,3k-b,2669,311,3.557,0.9946,B2,,0,adj,,amounting to a large indefinite number,numerous times
admission,3k-b,2710,312,3.552,0.9976,C1,,0,n,admissions|readmission|readmissions,the act of admitting someone to enter,the surgery was performed on his second admission to the clinic
inherit,3k-b,2625,313,3.552,0.9879,B2,,0,v,inheritance|inheritances|inherited|inheriting|inheritor|inheritors|inherits,obtain from someone after their death,I inherited a castle from my French grandparents
climate,3k-b,2590,314,3.550,0.9978,A2,,0,n,climates|climatic|climatically|climatological,the weather in some location averaged over some long period of time,the dank climate of southern Wales
perception,3k-b,2634,315,3.550,0.9956,B2,,0,n,misperception|misperceptions|perceptions,the representation of what is perceived; basic component in the formation of a concept,
equation,3k-b,2589,316,3.545,0.9878,C1,,0,n,equations,a mathematical statement that two expressions are equal,
manipulate,3k-b,2834,317,3.542,1.0000,C1,,1,v,manipulated|manipulates|manipulating|manipulation|manipulations|manipulative|manipulator|manipulators,influence or control shrewdly or deviously,He manipulated public opinion in his favor
analyst,3k-b,2972,318,3.542,0.9973,B2,,0,n,analysts,someone who is skilled at analyzing data,
barrier,3k-b,2695,319,3.532,1.0000,B2,,0,n,barriers,a structure or object that impedes free movement,
sigh,3k-b,2638,320,3.532,0.9974,C1,,0,v|n,sighed|sighing|sighs,heave or utter a sigh; breathe deeply and heavily,She sighed sadly
summit,3k-b,2781,321,3.525,1.0000,C1,,0,n,summits,the highest level or degree attainable; the highest stage of development,his landscapes were deemed the acme of beauty
valid,3k-b,2528,322,3.509,0.9975,B2,,1,adj,invalidity|validity|validly,well grounded in logic or truth or having legal force,a valid inference
ratio,3k-b,2565,323,3.509,0.9928,C1,,1,n,ratios,the relative magnitudes of two quantities (usually expressed as a quotient),
assemble,3k-b,2815,324,3.507,0.9975,C1,,1,v,assemblage|assemblages|assembled|assembler|assemblers|assembles|assembling,create by putting components or members together,She pieced a quilt
filter,3k-b,2596,325,3.504,0.9974,C1,,0,n|v,filtered|filtering|filters|filtrate|filtrated|filtrating|filtration|filtrations|unfiltered,device that removes something from whatever passes through it,
outrage,3k-b,2977,326,3.499,0.9974,C1,,0,n|v,outraged|outrageous|outrageously|outrages|outraging,a feeling of righteous anger,
transition,3k-b,2613,327,3.496,0.9977,B2,,0,n,transitional|transitionally|transitions,the act of passing from one state or place to the next,
racial,3k-b,2531,328,3.496,0.9919,B2,,0,adj,interracial|interracially|intraracial|nonracial|racialisation|racialised|racialism|racialist|racialists|racialization|racialized|racially|racism|racist|racists|antiracism|antiracist|antiracists,of or related to genetically distinguished groups of people,racial groups
carve,3k-b,2825,329,3.493,0.9794,C1,,0,v,carved|carver|carveries|carvers|carvery|carves|carving|carvings,form by carving,Carve a flower from the ice
receiver,3k-b,2923,330,3.474,1.0000,B2,,0,n,receivers|receivership|receiverships,set that receives radio or tv signals,
charter,3k-b,2563,331,3.474,0.9893,C1,,0,n,chartered|charterer|charterers|chartering|charters,a document incorporating an institution and specifying its rights; includes the articles of incorporation and the certificate of incorporation,
elite,3k-b,2958,332,3.474,0.9826,C1,,0,n,elites|elitism|elitist|elitists,a group or class of persons enjoying superior intellectual or social or economic status,
extract,3k-b,2517,333,3.471,0.9948,B2,,1,n|v,extracted|extracting|extraction|extractions|extractive|extractor|extractors|extracts,a solution obtained by steeping or soaking a substance (usually in water),
slope,3k-b,2685,334,3.471,0.9926,B2,,0,n|v,sloped|slopes|sloping,an elevated geological formation,he climbed the steep slope
damp,3k-b,2769,335,3.468,0.9955,,,0,adj,damped|dampen|dampened|dampener|dampeners|dampening|dampens|damper|dampers|dampest|damping|damply|dampness|damps,slightly wet,clothes damp with perspiration
rumour,3k-b,2889,336,3.468,0.9748,C1,,0,n,rumor|rumored|rumoring|rumors|rumoured|rumouring|rumours,gossip (usually a mixture of truth and untruth) passed around by word of mouth,
overlook,3k-b,2936,337,3.465,0.9859,C1,,0,v,overlooked|overlooking|overlooks,"look past, fail to notice",
transmit,3k-b,2545,338,3.459,1.0000,B2,,1,v,transmissible|transmission|transmissions|transmits|transmittal|transmitted|transmitter|transmitters|transmitting,transfer to another,communicate a disease
furthermore,3k-b,2727,339,3.459,0.9976,B2,,1,adv,,denoting additional information,"computer chess games are getting cheaper all the time; furthermore, their quality is improving"
deliberate,3k-b,2503,340,3.456,0.9952,B2,,0,adj,deliberately,carefully thought out in advance,a calculated insult
gender,3k-b,2907,341,3.450,0.9951,B2,,1,n,gendered|genders,a grammatical category in inflected languages governing the agreement between nouns and pronouns and adjectives; in some languages it is quite arbitrary but in Indo-European languages it is usually based on sex or animateness,
insight,3k-b,2901,342,3.450,0.9907,B2,,1,n,insightful|insights,clear or deep perception of a situation,
enthusiastic,3k-b,2703,343,3.447,0.9975,B2,,0,adj,enthusiast|enthusiastically|enthusiasts|unenthusiastic|unenthusiastically,having or showing great excitement and interest,enthusiastic crowds filled the streets
insert,3k-b,2790,344,3.444,0.9911,B2,,1,v,inserted|inserting|insertion|insertions|inserts,put or introduce into something,insert a picture into the text
magnet,3k-b,2865,345,3.441,0.9927,C1,,0,adj,magnetic|magnetically|magnetics|magnetise|magnetised|magnetises|magnetising|magnetism|magnetization|magnetize|magnetized|magnetizes|magnetizing|magnets|nonmagnetic,(physics) a device that attracts iron and produces a magnetic field,
atom,3k-b,2745,346,3.441,0.9918,,,0,n,atomic|atomise|atomised|atomiser|atomisers|atomises|atomising|atomism|atomize|atomized|atomizer|atomizers|atomizes|atomizing|atoms|subatomic,(physics and chemistry) the smallest component of an element having the chemical properties of the element,
unity,3k-b,2735,347,3.435,0.9924,B2,,0,n,unities,an undivided or unbroken completeness or totality with nothing wanting,the integrity of the nervous system is required for normal development
assign,3k-b,2529,348,3.435,0.9904,B2,,1,v,assigned|assignee|assignees|assigning|assignment|assignments|assigns|reassign|reassigned|reassigning|reassignment|reassignments|reassigns|unassigned,"give an assignment to (a person) to a post, or assign a task to (a person)",
convey,3k-b,2610,349,3.429,0.9825,B2,,0,v,conveyance|conveyancer|conveyancers|conveyances|conveyancing|conveyancings|conveyed|conveyer|conveyers|conveying|conveyor|conveyors|conveys,(of information) make known; pass on,She conveyed the message to me
ingredient,3k-b,2980,350,3.419,0.9947,B1,,0,n,ingredients,a component of a mixture or compound,
literary,3k-b,2620,351,3.409,0.9977,B2,,0,adj,,of or relating to or characteristic of literature,literary criticism
prominent,3k-b,2807,352,3.409,0.9949,C1,,0,adj,prominently,having a quality that thrusts itself into attention,an outstanding fact of our time is that nations poisoned by anti semitism proved less fortunate in regard to their own freedom
coordinate,3k-b,2504,353,3.409,0.9924,C1,,1,v,coordinated|coordinates|coordinating|coordination|coordinator|coordinators|ordinated|ordinating|ordinator|ordinators|uncoordinated,bring order and organization to,Can you help me organize my files?
anticipate,3k-b,2534,354,3.406,0.9972,B2,,1,v,anticipated|anticipates|anticipating|anticipation|anticipations|anticipatory|unanticipated,regard something as probable or likely,The meteorologists are expecting rain for tomorrow
heritage,3k-b,2963,355,3.406,0.9972,C1,,0,n,heritages,practices that are handed down from the past by tradition,a heritage of freedom
reluctant,3k-b,2731,356,3.402,0.9977,C1,,0,adj,reluctantly,unwillingness to do something contrary to your custom,a reluctant smile
sovereign,3k-b,2858,357,3.402,0.9898,C1,,0,n,sovereigns|sovereignties|sovereignty,a nation's ruler or head of state usually by hereditary right,
provoke,3k-b,2699,358,3.399,0.9950,C1,,0,v,provocation|provocations|provocative|provocatively|provocativeness|provoked|provokes|provoking|unprovoked,"call forth (emotions, feelings, and responses)",arouse pity
ache,3k-b,2996,359,3.399,0.9898,,,0,n,ached|aches|aching|achingly|achy,a dull persistent (usually moderately intense) pain,
mixture,3k-b,2600,360,3.396,0.9973,B1,,0,n,mixtures,(chemistry) a substance consisting of two or more substances mixed together (not in fixed proportions and not with chemical bonding),
imperial,3k-b,2662,361,3.396,0.9898,,,0,adj,imperially|imperialism|imperialist|imperialists|imperialistic|imperialistically,relating to or associated with an empire,imperial colony
refuge,3k-b,2554,362,3.392,0.9952,C1,,0,n,refugee|refugees|refuges,a safe place,He ran to safety
competent,3k-b,2890,363,3.389,1.0000,C1,,0,adj,competencies|competency|competently|incompetence|incompetences|incompetent|incompetently|incompetents,properly or sufficiently qualified or capable or efficient,a competent typist
dedicate,3k-b,2768,364,3.389,1.0000,C1,,0,adj,dedicated|dedicatedly|dedicates|dedicating|dedication|dedications,"give entirely to a specific person, activity, or cause",She committed herself to the work of God
scatter,3k-b,2856,365,3.389,0.9975,C1,,0,adj,scattered|scattering|scatters,a haphazard distribution in all directions,
inject,3k-b,2811,366,3.385,0.9931,C1,,0,v,injected|injecting|injection|injections|injector|injectors|injects,give an injection to,We injected the glucose into the patient's vein
violate,3k-b,2987,367,3.382,0.9974,C1,,1,v,violated|violates|violating|violation|violations|violator|violators,fail to agree with; be in violation of; as of rules or patterns,This sentence violates the rules of syntax
condemn,3k-b,2723,368,3.378,0.9737,C1,,0,v,condemnation|condemned|condemning|condemns|condemnatory,express strong disapproval of,We condemn the racism in South Africa
graphic,3k-b,2553,369,3.371,0.9978,B2,,0,adj,graphical|graphically|graphics,written or drawn or engraved,graphic symbols
remedy,3k-b,2643,370,3.367,0.9950,C1,,0,n,remediable|remedial|remedially|remedied|remedies|remedying|irremediable,act of correcting an error or a fault or an evil,
retail,3k-b,2501,371,3.367,0.9901,B2,,0,n,retailed|retailer|retailers|retailing|retails,the selling of goods to consumers; usually in small quantities and not for resale,
conceive,3k-b,2765,372,3.364,0.9932,C1,,1,v,conceivable|conceivably|conceived|conceives|conceiving|inconceivable|inconceivably,have the idea for,He conceived of a robot that would help paralyzed patients
utility,3k-b,2986,373,3.353,1.0000,C1,,0,n,utilities,a company that performs a public service; subject to government regulation,
clarify,3k-b,2704,374,3.353,0.9949,B2,,1,v,clarification|clarified|clarifies|clarifying|clarity,make clear and (more) comprehensible,clarify the mystery surrounding her death
stem,3k-b,2718,375,3.353,0.9799,C1,,0,n|v,stemmed|stemming|stems,(linguistics) the form of a word after all affixes are removed,thematic vowels are part of the stem
advocate,3k-b,2789,376,3.349,0.9975,C1,,1,n|v,advocated|advocates|advocating,a person who pleads for a cause or propounds an idea,
abstract,3k-b,2664,377,3.341,1.0000,B2,,1,adj,abstracted|abstractedly|abstracting|abstraction|abstractions|abstractly|abstractness|abstracts,existing only in the mind; separated from embodiment,abstract words like ‘truth’ and ‘justice’
correspondent,3k-b,2885,378,3.337,0.9924,C1,,0,n,correspondents,someone who communicates by means of letters,
diplomat,3k-b,2716,379,3.333,0.9850,C1,,0,n,diplomatic|diplomatically|diplomats,an official engaged in international negotiations,
catalogue,3k-b,2621,380,3.329,0.9902,C1,,0,n,catalog|catalogs|catalogued|catalogues|cataloguing,a complete list of things; usually arranged systematically,it does not pretend to be a catalog of his achievements
dense,3k-b,2640,381,3.329,0.9836,C1,,0,adj,densely|denseness|denser|densest|densities|density,permitting little if any light to pass through because of denseness of matter,dense smoke
psychiatry,3k-b,2956,382,3.325,0.9695,C1,,0,adj,psychiatric|psychiatrics|psychiatrist|psychiatrists,the branch of medicine dealing with the diagnosis and treatment of mental disorders,
weave,3k-b,2760,383,3.317,0.9951,C1,,0,v,weaved|weaver|weavers|weaves|weaving|wove|woven,interlace by or as if by weaving,
render,3k-b,2867,384,3.309,0.9769,C1,,0,v,rendered|rendering|renderings|renders,cause to become,The shot rendered her immobile
segment,3k-b,2926,385,3.300,0.9951,C1,,0,n,segmental|segmentary|segmentation|segmentations|segmented|segmenting|segments,one of several parts or pieces that fit with others to constitute a whole object,a section of a fishing rod
incentive,3k-b,2871,386,3.296,0.9917,B2,,1,n,incentives,a positive motivational influence,
nets,3k-b,2993,387,3.292,0.9873,,,0,n,netted|netter|netters|netting|nettings,a computer network consisting of a worldwide network of computer networks that use the TCP/IP network protocols to facilitate data transmission and exchange,
descend,3k-b,2791,388,3.287,0.9950,C1,,0,v,descendant|descendants|descended|descending|descends,"move downward and lower, but not necessarily all the way",The temperature is going down
forecast,3k-b,2691,389,3.279,0.9976,B2,,0,n|v,forecasted|forecaster|forecasters|forecasting|forecasts,a prediction about how something (as the weather) will develop,
stun,3k-b,2966,390,3.279,0.9973,C1,,0,v,stunned|stunner|stunners|stunning|stunningly|stuns,make senseless or dizzy by or as if by a blow,stun fish
fragment,3k-b,2628,391,3.279,0.9951,B2,,0,n,fragmentary|fragmentation|fragmented|fragmenting|fragments,a piece broken off or cut off of something else,a fragment of rock
symptom,3k-b,2506,392,3.279,0.9950,B1,,0,n,symptomatic|symptomatically|symptoms,(medicine) any sensation or change in bodily function that is experienced by a patient and is associated with a particular disease,
underlie,3k-b,2617,393,3.279,0.8329,C1,,1,adj,underlain|underlay|underlies|underly|underlying,be or form the base for,
theoretical,3k-b,2567,394,3.274,0.9926,C1,,0,adj,theoretic|theoretically|theoretician|theoreticians,concerned primarily with theories or hypotheses rather than practical considerations,theoretical science
consumption,3k-b,2639,395,3.270,0.9976,B2,,0,n,,the process of taking food into the body through the mouth (as by eating),
revive,3k-b,2763,396,3.270,0.9930,C1,,0,v,revival|revivalist|revivals|revived|revives|reviving,cause to regain consciousness,The doctors revived the comatose man
adolescent,3k-b,2997,397,3.270,0.9832,C1,,0,n,adolescence|adolescences|adolescents,a juvenile between the onset of puberty and maturity,
acre,3k-b,2824,398,3.265,0.9925,C1,,0,n,acreage|acres,a unit of area (4840 square yards) used in English-speaking countries,
feminist,3k-b,2794,399,3.265,0.9896,C1,,0,adj|n,feminists,of or relating to or advocating equal rights for women,feminist critique
coalition,3k-b,2814,400,3.260,0.9663,C1,,0,n,coalitionist|coalitionists|coalitions,an organization of people (or countries) involved in a pact or treaty,
ethnic,3k-b,2753,401,3.256,0.9924,B2,,1,adj,ethnical|ethnically|ethnicity|ethnicization|ethnics,denoting or deriving from or distinctive of the ways of living built up by a group of people,influenced by ethnic and cultural ties
dictate,3k-b,2848,402,3.246,0.9951,C1,,0,v,dictated|dictates|dictating|dictation|dictations|dictator|dictatorial|dictatorially|dictators|dictatorship|dictatorships,issue commands or orders for,
expansion,3k-b,2536,403,3.241,1.0000,B2,,0,n,expansionary|expansionism|expansionist|expansionists|expansions,the act of increasing (something) in size or volume or quantity or scope,
endorse,3k-b,2881,404,3.241,0.9978,C1,,0,v,endorsed|endorsement|endorsements|endorser|endorsers|endorses|endorsing,be behind; approve of,He plumped for the Labor Party
resemble,3k-b,2826,405,3.236,0.9975,C1,,0,v,resemblance|resemblances|resembled|resembles|resembling,appear like; be similar or bear a likeness to,She resembles her mother very much
neglect,3k-b,2795,406,3.231,0.9946,C1,,0,v|n,neglected|neglecting|neglects|neglectful,leave undone or leave out,How could I miss that typo?
administrator,3k-b,2990,407,3.221,0.9871,C1,,0,n,administrators,someone who administers a business,
evolve,3k-b,2896,408,3.216,0.9925,B2,,1,v,evolved|evolves|evolving,work out,We have developed a new theory of evolution
dominant,3k-b,2686,409,3.211,0.9975,B2,,0,adj,dominantly,exercising influence or control,television plays a dominant role in molding public opinion
administrative,3k-b,2574,410,3.211,0.9954,C1,,0,adj,administratively,of or relating to or responsible for administration,
bias,3k-b,2886,411,3.211,0.9952,B2,,1,n,biased|biases|biasing|unbiased,a partiality that prevents objective consideration of an issue or situation,
fertile,3k-b,2594,412,3.200,0.9977,,,0,adj,fertilisation|fertilise|fertilised|fertiliser|fertilisers|fertilises|fertilising|fertility|fertilization|fertilize|fertilized|fertilizer|fertilizers|fertilizes|fertilizing|infertile|infertility,capable of reproducing,
petrol,3k-b,2859,413,3.200,0.9734,A2,,0,n,petrological,a volatile flammable mixture of hydrocarbons (hexane and heptane and octane etc.) derived from petroleum; used mainly as a fuel in internal-combustion engines,
reproduce,3k-b,2700,414,3.195,1.0000,C1,,0,v,reproduced|reproduces|reproducibility|reproducible|reproducing|reproduction|reproductions,make a copy or equivalent of,reproduce the painting
highlight,3k-b,2544,415,3.195,0.9933,B1,,1,v|n,highlighted|highlighter|highlighters|highlighting|highlights,move into the foreground to make more visible or prominent,The introduction highlighted the speaker's distinguished career in linguistics
tactic,3k-b,2821,416,3.195,0.9925,C1,,0,n,tactical|tactically|tactics,a plan for attaining a particular goal,
immigrant,3k-b,3000,417,3.195,0.9859,B1,,0,n,immigrants,a person who comes to a country where they were not born in order to settle there,
thereby,3k-b,2806,418,3.195,0.9540,C1,,1,adv,,by that means or because of that,"He knocked over the red wine, thereby ruining the table cloth"
restrain,3k-b,2742,419,3.189,1.0000,C1,,1,n,restrained|restraining|restrains|restraint|restraints|unrestrained,"to close within bounds, or otherwise limit or deprive of free movement",This holds the local until the express passengers change trains
peer,3k-b,2949,420,3.189,0.9932,B2,,0,n,peerage|peerages|peerless|peers,a person who is of equal standing with another in a group,
perceive,3k-b,2573,421,3.167,0.9902,B2,,1,v,perceived|perceives|perceiving,to become aware of through the senses,I could perceive the ship coming over the horizon
acquisition,3k-b,2636,422,3.167,0.9851,C1,,0,n,acquisitions,the act of contracting or assuming or acquiring possession of something,the acquisition of wealth
accountable,3k-b,2939,423,3.155,1.0000,C1,,0,adj,accountabilities|accountability|unaccountable|unaccountably,liable to account for one's actions,governments must be accountable to someone beside themselves
explicit,3k-b,2659,424,3.149,0.9975,C1,,1,adj,explicitly|explicitness,precisely and clearly expressed or readily observable; leaving nothing to implication,explicit instructions
merge,3k-b,2566,425,3.149,0.9975,C1,,0,v,demerger|merged|merger|mergers|merges|merging,become one,Germany unified officially in 1990
stimulate,3k-b,2548,426,3.143,0.9974,B2,,0,v,stimulated|stimulates|stimulating|stimulation|stimulations|stimulatory,act as a stimulant,The book stimulated her imagination
literal,3k-b,2846,427,3.137,1.0000,B2,,0,adv,literally,a mistake in printed matter resulting from mechanical failures of some kind,
contradict,3k-b,2730,428,3.137,0.9897,C1,,1,n,contradicted|contradicting|contradiction|contradictions|contradictory|contradicts,be in contradiction with,
cluster,3k-b,2929,429,3.124,0.9950,C1,,0,n,clustered|clustering|clusters,a grouping of a number of similar things,a bunch of trees
accelerate,3k-b,2816,430,3.111,1.0000,C1,,0,v,accelerated|accelerates|accelerating|acceleration|accelerations|accelerator|accelerators,move faster,The car accelerated
disrupt,3k-b,2873,431,3.111,0.9923,C1,,0,v,disrupted|disrupting|disruption|disruptions|disruptive|disruptively|disrupts,make a break in,We interrupt the program for the following messages
exceed,3k-b,2602,432,3.105,0.9907,B2,,1,v,exceeded|exceeding|exceedingly|exceeds,be greater in scope or size than some standard,Their loyalty exceeds their national bonds
moderate,3k-b,2943,433,3.098,0.9950,C1,,0,adj,immoderate|immoderately|moderately|moderateness|moderates,being within reasonable or average limits; not excessive or extreme,moderate prices
speculate,3k-b,2576,434,3.091,1.0000,B2,,0,v,speculated|speculates|speculating|speculation|speculations|speculative|speculatively|speculator|speculators,to believe especially on uncertain or tentative grounds,Scientists supposed that large dinosaurs lived in swamps
flavour,3k-b,2895,435,3.084,0.9927,B2,,0,n,flavor|flavored|flavoring|flavorings|flavors|flavoured|flavouring|flavourings|flavours|flavorful|flavorless,the general atmosphere of a place or situation and the effect that it has on people,the feel of the city excited him
persist,3k-b,2557,436,3.084,0.9898,C1,,1,v,persisted|persistence|persistency|persistent|persistently|persisting|persists,continue to exist,These stories die hard
decrease,3k-b,2743,437,3.077,1.0000,B2,,0,v|n,decreased|decreases|decreasing,"decrease in size, extent, or range",The amount of homework decreased towards the end of the semester
prompt,3k-b,2515,438,3.070,0.9975,B2,,0,v,prompted|prompting|promptings|promptly|prompts|promptness|unprompted,give an incentive for action,This moved me to sacrifice my career
liberate,3k-b,2797,439,3.070,0.9897,C1,,0,n,liberated|liberates|liberating|liberation|liberationist|liberationists|liberations|liberator|liberators,give equal rights to; of women and minorities,
comprehensive,3k-b,2519,440,3.063,1.0000,B2,,1,adj,comp|comprehensively|comprehensiveness|comps,including all or everything,comprehensive coverage
supplement,3k-b,2507,441,3.063,0.9889,C1,,1,n|v,supplemental|supplementary|supplementation|supplemented|supplementing|supplements,textual matter that is added onto a publication; usually at the end,
prosper,3k-b,2874,442,3.048,0.9946,C1,,0,n,prospered|prospering|prosperities|prosperity|prosperous|prosperously|prosperousness|prospers,make steady progress; be at the high point in one's career or reach a high point in historical significance or importance,The new student is thriving
deficit,3k-b,2782,443,3.040,0.9883,C1,,0,n,deficits,the property of being an amount by which something is less than expected or required,new blood vessels bud out from the already dilated vascular bed to make up the nutritional deficit
format,3k-b,2698,444,3.032,0.9880,B2,,1,n,formats|formatted|formatting,the organization of information according to preset specifications (usually for computer processing),
facilitate,3k-b,2962,445,2.999,0.9900,C1,,1,v,facilitated|facilitates|facilitating|facilitation|facilitative|facilitator|facilitators,make easier,you could facilitate the process by sharing your knowledge
confine,3k-b,2585,446,2.999,0.9852,C1,,1,v,confined|confinement|confinements|confines|confining|unconfined,place limits on (extent or amount or access),restrict the use of this parking lot
reinforce,3k-b,2583,447,2.982,0.9887,B2,,1,v,reinforced|reinforcement|reinforcements|reinforcer|reinforcers|reinforces|reinforcing,make stronger,he reinforced the concrete
contend,3k-b,2894,448,2.982,0.9870,C1,,0,v,contended|contender|contenders|contending|contends|contention|contentions,maintain or assert,He contended that Communism had no future
cite,3k-b,2637,449,2.982,0.9528,B2,,1,v,citation|citations|cited|cites|citing|uncited,make reference to,he was named in connection with the invention
circulate,3k-b,2671,450,2.973,0.9863,C1,,0,v,circulated|circulates|circulating|circulation|circulations|circulatory|uncirculated,become widely known and passed on,the rumor spread
nominate,3k-b,2925,451,2.964,0.9902,C1,,0,v,nominated|nominates|nominating|nomination|nominations,propose as a candidate for some honor,
fulfil,3k-b,2577,452,2.955,1.0000,B2,,0,v,fulfill|fulfilled|fulfilling|fulfillment|fulfillments|fulfills|fulfilment|fulfilments|fulfils|unfulfilled|unfulfilling,put in effect,carry out a task
hypothesis,3k-b,2850,453,2.945,0.9974,B2,,1,n,hypotheses|hypothesise|hypothesised|hypothesises|hypothesising|hypothesize|hypothesized|hypothesizes|hypothesizing,a proposal intended to explain certain facts or observations,
revise,3k-b,2572,454,2.945,0.9902,B1,,1,v,revised|reviser|revisers|revises|revising|revision|revisionary|revisionism|revisionist|revisionists|revisions|unrevised,make revisions in,revise a thesis
practitioner,3k-b,2682,455,2.935,0.9974,C1,,1,n,practitioners,someone who practices a learned profession,
doctrine,3k-b,2924,456,2.935,0.9950,C1,,0,n,doctrinal|doctrines,a belief (or system of beliefs) accepted as authoritative by some group or school,
assert,3k-b,2542,457,2.935,0.9949,C1,,0,v,asserted|asserting|assertion|assertions|assertive|assertively|assertiveness|asserts|unassertive,state categorically,
sanction,3k-b,2906,458,2.935,0.9884,C1,,0,n,sanctioned|sanctioning|sanctions|unsanctioned,formal and explicit approval,a Democrat usually gets the union's endorsement
undergo,3k-b,2851,459,2.925,0.9907,B2,,1,v,undergoes|undergoing|undergone|underwent,go through,The chemical undergoes a sudden change
discriminate,3k-b,2571,460,2.915,0.9898,C1,,1,n,discriminated|discriminates|discriminating|discrimination|discriminations|discriminatory|indiscriminate|indiscriminately|nondiscriminatory,recognize or perceive the difference,
molecule,3k-b,2575,461,2.905,0.9976,,,0,n,molecular|molecules,(physics and chemistry) the simplest structural unit of an element or compound,
coincide,3k-b,2738,462,2.905,0.9975,C1,,1,v,coincided|coincidence|coincidences|coincident|coincidental|coincidentally|coincides|coinciding,"go with, fall together",
objected,3k-b,2518,463,2.905,0.9944,C1,,0,n,objecting|objection|objectionable|objectionably|objections|objector|objectors|unobjectionable,express or raise an objection or protest or criticism or express dissent,She never objected to the amount of work her boss charged her with
archaeology,3k-b,2908,464,2.894,0.9954,,,0,n,archaeological|archaeologically|archaeologist|archaeologists|archeologist|archeologists|archeology|archeological|archeologically,the branch of anthropology that studies prehistoric people and their cultures,
diverse,3k-b,2773,465,2.894,0.9892,B2,,1,adj,diversely|diverseness|diversities|diversity,many and different,tourist offices of divers nationalities
overwhelm,3k-b,2800,466,2.848,0.9956,C1,,0,v,overwhelmed|overwhelming|overwhelmingly|overwhelms,"overcome, as with emotions or perceptual stimuli",
ideology,3k-b,2833,467,2.823,0.9925,C1,,1,n,ideologies|ideologist|ideologists,an orientation that characterizes the thinking of a group or nation,
inhabit,3k-b,2817,468,2.823,0.9917,B2,,0,n,inhabitable|inhabitant|inhabitants|inhabited|inhabiting|inhabits|uninhabitable|uninhabited,be an inhabitant of or reside in,People lived in Africa millions of years ago
fibre,3k-b,2749,469,2.823,0.9736,C1,,0,n,fiber|fibers|fibres|fibrous,a slender and greatly elongated substance capable of being spun into yarn,
collaborate,3k-b,2752,470,2.797,1.0000,C1,,0,v,collaborated|collaborates|collaborating|collaboration|collaborationist|collaborationists|collaborations|collaborative|collaboratively|collaborator|collaborators,work together on a common enterprise or project,The soprano and the pianist did not get together very well
designate,3k-b,2921,471,2.797,0.9772,C1,,0,v,designated|designates|designating|designation|designations,assign a name or title to,
participant,3k-b,2748,472,2.783,0.9975,B2,,0,n,participants,someone who takes part in an activity,he was a major player in setting up the corporation
suburb,3k-b,2979,473,2.783,0.9945,B2,,0,n,suburban|suburbanisation|suburbanite|suburbanites|suburbanization|suburbs,a residential district located on the outskirts of a city,
simultaneous,3k-b,2862,474,2.769,0.9949,C1,,0,adv,simultaneity|simultaneously,occurring or operating at the same time,a series of coincident events
accumulate,3k-b,2767,475,2.769,0.9948,C1,,1,v,accumulated|accumulates|accumulating|accumulation|accumulations|accumulative|accumulatively|accumulator|accumulators,get or gather together,I am accumulating evidence for the man's unfaithfulness to his wife
radiate,3k-b,2879,476,2.739,0.9952,B2,,0,n,radiated|radiates|radiating|radiation|radiations|radiative,send out rays or waves,The sun radiates heat
oriented,3k-b,2580,477,2.739,0.9948,C1,,0,n,orientate|orientated|orientates|orientation|orientations|orienteering|orienting|orients|reorient|reorientation|reoriented|reorienting|reorients,adjusted or located in relation to surroundings or circumstances; sometimes used in combination,the house had its large windows oriented toward the ocean view
depict,3k-b,2983,478,2.739,0.9861,C1,,0,v,depicted|depicting|depiction|depictions|depicts,"show in, or as in, a picture",This scene depicts country life
prohibit,3k-b,2910,479,2.690,0.9925,B2,,1,v,prohibited|prohibiting|prohibition|prohibitionist|prohibitionists|prohibitions|prohibitive|prohibitively|prohibitory|prohibits,command against,I forbid you to call me late at night
migrate,3k-b,2868,480,2.634,0.9950,C1,,1,n,migrated|migrates|migrating|migration|migrations|migratory|nonmigratory,move from one country or region to another and settle there,Many Germans migrated to South America in the mid-19th century
framework,3k-b,2505,481,2.614,0.9973,B2,,1,n,frameworks,a hypothetical description of a complex entity or process,the computer program was based on a model of the circulatory and respiratory systems
discourse,3k-b,2775,482,2.614,0.9952,C1,,0,n,discourses,extended verbal expression in speech or writing,
shrug,3k-b,2740,483,2.614,0.9950,C1,,0,v,shrugged|shrugging|shrugs,raise one's shoulders to indicate indifference or resignation,
pave,3k-b,2764,484,2.614,0.9899,,,0,v,paved|pavement|pavements|paves|paving|pavings|unpaved,cover with a material such as stone or concrete to make suitable for vehicle traffic,pave the roads in the village
emit,3k-b,2729,485,2.614,0.9565,B2,,0,n,emission|emissions|emits|emitted|emitter|emitters|emitting,expel (gases or odors),
sculpt,3k-b,2708,486,2.593,0.9975,B1,,0,n,sculpted|sculpting|sculptor|sculptors|sculpts|sculptural|sculpture|sculptured|sculptures|sculpturing,create by shaping stone or wood or any other hard material,sculpt a swan out of a block of ice
correlate,3k-b,2772,487,2.593,0.9843,C1,,0,v,correlated|correlates|correlating|correlation|correlational|correlations|uncorrelated,to bear a reciprocal or mutual relation,Do these facts correlate?
devastate,3k-b,2981,488,2.593,0.9726,C1,,0,v,devastated|devastates|devastating|devastatingly|devastation|devastations,cause extensive destruction or ruin utterly,The enemy lay waste to the countryside after the invasion
affirm,3k-b,2982,489,2.547,0.9794,,,0,v,affirmation|affirmations|affirmative|affirmatively|affirmatives|affirmed|affirming|affirms|reaffirm|reaffirmation|reaffirmations|reaffirmed|reaffirming|reaffirms,establish or strengthen as with new evidence or facts,his story confirmed my doubts
authorise,3k-b,2692,490,2.496,1.0000,C1,,0,v,authorisation|authorisations|authorised|authorises|authorising|authorization|authorizations|authorize|authorized|authorizes|authorizing|unauthorised|unauthorized,give or delegate power or authority to,She authorized her assistant to sign the papers
criticise,3k-b,2547,491,2.496,0.9901,B2,,0,v,criticised|criticises|criticising|criticize|criticized|criticizer|criticizers|criticizes|criticizing,find fault with; express criticism of; point out real or perceived flaws,The paper criticized the new movie
guideline,3k-b,2820,492,2.468,1.0000,B2,,1,n,guidelines,a light line that is used in lettering to help align the letters,
narrate,3k-b,2830,493,2.406,0.9797,B1,,0,n|adj,narrated|narrates|narrating|narration|narrations|narrative|narratives|narrator|narrators,"provide commentary for a film, for example",
comprise,3k-b,2619,494,2.292,0.9786,B2,,1,v,comprised|comprises|comprising,be composed of,The land he conquered comprised several provinces
bacterium,3k-b,2947,495,2.292,0.9479,B2,,0,n,bacteria|bacterial|antibacterial,(microbiology) single-celled or noncellular spherical or spiral or rod-shaped organisms lacking chlorophyll that reproduce by fission; important as pathogens and for biochemical properties; taxonomy is difficult; often considered to be plants,
civilise,3k-b,2840,496,2.195,0.9977,B2,,0,n,civilisation|civilisations|civilised|civilises|civilising|civilization|civilizations|civilize|civilized|civilizes|civilizing|uncivilised|uncivilized,teach or refine to be discriminative in taste or judgment,Cultivate your musical taste
subsidy,3k-b,2785,497,2.070,0.9608,C1,,1,n,subsidies|subsidise|subsidised|subsidises|subsidising|subsidize|subsidized|subsidizes|subsidizing,a grant paid by a government to an enterprise that benefits the public,a subsidy for research in artificial intelligence
consequent,3k-b,2653,498,2.070,0.9388,B2,,1,adv,consequently,occurring with or following as a consequence,"an excessive growth of bureaucracy, with attendant problems"
innovate,3k-b,2747,499,1.991,0.9974,B2,,1,n,innovated|innovates|innovating|innovation|innovations|innovator|innovators|innovatory,bring something new to an environment,A new word processor was introduced
constrain,3k-b,2560,500,1.769,0.9895,C1,,1,n,constrained|constraining|constrains|constraint|constraints|unconstrained,compel to behave in a certain way,Social relations impose courtesy
lieutenant,4k-a,3151,1,5.017,0.9811,,,0,n,lieut|lieutenants|lt,a commissioned military officer,
colonel,4k-a,3215,2,4.983,0.9901,,,0,n,colonels,a commissioned military officer in the United States Army or Air Force or Marines who ranks above a lieutenant colonel and below a brigadier general,
bastard,4k-a,3326,3,4.817,0.9945,,,0,n,bastardise|bastardised|bastardises|bastardising|bastardize|bastardized|bastardizes|bastardizing|bastards|bastardy,insulting terms of address for people who are stupid or irritating or ridiculous,
sergeant,4k-a,3021,4,4.798,0.9673,,,0,n,sarge|sergeants|serjeant|serjeants|sgt|sgts,any of several noncommissioned officer ranks in the Army or Air Force or Marines ranking above a corporal,
ms,4k-a,3075,5,4.707,,,,0,n,,the form of a literary work submitted for publication,
aye,4k-a,3004,6,4.642,0.9578,,,0,exclam,ay|ayes|ays,,
devil,4k-a,3179,7,4.616,0.9953,C1,,0,n,devilish|devilishly|devilishness|devilment|devilry|devils,an evil supernatural being,
cab,4k-a,3444,8,4.554,0.9950,,,0,n,cabs,a compartment at the front of a motor vehicle or locomotive where driver sits,
handsome,4k-a,3350,9,4.518,0.9975,,,0,adj,handsomely|handsomeness,pleasing in appearance especially by reason of conformity to ideals of form and proportion,a fine-looking woman
champagne,4k-a,3275,10,4.495,0.9910,,,0,n,champagnes,a white sparkling wine either produced in Champagne or resembling that produced there,
nonsense,4k-a,3363,11,4.454,0.9975,C1,,0,n,nonsensical,a message that seems to convey no meaning,
eve,4k-a,3468,12,4.450,0.9952,,,0,name,eves,the day before,he always arrives on the eve of her departure
bull,4k-a,3096,13,4.439,1.0000,,,0,n,bullish|bulls,uncastrated adult male of domestic cattle,
mercy,4k-a,3387,14,4.403,1.0000,C1,,0,n,mercies|merciful|mercifully|mercifulness|merciless|mercilessly|mercilessness|unmerciful|unmercifully,leniency and compassion shown toward offenders by a person or agency charged with administering justice,he threw himself on the mercy of the court
pulse,4k-a,3337,15,4.371,0.9974,C1,,0,n,pulsed|pulses|pulsing,(electronics) a sharp transient wave in the normal electrical state (or a series of such transients),the pulsations seemed to be coming from a star
precious,4k-a,3353,16,4.368,0.9974,B2,,0,adj,preciously|preciousness,characterized by feeling or showing fond affection for,a cherished friend
destiny,4k-a,3491,17,4.362,0.9954,,,0,n,destined|destines|destinies|destining,an event (or a course of events) that will inevitably happen in the future,
thou,4k-a,3141,18,4.351,0.9841,,,0,pron,tha|thee|thi|thine|thy|thyself,the cardinal number that is the product of 10 and 100,
nightmare,4k-a,3361,19,4.350,0.9953,B2,,0,n,nightmares|nightmarish,a situation resembling a terrifying dream,
ambulance,4k-a,3333,20,4.350,0.9925,B2,,0,n,ambulances,a vehicle that takes people to and from hospitals,
squad,4k-a,3042,21,4.332,0.9951,C1,,0,n,squaddie|squaddies|squaddy|squads,a smallest army unit,
horn,4k-a,3235,22,4.324,0.9950,C1,,0,n,horned|horns|hornless,a noisemaker (as at parties or games) that makes a loud noise when you blow through it,
warrant,4k-a,3209,23,4.318,0.9978,C1,,0,n|v,unwarranted|warranted|warranting|warrants,a writ from a court commanding police to perform specified acts,
diamond,4k-a,3378,24,4.315,0.9977,B1,,0,n,diamonds,a transparent piece of diamond that has been cut and polished and is valued as a precious gem,
earl,4k-a,3057,25,4.310,0.9645,,,0,n,earldom|earldoms|earls,a British peer ranking below a marquess and above a viscount,
script,4k-a,3383,26,4.292,0.9975,B1,,0,n,scripted|scripting|scripts|unscripted,a written version of a play or other dramatic composition; used in preparing for a performance,
custody,4k-a,3364,27,4.284,0.9922,C1,,0,n,custodial|custodies,a state of being confined (usually for a short time),his detention was politically motivated
virgin,4k-a,3163,28,4.275,1.0000,,,0,n,virginal|virginity|virgins,a person who has never had sex,
anniversary,4k-a,3173,29,4.265,0.9925,B2,,0,n,anniversaries,the date on which an event occurred in some previous year (or the celebration of it),
pat,4k-a,3047,30,4.262,0.9950,,,0,name,pats|patted|patting,the sound made by a gentle blow,
kit,4k-a,3111,31,4.247,0.9952,B2,,0,n,kits|kitted|kitting,a case for containing a set of articles,
temple,4k-a,3052,32,4.244,0.9949,B2,,0,n,temples,place of worship consisting of an edifice for the worship of a deity,
avenue,4k-a,3274,33,4.227,0.9922,,,0,n,avenues,a line of approach,they explored every avenue they could think of
suite,4k-a,3313,34,4.221,1.0000,C1,,0,n,suites,a musical composition of several movements only loosely connected,
surgeon,4k-a,3411,35,4.216,0.9952,B2,,0,n,surgeons,a physician who specializes in surgery,
whiskey,4k-a,3222,36,4.207,0.9886,,,0,n,whiskeys|whiskies|whisky,a liquor made from fermented mash of grain,
surrender,4k-a,3357,37,4.189,0.9897,C1,,0,v,surrendered|surrendering|surrenders,give up or agree to forgo to the power or possession of another,The last Taleban fighters finally surrendered
soap,4k-a,3457,38,4.182,0.9977,A2,,0,n,soapier|soapiest|soapiness|soaps|soapy,a cleansing agent made from the salts of vegetable or animal fats,
noble,4k-a,3038,39,4.164,0.9955,C1,,0,adj,nobilities|nobility|nobleness|nobler|nobles|noblest|nobly|ignoble|ignobly,"impressive in size, manner, or appearance",a baronial mansion
deaf,4k-a,3023,40,4.162,0.9953,,,0,adj,deafen|deafened|deafening|deafeningly|deafens|deafer|deafest|deafness,lacking or deprived of the sense of hearing wholly or in part,
liver,4k-a,3360,41,4.155,0.9972,C1,,0,n,livers,large and complicated reddish-brown glandular organ located in the upper right portion of the abdominal cavity; secretes bile and functions in metabolism of protein and carbohydrate and fat; synthesizes substances involved in the clotting of the blood; synthesizes vitamin A; detoxifies poisonous substances and breaks down worn-out erythrocytes,
ward,4k-a,3006,42,4.154,0.9919,C1,,0,n,wards|wardship|wardships,a person who is under the protection or in the custody of another,
roses,4k-a,3296,43,4.152,0.9770,,,0,n,rosier|rosiest|rosily|rosiness|rosy,any of many shrubs of the genus Rosa that bear roses,
bush,4k-a,3005,44,4.150,0.9945,B2,,0,n,bushes|bushy,a low woody perennial plant usually having several major stems,
cave,4k-a,3251,45,4.146,1.0000,B2,,0,n,caved|caves|caving,a geological formation consisting of an underground enclosure with access from the surface of the ground or from the sea,
rubber,4k-a,3277,46,4.146,1.0000,B2,,0,n|adj,rubberised|rubberized|rubbers|rubbery,an elastic material obtained from the latex sap of trees (especially trees of the genera Hevea and Ficus) that can be vulcanized and finished into a variety of products,
oxygen,4k-a,3238,47,4.142,1.0000,B2,,0,n,oxygens,a nonmetallic bivalent element that is normally a colorless odorless tasteless nonflammable diatomic gas; constitutes 21 percent of the atmosphere by volume; the most abundant element in the earth's crust,
wreck,4k-a,3392,48,4.136,0.9919,,,0,n,wreckage|wreckages|wrecked|wrecker|wreckers|wrecking|wrecks,something or someone that has suffered ruin or dilapidation,the house was a wreck when they bought it
barn,4k-a,3484,49,4.133,1.0000,,,0,n,barns,an outlying farm building for storing grain or animal feed and housing farm animals,
intelligent,4k-a,3213,50,4.131,1.0000,A2,,1,adj,intelligently|unintelligent,having the capacity for thought and reason especially to a high degree,is there intelligent life in the universe?
emperor,4k-a,3115,51,4.131,0.9756,,,0,n,emperors,the male ruler of an empire,
lap,4k-a,3460,52,4.129,0.9924,C1,,0,n,laps,the upper side of the thighs of a seated person,he picked up the little girl and plopped her down in his lap
magnificent,4k-a,3145,53,4.121,0.9973,B2,,0,adj,magnificence|magnificently,characterized by grandeur,the brilliant court life at Versailles
blade,4k-a,3322,54,4.114,0.9952,C1,,0,n,bladed|blades,especially a leaf of grass or the broad portion of a leaf as distinct from the petiole,
sack,4k-a,3130,55,4.111,1.0000,C1,,0,v,sacked|sacking|sackings,plunder (a town) after capture,the barbarians sacked Rome
clerk,4k-a,3065,56,4.111,0.9927,B2,,0,n,clerkish|clerks,"an employee who performs clerical work (e.g., keeps records or accounts)",
chin,4k-a,3476,57,4.103,0.9951,,,0,n,chinless|chins,the protruding part of the lower jaw,
et,4k-a,3003,58,4.103,,,,0,name,,,
hammer,4k-a,3183,59,4.096,0.9976,,,0,n,hammered|hammering|hammers,the part of a gunlock that strikes the percussion cap when the trigger is pulled,
behalf,4k-a,3010,60,4.085,0.9951,C1,,1,n,,as the agent of or on someone's part (usually expressed as ‘on behalf of’ rather than ‘in behalf of’),the guardian signed the contract on behalf of the minor child
brass,4k-a,3455,61,4.084,0.9975,,,0,n,brasses|brassy,an alloy of copper and zinc,
widow,4k-a,3070,62,4.083,0.9907,C1,,0,n,widowed|widower|widowers|widowhood|widowhoods|widows,a woman whose husband is dead especially one who has not remarried,
dull,4k-a,3156,63,4.082,0.9874,B2,,0,adj,dulled|duller|dullest|dulling|dullness|dulls|dully,lacking in liveliness or animation,he was so dull at parties
clay,4k-a,3289,64,4.079,0.9922,,,0,n,clays|clayey,a very fine-grained soil that is plastic when moist but hard when fired,
needle,4k-a,3099,65,4.076,0.9946,B1,,0,n,needled|needles|needling,the leaf of a conifer,
slim,4k-a,3324,66,4.074,0.9970,,,0,adj,slimly|slimmed|slimmer|slimmers|slimmest|slimming|slimmings|slimness|slims,being of delicate or slender build,she was slender as a willow shoot is slender
thumb,4k-a,3478,67,4.073,1.0000,B2,,0,n,thumbed|thumbing|thumbings|thumbs,the thick short innermost digit of the forelimb,
divine,4k-a,3474,68,4.066,0.9949,C1,,0,adj,divination|divinations|divined|divinely|divines|divining|diviner,emanating from God,divine judgment
medal,4k-a,3284,69,4.063,0.9902,B2,,0,n,medalist|medalists|medallist|medallists|medals,an award for winning a championship or commemorating some other event,
eagle,4k-a,3276,70,4.060,0.9949,,,0,n,eagled|eagles,any of various large keen-sighted diurnal birds of prey noted for their broad wings and strong soaring flight,
whale,4k-a,3367,71,4.052,1.0000,,,0,n,whaled|whaler|whalers|whales|whaling,a very large person; impressive in size or qualities,
verdict,4k-a,3494,72,4.039,0.9947,C1,,0,n,verdicts,(law) the findings of a jury on issues of fact submitted to it for decision; can be used in formulating a judgment,
comic,4k-a,3451,73,4.035,0.9951,B2,,0,adj|n,comical|comicalities|comicality|comically|comics,arousing or provoking laughter,an amusing film with a steady stream of pranks and pratfalls
rod,4k-a,3228,74,4.031,0.9903,C1,,0,n,rods,a long thin implement made of metal or wood,
pope,4k-a,3086,75,4.030,0.9917,,,0,n,popery|popes|popish,the head of the Roman Catholic Church,
statue,4k-a,3458,76,4.025,0.9976,B1,,0,n,statuaries|statuary|statues|statuesque|statuette|statuettes,a sculpture representing a human or animal,
fleet,4k-a,3117,77,4.025,0.9928,C1,,0,n,fleets,group of aircraft operating together under the same ownership,
drown,4k-a,3437,78,4.025,0.9896,C1,,0,v,drowned|drowning|drowns,cover completely or make imperceptible,I was drowned in work
collar,4k-a,3230,79,4.022,0.9901,,,0,n,collared|collaring|collarless|collars,a band that fits around the neck and is usually folded over,
publicity,4k-a,3083,80,4.020,0.9973,B2,,0,n,,a message issued in behalf of some product or cause or idea or person or institution,the packaging of new ideas
fraud,4k-a,3234,81,4.002,0.9973,B2,,0,n,frauds|fraudster|fraudsters,intentional deception resulting in injury to another person,
overnight,4k-a,3249,82,4.001,0.9949,B2,,0,adv,,during or for the length of one night,the fish marinates overnight
acid,4k-a,3001,83,3.999,0.9951,B2,,0,n|adj,acidic|acidity|acidly|acids,any of various water-soluble compounds having a sour taste and capable of turning litmus red and reacting with a base to form a salt,
explode,4k-a,3376,84,3.991,0.9977,B1,,0,v,exploded|explodes|exploding|unexploded,cause to burst with a violent release of energy,We exploded the nuclear bomb
dock,4k-a,3098,85,3.989,0.9929,,,0,n,docked|docker|dockers|docking|docks,an enclosure in a court of law where the defendant sits during the trial,
gut,4k-a,3425,86,3.989,0.9887,C1,,0,n,gutless|gutlessness|guts|gutsier|gutsiest|gutsy|gutted|gutting,the part of the alimentary canal between the stomach and the anus,
delicate,4k-a,3200,87,3.978,0.9976,C1,,0,adj,delicately|indelicate,exquisitely fine and subtle and pleasing; susceptible to injury,a delicate violin passage
physics,4k-a,3282,88,3.976,0.9974,A2,,0,n,,the science of matter and energy and their interactions,his favorite subject was physics
wells,4k-a,3384,89,3.974,0.8792,,,0,name,welled|welling,a deep hole or shaft dug or drilled to obtain water or oil or gas or brine,
chaos,4k-a,3485,90,3.973,0.9953,C1,,0,n,,a state of extreme confusion and disorder,
flush,4k-a,3301,91,3.972,1.0000,,,0,v,flushed|flusher|flushers|flushes|flushing,"turn red, as if in embarrassment or shame",The girl blushed when a young man whistled as she walked by
bonus,4k-a,3346,92,3.964,0.9976,C1,,0,n,bonuses,anything that tends to arouse,his approval was an added fillip
ash,4k-a,3219,93,3.964,0.9945,C1,,0,n,ashen|ashes|ashy,the residue that remains when something is burned,
betray,4k-a,3279,94,3.961,0.9929,C1,,0,v,betrayal|betrayals|betrayed|betrayer|betrayers|betraying|betrays,reveal unintentionally,Her smile betrayed her true feelings
coffin,4k-a,3446,95,3.956,0.9948,,,0,n,coffins,box in which a corpse is buried or cremated,
certificate,4k-a,3007,96,3.954,0.9975,B2,,0,n,certificated|certificates|uncertificated|certification|certifications,a document attesting to the truth of certain stated facts,
diary,4k-a,3076,97,3.954,0.9902,A2,,0,n,diaries|diarist|diarists,a daily written record of (usually personal) experiences and observations,
stall,4k-a,3287,98,3.953,0.9953,B2,,0,n,stalled|stalling|stalls,a compartment in a stable where a single animal is confined and fed,
fluid,4k-a,3165,99,3.952,0.9973,C1,,0,n,fluidities|fluidity|fluids|fluidly,a substance that is fluid at room temperature and pressure,
obey,4k-a,3132,100,3.952,0.9954,B2,,0,v,obedience|obedient|obediently|obeyed|obeying|obeys,be obedient to,
auction,4k-a,3186,101,3.950,0.9923,B2,,0,n,auctioned|auctioneer|auctioneers|auctioning|auctions,a variety of bridge in which tricks made in excess of the contract are scored toward game; now generally superseded by contract bridge,
contrary,4k-a,3037,102,3.950,0.9896,C1,,1,adj|n,contrarily|contrariness|contrariwise,very opposed in nature or character or purpose,acts contrary to our code of ethics
chemistry,4k-a,3208,103,3.938,0.9974,A2,,0,n,,the science of matter; the branch of the natural sciences dealing with the composition of substances and their properties and reactions,
forbid,4k-a,3329,104,3.932,0.9950,B2,,0,v,forbade|forbidden|forbidding|forbids|forbad,command against,I forbid you to call me late at night
solo,4k-a,3385,105,3.932,0.9926,C1,,0,adj|n,soloed|soloing|soloist|soloists|solos,composed or performed by a single voice or instrument,a passage for solo clarinet
convenient,4k-a,3040,106,3.932,0.9895,B1,,0,adj,conveniently|inconvenient|inconveniently,suited to your comfort or purpose or needs,a convenient excuse for not going
inn,4k-a,3273,107,3.924,0.9887,,,0,n,inns,a hotel providing overnight lodging for travelers,
lung,4k-a,3328,108,3.916,0.9921,B2,,0,n,lungs,either of two saclike respiratory organs in the chest of vertebrates; serves to remove carbon dioxide and provide oxygen to the blood,
harmony,4k-a,3428,109,3.915,0.9953,C1,,0,n,harmonies|harmonious|harmoniously|harmoniousness|inharmonious,compatibility in opinion and action,
breeze,4k-a,3488,110,3.906,0.9874,,,0,n,breezed|breezes|breezily|breezing|breezy|breeziness,a slight wind (usually refreshing),the breeze was cooled by the lake
candle,4k-a,3450,111,3.905,0.9951,B2,,0,n,candles,stick of wax with a wick in the middle,
worship,4k-a,3119,112,3.905,0.9948,C1,,0,n|v,worshipful|worshipped|worshiped|worshipper|worshippers|worshiper|worshipers|worshipping|worships,the activity of worshipping,
bubble,4k-a,3453,113,3.904,0.9975,B1,,0,n,bubbled|bubbles|bubbling|bubbly,"a hollow globule of gas (e.g., air or carbon dioxide)",
dip,4k-a,3281,114,3.901,0.9977,C1,,0,v,dipped|dipper|dippers|dipping|dips,"immerse briefly into a liquid so as to wet, coat, or saturate",dip the garment into the cleaning solution
chapel,4k-a,3114,115,3.901,0.9926,,,0,n,chapels,a place of worship that has its own altar,
tuck,4k-a,3467,116,3.901,0.9878,,,0,v,tucked|tucking|tucks|untucked,fit snugly into,insert your ticket into the slot
proposition,4k-a,3205,117,3.897,0.9904,C1,,0,n,propositional|propositions,(logic) a statement that affirms or denies something and is either true or false,
lounge,4k-a,3321,118,3.896,0.9972,,,0,n,lounged|lounger|loungers|lounges|lounging,an upholstered seat for more than one person,
arrow,4k-a,3386,119,3.895,0.9953,B2,,0,n,arrowed|arrowing|arrows,a mark to indicate a direction or relation,
terminal,4k-a,3029,120,3.884,0.9974,,,0,n,terminally|terminals,station where transport vehicles load or unload passengers or goods,
bold,4k-a,3256,121,3.878,0.9975,B2,,0,adj,bolder|boldest|boldly|boldness,fearless and daring,bold settlers on some foreign shore
trophy,4k-a,3473,122,3.878,0.9973,C1,,0,n,trophies,an award for success in war or hunting,
bass,4k-a,3143,123,3.878,0.9951,C1,,0,n,basses|bassist|bassists,the lowest part of the musical range,
peculiar,4k-a,3257,124,3.878,0.9922,C1,,0,adj,peculiarities|peculiarity|peculiarly,beyond or deviating from the usual or expected,a curious hybrid accent
stitch,4k-a,3128,125,3.874,0.9975,,,0,v,stitched|stitchery|stitches|stitching,fasten by sewing; do needlework,
carriage,4k-a,3123,126,3.874,0.9925,C1,,0,n,carriages,a railcar where passengers ride,
receipt,4k-a,3188,127,3.872,0.9949,B1,,0,n,receipted|receipting|receipts,the act of receiving,
fist,4k-a,3415,128,3.867,0.9857,,,0,n,fisted|fistful|fists,a hand with the fingers clenched in the palm (as for hitting),
distress,4k-a,3093,129,3.862,0.9952,C1,,0,n|v,distressed|distresses|distressing|distressingly|distressful,psychological suffering,the death of his wife caused him great distress
savage,4k-a,3340,130,3.855,0.9975,,,0,adj,savaged|savagely|savageness|savager|savagery|savages|savagest|savaging,(of persons or their actions) able or disposed to inflict pain or suffering,a barbarous crime
fatal,4k-a,3254,131,3.852,0.9920,C1,,0,adj,fatalism|fatalist|fatalistic|fatalistically|fatalists|fatalities|fatality|fatally,bringing death,
haul,4k-a,3290,132,3.851,0.9952,,,0,v,haulage|haulages|hauled|hauler|haulers|hauling|hauls,draw slowly or heavily,haul stones
ridge,4k-a,3356,133,3.851,0.9931,,,0,n,ridged|ridges|ridging,a long narrow natural elevation or striation,
pursuit,4k-a,3243,134,3.848,0.9921,B2,,0,n,pursuits,the act of pursuing in an effort to overtake or capture,the culprit started to run and the cop took off in pursuit
congratulate,4k-a,3448,135,3.847,0.9947,C1,,0,v,congratulated|congratulates|congratulating|congratulation|congratulations|congratulatory,say something to someone that expresses praise,He complimented her on her last physics paper
guardian,4k-a,3048,136,3.847,0.9873,,,0,n,guardians|guardianship,a person who cares for persons or property,
plead,4k-a,3198,137,3.846,0.9907,C1,,0,v,pleaded|pled|pleading|pleadingly|pleadings|pleads,appeal or request earnestly,I pleaded with him to stop
tobacco,4k-a,3452,138,3.845,0.9857,C1,,0,n,baccy|tobacconist|tobacconists|tobaccos,leaves of the tobacco plant dried and prepared for smoking or ingestion,
bolt,4k-a,3283,139,3.838,0.9952,,,0,n,bolted|bolter|bolters|bolting|bolts,a discharge of lightning accompanied by thunder,
pledge,4k-a,3368,140,3.838,0.9952,C1,,0,v|n,pledged|pledges|pledging,promise solemnly and formally,I pledge that I will honor my wife
hardware,4k-a,3178,141,3.835,0.9975,C1,,0,n,,major items of military weaponry (as tanks or missile),
loop,4k-a,3338,142,3.831,0.9952,C1,,0,n,looped|looping|loops,fastener consisting of a metal ring for lining a small hole to permit the attachment of cords or lines,
theft,4k-a,3229,143,3.830,0.9918,B2,,0,n,thefts,the act of taking something from someone unlawfully,the thieving is awful at Kennedy International
confidential,4k-a,3299,144,3.827,0.9976,,,0,adj,confidentiality|confidentially,entrusted with private information and the confidence of another,a confidential secretary
dot,4k-a,3104,145,3.822,0.9926,B2,,0,n,dots|dotted|dotting,a very small circular shape,a row of points
copper,4k-a,3174,146,3.819,0.9949,C1,,0,n,coppers|coppery,a ductile malleable reddish-brown corrosion-resistant diamagnetic metallic element; occurs in various minerals but is the only metal that occurs abundantly in large masses; used as an electrical and thermal conductor,
amateur,4k-a,3202,147,3.817,0.9943,C1,,0,adj|n,amateurish|amateurishly|amateurishness|amateurism|amateurs,engaged in as a pastime,an amateur painter
riot,4k-a,3084,148,3.813,0.9976,C1,,0,n,rioted|rioter|rioters|rioting|riotous|riotously|riotousness|riots,a public act of violence by an unruly mob,
canal,4k-a,3068,149,3.806,0.9902,B2,,0,n,canals,(astronomy) an indistinct surface feature of Mars once thought to be a system of channels; they are now believed to be an optical illusion,
pond,4k-a,3146,150,3.802,0.9976,C1,,0,n,ponds,a small lake,the pond was too small for sailing
elegant,4k-a,3216,151,3.798,1.0000,B2,,0,adj,elegantly|inelegant|inelegantly,refined and tasteful in appearance or behavior or style,elegant handwriting
spark,4k-a,3465,152,3.798,1.0000,C1,,0,v,sparked|sparking|sparks|sparky,put in motion or move to act,trigger a reaction
breach,4k-a,3009,153,3.794,1.0000,C1,,0,n|v,breached|breaches|breaching,a failure to perform some promised act or obligation,
accountant,4k-a,3031,154,3.792,0.9953,B2,,0,n,accountancy|accountants,someone who maintains and audits business accounts,
fare,4k-a,3226,155,3.790,0.9901,B2,,0,n,fared|fares|faring,an agenda of things to do,they worked rapidly down the menu of reports
elbow,4k-a,3445,156,3.789,0.9951,B2,,0,n,elbowed|elbowing|elbows,hinge joint between the forearm and upper arm and the corresponding joint in the forelimb of a quadruped,
stack,4k-a,3424,157,3.786,0.9915,,,0,n,stacked|stacking|stacks|unstacked,an orderly pile,
dash,4k-a,3369,158,3.782,0.9950,,,0,n,dashed|dasher|dashers|dashes|dashing,distinctive and stylish elegance,he wooed her with the confident dash of a cavalry officer
furious,4k-a,3292,159,3.779,1.0000,B2,,0,adj,furiously,marked by extreme and violent energy,a ferocious beating
poster,4k-a,3388,160,3.778,1.0000,A2,,0,n,posters,a sign posted in a public place as an advertisement,a poster advertised the coming attractions
sincere,4k-a,3224,161,3.778,0.9949,B2,,0,adj,insincere|insincerely|insincerity|sincerely|sincerity,open and genuine; not deceitful,"he was a good man, decent and sincere"
steer,4k-a,3184,162,3.778,0.9899,C1,,0,v,steered|steering|steers,direct the course; determine the direction of travelling,
scent,4k-a,3433,163,3.776,0.9907,,,0,n,scented|scenting|scentless|scents|unscented,a distinctive odor that is pleasant,
wit,4k-a,3305,164,3.773,0.9775,C1,,0,n,witless|witlessly|witlessness|wits|witted|wittier|wittiest|wittily|witty|witticism|wittiness,a message whose ingenuity or verbal skill or incongruity has the power to evoke laughter,
shallow,4k-a,3426,165,3.772,1.0000,B2,,0,adj,shallower|shallowest|shallowly|shallowness|shallows,lacking physical depth; having little spatial extension downward or inward from an outer surface or backward or outward from a center,shallow water
despair,4k-a,3311,166,3.769,0.9892,,,0,n,despaired|despairing|despairingly|despairs,a state in which all hope is lost or absent,in the depths of despair
slam,4k-a,3442,167,3.765,0.9950,C1,,0,v,slammed|slammer|slammers|slamming|slams,close violently,He slammed the door shut
spine,4k-a,3197,168,3.760,0.9949,C1,,0,n,spinal|spinally|spineless|spinelessly|spinelessness|spines|spiny,the series of vertebrae forming the axis of the skeleton and protecting the spinal cord,the fall broke his back
resent,4k-a,3133,169,3.760,0.9879,,,0,v,resented|resentful|resentfully|resentfulness|resenting|resentment|resentments|resents,feel bitter or indignant about,She resents being paid less than her co-workers
spectacular,4k-a,3166,170,3.754,0.9977,B2,,0,adj,spectacularly|unspectacular,sensational in appearance or thrilling in effect,a dramatic sunset
essence,4k-a,3248,171,3.751,0.9949,C1,,0,n,essences,the choicest or most essential or most vital part of some idea or experience,the gist of the prosecutor's argument
sleeve,4k-a,3336,172,3.750,0.9974,,,0,n,sleeved|sleeveless|sleeves,the part of a garment that is attached at the armhole and that provides a cloth covering for the arm,
owl,4k-a,3410,173,3.750,0.9928,,,0,n,owlish|owlishly|owls,nocturnal bird of prey with hawk-like beak and claws and large head with front-facing eyes,
identical,4k-a,3148,174,3.744,0.9975,B2,,1,adj,identically,exactly alike; incapable of being perceived as different,rows of identical houses
orchestra,4k-a,3211,175,3.742,1.0000,B2,,0,n,orchestral|orchestras,a musical organization consisting of a group of instrumentalists including string players,
prey,4k-a,3354,176,3.742,0.9977,C1,,0,n,preyed|preying|preys,a person who is the aim of an attack (especially a victim of ridicule or exploitation) by some hostile person or influence,he fell prey to muggers
departure,4k-a,3061,177,3.733,1.0000,B1,,0,n,departures,the act of departing,
mock,4k-a,3347,178,3.731,1.0000,,,0,v,mocked|mocker|mockers|mocking|mockingly|mocks,treat with contempt,The new constitution mocks all democratic principles
ambition,4k-a,3135,179,3.730,1.0000,B1,,0,n,ambitions,a cherished desire,his ambition is to own his own business
ferry,4k-a,3270,180,3.730,0.9926,,,0,n,ferried|ferries|ferrying,a boat that transports people or vehicles across a body of water and operates on a regular schedule,
landlord,4k-a,3016,181,3.728,1.0000,C1,,0,n,landlords,a landowner who leases to others,
jurisdiction,4k-a,3137,182,3.726,0.9787,C1,,0,n,jurisdictional|jurisdictions,(law) the right and power to interpret and apply the law,courts having jurisdiction in this district
tribute,4k-a,3266,183,3.720,0.9974,C1,,0,n,tributaries|tributary|tributes,something given or done as an expression of esteem,
marble,4k-a,3413,184,3.718,0.9975,,,0,n,marbled|marbles|marbling,a hard crystalline metamorphic rock that takes a high polish; used for sculpture and as building material,
heir,4k-a,3480,185,3.718,0.9848,,,0,n,heiress|heiresses|heirs,a person who is entitled by law or by the terms of a will to inherit the estate of another,
repay,4k-a,3127,186,3.717,1.0000,,,0,v,repaid|repayable|repaying|repayment|repayments|repays|unrepaid,pay back,Please refund me my money
leaf,4k-a,3112,187,3.717,0.9931,B1,,0,n,leafed|leafing|leafless|leafy|leaved,the main organ of photosynthesis and transpiration in higher plants,
caution,4k-a,3358,188,3.713,0.9976,C1,,0,n,cautionary|cautioned|cautioning|cautions,the trait of being cautious; being attentive to possible danger,a man of caution
primitive,4k-a,3239,189,3.713,0.9976,,,0,adj,primitively|primitiveness|primitives|primitivism,belonging to an early stage of technical development; characterized by simplicity and (often) crudeness,the crude weapons and rude agricultural implements of early man
thread,4k-a,3373,190,3.713,0.9976,C1,,0,n,threaded|threading|threads,a fine cord of twisted fibers (of cotton or silk or wool or nylon etc.) used in sewing and weaving,
trousers,4k-a,3088,191,3.713,0.9951,A1,,0,n,trouser|trousered,"(usually in the plural) a garment extending from the waist to the knee or ankle, covering each leg separately",he had a sharp crease in his trousers
utter,4k-a,3060,192,3.703,0.9881,,,0,adj,unutterable|unutterably|unuttered|utterance|utterances|uttered|uttering|utters,without qualification; used informally as (often pejorative) intensifiers,an arrant fool
contempt,4k-a,3407,193,3.702,0.9974,C1,,0,n,contemptible|contempts|contemptuous|contemptuously|contemptuousness,lack of respect accompanied by a feeling of intense dislike,he was held in contempt
chronic,4k-a,3280,194,3.695,1.0000,C1,,0,adj,chronics|chronically,being long-lasting and recurrent or characterized by long suffering,chronic indigestion
sketch,4k-a,3335,195,3.695,0.9975,C1,,0,n,sketched|sketches|sketching,preliminary drawing for later elaboration,he made several studies before starting to paint
biology,4k-a,3490,196,3.692,0.9980,A2,,0,n,biologies|biologist|biologists|biologic,the science that studies living organisms,
axe,4k-a,3427,197,3.690,0.9950,,,0,n,ax|axed|axes|axing,an edge tool with a heavy bladed head mounted across a handle,
sensation,4k-a,3107,198,3.690,0.9924,C1,,0,n,sensational|sensationalise|sensationalised|sensationalises|sensationalising|sensationalism|sensationalist|sensationalists|sensationalize|sensationalized|sensationalizes|sensationalizing|sensationally|sensations,an unelaborated elementary awareness of stimulation,a sensation of touch
fuse,4k-a,3185,199,3.688,0.9952,,,0,n,fused|fuses|fusing|fusion|fusions,an electrical device that can interrupt the flow of electrical current when it is overloaded,
artificial,4k-a,3118,200,3.685,0.9977,B2,,0,adj,artificiality|artificially,contrived by art rather than nature,artificial flowers
grim,4k-a,3406,201,3.681,0.9973,,,0,adj,grimly|grimmer|grimmest|grimness,not to be placated or appeased or moved by entreaty,grim determination
preliminary,4k-a,3293,202,3.681,0.9893,C1,,1,adj,preliminaries,denoting an action or event preceding or in preparation for something more important,a preliminary investigation
ambitious,4k-a,3461,203,3.679,0.9977,B1,,0,adj,ambitiously|unambitious,having a strong desire for success or achievement,
specimen,4k-a,3078,204,3.677,1.0000,C1,,0,n,specimens,an example regarded as typical of its class,
homosexual,4k-a,3262,205,3.676,0.9979,,,0,n,homo|homos|homosexualities|homosexuality|homosexuals,someone who is sexually attracted to persons of the same sex,
gulf,4k-a,3019,206,3.676,0.9848,,,0,n,gulfs,an arm of a sea or ocean partly enclosed by land; larger than a bay,
verse,4k-a,3176,207,3.670,1.0000,C1,,0,n,versed|verses|versification|versified|versify|versifying,literature in metrical form,
activate,4k-a,3050,208,3.670,0.9953,B2,,0,v,activated|activates|activating|activation|activator|activators|inactivation|reactivate|reactivated|reactivates|reactivating|reactivation|reactivations|unactivated,put in motion or move to act,trigger a reaction
limb,4k-a,3395,209,3.670,0.9931,C1,,0,n,limbed|limbs,"one of the jointed appendages of an animal used for locomotion or grasping: arm, leg, wing, flipper",
tutor,4k-a,3056,210,3.665,0.9926,,,0,n,tutored|tutorial|tutorials|tutoring|tutors|untutored,"a person who gives private instruction (as in singing, acting, etc.)",
sheer,4k-a,3199,211,3.661,0.9843,C1,,0,adj,sheerness,complete and without restriction or qualification; sometimes used informally as intensifiers,absolute freedom
rehearse,4k-a,3441,212,3.655,0.9740,,,0,v,rehearsal|rehearsals|rehearsed|rehearses|rehearsing|unrehearsed,engage in a rehearsal (of),
horizon,4k-a,3344,213,3.652,0.9922,C1,,0,n,horizons,the line at which the sky and Earth appear to meet,
villa,4k-a,3113,214,3.644,0.9771,,,0,n,villas,detached or semidetached suburban house,
scrap,4k-a,3399,215,3.642,0.9975,,,0,n,scrapped|scrapping|scraps,a small fragment of something broken off from the whole,a bit of rock caught him in the eye
diagnosis,4k-a,3252,216,3.634,0.9953,C1,,0,n,diagnoses|misdiagnoses|misdiagnosis,identifying the nature or cause of some phenomenon,
trim,4k-a,3381,217,3.632,0.9875,,,0,v,trimmed|trimmer|trimmers|trimming|trimmings|trims|trimness,remove the edges from and cut down to the desired size,pare one's fingernails
seminar,4k-a,3203,218,3.630,0.9950,B2,,0,n,seminaries|seminars|seminary,any meeting for an exchange of ideas,
petition,4k-a,3181,219,3.626,0.9926,C1,,0,n,petitioned|petitioner|petitioners|petitioning|petitions,a formal message requesting something that is submitted to an authority,
retrieve,4k-a,3365,220,3.616,0.9953,C1,,0,v,retrieval|retrievals|retrieved|retriever|retrievers|retrieves|retrieving,get or find back; recover the use of,She regained control of herself
chancellor,4k-a,3011,221,3.616,0.9858,,,0,n,chancellors|chancellorship|chancellorships,the person who is head of government (in several countries),
nursery,4k-a,3187,222,3.610,0.9976,C1,,0,n,nurseries,a child's room for a baby,
lively,4k-a,3492,223,3.610,0.9953,B2,,0,adj,livelier|liveliest|liveliness,full of life and energy,a lively discussion
ounce,4k-a,3018,224,3.608,0.9949,,,0,n,ounces|oz,a unit of apothecary weight equal to 480 grains or one twelfth of a troy pound,
impatient,4k-a,3440,225,3.608,0.9931,B2,,0,adj,impatience|impatiently,restless or short-tempered under delay or opposition,impatient with the slower students
expertise,4k-a,3066,226,3.601,0.9906,B2,,0,n,expertises,skillfulness by virtue of possessing special knowledge,
dislike,4k-a,3355,227,3.595,0.9924,B1,,0,v|n,disliked|dislikes|disliking,have or feel a dislike or distaste for,I really dislike this salesman
cinema,4k-a,3124,228,3.591,1.0000,A1,,0,n,cinemas|cinematic,a medium that disseminates moving pictures,theater pieces transferred to celluloid
metaphor,4k-a,3471,229,3.591,0.9899,B2,,0,n,metaphoric|metaphorical|metaphorically|metaphors,a figure of speech in which an expression is used to refer to something that it does not literally denote in order to suggest a similarity,
thrust,4k-a,3100,230,3.588,1.0000,,,0,v,thrusted|thrusting|thrustings|thrusts,push forcefully,He thrust his chin forward
swift,4k-a,3079,231,3.588,0.9915,,,0,adj,swifter|swiftest|swiftly|swiftness,moving very fast,fleet of foot
summon,4k-a,3150,232,3.588,0.9880,,,0,v,summoned|summoning|summons|summonsed|summonses|summonsing,"call in an official matter, such as to attend court",
federate,4k-a,3129,233,3.588,0.9119,,,0,n,federated|federates|federating|federation|federations,enter into a league for a common purpose,The republics federated to become the Soviet Union
harvest,4k-a,3370,234,3.584,0.9975,C1,,0,n|v,harvested|harvester|harvesters|harvesting|harvests,the yield from plants in a single growing season,
matrix,4k-a,3331,235,3.582,0.9973,,,0,n,matrices|matrixes,(mathematics) a rectangular array of quantities or expressions set out by rows and columns; treated as a single element and manipulated according to rules,
dictionary,4k-a,3144,236,3.573,1.0000,A1,,0,n,dictionaries,a reference book containing an alphabetical list of words with information about them,
cathedral,4k-a,3069,237,3.573,0.9893,,,0,n,cathedrals,any large and important church,
lace,4k-a,3232,238,3.571,0.9976,,,0,n,interlace|interlaced|interlaces|laced|laces|lacier|laciest|lacing|lacy,a cord that is drawn through eyelets or around hooks in order to draw together two edges (as of a shoe or garment),
knot,4k-a,3421,239,3.568,0.9976,,,0,n,knots|knotted|knottier|knottiest|knotting|knotty,a tight cluster of people or things,a small knot of women listened to his sermon
arch,4k-a,3152,240,3.568,0.9903,,,0,n,arched|arches|arching,a curved shape in the vertical plane that spans an opening,
overhead,4k-a,3472,241,3.566,0.9954,,,0,adv,overheads,above your head; in the sky,planes were flying overhead
plaintiff,4k-a,3012,242,3.566,0.9683,,,0,n,plaintiffs,a person who brings an action in a court of law,
vein,4k-a,3454,243,3.557,0.9896,C1,,0,n,veined|veins,a blood vessel that carries blood from the capillaries toward the heart,all veins except the pulmonary vein carry unaerated blood
mist,4k-a,3438,244,3.552,0.9977,,,0,n,misted|mistier|mistiest|mistily|mistiness|misting|mists|misty,a thin fog with condensation near the ground,
await,4k-a,3149,245,3.552,0.9885,C1,,0,v,awaited|awaiting|awaits,look forward to the probable occurrence of,We were expecting a visit from our relatives
thesis,4k-a,3225,246,3.535,0.9918,B2,,1,n,antitheses|antithesis|theses,an unproved statement put forward as a premise in an argument,
merit,4k-a,3120,247,3.532,0.9861,C1,,0,n,merited|meriting|merits|unmerited,any admirable quality or attribute,work of great merit
terrace,4k-a,3044,248,3.532,0.9855,,,0,n,terraced|terraces|terracing,usually paved outdoor area adjoining a residence,
glimpse,4k-a,3464,249,3.527,0.9951,C1,,0,n,glimpsed|glimpses|glimpsing,a quick look,
cautious,4k-a,3288,250,3.527,0.9924,C1,,0,adj,cautiously|cautiousness|incautious,showing careful forethought,reserved and cautious; never making swift decisions
norm,4k-a,3258,251,3.525,0.9793,B2,,1,n,normativity|normed|norming|normlessness|norms,a standard or model or pattern regarded as typical,the current middle-class norm of two children per family
eligible,4k-a,3309,252,3.522,0.9878,C1,,0,adj,eligibilities|eligibility|ineligible|ineligibility,qualified for or allowed or worthy of being chosen,eligible to run for office
digest,4k-a,3267,253,3.520,0.9928,,,0,n,digested|digestible|digesting|digestion|digestive|digestives|digests|indigestible|undigested,a periodical that summarizes the news,
forge,4k-a,3420,254,3.515,0.9975,C1,,0,v,forged|forger|forgeries|forgers|forgery|forges|forging,create by hammering,hammer the silver into a bowl
diabetes,4k-a,3487,255,3.515,0.9956,,,0,n,diabetic|diabetics,a polygenic disease characterized by abnormally high glucose levels in the blood; any of several metabolic disorders marked by excessive urination and persistent thirst,
prejudice,4k-a,3160,256,3.507,1.0000,C1,,0,n,prejudiced|prejudices|prejudicial|prejudicing|unprejudiced,a partiality that prevents objective consideration of an issue or situation,
vanish,4k-a,3359,257,3.507,0.9920,C1,,0,v,vanished|vanishes|vanishing|vanishingly,"get lost, as without warning or explanation",He disappeared without a trace
sentiment,4k-a,3366,258,3.504,0.9946,C1,,0,n,sentimental|sentimentalism|sentimentalist|sentimentalities|sentimentality|sentimentally|sentiments|unsentimental,"tender, romantic, or nostalgic feeling or emotion",
brute,4k-a,3342,259,3.504,0.9895,C1,,0,adj,brutal|brutalisation|brutalise|brutalised|brutalises|brutalising|brutalities|brutality|brutalization|brutalize|brutalized|brutalizes|brutalizing|brutally|brutes|brutish|brutishly|brutishness,resembling a beast; showing lack of human sensibility,beastly desires
insect,4k-a,3170,260,3.501,0.9975,A2,,0,n,insects,small air-breathing arthropod,
reign,4k-a,3126,261,3.496,0.9864,C1,,0,n|v,reigned|reigning|reigns,a period during which something or somebody is dominant or powerful,he was helpless under the reign of his egotism
closure,4k-a,3077,262,3.493,0.9951,C1,,0,n,closures,approaching a particular destination; a coming closer; a narrowing of a gap,the ship's rapid rate of closing gave them little time to avoid a collision
patron,4k-a,3297,263,3.493,0.9946,C1,,0,n,patroness|patronesses|patronise|patronised|patronises|patronising|patronisingly|patronize|patronized|patronizer|patronizers|patronizes|patronizing|patronizingly|patrons,a regular customer,
crude,4k-a,3375,264,3.485,0.9950,C1,,0,adj,crudely|crudeness|cruder|crudest|crudities|crudity,not carefully or expertly made,managed to make a crude splint
tenant,4k-a,3002,265,3.485,0.9875,C1,,0,n,subtenancy|subtenant|subtenants|tenancies|tenancy|tenanted|tenants,someone who pays rent to use land or a building or a car that is owned by someone else,the landlord can evict a tenant who doesn't pay the rent
satisfactory,4k-a,3017,266,3.479,0.9974,,,0,adj,satisfactorily|unsatisfactorily|unsatisfactory,giving satisfaction,satisfactory living conditions
medieval,4k-a,3055,267,3.474,0.9906,C1,,0,adj,mediaeval|medievalist,relating to or belonging to the Middle Ages,Medieval scholars
veil,4k-a,3308,268,3.474,0.9817,C1,,0,v,unveil|unveiled|unveiling|unveils|veiled|veiling|veilless|veils,"to obscure, or conceal with or as if with a veil",women in Afghanistan veil their faces
acute,4k-a,3053,269,3.471,0.9950,C1,,0,adj,acutely|acuteness|acutes,having or experiencing a rapid onset and short but severe course,acute appendicitis
verbal,4k-a,3191,270,3.468,0.9949,C1,,0,adj,nonverbal|verbalisation|verbalise|verbalised|verbalises|verbalising|verbalization|verbalize|verbalized|verbalizes|verbalizing|verbally|verbals,of or relating to or formed from words in general,verbal ability
abnormal,4k-a,3416,271,3.465,0.9977,,,0,adj,abnormalities|abnormality|abnormally,not normal; not typical or usual or regular or conforming to a norm,abnormal powers of concentration
superb,4k-a,3103,272,3.462,0.9930,C1,,0,adj,superbly,of surpassing excellence,a brilliant performance
indulge,4k-a,3429,273,3.462,0.9903,C1,,0,v,indulged|indulgence|indulgences|indulgent|indulgently|indulges|indulging,give free rein to,The writer indulged in metaphorical language
necessity,4k-a,3218,274,3.462,0.9868,B2,,0,n,necessities,the condition of being essential or indispensable,
merchant,4k-a,3035,275,3.459,0.9976,C1,,0,n,merchantable|merchants,a businessperson engaged in retail trade,
penetrate,4k-a,3201,276,3.459,0.9976,,,0,v,interpenetration|interpenetrations|penetrated|penetrates|penetrating|penetration|penetrations|penetrative,"pass into or through, often by overcoming resistance",The bullet penetrated her chest
bankrupt,4k-a,3255,277,3.450,0.9924,,,0,adj,bankruptcies|bankruptcy|bankrupted|bankrupting|bankrupts,financially ruined,a bankrupt company
bronze,4k-a,3327,278,3.450,0.9922,,,0,n,bronzed|bronzes,an alloy of copper and tin and sometimes other elements; also any copper-base alloy containing other elements in place of tin,
dwell,4k-a,3094,279,3.447,0.9950,,,0,v,dwelled|dweller|dwellers|dwelling|dwellings|dwells|dwelt,think moodily or anxiously about something,
monopoly,4k-a,3062,280,3.444,1.0000,C1,,0,n,monopolies|monopolisation|monopolise|monopolised|monopolises|monopolising|monopolist|monopolistic|monopolists|monopolization|monopolize|monopolized|monopolizes|monopolizing,(economics) a market in which there are many buyers but only one seller,a monopoly on silver
dolphin,4k-a,3449,281,3.444,0.9973,,,0,n,dolphins,large slender food and game fish widely distributed in warm seas (especially around Hawaii),
vertical,4k-a,3139,282,3.444,0.9951,B2,,0,adj,vertically|verticals,at right angles to the plane of the horizon or a base line,a vertical camera angle
terminate,4k-a,3272,283,3.441,0.9951,C1,,1,v,terminated|terminates|terminating|termination|terminations|terminator|terminators,bring to an end or halt,She ended their friendship when she found out that he had once been convicted of a crime
residue,4k-a,3265,284,3.441,0.9855,C1,,0,n,nonresidual|residual|residuals|residuary|residues,matter that remains after something has been removed,
handicap,4k-a,3024,285,3.438,1.0000,,,0,n,handicapped|handicapper|handicappers|handicapping|handicaps,the condition of being unable to perform as a consequence of physical or mental unfitness,reading disability
ethical,4k-a,3172,286,3.438,0.9929,B2,,0,adj,ethically|unethical|unethically|ethics,of or relating to the philosophical study of ethics,ethical codes
casualty,4k-a,3380,287,3.435,0.9928,C1,,0,n,casualties,someone injured or killed or captured or missing in a military engagement,
deploy,4k-a,3394,288,3.425,0.9928,C1,,0,v,deployed|deploying|deployment|deployments|deploys|redeploy|redeployed|redeploying|redeployment|redeployments|redeploys,to distribute systematically or strategically,The U.S. deploys its weapons in the Middle East
polar,4k-a,3436,289,3.425,0.9928,,,0,adj,bipolar|bipolarities|bipolarity|polarisation|polarise|polarised|polarises|polarising|polarities|polarity|polarization|polarize|polarized|polarizes|polarizing|repolarization|repolarisation,having a pair of equal and opposite charges,
predator,4k-a,3304,290,3.422,0.9945,C1,,0,n,predation|predations|predators|predatory,someone who attacks in search of booty,
coup,4k-a,3260,291,3.419,0.9615,C1,,0,n,coups,a sudden and decisive change of government illegally or by force,
mineral,4k-a,3080,292,3.416,0.9975,B2,,0,n,mineralisation|mineralization|minerals,solid homogeneous inorganic substances occurring in nature having a definite chemical composition,
domain,4k-a,3147,293,3.416,0.9974,C1,,1,n,domains,a particular environment or walk of life,his social sphere is limited
obscure,4k-a,3171,294,3.416,0.9930,,,0,adj,obscured|obscurely|obscures|obscuring|obscurities|obscurity,not clearly expressed or understood,an obscure turn of phrase
debut,4k-a,3434,295,3.416,0.9847,C1,,0,n,debuts,the act of beginning something new,they looked forward to the debut of their new product line
absent,4k-a,3134,296,3.412,0.9900,C1,,0,adj,absented|absentee|absenteeism|absentees|absenting|absently|absents,not being in a specified place,
conceal,4k-a,3195,297,3.406,0.9950,C1,,0,v,concealed|concealing|concealment|conceals|unconcealed,prevent from being seen or discovered,hide the money
leisure,4k-a,3020,298,3.406,0.9877,B1,,0,n,leisured|leisureliness|leisurely,time available for ease and relaxation,his job left him little leisure
packet,4k-a,3345,299,3.402,1.0000,B2,,0,n,packeted|packeting|packets,a collection of things wrapped or boxed together,
brew,4k-a,3033,300,3.402,0.9946,,,0,n,brewed|brewer|breweries|brewers|brewery|brewing|brewings|brews,drink made by steeping and boiling and fermenting rather than distilling,
cling,4k-a,3352,301,3.402,0.9856,C1,,0,v,clinging|clings|clingy|clung,come or be in close contact with; stick or hold together and resist separation,The dress clings to her body
clutch,4k-a,3398,302,3.399,0.9976,,,0,n,clutched|clutches|clutching,the act of grasping,he released his clasp on my arm
refresh,4k-a,3497,303,3.399,0.9976,,,0,v,refreshed|refresher|refreshers|refreshes|refreshing|refreshingly|refreshment|refreshments|unrefreshed,refresh one's memory,I reviewed the material before the test
premier,4k-a,3039,304,3.399,0.9906,C1,,0,n,premiers|premiership|premierships,the person who holds the position of head of the government in the United Kingdom,
timber,4k-a,3043,305,3.399,0.9904,C1,,0,n,timbered|timbering|timbers,the wood of trees cut and prepared for use as building material,
defect,4k-a,3116,306,3.396,0.9978,C1,,0,n,defective|defectively|defectiveness|defects,an imperfection in a bodily system,visual defects
sphere,4k-a,3241,307,3.396,0.9975,C1,,1,n,spheres|spherical|spherically,a particular environment or walk of life,his social sphere is limited
patent,4k-a,3247,308,3.396,0.9868,C1,,0,n,patentable|patented|patenting|patently|patents,a document granting an inventor sole rights to an invention,
steep,4k-a,3154,309,3.392,0.9850,B2,,0,adj,steeper|steepest|steeply|steepness,having a sharp inclination,the steep attic stairs
preach,4k-a,3291,310,3.382,0.9974,C1,,0,v,preached|preacher|preachers|preaches|preaching,deliver a sermon,The minister is not preaching this Sunday
compatible,4k-a,3059,311,3.375,0.9975,,,1,adj,compatibilities|compatibility|compatibles|incompatibilities|incompatibility|incompatible|incompatibly,able to exist and perform in harmonious or agreeable combination,a compatible married couple
comply,4k-a,3013,312,3.367,0.9822,C1,,0,v,compliant|complied|complies|complying|compliance|compliances|noncompliance,"act in accordance with someone's rules, commands, or wishes",He complied with my instructions
monument,4k-a,3379,313,3.364,0.9978,B2,,0,n,monumental|monumentally|monuments,a structure erected to commemorate persons or events,
booking,4k-a,3030,314,3.360,0.9975,B2,,0,n,booked|bookings,employment for performers or performing groups that lasts for a limited period of time,the play had bookings throughout the summer
tremble,4k-a,3496,315,3.353,0.9922,,,0,v,trembled|trembles|trembling,move or jerk quickly and involuntarily up and down or sideways,His hands were trembling when he signed the document
plunge,4k-a,3374,316,3.353,0.9885,C1,,0,v,plunged|plunger|plungers|plunges|plunging,thrust or throw into,Immerse yourself in hot water
passive,4k-a,3332,317,3.341,0.9974,C1,,1,adj,passively|passives|passivity,lacking in energy or will,Much benevolence of the passive order may be traced to a disinclination to inflict pain upon oneself
spectrum,4k-a,3443,318,3.337,0.9893,C1,,0,n,spectrums,an ordered array of the components of an emission or wave,
minimal,4k-a,3495,319,3.337,0.9892,C1,,1,adj,minimalisation|minimalise|minimalised|minimalises|minimalising|minimalism|minimalist|minimalistic|minimalists|minimalization|minimalize|minimalized|minimalizes|minimalizing|minimally,the least possible,needed to enforce minimal standards
tile,4k-a,3182,320,3.329,0.9974,,,0,n,tiled|tiler|tilers|tiles|tiling,a flat thin rectangular slab (as of fired clay or rubber or linoleum) used to cover surfaces,
marched,4k-a,3217,321,3.329,0.8667,,,0,v,marcher|marchers|marches|marching,march in a procession,They processed into the dining room
dynamic,4k-a,3250,322,3.325,1.0000,B2,,1,adj|n,dynamical|dynamically,characterized by action or forcefulness or force of personality,a dynamic market
stride,4k-a,3320,323,3.325,1.0000,,,0,n,strides|striding|strode,a step in walking or running,
blaze,4k-a,3447,324,3.325,0.9950,,,0,n,blazed|blazes|blazing,a strong flame that burns brightly,the blaze spread rapidly
prevail,4k-a,3189,325,3.325,0.9895,C1,,0,v,prevailed|prevailing|prevails,"be larger in number, quantity, power, status or importance",Money reigns supreme here
haste,4k-a,3192,326,3.321,0.9974,,,0,n,hasten|hastened|hastening|hastens|hastes|hastier|hastiest|hastily|hastiness|hasty,overly eager speed (and possible carelessness),he soon regretted his haste
pioneer,4k-a,3221,327,3.321,0.9926,C1,,0,n|v,pioneered|pioneering|pioneers,someone who helps to open up a new line of research or technology or art,
organism,4k-a,3242,328,3.313,1.0000,,,0,n,organisms,a living thing that has (or can develop) the ability to act or function independently,
frown,4k-a,3158,329,3.313,0.9953,,,0,v,frowned|frowning|frowns,"look angry or sullen, wrinkle one's forehead, as if to signal disapproval",
portfolio,4k-a,3233,330,3.313,0.9952,C1,,0,n,portfolios,"a large, flat, thin case for carrying loose papers or drawings or maps; usually leather",he remembered her because she was carrying a large portfolio
surplus,4k-a,3092,331,3.313,0.9952,C1,,0,n,surpluses,a quantity much larger than is needed,
forum,4k-a,3244,332,3.313,0.9928,B2,,0,n,forums|fora,a public meeting or assembly for open discussion,
fraction,4k-a,3153,333,3.313,0.9864,B2,,0,n,fractional|fractionally|fractions,a component of a mixture that has been separated by a fractional process,
straightforward,4k-a,3210,334,3.305,0.9770,C1,,1,adj,straightforwardly|straightforwardness,free from ambiguity,a straightforward set of instructions
multiply,4k-a,3334,335,3.292,0.9950,B2,,0,v,multiplication|multiplied|multiplier|multipliers|multiplies|multiplying,combine by multiplication,multiply 10 by 15
exaggerate,4k-a,3397,336,3.292,0.9927,C1,,0,v,exaggerated|exaggeratedly|exaggerates|exaggerating|exaggeration|exaggerations,to enlarge beyond bounds or the truth,tended to romanticize and exaggerate this ‘gracious Old South’ imagery
rotate,4k-a,3253,337,3.287,0.9952,C1,,0,v,rotated|rotates|rotating|rotation|rotational|rotations|rotatory,turn on or around an axis or a center,The Earth revolves around the Sun
bulk,4k-a,3081,338,3.283,0.9976,C1,,1,n,bulkier|bulkiest|bulkiness|bulky,the property resulting from being or relating to the greater in number of two parts; the main part,the majority of his customers prefer it
stance,4k-a,3294,339,3.279,0.9977,B2,,0,n,stances,standing posture,
basin,4k-a,3479,340,3.279,0.9815,,,0,n,basins,a bowl-shaped vessel; usually used for holding food or liquids,she mixed the dough in a large basin
rigid,4k-a,3227,341,3.274,0.9973,,,1,adj,rigidities|rigidity|rigidly,incapable of or resistant to bending,a rigid strip of metal
dissolve,4k-a,3418,342,3.274,0.9972,C1,,0,v,dissolved|dissolves|dissolving,grow less and less substantial until it disappears,The sound faded out
exile,4k-a,3431,343,3.274,0.9950,C1,,0,n,exiled|exiles|exiling,a person who is voluntarily absent from home or country,American expatriates
strand,4k-a,3351,344,3.270,0.9870,C1,,0,n,strands,a pattern forming a unity within a larger structural whole,he tried to pick up the strands of his former life
particle,4k-a,3106,345,3.256,0.9924,,,0,n,particles|antiparticle,(nontechnical usage) a tiny piece of anything,
premium,4k-a,3105,346,3.241,1.0000,C1,,0,n,premia|premiums,payment for insurance,
disclose,4k-a,3207,347,3.241,0.9831,C1,,0,v,disclosed|discloses|disclosing|undisclosed,make known to the public information that was previously known only to a few people or that was meant to be kept a secret,The auction house would not disclose the price at which the van Gogh had sold
scarce,4k-a,3071,348,3.236,0.9947,,,0,adj,scarcely|scarceness|scarcer|scarcest|scarcities|scarcity,deficient in quantity or number compared with the demand,fresh vegetables were scarce during the drought
compact,4k-a,3212,349,3.231,0.9973,,,0,n,compacted|compacting|compaction|compactly|compactness|compacts|compactor|compactors,a small cosmetics case with a mirror; to be carried in a woman's purse,
informal,4k-a,3046,350,3.231,0.9908,A2,,0,adj,informalities|informality|informally,not formal,conservative people unaccustomed to informal dress
entity,4k-a,3278,351,3.231,0.9897,C1,,1,n,entities,that which is perceived or known or inferred to have its own distinct existence (living or nonliving),
armour,4k-a,3483,352,3.231,0.9769,,,0,n,armor|armored|armorer|armorers|armoured|armourer|armourers|armours,a military unit consisting of armored fighting vehicles,
articulate,4k-a,3377,353,3.226,0.9909,C1,,0,v,articulated|articulates|articulating|articulation|articulations|articulatory|articulately|articulateness,provide with a joint,the carpenter jointed two pieces of wood
administer,4k-a,3236,354,3.226,0.9854,C1,,0,v,administered|administering|administers,work in an administrative capacity; supervise or be in charge of,administer a program
consensus,4k-a,3319,355,3.216,0.9770,C1,,0,n,,agreement in the judgment or opinion reached by a group as a whole,the lack of consensus reflected differences in theoretical positions
induce,4k-a,3034,356,3.211,0.9927,C1,,1,v,induced|inducement|inducements|induces|inducing,cause to arise,induce a crisis
immense,4k-a,3193,357,3.211,0.9901,C1,,0,adj,immensely|immenseness|immensity,unusually great in size or amount or degree or especially extent or scope,huge government spending
glare,4k-a,3409,358,3.211,0.9830,,,0,n,glared|glares|glaring|glaringly,a light within the field of vision that is brighter than the brightness to which the eyes are adapted,a glare of sunlight
relevance,4k-a,3317,359,3.211,0.9761,C1,,0,n,irrelevance,the relation of something to the matter at hand,
duration,4k-a,3261,360,3.206,0.9975,B2,,1,n,durations,the period of time during which something continues,
fossil,4k-a,3486,361,3.195,0.9975,B2,,0,n,fossilisation|fossilise|fossilised|fossilises|fossilising|fossilization|fossilize|fossilized|fossilizes|fossilizing|fossils,someone whose style is out of fashion,
capitalist,4k-a,3051,362,3.189,0.9974,C1,,0,adj,capitalistic|capitalists,of or relating to capitalism or capitalists,a capitalist nation
interface,4k-a,3067,363,3.184,0.9976,C1,,0,n,interfaced|interfaces|interfacing,(chemistry) a surface forming a common boundary between two things (two objects or liquids or chemical phases),
metropolitan,4k-a,3396,364,3.178,0.9949,,,0,adj,,relating to or characteristic of a metropolis,metropolitan area
suppress,4k-a,3180,365,3.178,0.9946,C1,,0,v,suppressed|suppresses|suppressing|suppression|suppressor|suppressors,bring under control by force or authority,suppress a nascent uprising
undermine,4k-a,3190,366,3.167,0.9949,C1,,0,v,undermined|undermines|undermining,destroy property or hinder normal operations,The Resistance sabotaged railroad operations during the war
prescribe,4k-a,3240,367,3.167,0.9843,C1,,0,v,prescribed|prescribes|prescribing,issue commands or orders for,
venue,4k-a,3402,368,3.161,0.9952,B2,,0,n,venues,the scene of any event or action (especially the place of a meeting),
prestige,4k-a,3389,369,3.143,0.9932,C1,,0,adj,prestiges|prestigious,a high standing achieved through success or influence or wealth etc.,he wanted to achieve power and prestige
sentencing,4k-a,3286,370,3.143,0.9857,,,0,n,sentenced|sentencer|sentencers|sentencings,pronounce a sentence on (somebody) in a court of law,He was condemned to ten years in prison
concession,4k-a,3220,371,3.137,0.9976,C1,,0,n,concessional|concessionary|concessions,a contract granting the right to operate a subsidiary business,he got the beer concession at the ball park
judicial,4k-a,3072,372,3.137,0.9954,C1,,0,adj,judicially|nonjudicial,decreed by or proceeding from a court of justice,a judicial decision
adjacent,4k-a,3459,373,3.131,0.9973,C1,,1,adj,adjacently|nonadjacent,nearest in space or position; immediately adjoining without intervening space,had adjacent rooms
clash,4k-a,3097,374,3.131,0.9894,C1,,0,n,clashed|clashes|clashing,a loud resonant repeating noise,he could hear the clang of distant bells
archive,4k-a,3314,375,3.124,0.9974,C1,,0,n,archival|archived|archives|archiving|archivist|archivists,a depository containing historical records and documents,
boxed,4k-a,3164,376,3.124,0.9973,,,0,v,boxer|boxers|boxing,enclosed in or set off by a border or box,boxed sections of the report
deprive,4k-a,3063,377,3.124,0.9901,C1,,0,v,deprivation|deprivations|deprived|deprives|depriving,take away possessions from someone,The Nazis stripped the Jews of all their assets
anthropology,4k-a,3323,378,3.124,0.9884,,,0,n,anthropological|anthropologically|anthropologies|anthropologist|anthropologists,the social science that studies the origins and social relationships of human beings,
equity,4k-a,3101,379,3.124,0.9762,,,0,n,equities|inequities|inequity,the difference between the market value of a property and the claims held against it,
conversion,4k-a,3108,380,3.118,0.9950,C1,,0,n,conversions,an event that results in a transformation,
decisive,4k-a,3423,381,3.118,0.9931,C1,,0,adj,decisively|decisiveness|indecisive|indecisively|indecisiveness,determining or having the power to determine an outcome,cast the decisive vote
socialist,4k-a,3008,382,3.111,0.9976,C1,,0,adj,socialists|socialistic,advocating or following the socialist principles,socialistic government
diagram,4k-a,3231,383,3.111,0.9920,B1,,0,n,diagrammatic|diagrammatically|diagrammed|diagramming|diagrams,a drawing intended to explain how something works; a drawing showing the relation between the parts,
vendor,4k-a,3102,384,3.111,0.9900,,,0,n,vendors,someone who promotes or exchanges goods or services for money,
veterinarian,4k-a,3382,385,3.105,0.9828,,,0,n,vet|veterinarians|veterinary|vets,a doctor who practices veterinary medicine,
cater,4k-a,3022,386,3.105,0.9632,C1,,0,v,catered|caterer|caterers|catering|caters,"give what is desired or needed, especially support, food or sustenance",The hostess provided lunch for all the guests
contemplate,4k-a,3161,387,3.098,0.9975,C1,,0,v,contemplated|contemplates|contemplating|contemplation|contemplations|contemplative,look at thoughtfully; observe deep in thought,contemplate one's navel
arouse,4k-a,3302,388,3.091,0.9976,,,0,v,arousal|aroused|arouses|arousing|unaroused,"call forth (emotions, feelings, and responses)",arouse pity
startle,4k-a,3414,389,3.077,0.9872,,,0,v,startled|startles|startling|startlingly,to stimulate to action,the loud noise startled him awake
erect,4k-a,3168,390,3.077,0.9859,C1,,0,v,erected|erecting|erection|erections|erector|erects,"construct, build, or erect",Raise a barn
gloom,4k-a,3310,391,3.070,0.9914,,,0,n,gloomier|gloomiest|gloomily|gloominess|glooms|gloomy,a state of partial or total darkness,he struck a match to dispel the gloom
abrupt,4k-a,3422,392,3.063,0.9953,,,0,adj,abrupter|abruptest|abruptly|abruptness,marked by sudden changes in subject and sharp transitions,abrupt prose
reconcile,4k-a,3343,393,3.063,0.9900,,,0,v,reconcilable|reconcilatory|reconciled|reconciles|reconciliation|reconciling,make (one thing) compatible with (another),The scientists had to accommodate the new results with the existing theories
faction,4k-a,3477,394,3.063,0.9688,C1,,0,n,factional|factionalism|factions,a clique (often secret) that seeks power usually through intrigue,
disadvantage,4k-a,3064,395,3.055,0.9975,B1,,0,n,disadvantaged|disadvantageous|disadvantageously|disadvantages,the quality of having an inferior or less favorable position,
subjective,4k-a,3439,396,3.055,0.9952,,,0,adj,subjectively|subjectivism|subjectivities|subjectivity,taking place within the mind and modified by individual bias,a subjective judgment
dual,4k-a,3393,397,3.055,0.9901,C1,,0,adj,dualism|dualisms|dualist|dualistic|dualists|duality,consisting of or involving two parts or components usually in pairs,an egg with a double yolk
aspire,4k-a,3196,398,3.040,0.9895,C1,,0,v,aspirant|aspirants|aspiration|aspirations|aspired|aspires|aspiring,have an ambitious plan or a lofty goal,
tribunal,4k-a,3177,399,3.040,0.9815,C1,,0,n,tribunals,an assembly (including one or more judges) to conduct judicial business,
concede,4k-a,3341,400,3.024,0.9854,C1,,0,v,conceded|concedes|conceding,admit (to a wrongdoing),She confessed that she had taken the money
monetary,4k-a,3025,401,3.016,0.9923,,,0,adj,monetarily|monetarism|monetarist|monetarists,relating to or involving money,monetary rewards
compel,4k-a,3419,402,3.016,0.9178,C1,,0,v,compelled|compelling|compellingly|compels,force somebody to do something,We compel all students to fill out this form
capitalism,4k-a,3268,403,3.008,0.9976,C1,,0,n,,an economic system based on private ownership of capital,
prolong,4k-a,3498,404,3.008,0.9952,,,0,v,prolongation|prolonged|prolonging|prolongs,lengthen in time; cause to be or last longer,We prolonged our stay
plural,4k-a,3500,405,2.991,0.9978,,,0,n,pluralisation|pluralise|pluralised|pluralises|pluralising|pluralism|pluralist|pluralistic|pluralists|pluralities|plurality|pluralization|pluralize|pluralized|pluralizes|pluralizing|plurals,the form of a word that is used to denote more than one,
irritate,4k-a,3285,406,2.982,1.0000,,,0,v,irritated|irritates|irritating|irritatingly|irritation|irritations,"cause annoyance in; disturb, especially by minor irritations",Mosquitoes buzzing in my ear really bothers me
furnish,4k-a,3259,407,2.982,0.9977,,,0,v,furnished|furnishes|furnishing|furnishings|unfurnished,give something useful or necessary to,We provided the room with an electrical heater
cultivate,4k-a,3223,408,2.982,0.9975,C1,,0,v,cultivated|cultivates|cultivating|cultivation|cultivations|cultivator|cultivators|uncultivated,prepare for crops,Work the soil
murmur,4k-a,3085,409,2.982,0.9801,,,0,n,murmured|murmurer|murmurers|murmuring|murmurings|murmurs,a low continuous indistinct sound; often accompanied by movement of the lips without the production of articulate speech,
proclaim,4k-a,3475,410,2.973,0.9975,C1,,0,v,proclaimed|proclaiming|proclaims|proclamation|proclamations,declare formally; declare someone to be something; of titles,He was proclaimed King
geology,4k-a,3167,411,2.973,0.9972,,,0,n,geological|geologically|geologies|geologist|geologists|geologic,a science that deals with the history of the earth as recorded in rocks,
attain,4k-a,3091,412,2.973,0.9807,C1,,1,v,attainable|attained|attaining|attainment|attainments|attains|unattainable,to gain with effort,she achieved her goal despite setbacks
predecessor,4k-a,3489,413,2.973,0.9804,C1,,0,n,predecessors,one who precedes you in time (as in holding a position or office),
upwards,4k-a,3082,414,2.964,0.9975,B2,,0,adv,upward|upwardly,spatially or metaphorically from a lower to a higher position,look up!
interval,4k-a,3032,415,2.955,0.9954,B2,,1,n,intervals,a definite length of time marked off by two instants,
competence,4k-a,3463,416,2.955,0.9899,C1,,0,n,competences,the quality of being adequately or well qualified physically and intellectually,
subscribe,4k-a,3089,417,2.945,1.0000,C1,,0,n,subscribed|subscriber|subscribers|subscribes|subscribing|subscription|subscriptions,"offer to buy, as of stocks and shares",The broker subscribed 500 shares
recycle,4k-a,3325,418,2.945,0.9952,A2,,0,v,recyclable|recycled|recycles|recycling|recyclings|unrecyclable|unrecycled,cause to repeat a cycle,
conform,4k-a,3045,419,2.945,0.9826,,,1,v,conformable|conformance|conformances|conformation|conformations|conformed|conformer|conformers|conforming|conformist|conformists|conformities|conformity|conforms|nonconforming|nonconformist|nonconformists|nonconformity|unconformable,"be similar, be in line with",
fined,4k-a,3300,420,2.935,0.7421,,,0,v,fines|fining|finings|unfined,equip (a car) with fins,
illuminate,4k-a,3481,421,2.925,1.0000,,,0,v,illuminated|illuminates|illuminating|illumination|illuminations|illumine,introduce light into,This lamp lightens the room a bit
monarch,4k-a,3157,422,2.925,0.9976,,,0,n,monarchic|monarchical|monarchies|monarchism|monarchist|monarchists|monarchs|monarchy,a nation's ruler or head of state usually by hereditary right,
trustee,4k-a,3159,423,2.925,0.9953,C1,,0,n,trustees|trusteeship|trusteeships,a person (or institution) to whom legal title to property is entrusted to use for another's benefit,
diminish,4k-a,3204,424,2.925,0.9826,C1,,1,v,diminished|diminishes|diminishing|diminution|undiminished,"decrease in size, extent, or range",The amount of homework decreased towards the end of the semester
comparative,4k-a,3074,425,2.915,0.9926,B2,,0,adj,comparatively,relating to or based on or involving comparison,comparative linguistics
tropics,4k-a,3169,426,2.905,0.9902,B2,,0,adj,subtropical|semitropical|tropic|tropical|tropically,relating to or situated in or characteristic of the tropics (the region on either side of the equator),tropical islands
questionnaire,4k-a,3417,427,2.905,0.9868,B2,,0,n,questionnaires,a form containing a set of questions; submitted to people to gain statistical information,
complement,4k-a,3142,428,2.894,0.9820,C1,,1,v,complementarity|complementary|complemented|complementing|complements,make complete or perfect; supply what is wanting or form the complement to,I need some pepper to complement the sweet touch in the soup
evenly,4k-a,3499,429,2.883,0.9882,,,0,adv,evened|evenness|uneven|unevenly|unevenness,in equal amounts or shares; in a balanced or impartial way,a class evenly divided between girls and boys
classification,4k-a,3237,430,2.872,1.0000,C1,,0,n,classifications|reclassificiations|reclassification,the act of distributing things into classes or categories of the same type,
electron,4k-a,3435,431,2.872,0.9949,,,0,n,electrons,an elementary particle with negative charge,
exempt,4k-a,3122,432,2.872,0.9806,,,0,adj,exempted|exempting|exemption|exemptions|exempts|nonexempt,(of persons) freed from or not subject to an obligation or liability (as e.g. taxes) to which others or other things are subject,a beauty somehow exempt from the aging process
adverse,4k-a,3349,433,2.860,0.9954,C1,,0,adj,adversely|adverseness|adversities|adversity,contrary to your interests or welfare,adverse circumstances
vigorous,4k-a,3155,434,2.848,1.0000,,,0,adj,vigor|vigorously|vigour,characterized by forceful and energetic action or activity,a vigorous hiker
tumour,4k-a,3430,435,2.848,0.9909,,,0,n,tumor|tumors|tumours,an abnormal new mass of tissue that serves no purpose,
interim,4k-a,3245,436,2.848,0.9579,C1,,0,adj,interims,serving during an intermediate interval of time,an interim agreement
detach,4k-a,3206,437,2.836,0.9721,,,0,v,detachable|detached|detaches|detaching|detachment|detachments|nondetachable,cause to become detached or separated; take off,detach the skin from the chicken before you eat it
hierarchy,4k-a,3054,438,2.810,0.9880,C1,,1,n,hierarchic|hierarchical|hierarchically|hierarchies,a series of ordered groupings of people or things within a system,put honesty first in her hierarchy of values
classify,4k-a,3246,439,2.810,0.9865,B2,,0,v,classified|classifies|classifying|reclassified|reclassifies|reclassify|reclassifying|unclassified|classifiable|unclassifiable,arrange or order by classes or categories,How would you classify these pottery shards — are they prehistoric?
devise,4k-a,3136,440,2.810,0.9864,C1,,0,v,devised|devises|devising,"come up with (an idea, plan, explanation, theory, or principle) after a mental effort",excogitate a way to measure the speed of light
applicant,4k-a,3073,441,2.797,1.0000,B2,,0,n,applicants,a person who requests or seeks something such as assistance or employment or admission,
subordinate,4k-a,3330,442,2.797,0.9898,,,1,adj,insubordinate|insubordination|subordinated|subordinates|subordinating|subordination,lower in rank or importance,
obsess,4k-a,3264,443,2.797,0.9746,C1,,0,v,obsessed|obsesses|obsessing|obsession|obsessional|obsessionally|obsessions|obsessive|obsessively|obsessiveness,haunt like a ghost; pursue,Fear of illness haunts her
turnover,4k-a,3041,444,2.783,0.9933,C1,,0,n,turnovers,the ratio of the number of workers that had to be replaced in a given time period to the average number of workers,
inherent,4k-a,3390,445,2.783,0.9920,C1,,1,adj,inherently,existing as an essential constituent or characteristic,the Ptolemaic system with its built-in concept of periodicity
deem,4k-a,3456,446,2.783,0.9744,C1,,0,v,deemed|deeming|deems,keep in mind or convey as a conviction or view,take for granted
overlap,4k-a,3362,447,2.769,0.9951,,,1,n,overlapped|overlapping|overlaps,a representation of common ground between theories or phenomena,there was no overlap between their proposals
infer,4k-a,3470,448,2.769,0.9789,B2,,1,v,inference|inferences|inferencing|inferential|inferred|inferring|infers,reason by deduction; establish by deduction,
bureaucrat,4k-a,3466,449,2.769,0.9711,,,0,n,bureaucratic|bureaucratically|bureaucratization|bureaucratize|bureaucratized|bureaucratizes|bureaucratizing|bureaucrats,an official of a bureaucracy,
linear,4k-a,3403,450,2.754,0.9854,C1,,0,adj,linearities|linearity|linearly|nonlinear,designating or involving an equation whose terms are of the first degree,
deteriorate,4k-a,3303,451,2.739,0.9906,C1,,0,v,deteriorated|deteriorates|deteriorating|deterioration|deteriorations,become worse or disintegrate,His mind deteriorated
compile,4k-a,3125,452,2.739,0.9905,C1,,1,v,compilation|compilations|compiled|compiler|compilers|compiles|compiling,get or gather together,I am accumulating evidence for the man's unfaithfulness to his wife
autonomy,4k-a,3306,453,2.739,0.9829,C1,,0,n,autonomies,immunity from arbitrary exercise of authority: political independence,
fascinate,4k-a,3026,454,2.723,0.9928,B1,,0,adj,fascinated|fascinates|fascinating|fascination|fascinations,cause to be interested or curious,
stimulus,4k-a,3110,455,2.723,0.9925,C1,,0,n,stimuli,any stimulating information or event; acts to arouse action,
telecom,4k-a,3095,456,2.723,0.9712,,,0,n,telecommunication|telecommunications|telecoms,(often plural) systems used in transmitting messages over a distance electronically,
counterpart,4k-a,3408,457,2.707,0.9976,C1,,0,n,counterparts,a person or thing having the same function or characteristics as another,
literacy,4k-a,3307,458,2.707,0.9954,C1,,0,n,illiteracy|illiterate|illiterately|illiterates|literacies|literate|literately,the ability to read and write,
terrify,4k-a,3348,459,2.707,0.9926,B2,,0,v,terrified|terrifies|terrifying|terrifyingly,fill with terror; frighten greatly,
astonish,4k-a,3140,460,2.672,0.9923,B2,,0,adj,astonished|astonishes|astonishing|astonishingly|astonishment|astonishments,affect with wonder,Your ability to speak six languages amazes me!
consolidate,4k-a,3315,461,2.672,0.9832,C1,,0,v,consolidated|consolidates|consolidating|consolidation|unconsolidated,unite into one,The companies consolidated
subsidiary,4k-a,3090,462,2.672,0.9793,,,0,n,subsidiaries|subsidiarity,an assistant subject to the authority or control of another,
empirical,4k-a,3391,463,2.672,0.9517,C1,,1,adj,empirically,derived from experiment and observation rather than theory,an empirical basis for an ethical theory
refine,4k-a,3194,464,2.654,0.9949,,,1,v,refined|refinement|refinements|refiner|refineries|refiners|refinery|refines|refining|unrefined,improve or perfect by pruning or polishing,refine one's style of writing
sociology,4k-a,3015,465,2.654,0.9917,,,0,n,sociological|sociologically|sociologies|sociologist|sociologists,the study and classification of human societies,
mutter,4k-a,3175,466,2.654,0.9786,,,0,v,muttered|mutterer|mutterers|muttering|mutterings|mutters,talk indistinctly; usually in a low voice,
constituency,4k-a,3058,467,2.654,0.9454,C1,,0,n,constituencies,the body of voters who elect a representative for their area,
indirect,4k-a,3049,468,2.634,0.9947,B1,,0,adj,directness|indirectness|indirectly,having intervening factors or persons or influences,reflection from the ceiling provided a soft indirect light
distort,4k-a,3131,469,2.614,0.9902,C1,,1,v,distorted|distorting|distortion|distortions|distorts|undistorted,make false by mutilation or addition; as of a message or story,
opt,4k-a,3162,470,2.614,0.9773,C1,,0,v,opted|opting|opts,select as an alternative over another,I always choose the fish over the meat courses in this restaurant
deter,4k-a,3269,471,2.614,0.9360,,,0,v,determent|determents|deterred|deterrence|deterrences|deterrent|deterrents|deterring|deters|undeterred,try to prevent; show opposition to,We should discourage this practice among our youth
incline,4k-a,3121,472,2.593,0.9948,C1,,1,adj,inclination|inclinations|inclined|inclines|inclining,an elevated geological formation,he climbed the steep slope
dividend,4k-a,3087,473,2.593,0.9861,,,0,n,divi|dividends,that part of the earnings of a corporation that is distributed to its shareholders; usually paid quarterly,
repress,4k-a,3482,474,2.593,0.9821,,,0,v,repressed|represses|repressing|repression|repressions|repressive|repressively|repressiveness|repressor|repressors,put down by force or intimidation,The government quashes any attempt of an uprising
linguistic,4k-a,3014,475,2.571,0.9903,,,0,adj,linguistically|linguistics,consisting of or related to language,linguistic behavior
congregate,4k-a,3400,476,2.571,0.9806,C1,,0,n,congregated|congregates|congregating|congregation|congregational|congregationalism|congregationalist|congregationalists|congregations,"come together, usually for a purpose",The crowds congregated in front of the Vatican on Christmas Eve
incidence,4k-a,3339,477,2.571,0.9690,C1,,1,n,incidences,the relative frequency of occurrence of something,
inhibit,4k-a,3028,478,2.547,0.9975,C1,,1,v,inhibited|inhibiting|inhibition|inhibitions|inhibitor|inhibitors|inhibitory|inhibits|uninhibited|uninhibitedly,"prohibit, forbid, or prevent from doing something",Contact between the young was inhibited by strict social customs
differentiate,4k-a,3109,479,2.547,0.9928,C1,,1,v,differentiated|differentiates|differentiating|differentiation|undifferentiated,mark as different,We distinguish several kinds of maple
enclose,4k-a,3036,480,2.547,0.9897,,,0,v,enclosed|encloses|enclosing|enclosure|enclosures|unenclosed,enclose or enfold completely with or as if with a covering,Fog enveloped the house
synthesis,4k-a,3298,481,2.496,0.9978,C1,,0,n,synth|syntheses|synthesise|synthesised|synthesiser|synthesisers|synthesises|synthesising|synthesize|synthesized|synthesizer|synthesizers|synthesizes|synthesizing|synths,the process of producing a chemical compound (usually by the union of simpler chemical compounds),
originate,4k-a,3316,482,2.496,0.9976,C1,,0,v,originated|originates|originating|originator|originators|origination,come into existence; take on form or shape,A new religious movement originated in that country
implicit,4k-a,3404,483,2.496,0.9828,,,1,adj,implicitly|implicitness,implied though not directly expressed; inherent in the nature of something,an implicit agreement not to raise the subject
applicable,4k-a,3405,484,2.468,0.9977,C1,,0,adj,applicability|inapplicable,capable of being applied; having relevance,gave applicable examples to support her argument
mediate,4k-a,3412,485,2.468,0.9951,,,1,v,intermediation|mediated|mediates|mediating|mediation|mediations|mediator|mediators|unmediated,act between parties with a view to reconciling differences,He interceded in the family dispute
unify,4k-a,3138,486,2.468,0.9894,C1,,1,v,reunification|reunifications|reunified|reunifies|reunify|reunifying|unification|unified|unifies|unifying,become one,Germany unified officially in 1990
omit,4k-a,3432,487,2.468,0.9889,,,0,v,omits|omitted|omitting,prevent from being included or considered or accepted,The bad results were excluded from the report
parameter,4k-a,3372,488,2.438,0.9809,C1,,1,n,parameters,a constant in the equation of a curve that can be varied to yield a family of similar curves,
exclusion,4k-a,3401,489,2.406,1.0000,C1,,0,n,exclusionary|exclusionist|exclusions,the state of being excluded,
oppress,4k-a,3371,490,2.371,0.9770,,,0,v,oppressed|oppresses|oppressing|oppression|oppressions|oppressive|oppressively|oppressiveness|oppressor|oppressors,come down on or keep down by unjust use of one's authority,The government oppresses political activists
appraise,4k-a,3312,491,2.333,0.9907,,,0,v,appraisal|appraisals|appraised|appraiser|appraisers|appraises|appraising|appraisingly|reappraisal|reappraisals|reappraise|reappraised|reappraises|reappraising,"evaluate or estimate the nature, quality, ability, extent, or significance of",I will have the family jewels appraised by a professional
configure,4k-a,3462,492,2.292,0.9976,C1,,0,n,configurable|configuration|configurations|configured|configures|configuring,set up for a particular purpose,configure my new computer
minimise,4k-a,3493,493,2.246,0.9898,C1,,1,v,minimisation|minimised|minimises|minimising|minimization|minimize|minimized|minimizes|minimizing,represent as less significant or important,
privatise,4k-a,3027,494,2.246,0.9601,C1,,0,n,privatisation|privatisations|privatised|privatises|privatising|privatization|privatizations|privatize|privatized|privatizes|privatizing,change from governmental to private control or ownership,The oil industry was privatized
ideological,4k-a,3263,495,2.195,0.9951,C1,,0,adj,ideologically,of or pertaining to or characteristic of an orientation that characterizes the thinking of a group or nation,
predominant,4k-a,3295,496,2.195,0.9883,C1,,1,adv,predominance|predominances|predominantly,most frequent or common,prevailing winds
sceptic,4k-a,3318,497,2.137,0.9315,C1,,0,adj,skeptic|sceptical|sceptically|scepticism|scepticisms|sceptics|skeptical|skeptically|skepticism|skepticisms|skeptics,someone who habitually doubts accepted beliefs,
kilogram,4k-a,3271,498,1.894,1.0000,,,0,n,kg|kgs|kilogramme|kilogrammes|kilograms,one thousand grams; the basic unit of mass adopted under the Systeme International d'Unites,a kilogram is approximately 2.2 pounds
despatch,4k-a,3469,499,1.894,0.9973,,,0,v,despatched|despatcher|despatchers|despatches|despatching|dispatch|dispatched|dispatcher|dispatchers|dispatches|dispatching,send away towards a designated goal,
recur,4k-a,3214,500,1.769,0.9165,,,0,v,recurred|recurrence|recurrences|recurrent|recurring|recurs,happen or occur again,This is a recurring story
sheriff,4k-b,3861,1,4.785,0.9869,,,0,n,sheriffs,the principal law-enforcement officer in a county,
attorney,4k-b,3799,2,4.606,0.9861,C1,,0,n,attorneys,a professional person authorized to practice law; conducts lawsuits or gives legal advice,
bullet,4k-b,3745,3,4.582,1.0000,B2,,0,n,bullets,a projectile that is fired from a gun,
fake,4k-b,3976,4,4.560,1.0000,B2,,0,adj,faked|fakes|faking|faker|fakers,fraudulent; having a misleading appearance,
genius,4k-b,3878,5,4.541,0.9976,B2,,0,n,geniuses,someone who has exceptional intellectual ability and originality,Mozart was a child genius
jerk,4k-b,3726,6,4.520,1.0000,,,0,n,jerked|jerkily|jerkiness|jerking|jerks|jerky,a dull stupid fatuous person,
senator,4k-b,3959,7,4.520,0.9951,C1,,0,n,senatorial|senators,a member of a senate,
aboard,4k-b,3949,8,4.425,0.9949,,,0,adv,,"on a ship, train, plane or other vehicle",
miracle,4k-b,3505,9,4.425,0.9928,C1,,0,n,miracles,any amazing or wonderful occurrence,
mighty,4k-b,3806,10,4.424,1.0000,,,0,adj,mightier|mightiest|mightily,having or showing great strength or force or intensity,struck a mighty blow
baseball,4k-b,3997,11,4.402,0.9921,A2,,0,n,baseballs,a ball game played with a bat and ball between two teams of nine players; teams take turns at bat trying to score runs,he played baseball in high school
outfit,4k-b,3843,12,4.399,0.9848,B2,,0,n,outfits|outfitted|outfitter|outfitters|outfitting,any cohesive unit such as a military company,
beast,4k-b,3547,13,4.390,0.9932,C1,,0,n,beastie|beasties|beastly|beastliness|beasts,a living organism characterized by voluntary movement,
bride,4k-b,3593,14,4.384,0.9880,B1,,0,n,bridal|brides,a woman who has recently been married,
couch,4k-b,3988,15,4.370,0.9848,,,0,n,couched|couches|couching,an upholstered seat for more than one person,
jungle,4k-b,3902,16,4.353,0.9977,,,0,n,jungles|jungly,a location marked by an intense competition and struggle for survival,
miserable,4k-b,3613,17,4.332,0.9897,B2,,0,adj,miserably,very unhappy; full of misery,he felt depressed and miserable
skip,4k-b,3887,18,4.324,0.9977,C1,,0,v,skipped|skipping|skips,bypass,He skipped a row in the text and so the sentence was incomprehensible
basement,4k-b,3975,19,4.323,0.9972,B2,,0,n,basements,the lowermost portion of a structure partly or wholly below ground level; often used for storage,
spy,4k-b,3647,20,4.302,1.0000,C1,,0,n|v,counterspies|counterspy|spied|spies|spying,(military) a secret agent hired by a state to obtain information about its enemies or by a business to obtain industrial secrets from competitors,
fever,4k-b,3576,21,4.300,0.9926,B2,,0,n,fevered|feverish|feverishly|fevers,a rise in the temperature of the body; frequently a symptom of infection,
cabin,4k-b,3715,22,4.293,0.9976,B2,,0,n,cabins,small room on a ship or boat where people sleep,
supper,4k-b,3567,23,4.287,1.0000,,,0,n,suppers,a light evening meal; served in early evening if dinner is at midday or served late in the evening at bedtime,
spit,4k-b,3659,24,4.287,0.9975,,,0,v,spat|spits|spitter|spitters|spitting,expel or eject (saliva or phlegm or sputum) from the mouth,The father of the victim spat at the alleged murderer
hug,4k-b,3879,25,4.286,0.9945,,,0,n,hugged|hugger|huggers|hugging|hugs,a tight or amorous embrace,come here and give me a big hug
hop,4k-b,3773,26,4.282,1.0000,,,0,v,hopped|hopping|hops,jump lightly,
laundry,4k-b,3936,27,4.280,0.9975,,,0,n,launder|laundered|launderer|launderers|launderette|launderettes|laundering|launders|laundrette|laundrettes|laundries|laundress|laundresses,garments or white goods that can be cleaned by laundering,
tiger,4k-b,3677,28,4.268,0.9975,,,0,n,tigers|tigress|tigresses,a fierce or audacious person,he's a tiger on the tennis court
curse,4k-b,3703,29,4.260,0.9931,,,0,n,cursed|curses|cursing,profane or obscene expression usually of surprise or anger,expletives were deleted
noon,4k-b,3986,30,4.258,1.0000,C1,,0,n,forenoon|forenoons|noons,the middle of the day,
wagon,4k-b,3853,31,4.249,0.9975,,,0,n,waggon|waggoner|waggoners|waggons|wagons,any of various kinds of wheeled vehicles drawn by an animal or a tractor,
trauma,4k-b,3862,32,4.231,0.9976,C1,,0,n,traumas|traumatic|traumatically,any physical damage to the body caused by violence or accident or fracture etc.; the condition of an injury,
alley,4k-b,3864,33,4.212,0.9905,,,0,n,alleys|alleyway|alleyways,a narrow street with walls on both sides,
buzz,4k-b,3824,34,4.203,0.9975,,,0,,buzzed|buzzer|buzzers|buzzes|buzzing|buzzy,sound of rapid vibration,the buzz of a bumble bee
torture,4k-b,3520,35,4.202,0.9974,C1,,0,n|v,tortured|torturer|torturers|tortures|torturing,extreme mental distress,
helicopter,4k-b,3511,36,4.199,1.0000,B1,,0,n,helicoptered|helicoptering|helicopters,an aircraft without wings that obtains its lift from the rotation of overhead blades,
pearl,4k-b,3801,37,4.195,0.9949,,,0,name,pearlier|pearliest|pearls|pearly,a smooth lustrous round structure inside the shell of a clam or oyster; much valued as a jewel,
belly,4k-b,3870,38,4.192,1.0000,,,0,n,bellied|bellies|bellying|bellyful,the region of the body of a vertebrate between the thorax and the pelvis,
exit,4k-b,3515,39,4.192,0.9955,B2,,0,n|v,exited|exiting|exits,an opening that permits escape or release,he blocked the way out
romance,4k-b,3873,40,4.191,0.9954,B2,,0,n,romances,a relationship between two lovers,
patrol,4k-b,3514,41,4.191,0.9928,C1,,0,n|v,patrolled|patrolling|patrols,a detachment used for security or reconnaissance,
fort,4k-b,3778,42,4.188,0.9921,,,0,name,forts,a fortified military post where troops are stationed,
patience,4k-b,3834,43,4.187,0.9974,B2,,0,n,,good-natured tolerance of delay or incompetence,
hood,4k-b,3662,44,4.187,0.9950,,,0,n,hooded|hooding|hoods,an aggressive and violent young criminal,
meantime,4k-b,3661,45,4.178,0.9859,C1,,0,n,,"the time between one event, process, or period and another",meanwhile the socialists are running the government
testimony,4k-b,3984,46,4.169,0.9957,C1,,0,n,testimonies,a solemn statement made under oath,
escort,4k-b,3601,47,4.167,0.9976,,,0,v,escorted|escorting|escorts|unescorted,accompany as an escort,She asked her older brother to escort her to the ball
skull,4k-b,3747,48,4.167,0.9949,B2,,0,n,skulls,the bony skeleton of the head of vertebrates,
hostage,4k-b,3832,49,4.163,0.9952,C1,,0,n,hostages,a prisoner who is held by one party to insure that another party will meet specified terms,
rifle,4k-b,3839,50,4.163,0.9882,C1,,0,n,rifled|rifleman|riflemen|rifles|rifling,a shoulder firearm with a long barrel and a rifled bore,he lifted the rifle to his shoulder and fired
foul,4k-b,3652,51,4.160,0.9931,,,0,adj,fouled|fouler|foulest|fouling|foulled|foulling|foully|foulness|fouls,highly offensive; arousing aversion or disgust,a disgusting smell
corn,4k-b,3744,52,4.153,0.9949,,,0,n,,tall annual cereal grass bearing kernels on large ears: widely cultivated in America in many varieties; the principal cereal in Mexico and Central and South America since pre-Columbian times,
costume,4k-b,3845,53,4.150,0.9903,B1,,0,n,costumes,the attire worn in a play or at a fancy dress ball,he won the prize for best costume
sacred,4k-b,3735,54,4.147,0.9930,C1,,0,adj,sacredly|sacredness,concerned with religion or religious purposes,sacred texts
conscience,4k-b,3616,55,4.143,0.9954,C1,,0,n,consciences,motivation deriving logically from ethical or moral principles that govern a person's thoughts and actions,
tag,4k-b,3748,56,4.142,0.9973,B2,,0,n|v,tagged|tagging|tags|untagged,"a label written or printed on paper, cardboard, or plastic that is attached to something to indicate its owner, nature, price, etc.",
transcript,4k-b,3532,57,4.141,0.9974,C1,,0,n,transcription|transcriptional|transcriptions|transcripts,something that has been transcribed; a written record (usually typewritten) of dictated or recorded speech,he read a transcript of the interrogation
ambassador,4k-b,3615,58,4.131,0.9897,C1,,0,n,ambassadorial|ambassadors|ambassadorship|ambassadorships,a diplomat of the highest rank; accredited as representative from one country to another,
thunder,4k-b,3765,59,4.124,1.0000,,,0,n,thundered|thundering|thunderous|thunderously|thunders|thundery,a deep prolonged loud noise,
hut,4k-b,3501,60,4.121,1.0000,,,0,n,huts,temporary military shelter,
waiter,4k-b,3722,61,4.120,0.9929,A1,,0,n,waiters|waitress|waitresses,a person whose occupation is to serve at table (as in a restaurant),
rap,4k-b,3971,62,4.115,0.9905,,,0,n,rapped|rapper|rappers|rapping|raps,a reproach for some lapse or misdeed,he took the blame for it
parade,4k-b,3531,63,4.110,1.0000,B2,,0,n,paraded|parades|parading,a ceremonial procession including people marching,
scout,4k-b,3970,64,4.110,0.9974,,,0,n,scouted|scouting|scouts,a person employed to keep watch for some anticipated event,
hatch,4k-b,3730,65,4.108,0.9902,,,0,n,hatched|hatcheries|hatchery|hatches|hatching,the production of young from an egg,
beard,4k-b,3644,66,4.101,0.9977,,,0,n,bearded|beardless|beards,the hair growing on the lower part of a man's face,
con,4k-b,3685,67,4.101,0.9754,,,0,n,conman|conmen|conned|conning|cons,an argument opposed to a proposal,
soccer,4k-b,3691,68,4.099,0.9948,A2,,0,n,soccers,a football game in which two teams of 11 players try to kick or head a ball into the opponents' goal,
insult,4k-b,3554,69,4.098,0.9975,C1,,0,n|v,insulted|insulting|insults,a rude expression intended to offend or hurt,when a student made a stupid mistake he spared them no abuse
slap,4k-b,3727,70,4.096,0.9975,C1,,0,v,slapped|slapping|slaps,"hit with something flat, like a paddle or the open hand",The impatient teacher slapped the student
fond,4k-b,3577,71,4.091,0.9908,B2,,0,adj,fonder|fondest|fondly|fondness,having or displaying warmth or affection,affectionate children
spike,4k-b,3914,72,4.088,0.9932,,,0,v,spiked|spikes|spikey|spikier|spikiest|spikiness|spiking|spiky,stand in the way of,
tragic,4k-b,3625,73,4.088,0.9923,B2,,0,adj,tragically,very sad; especially involving grief or death or destruction,a tragic face
signature,4k-b,3526,74,4.086,1.0000,B2,,0,n,signatures,your name written in your own handwriting,
robot,4k-b,3939,75,4.086,0.9954,B1,,0,n,robotic|robotics|robotise|robotised|robotises|robotising|robotize|robotized|robotizes|robotizing|robots,a mechanism that can move automatically,
hollow,4k-b,3648,76,4.086,0.9896,B2,,0,adj,hollowed|hollower|hollowest|hollowing|hollowly|hollowness|hollows,not solid; having a space or gap or cavity,a hollow wall
lemon,4k-b,3649,77,4.080,0.9975,A2,,0,n,lemons|lemony,yellow oval fruit with juicy acidic flesh,
jazz,4k-b,3721,78,4.076,0.9975,A2,,0,n,jazzed|jazzes|jazzier|jazziest|jazzy,empty rhetoric or insincere or exaggerated talk,that's a lot of wind
chef,4k-b,3973,79,4.075,0.9921,A2,,0,n,chefs,a professional cook,
rocket,4k-b,3898,80,4.074,1.0000,B2,,0,n,rocketed|rocketing|rockets,any vehicle self-propelled by a rocket engine,
pill,4k-b,3789,81,4.073,0.9977,B2,,0,n,pills,something that resembles a tablet of medicine in shape or size,
pillow,4k-b,3904,82,4.057,0.9933,,,0,n,pillows,a cushion to support the head of a sleeping person,
alike,4k-b,3585,83,4.055,0.9976,C1,,0,adv|adj,alikes,equally,parents and teachers alike demanded reforms
shrink,4k-b,3542,84,4.054,0.9974,C1,,0,v,shrank|shrinkable|shrinkage|shrinkages|shrinking|shrinks|shrunk|shrunken,"wither, as with a loss of moisture",The fruit dried and shriveled
lick,4k-b,3894,85,4.040,0.9951,,,0,v,licked|licker|lickers|licking|licks,beat thoroughly and conclusively in a competition or fight,We licked the other team on Sunday!
corps,4k-b,3792,86,4.037,0.9524,,,0,n,,an army unit usually consisting of two or more divisions and their support,
grief,4k-b,3631,87,4.035,0.9974,C1,,0,n,griefs,intense sorrow caused by loss of a loved one (especially by death),
dignity,4k-b,3746,88,4.034,0.9951,C1,,0,n,dignities,the quality of being worthy of esteem or respect,it was beneath his dignity to cheat
campus,4k-b,3982,89,4.030,0.9950,B1,,0,n,campuses,a field on which the buildings of a university are situated,
barrel,4k-b,3565,90,4.027,0.9932,C1,,0,n,barrels,a tube through which a bullet travels when a gun is fired,
goat,4k-b,3774,91,4.023,0.9955,,,0,n,goats,any of numerous agile ruminants related to sheep but having a beard and straight horns,
rug,4k-b,3610,92,4.018,0.9952,,,0,n,rugs,floor covering consisting of a piece of thick heavy fabric (usually with nap or pile),
conspiracy,4k-b,3852,93,4.014,0.9953,B2,,0,n,conspiracies,a secret agreement between two or more people to perform an unlawful act,
wrist,4k-b,3617,94,4.014,0.9952,B2,,0,n,wrists,a joint between the distal end of the radius and the proximal row of carpal bones,
ballet,4k-b,3533,95,4.011,0.9895,B2,,0,n,ballets,a theatrical representation of a story that is performed to music by trained dancers,
warrior,4k-b,3854,96,4.005,0.9950,C1,,0,n,warriors,someone engaged in or experienced in warfare,
glove,4k-b,3534,97,4.004,0.9923,B1,,0,n,gloved|gloves,the handwear used by fielders in playing baseball,
warehouse,4k-b,3584,98,3.999,0.9932,C1,,0,n,warehoused|warehouses|warehousing,a storehouse for goods and merchandise,
scholarship,4k-b,3875,99,3.998,0.9976,B2,,0,n,scholarships,financial aid provided to a student on the basis of academic merit,
pencil,4k-b,3504,100,3.994,0.9924,A1,,0,n,pencilled|pencilling|pencils,a thin cylindrical pointed writing implement; a rod of marking substance encased in wood,
humble,4k-b,3851,101,3.992,0.9977,C1,,0,adj,humbled|humbleness|humbler|humbles|humblest|humbling|humbly,low or inferior in station or quality,a humble cottage
roast,4k-b,3963,102,3.991,1.0000,,,0,adj,roasted|roaster|roasting|roasts,(meat) cooked by dry heat in an oven,
absurd,4k-b,3636,103,3.987,0.9952,C1,,0,adj,absurder|absurdest|absurdities|absurdity|absurdly|absurdness,inconsistent with reason or logic or common sense,the absurd predicament of seeming to argue that virtue is highly desirable but intensely unpleasant
envy,4k-b,3811,104,3.980,0.9926,,,0,v,enviable|enviably|envied|envies|envying|unenviable,feel envious towards; admire enviously,
lesbian,4k-b,3813,105,3.978,0.9974,C1,,0,adj,lesbianism|lesbians,of or relating to or characterized by homosexual relations between woman,
helmet,4k-b,3929,106,3.977,1.0000,B2,,0,n,helmeted|helmets|helmetted,armor plate that protects the head,
fog,4k-b,3859,107,3.976,0.9895,,,0,n,fogged|foggier|foggiest|fogginess|fogging|foggy|fogs,droplets of water vapor suspended in the air near the ground,
ladder,4k-b,3512,108,3.967,0.9926,B2,,0,n,ladders,steps consisting of two parallel members connected by rungs; for climbing up or down,
wax,4k-b,3831,109,3.956,0.9974,,,0,n,unwaxed|waxed|waxen|waxes|waxier|waxiest|waxiness|waxing|waxy,any of various substances of either mineral origin or plant or animal origin; they are solid at normal temperatures and insoluble in water,
cargo,4k-b,3922,110,3.955,0.9946,C1,,0,n,cargoes,goods carried by a large vehicle,
gamble,4k-b,3738,111,3.952,0.9948,C1,,0,n,gambled|gambler|gamblers|gambles|gambling,money that is risked for possible monetary gain,
dial,4k-b,3934,112,3.948,0.9976,,,0,v,dialed|dialing|dialled|dialling|dials,operate a dial to select a telephone number,You must take the receiver off the hook before you dial
fork,4k-b,3742,113,3.946,0.9949,A2,,0,n,forked|forking|forks,"a utensil with two or more prongs, used for serving or eating food",
stab,4k-b,3582,114,3.943,1.0000,C1,,0,v,stabbed|stabbing|stabbings|stabs,use a knife on,The victim was knifed to death
hurricane,4k-b,3993,115,3.943,0.9921,B1,,0,n,hurricanes,a severe tropical cyclone usually with heavy rains and winds moving at 63-136 knots (12 on the Beaufort scale),
deer,4k-b,3951,116,3.940,0.9901,,,0,n,deers,distinguished from Bovidae by the male's having solid deciduous antlers,
cemetery,4k-b,3956,117,3.939,0.9924,C1,,0,n,cemeteries,a tract of land used for burials,
balloon,4k-b,3827,118,3.938,0.9977,B2,,0,n,ballooned|ballooner|ballooners|ballooning|balloons|balloonist|balloonists,large tough nonrigid bag filled with gas or heated air,
fame,4k-b,3594,119,3.937,0.9974,B2,,0,n,famed,the state or quality of being widely honored and acclaimed,
stuffed,4k-b,3728,120,3.937,0.9948,,,0,v,stuffing|stuffs|overstuffed,filled with something,a stuffed turkey
laser,4k-b,3680,121,3.929,0.9905,C1,,0,n,lase|lased|lasers|lases|lasing,an acronym for light amplification by stimulated emission of radiation; an optical device that produces an intense monochromatic beam of coherent light,
scar,4k-b,3844,122,3.928,0.9952,,,0,n,scarred|scarring|scars,a mark left (usually on the skin) by the healing of injured tissue,
anonymous,4k-b,3775,123,3.925,0.9976,C1,,0,adj,anonymously,having no known name or identity or known source,anonymous authors
jar,4k-b,3906,124,3.920,0.9947,,,0,n,jarful|jarfuls|jars,"a cylindrical vessel, typically used for storing food",
plague,4k-b,3947,125,3.920,0.9947,,,0,n,plagued|plagues|plaguing,a serious (sometimes fatal) infection of rodents caused by Yersinia pestis and accidentally transmitted to humans by the bite of a flea that has bitten an infected animal,
illusion,4k-b,3768,126,3.917,1.0000,B2,,0,n,illusionary|illusionist|illusionists|illusions,an erroneous mental representation,Artists use perspective in art to create an illusion of depth.
courtesy,4k-b,3860,127,3.910,0.9920,C1,,0,n,courtesies|discourtesies|discourtesy,a courteous or respectful or considerate act,
ankle,4k-b,3541,128,3.905,0.9950,A2,,0,n,ankles,a gliding joint between the distal ends of the tibia and fibula and the proximal end of the talus,
forehead,4k-b,3782,129,3.895,1.0000,,,0,n,foreheads,the part of the face above the eyes,
disguise,4k-b,3587,130,3.893,0.9977,,,0,n,disguised|disguises|disguising|undisguised,an outward semblance that misrepresents the true nature of something,the theatrical notion of disguise is always associated with catastrophe in his stories
rack,4k-b,3639,131,3.892,0.9978,,,0,n,racked|racking|rackings|racks,rib section of a forequarter of veal or pork or especially lamb or mutton,
gossip,4k-b,3779,132,3.892,0.9951,,,0,n,gossiped|gossiper|gossipers|gossiping|gossips|gossipy,light informal conversation for social occasions,
embassy,4k-b,3557,133,3.892,0.9845,C1,,0,n,embassies,a diplomatic building where ambassadors live or work,
shaft,4k-b,3700,134,3.887,0.9973,,,0,n,shafted|shafting|shafts,a line that forms the length of an arrow pointer,
spoon,4k-b,3743,135,3.882,0.9976,A2,,0,n,spooned|spoonful|spoonfuls|spooning|spoons|spoonsful,a piece of cutlery with a shallow bowl-shaped container and a handle; used to stir or serve or take up food,
prostitute,4k-b,3846,136,3.878,1.0000,,,0,n,prostituted|prostitutes|prostituting|prostitution,a woman who engages in sexual intercourse for money,
ego,4k-b,3552,137,3.875,0.9948,C1,,0,n,egoism|egoist|egoistic|egoists|egos|egotist|egotistic|egotistical|egotistically,an inflated feeling of pride in your superiority to others,
protocol,4k-b,3646,138,3.875,0.9931,C1,,1,n,protocols,(computer science) rules determining the format and transmission of data,
ink,4k-b,3909,139,3.875,0.9874,B2,,0,n,inked|inkier|inkiest|inkiness|inking|inks|inky,a liquid used for printing or writing or drawing,
ranger,4k-b,3592,140,3.872,1.0000,,,0,n,rangers,an official who is responsible for managing and protecting an area of forest,
anchor,4k-b,3771,141,3.870,0.9908,C1,,0,n,anchorage|anchorages|anchored|anchoring|anchors|unanchored,a mechanical device that prevents a vessel from moving,
prescription,4k-b,3907,142,3.868,0.9925,C1,,0,n,prescriptions,directions prescribed beforehand; the action of prescribing authoritative rules or directions,I tried to follow her prescription for success
olive,4k-b,3777,143,3.867,1.0000,,,0,adj,olives,of a yellow-green color similar to that of an unripe olive,
bizarre,4k-b,3889,144,3.864,0.9904,C1,,0,adj,bizarrely|bizarreness,conspicuously or grossly unconventional or unusual,"restaurants of bizarre design — one like a hat, another like a rabbit"
celebrity,4k-b,3994,145,3.864,0.9892,A2,,0,n,celebrities,a widely known person,he was a baseball celebrity
tick,4k-b,3641,146,3.861,0.9976,,,0,n,ticked|ticker|tickers|ticking|ticks,a metallic tapping sound,he counted the ticks of the clock
bully,4k-b,3935,147,3.859,0.9948,,,0,n,bullied|bullies|bullying,a cruel and brutal fellow,
integrity,4k-b,3590,148,3.858,0.9950,C1,,1,n,,an undivided or unbroken completeness or totality with nothing wanting,the integrity of the nervous system is required for normal development
calendar,4k-b,3725,149,3.853,1.0000,,,0,n,calendars|calender|calenders,a system of timekeeping that defines the beginning and length and divisions of the year,
herd,4k-b,3772,150,3.849,0.9902,,,0,n,herded|herder|herders|herding|herds,a group of cattle or sheep or other domestic mammals all of the same kind that are herded by humans,
sting,4k-b,3719,151,3.847,0.9954,,,0,n,stinger|stingers|stinging|stings|stung,a kind of pain; something as sudden and painful as being stung,the sting of death
cord,4k-b,3808,152,3.847,0.9900,,,0,n,corded|cording|cordless|cords,a line made of twisted fibers or threads,the bundle was tied with a cord
fax,4k-b,3513,153,3.846,0.9951,,,0,n,faxed|faxes|faxing,duplicator that transmits the copy by wire or radio,
tolerate,4k-b,3736,154,3.842,0.9977,C1,,0,v,tolerated|tolerates|tolerating|toleration,put up with something or somebody unpleasant,I cannot bear his constant criticism
grease,4k-b,3915,155,3.842,0.9899,,,0,n,greased|greaseless|greases|greasier|greasiest|greasily|greasiness|greasing|greasy,a thick fatty oil (especially one used to lubricate machinery),
plea,4k-b,3561,156,3.836,0.9881,C1,,0,n,pleas,a humble request for help from someone in authority,
galaxy,4k-b,3931,157,3.823,0.9949,,,0,n,galaxies,a splendid assemblage (especially of famous people),
melody,4k-b,3817,158,3.821,0.9947,C1,,0,n,melodic|melodically|melodies|melodious|melodiously,a succession of notes forming a distinctive sequence,she was humming an air from Beethoven
bicycle,4k-b,3820,159,3.821,0.9919,A1,,0,n,bicycled|bicycles|bicycling|bicyclist|bicyclists,a wheeled vehicle that has two wheels and is moved by foot pedals,
salmon,4k-b,3612,160,3.817,0.9974,,,0,n,,any of various large food and game fishes of northern waters; usually migrate from salt to fresh water to spawn,
kidnap,4k-b,3812,161,3.813,0.9950,C1,,0,v,kidnaped|kidnaper|kidnapers|kidnaping|kidnapped|kidnapper|kidnappers|kidnapping|kidnappings|kidnaps,take away to an undisclosed location against their will and usually in order to extract a ransom,The industrialist's son was kidnapped
choke,4k-b,3881,162,3.812,0.9945,,,0,v,choked|choker|chokers|chokes|choking,"breathe with great difficulty, as when experiencing a strong emotion",She choked with emotion when she spoke about her deceased husband
ram,4k-b,3608,163,3.809,0.9924,,,0,n,rammed|ramming|rams,a tool for driving or forcing something by impact,
click,4k-b,3683,164,3.808,0.9928,B1,,0,v|n,clicked|clicker|clickers|clicking|clicks,move or strike with a noise,he clicked on the light
stern,4k-b,3872,165,3.808,0.9852,,,0,n,sterner|sternest|sternly|sternness,the rear part of a ship,
intact,4k-b,3784,166,3.804,0.9906,C1,,0,adj,intactness,constituting the undiminished entirety; lacking nothing essential especially not damaged,a local motion keepeth bodies integral
syndrome,4k-b,3723,167,3.798,0.9947,C1,,0,n,syndromes,a complex of concurrent things,every word has a syndrome of meanings
scenario,4k-b,3946,168,3.797,0.9895,B2,,1,n,scenarios,"an outline or synopsis of a play (or, by extension, of a literary work)",
straw,4k-b,3502,169,3.796,0.9976,,,0,n,straws,plant fiber used e.g. for making baskets and hats or as fodder,
physician,4k-b,3968,170,3.789,0.9974,C1,,0,n,physicians,a licensed medical practitioner,I felt so bad I went to see my doctor
pinch,4k-b,3856,171,3.787,0.9951,,,0,n,pinched|pinches|pinching,a painful or straitened circumstance,the pinch of the recession
stadium,4k-b,3882,172,3.787,0.9950,B1,,0,n,stadia|stadiums,a large structure for open-air sports or entertainments,
antique,4k-b,3664,173,3.783,0.9977,,,0,adj,antiques,made in or typical of earlier times and valued for its age,the beautiful antique French furniture
garlic,4k-b,3979,174,3.779,0.9975,,,0,n,garlics|garlicky,bulbous herb of southern Europe widely naturalized; bulb breaks up into separate strong-flavored cloves,
exotic,4k-b,3802,175,3.779,0.9973,B2,,0,adj,exotically|exoticism|exotics,being or from or characteristic of another place or part of the world,alien customs
assassin,4k-b,3656,176,3.773,0.9975,C1,,0,n,assassinate|assassinated|assassinates|assassinating|assassination|assassinations|assassins,a murderer (especially one who kills a prominent political figure) who kills by a surprise attack and often is hired to do the deed,his assassins were hunted down like animals
rib,4k-b,3655,177,3.772,0.9977,,,0,n,midrib|midribs|ribbed|ribbing|ribs,support resembling the rib of an animal,
destination,4k-b,3583,178,3.770,1.0000,B1,,0,n,destinations,the place designated as the end (as of a race or journey),a crowd assembled at the finish
glue,4k-b,3814,179,3.770,0.9946,,,0,n,glued|glues|gluey|gluing,cement consisting of a sticky substance that is used as an adhesive,
deadline,4k-b,3865,180,3.769,0.9945,B2,,0,n,deadlines,the point in time at which something must be completed,
poke,4k-b,3913,181,3.768,0.9977,,,0,v,poked|poker|pokers|pokes|poking,poke or thrust abruptly,he jabbed his finger into her ribs
documentary,4k-b,3925,182,3.768,0.9952,B1,,0,n,documentaries,a film or TV program presenting the facts about a person or event,
streak,4k-b,3948,183,3.763,0.9973,,,0,n,streaked|streakier|streakiest|streaking|streaks|streaky,an unbroken series of events,had a streak of bad luck
dam,4k-b,3961,184,3.760,0.9673,C1,,0,n,dammed|damming|dams,a barrier constructed to contain the flow of water or to keep out the sea,
automobile,4k-b,3981,185,3.757,0.9895,C1,,0,n,auto|automobiles|autos,a motor vehicle with four wheels; usually propelled by an internal combustion engine,he needs a car to get to work
expedition,4k-b,3563,186,3.754,0.9978,B1,,0,n,expeditionary|expeditions,a military campaign designed to achieve a specific objective in a foreign country,
orbit,4k-b,3607,187,3.753,0.9976,,,0,n,orbital|orbitally|orbitals|orbited|orbiting|orbits|orbitted|orbitting,the (usually elliptical) path described by one celestial body in its revolution about another,he plotted the orbit of the moon
evacuate,4k-b,3908,188,3.750,0.9928,C1,,0,v,evacuated|evacuates|evacuating|evacuation|evacuations,move out of an unsafe location into safety,"After the earthquake, residents were evacuated"
audio,4k-b,3869,189,3.747,0.9952,B2,,0,adj,,the audible part of a transmitted signal,they always raise the audio for commercials
grid,4k-b,3704,190,3.744,1.0000,C1,,0,n,grids,a pattern of regularly spaced horizontal and vertical lines,
sane,4k-b,3807,191,3.742,0.9928,,,0,adj,insane|insanely|insanities|insanity|sanely|saneness|saner|sanest|sanities|sanity,mentally healthy; free from mental disorder,appears to be completely sane
butterfly,4k-b,3836,192,3.742,0.9927,,,0,n,butterflies,diurnal insect typically having a slender body with knobbed antennae and broad colorful wings,
slot,4k-b,3510,193,3.741,0.9951,C1,,0,n,slots|slotted|slotting,a position in a grammatical linguistic construction in which a variety of alternative units are interchangeable,he developed a version of slot grammar
weep,4k-b,3521,194,3.741,0.9928,,,0,v,weeper|weepers|weeping|weeps|weepy|wept,"shed tears because of sadness, rage, or pain",She cried bitterly when she heard the news of his death
peel,4k-b,3571,195,3.730,0.9947,,,0,v,peeled|peeler|peelers|peeling|peelings|peels,remove the skin from,pare apples
kneel,4k-b,3919,196,3.728,0.9846,,,0,v,kneeled|kneeling|kneels|knelt,rest one's weight on one's knees,In church you have to kneel during parts of the service
choir,4k-b,3766,197,3.726,0.9950,B2,,0,n,choirboy|choirboys|choirs,a chorus that sings as part of a religious ceremony,
spice,4k-b,3903,198,3.725,1.0000,B2,,0,n,spiced|spices|spicier|spiciest|spicily|spiciness|spicing|spicy,aromatic substances of vegetable origin used as a preservative,
impulse,4k-b,3618,199,3.723,0.9953,,,0,n,impulses|impulsive|impulsively|impulsiveness,an instinctive motive,profound religious impulses
arrogant,4k-b,3828,200,3.718,0.9931,,,0,adj,arrogance|arrogantly,having or showing feelings of unwarranted importance out of overbearing pride,an arrogant official
fracture,4k-b,3932,201,3.715,0.9975,,,0,n,fractured|fractures|fracturing,breaking of hard tissue such as bone,it was a nasty fracture
strap,4k-b,3687,202,3.713,0.9975,,,0,n,strapless|strapped|strapping|straps|unstrap|unstrapped|unstrapping|unstraps,an elongated leather strip (or a strip of similar material) for binding things together or holding something in position,
fragile,4k-b,3930,203,3.712,1.0000,C1,,0,adj,fragilities|fragility,easily broken or damaged or destroyed,a kite too delicate to fly safely
waist,4k-b,3516,204,3.712,0.9950,,,0,n,waisted|waists,the narrowing of the body between the ribs and hips,
drip,4k-b,3877,205,3.710,0.9975,,,0,n,dripped|dripping|drips,flowing in drops; the formation and falling of drops of liquid,there's a drip through the roof
juvenile,4k-b,3960,206,3.710,0.9975,,,0,adj,juveniles|juvenilia,of or relating to or characteristic of or appropriate for children or young people,juvenile diabetes
transplant,4k-b,3918,207,3.708,0.9976,,,0,n,transplantation|transplantations|transplanted|transplanting|transplants,(surgery) tissue or organ transplanted from a donor to a recipient; in some cases the patient can be both donor and recipient,
sip,4k-b,3790,208,3.708,0.9873,,,0,n,sipped|sipper|sippers|sipping|sips,a small drink,
blink,4k-b,3816,209,3.705,0.9955,,,0,v,blinked|blinking|blinks|unblinking|unblinkingly,briefly shut the eyes,The TV announcer never seems to blink
cafe,4k-b,3967,210,3.705,0.9933,A1,,0,n,cafes,a small restaurant where drinks and snacks are sold,
flick,4k-b,3729,211,3.703,0.9876,,,0,n,flicked|flicking|flicks,a light sharp contact (usually with something flexible),he gave it a flick with his finger
legacy,4k-b,3798,212,3.702,0.9973,C1,,0,n,legacies,(law) a gift of personal property by will,
herb,4k-b,3525,213,3.698,1.0000,B2,,0,n,herbal|herbalist|herbalists|herbs,a plant lacking a permanent woody stem; many are flowering garden plants or potherbs; some having medicinal properties; some are pests,
toxic,4k-b,3555,214,3.692,0.9976,C1,,0,adj,nontoxic|toxicities|toxicity,of or relating to or caused by a toxin or poison,suffering from exposure to toxic substances
distract,4k-b,3524,215,3.690,0.9975,B2,,0,v,distracted|distractedly|distracter|distracters|distracting|distractingly|distraction|distractions|distractor|distractors|distracts,draw someone's attention away from something,The thief distracted the bystanders
verify,4k-b,3823,216,3.688,0.9904,C1,,0,v,verifiable|verification|verifications|verified|verifier|verifiers|verifies|verifying|unverified|unverifiable,confirm the truth of,Please verify that the doors are closed
sued,4k-b,3987,217,3.688,0.8915,,,0,v,sues|suing,,
greed,4k-b,3891,218,3.683,0.9954,,,0,n,greedier|greediest|greedily|greediness|greeds|greedy,excessive desire to acquire or possess more (especially more material wealth) than one needs or deserves,
convenience,4k-b,3572,219,3.683,0.9924,B2,,0,n,conveniences|inconvenience|inconvenienced|inconveniences|inconveniencing,the state of being suitable or opportune,chairs arranged for his own convenience
dim,4k-b,3684,220,3.679,0.9926,,,0,v,dimly|dimmed|dimmer|dimmest|dimming|dimness|dims,switch (a car's headlights) from a higher to a lower beam,
elementary,4k-b,3991,221,3.677,0.9974,B2,,0,adj,,easy and not involved or complicated,an elementary problem in statistics
realm,4k-b,3734,222,3.670,0.9884,C1,,0,n,realms,a domain in which something is dominant,the untroubled kingdom of reason
lens,4k-b,3793,223,3.670,0.9868,B2,,0,n,lense|lensed|lenses,a transparent optical device used to converge or diverge transmitted light and to form images,
flock,4k-b,3660,224,3.668,0.9953,,,0,n,flocked|flocking|flocks,a church congregation guided by a pastor,
solar,4k-b,3690,225,3.667,0.9976,B2,,0,adj,,relating to or derived from the sun or utilizing the energies of the sun,solar eclipse
flank,4k-b,3550,226,3.667,0.9772,,,0,n,flanked|flanker|flankers|flanking|flanks,the side of military or naval formation,they attacked the enemy's right flank
feminine,4k-b,3795,227,3.661,0.9902,,,0,adj,femininely|femininities|femininity|unfeminine,associated with women and not with men,feminine intuition
authentic,4k-b,3621,228,3.655,1.0000,C1,,0,adj,authentically|authenticate|authenticated|authenticates|authenticating|authentication|authentications|authenticities|authenticity|inauthentic|unauthentic,conforming to fact and therefore worthy of belief,an authentic account by an eyewitness
grill,4k-b,3980,229,3.650,0.9977,,,0,n,grilled|griller|grillers|grilling|grills,a restaurant where food is cooked on a grill,
cult,4k-b,3880,230,3.650,0.9974,C1,,0,n|adj,cultism|cultist|cultists|cults,followers of an exclusive system of beliefs and practices,
triangle,4k-b,3573,231,3.632,0.9948,,,0,n,triangles|triangular,a three-sided polygon,
kin,4k-b,3642,232,3.632,0.9813,,,0,n,kinship|kinships,a person having kinship with another or others,he's kin
canvas,4k-b,3699,233,3.628,0.9924,C1,,0,n,canvases,"a heavy, closely woven fabric",
splash,4k-b,3739,234,3.626,0.9975,,,0,n,splashed|splashes|splashing|splashy,the sound like water splashing,
spontaneous,4k-b,3599,235,3.622,0.9971,,,0,adj,spontaneously,happening or arising without apparent external cause,spontaneous laughter
humiliate,4k-b,3670,236,3.622,0.9895,,,0,v,humiliated|humiliates|humiliating|humiliatingly|humiliation|humiliations,cause to feel shame; hurt the pride of,He humiliated his colleague by criticising him in front of the boss
weary,4k-b,3568,237,3.620,0.9975,,,0,adj,wearied|wearier|wearies|weariest|wearily|weariness|wearisome|wearying,physically and mentally fatigued,‘aweary’ is archaic
chunk,4k-b,3965,238,3.618,0.9929,C1,,0,n,chunkier|chunkiest|chunkiness|chunks|chunky,a compact mass,a ball of mud caught him on the shoulder
stroll,4k-b,3863,239,3.618,0.9925,,,0,n,strolled|stroller|strollers|strolling|strolls,a leisurely walk (usually in some public place),
scrape,4k-b,3826,240,3.616,0.9953,,,0,v,scraped|scraper|scrapers|scrapes|scraping|scrapings,scratch repeatedly,The cat scraped at the armchair
donor,4k-b,3867,241,3.612,0.9873,C1,,0,n,donee|donees|donors,person who makes a gift of property,
bulb,4k-b,3858,242,3.595,0.9878,,,0,n,bulbous|bulbs,a modified bud consisting of a thickened globular underground stem serving as a reproductive structure,
snatch,4k-b,3701,243,3.593,0.9951,,,0,v,snatched|snatcher|snatchers|snatches|snatching,to grasp hastily or eagerly,Before I could stop him the dog snatched the ham bone
bundle,4k-b,3651,244,3.593,0.9893,,,0,n,bundled|bundles|bundling,a collection of things wrapped or boxed together,
postpone,4k-b,3570,245,3.593,0.9882,C1,,0,v,postponed|postponement|postponements|postpones|postponing,hold back to a later time,let's postpone the exam
cartoon,4k-b,3974,246,3.577,0.9974,A2,,0,n,cartoonist|cartoonists|cartoons,a humorous or satirical drawing published in a newspaper or magazine,
agony,4k-b,3551,247,3.575,0.9903,,,0,n,agonies|agonise|agonised|agonises|agonising|agonisingly|agonize|agonized|agonizes|agonizing|agonizingly,intense feelings of suffering; acute mental or physical pain,an agony of doubt
thigh,4k-b,3546,248,3.575,0.9872,,,0,n,thighs,the part of the leg between the hip and the knee,
grind,4k-b,3953,249,3.573,0.9869,C1,,0,v,grinder|grinders|grinding|grinds,press or grind with a crushing noise,
notorious,4k-b,3681,250,3.571,0.9898,C1,,0,adj,notoriously,known widely and usually unfavorably,a notorious gangster
pilgrim,4k-b,3890,251,3.568,0.9953,,,0,n,pilgrimage|pilgrimages|pilgrims,someone who journeys in foreign lands,
prop,4k-b,3619,252,3.568,0.9950,,,0,n,propped|propping|props,a support placed beneath or against something to keep it from shaking or falling,
cynical,4k-b,3716,253,3.566,0.9978,C1,,0,adj,cynic|cynically|cynicism|cynics,believing the worst of human nature and motives; having a sneering disbelief in e.g. selflessness of others,
broker,4k-b,3714,254,3.561,0.9924,,,0,n,brokerage|brokerages|brokered|brokers|brokering,a businessman who buys or sells for another in exchange for a commission,
arena,4k-b,3849,255,3.561,0.9863,C1,,0,n,arenas,a particular environment or walk of life,his social sphere is limited
likewise,4k-b,3822,256,3.554,0.9976,B2,,1,adv,,in like or similar manner,He was similarly affected
haunt,4k-b,3628,257,3.554,0.9907,C1,,0,v,haunted|haunter|haunters|haunting|hauntingly|hauntings|haunts,follow stealthily or recur constantly and spontaneously to,her ex-boyfriend stalked her
fling,4k-b,3549,258,3.550,1.0000,,,0,n,flinging|flings|flung,a usually brief attempt,he took a crack at it
alternate,4k-b,3688,259,3.550,0.9977,,,0,adj,alternated|alternately|alternates|alternating|alternation|alternations|alternator|alternators,every second one of a series,the cleaning lady comes on alternate Wednesdays
infinite,4k-b,3569,260,3.545,1.0000,,,0,adj,infinitely,having no limits or boundaries in time or space or extent or magnitude,the infinite ingenuity of man
mat,4k-b,3885,261,3.545,0.9660,,,0,n,mats|matted|matting,a thick flat pad used as a floor covering,
soak,4k-b,3671,262,3.540,0.9975,C1,,0,v,soaked|soaking|soaks,submerge in a liquid,I soaked in the hot tub for an hour
rattle,4k-b,3848,263,3.530,0.9919,,,0,v,rattled|rattler|rattlers|rattles|rattling,make short successive sounds,
volcano,4k-b,3602,264,3.525,0.9975,,,0,n,volcanic|volcanism|volcanoes|volcanos,a fissure in the earth's crust (or in the surface of some other planet) through which molten lava and gases erupt,
frontier,4k-b,3674,265,3.517,0.9951,,,0,n,frontiers,a wilderness at the edge of a settled area of a country,the individualism of the frontier in Andrew Jackson's day
seldom,4k-b,3581,266,3.517,0.9925,C1,,0,adv,,not often,we rarely met
crust,4k-b,3753,267,3.515,0.9922,,,0,n,crustal|crusted|crustier|crustiest|crustily|crustiness|crusts|crusty|encrust|encrustation|encrustations|encrusted|encrusting|encrusts,the outer layer of the Earth,
bruise,4k-b,3702,268,3.512,0.9931,,,0,n,bruised|bruises|bruising|bruisings,an injury that doesn't break the skin but results in some discoloration,
lever,4k-b,3724,269,3.507,0.9920,,,0,n,leverage|leveraged|leverages|leveraging|levered|levering|levers,a rigid bar pivoted about a fulcrum,
flour,4k-b,3838,270,3.501,0.9947,B1,,0,n,floured|flouring|flours|floury,fine powdery foodstuff obtained by grinding and sifting the meal of a cereal grain,
gospel,4k-b,3692,271,3.499,0.9901,,,0,n,gospels,an unquestionable truth,his word was gospel
glamour,4k-b,3803,272,3.496,0.9903,,,0,n,glam|glamor|glamorize|glamorized|glamorizes|glamorizing|glamorous|glamorously|glamors|glamourize|glamourized|glamourizes|glamourizing|glamourous|glamourously|glamours|unglamorous,alluring beauty or charm (often with sex-appeal),
defy,4k-b,3574,273,3.493,0.9902,C1,,0,v,defiant|defiantly|defied|defies|defying,resist or confront with resistance,The politician defied public opinion
invade,4k-b,3605,274,3.488,0.9928,B2,,0,v,invaded|invader|invaders|invades|invading,march aggressively into another's territory by military force for the purposes of conquest and occupation,"Hitler invaded Poland on September 1, 1939"
flaw,4k-b,3926,275,3.485,0.9945,C1,,0,n,flawed|flawless|flawlessly|flawlessness|flaws,an imperfection in an object or machine,a flaw caused the crystal to shatter
cube,4k-b,3678,276,3.477,1.0000,,,0,n,cu|cubes|cubic|cubical,a hexahedron with six equal squares as faces,
vocal,4k-b,3776,277,3.474,1.0000,C1,,0,adj,nonvocal|vocalisation|vocalise|vocalised|vocalises|vocalising|vocalist|vocalists|vocalization|vocalize|vocalized|vocalizes|vocalizing|vocally|vocals,relating to or designed for or using the singing voice,vocal technique
telescope,4k-b,3990,278,3.471,0.9915,,,0,n,telescoped|telescopes|telescopic|telescoping,a magnifier of images of distant objects,
jewellery,4k-b,3767,279,3.471,0.9707,A2,,0,n,jewelery|jewelry,an adornment (as a bracelet or ring or necklace) made of precious metals and set with gems (or imitation gems),
longing,4k-b,3539,280,3.456,0.9975,,,0,v,longed|longingly|longingness|longings|longs,prolonged unfulfilled desire or need,
rocked,4k-b,3818,281,3.453,0.9974,,,0,v,rocker|rockers|rockin|rocking,move back and forth or sideways,the ship was rocking
aggression,4k-b,3711,282,3.450,0.9903,C1,,0,n,,a disposition to behave aggressively,
idle,4k-b,3805,283,3.444,0.9952,,,0,adj,idled|idleness|idler|idlers|idles|idlest|idling|idly,not in action or at work,an idle laborer
threshold,4k-b,3850,284,3.444,0.9872,C1,,0,n,thresholds,the starting point for a new state or experience,on the threshold of manhood
tug,4k-b,3763,285,3.441,0.9954,,,0,n,tugged|tugging|tugs,a sudden abrupt pull,
commentator,4k-b,3667,286,3.438,0.9823,C1,,0,n,commentate|commentated|commentating|commentators,an expert who observes and comments on something,
manuscript,4k-b,3689,287,3.432,0.9975,C1,,0,n,manuscripts,the form of a literary work submitted for publication,
hydrogen,4k-b,3737,288,3.429,0.9973,C1,,0,n,hydrogenous|hydrogens,a nonmetallic univalent element that is normally a colorless and odorless highly flammable diatomic gas; the simplest and lightest and most abundant element in the universe,
vitamin,4k-b,3698,289,3.429,0.9951,B2,,0,n,vitamins,any of a group of organic substances essential in small quantities to normal metabolism,
flap,4k-b,3855,290,3.425,0.9977,,,0,n,flapped|flapping|flaps,any broad thin and limber covering attached at one edge; hangs loose or projects freely,he wrote on the flap of the envelope
fore,4k-b,3809,291,3.425,0.9703,,,0,n,foremost,front part of a vessel or aircraft,he pointed the bow of the boat toward the finish line
regain,4k-b,3761,292,3.422,0.9857,C1,,0,v,regained|regaining|regains,get or find back; recover the use of,She regained control of herself
patriot,4k-b,3785,293,3.419,0.9888,,,0,n,patriotic|patriotically|patriotism|patriotisms|patriots|unpatriotic,one who loves and defends his or her country,
dilemma,4k-b,3679,294,3.419,0.9854,C1,,0,n,dilemmas,state of uncertainty or perplexity especially as requiring a choice between equally unfavorable options,
obstacle,4k-b,3673,295,3.416,1.0000,B2,,0,n,obstacles,something immaterial that stands in the way and must be circumvented or surmounted,lack of imagination is an obstacle to one's advancement
spectacle,4k-b,3658,296,3.412,1.0000,C1,,0,n,spec|specs|spectacles,something or someone seen (especially a notable or unusual sight),the tragic spectacle of cripples trying to escape
mourn,4k-b,3954,297,3.406,0.9877,,,0,v,mourned|mourner|mourners|mourning|mourns,feel sadness,She is mourning her dead child
nonetheless,4k-b,3732,298,3.406,0.9814,C1,,1,adv,,despite anything to the contrary (usually preceding a concession),"although I'm a little afraid, however I'd like to try it"
clone,4k-b,3871,299,3.402,1.0000,,,0,n,cloned|cloner|cloners|clones|cloning,a person who is almost identical to another,
bathe,4k-b,3916,300,3.402,0.9624,,,0,v,bathed|bather|bathers|bathes|bathing,cleanse the entire body,bathe daily
sodium,4k-b,3955,301,3.396,0.9974,,,0,n,sodiums,a silvery soft waxy metallic element of the alkali metal group; occurs abundantly in natural compounds (especially in salt water); burns with a yellow flame and reacts violently in water; occurs in sea water and in the mineral halite (rock salt),
presidency,4k-b,3796,302,3.392,0.9767,C1,,0,n,presidencies,the tenure of a president,things were quiet during the Eisenhower administration
scramble,4k-b,3740,303,3.385,0.9953,,,0,v,scrambled|scrambler|scramblers|scrambles|scrambling|unscramble|unscrambled|unscrambles|unscrambling,to move hurriedly,The friend scrambled after them
franchise,4k-b,3668,304,3.378,0.9928,C1,,0,n,enfranchise|enfranchised|enfranchisement|enfranchisements|enfranchises|enfranchising|franchised|franchisee|franchisees|franchises|franchising|franchisor|franchisors|franchiser|franchisers,an authorization to sell a company's goods or services in a particular place,
viable,4k-b,3614,305,3.378,0.9880,C1,,0,adj,nonviable|viabilities|viability,capable of being done with means at hand and circumstances as they are,
glide,4k-b,3705,306,3.375,0.9977,,,0,v,glided|glider|gliders|glides|gliding,move smoothly and effortlessly,
testament,4k-b,3710,307,3.375,0.9945,,,0,n,testamentary|testaments,a profession of belief,he stated his political testament
gallon,4k-b,3966,308,3.360,0.9951,C1,,0,n,gallons,United States liquid unit equal to 4 quarts or 3.785 liters,
bounds,4k-b,3757,309,3.356,0.9975,,,0,n,bounded|bounding|boundless|boundlessly|unbounded,the line or plane indicating the limit or extent of something,
console,4k-b,3804,310,3.353,0.9976,,,0,v,consolation|consolations|consolatory|consoled|consoles|consoling|inconsolable,give moral or emotional strength to,
habitat,4k-b,3629,311,3.353,0.9976,B2,,0,n,habitats,the type of environment in which an organism or group normally lives or occurs,a marine habitat
tilt,4k-b,3920,312,3.349,0.9952,,,0,v,tilted|tilting|tilts,to incline or bend from a vertical position,She leaned over the banister
greenhouse,4k-b,3883,313,3.345,0.9948,B2,,0,n,greenhouses,a building with glass walls and roof; for the cultivation and exhibition of plants under controlled conditions,
gauge,4k-b,3829,314,3.345,0.9882,,,0,n,gauged|gauges|gauging,a measuring instrument for measuring and indicating a quantity such as the thickness of wire or the amount of rain etc.,
ongoing,4k-b,3992,315,3.341,0.9864,B2,,1,adj,,currently happening,an ongoing economic crisis
upgrade,4k-b,3506,316,3.337,0.9974,C1,,0,v|n,upgraded|upgrades|upgrading,rate higher; raise in value or esteem,
civic,4k-b,3923,317,3.337,0.9923,C1,,0,adj,civics,of or relating or belonging to a city,civic center
mushroom,4k-b,3933,318,3.333,1.0000,,,0,n,mushroomed|mushrooming|mushrooms,common name for an edible agaric (contrasting with the inedible toadstool),
blur,4k-b,3911,319,3.333,0.9974,,,0,n,blurred|blurring|blurry|blurs,a hazy or indistinct representation,it happened so fast it was just a blur
depart,4k-b,3558,320,3.333,0.9951,B2,,0,v,departed|departing|departs,move away from a place into another direction,Go away before I start to cry
ozone,4k-b,3638,321,3.333,0.9911,,,0,n,ozones,a colorless gas (O3) soluble in alkalis and cold water; a strong oxidizing agent; can be produced by electric discharge in oxygen or by the action of ultraviolet radiation on oxygen in the stratosphere (where it acts as a screen for ultraviolet radiation),
enlighten,4k-b,3752,322,3.329,0.9976,,,0,v,enlightened|enlightening|enlightenment|enlightenments|enlightens|unenlightened|unenlightening|unenlightens,make understand,Can you enlighten me — I don't understand this proposal?
array,4k-b,3718,323,3.329,0.9796,C1,,0,n,arrayed|arraying|arrays,an orderly arrangement,an array of troops in battle order
decay,4k-b,3523,324,3.317,0.9922,,,0,n,decayed|decaying|decays,the process of gradually becoming inferior,
vivid,4k-b,3543,325,3.313,0.9913,,,0,adj,vividly|vividness,evoking lifelike images within the mind,pictorial poetry and prose
hybrid,4k-b,3706,326,3.313,0.9908,,,0,n,hybridisation|hybridisations|hybridise|hybridised|hybridises|hybridising|hybridization|hybridizations|hybridize|hybridized|hybridizes|hybridizing|hybrids,"a word that is composed of parts from different languages (e.g., ‘monolingual’ has a Greek prefix and a Latin root)",
outlook,4k-b,3787,327,3.309,1.0000,C1,,0,n,outlooks,a habitual or characteristic mental attitude that determines how you will interpret and respond to situations,
outlet,4k-b,3663,328,3.305,0.9973,C1,,0,n,outlets,a place of business for retailing goods,
span,4k-b,3560,329,3.300,0.9901,C1,,0,v|n,spanned|spanning|spans,to cover or extend over an area or time period,Rivers traverse the valley floor
stumble,4k-b,3762,330,3.296,1.0000,C1,,0,v,stumbled|stumbler|stumblers|stumbles|stumbling,"walk unsteadily, tripping repeatedly",The drunk man stumbled about
dome,4k-b,3897,331,3.296,0.9920,,,0,n,domed|domes,a concave shape whose distinguishing characteristic is that the concavity faces downward,
briefed,4k-b,3847,332,3.292,0.9922,,,0,v,briefing|briefings,give essential information to someone,The reporters were briefed about the President's plan to invade
navigate,4k-b,3643,333,3.287,1.0000,B2,,0,n,circumnavigate|circumnavigated|circumnavigates|circumnavigating|circumnavigation|navigated|navigates|navigating|navigation|navigational|navigations|navigator|navigators,travel on water propelled by wind or by other means,The QE2 will sail to Southampton tomorrow
spouse,4k-b,3969,334,3.283,0.9952,C1,,0,n,spouses,a person's partner in marriage,
cholesterol,4k-b,3983,335,3.274,0.9975,,,0,n,,an animal sterol that is normally synthesized by the liver; the most abundant steroid in animal tissues,
recreation,4k-b,3578,336,3.274,0.9948,,,0,n,recreational|recreationally|recreations,an activity that diverts or amuses or stimulates,scuba diving is provided as a diversion for tourists
quota,4k-b,3640,337,3.274,0.9898,C1,,0,n,quotas,a prescribed number,all the salesmen met their quota for the month
comprehend,4k-b,3769,338,3.270,1.0000,,,0,v,comprehended|comprehending|comprehends|comprehension|comprehensions|incomprehension|noncomprehending|uncomprehending|uncomprehendingly,get the meaning of something,Do you comprehend the meaning of this letter?
surge,4k-b,3731,339,3.270,0.9951,C1,,0,n|v,surged|surges|surging,a sudden forceful flow,
geometry,4k-b,3713,340,3.270,0.9901,,,0,n,geometric|geometrical|geometrically|geometries,the pure mathematics of points and lines and curves and surfaces,
wan,4k-b,3999,341,3.270,0.6713,,,0,v,wanly|wanness,become pale and sickly,
detain,4k-b,3800,342,3.265,0.9873,C1,,0,v,detained|detainee|detainees|detaining|detainment|detainments|detains,deprive of freedom; take into confinement,
keyboard,4k-b,3810,343,3.260,0.9975,B1,,0,n,keyboarded|keyboarding|keyboardist|keyboardists|keyboards,device consisting of a set of keys on a piano or organ or typewriter or typesetting machine or computer or the like,
imitate,4k-b,3653,344,3.260,0.9926,,,0,v,imitated|imitates|imitating|imitation|imitations|imitative|imitator|imitators,reproduce someone's behavior or looks,The mime imitated the passers-by
disperse,4k-b,3518,345,3.256,0.9880,,,0,v,dispersal|dispersals|dispersed|disperses|dispersing|dispersion,distribute loosely,He scattered gun powder under the wagon
municipal,4k-b,3900,346,3.251,0.9894,C1,,0,adj,municipalities|municipality|municipally,relating or belonging to or characteristic of a municipality,municipal government
thrive,4k-b,3837,347,3.246,0.9857,C1,,0,v,thrived|thrives|thriving|throve,grow vigorously,The deer population in this town is thriving
gasp,4k-b,3536,348,3.241,0.9956,,,0,n,gasped|gasping|gasps,a short labored intake of breath with the mouth open,she gave a gasp and fainted
momentum,4k-b,3945,349,3.236,1.0000,C1,,0,n,,an impelling force or strength,the car's momentum carried it off the road
intimidate,4k-b,3958,350,3.236,0.9973,,,0,v,intimidated|intimidates|intimidating|intimidation|intimidations|intimidatory,make timid or fearful,Her boss intimidates her
ancestor,4k-b,3540,351,3.231,0.9901,B2,,0,n,ancestors|ancestral,someone from whom you are descended (but usually more remote than a grandparent),
fringe,4k-b,3544,352,3.226,0.9953,,,0,n,fringed|fringes|fringing,the outside boundary or surface of something,
sparkle,4k-b,3708,353,3.226,0.9929,,,0,n,sparkled|sparkler|sparklers|sparkles|sparkling|sparkly,merriment expressed by a brightness or gleam or animation of countenance,he had a sparkle in his eye
texture,4k-b,3591,354,3.221,0.9977,C1,,0,n,textural|textured|textures|texturing|untextured,the feel of a surface or a fabric,the wall had a smooth texture
credible,4k-b,3579,355,3.221,0.9861,C1,,0,adj,credibilities|credibility|credibly|cred,capable of being believed,completely credible testimony
commodity,4k-b,3527,356,3.221,0.9826,C1,,1,n,commodities,"a raw material that is sold in large quantities, usually to other businesses for manufacturing or production purposes",
chronicle,4k-b,3950,357,3.200,0.9948,,,0,n,chronicled|chronicler|chroniclers|chronicles|chronicling,a record or narrative description of past events,a history of France
tumble,4k-b,3695,358,3.195,0.9978,,,0,v,tumbled|tumbler|tumblers|tumbles|tumbling,"fall down, as if collapsing",The tower of the World Trade Center tumbled after the plane hit it
optimist,4k-b,3537,359,3.189,0.9951,B2,,0,adj,optimistic|optimistically|optimists,a person disposed to take a favorable view of things,
soar,4k-b,3781,360,3.189,0.9878,C1,,0,v,soared|soaring|soars,rise rapidly,the dollar soared against the yen
horizontal,4k-b,3575,361,3.184,0.9973,,,0,adj,horizontally,parallel to or in the plane of the horizon or a base line,a horizontal surface
intrigue,4k-b,3637,362,3.184,0.9953,C1,,0,adj,intrigued|intrigues|intriguing|intriguingly,a crafty and involved plot to achieve your (usually sinister) ends,
subjected,4k-b,3600,363,3.184,0.9925,,,0,v,subjecting|subjection,cause to experience or suffer or make liable or vulnerable to,He subjected me to his awful poetry
mandate,4k-b,3985,364,3.178,0.9856,C1,,0,n,mandated|mandates|mandating,a document giving an official instruction or command,
biography,4k-b,3623,365,3.173,0.9905,C1,,0,n,biographic|biographical|biographically|biographies,an account of the series of events making up a person's life,
stripe,4k-b,3564,366,3.167,0.9974,,,0,n,striped|stripes|stripey|striping|stripy,an adornment consisting of a strip of a contrasting color or material,
linger,4k-b,3892,367,3.167,0.9943,C1,,0,v,lingered|lingerer|lingerers|lingering|lingeringly|lingers,remain present although waning or gradually dying,Her perfume lingered on
magnitude,4k-b,3912,368,3.161,0.9977,C1,,0,n,magnitudes,the property of relative size or extent (whether large or small),they tried to predict the magnitude of the explosion
gravel,4k-b,3672,369,3.161,0.9920,,,0,n,gravelled|gravelling|gravelly|gravels,rock fragments and pebbles,
spur,4k-b,3519,370,3.161,0.9828,,,0,n,spurred|spurring|spurs,a verbalization that encourages you to attempt something,the ceaseless prodding got on his nerves
shatter,4k-b,3562,371,3.155,0.9975,C1,,0,v,shattered|shattering|shatteringly|shatters,break into many pieces,The wine glass shattered
eyebrow,4k-b,3759,372,3.149,1.0000,,,0,n,eyebrows,the arch of hair above each eye,
crumble,4k-b,3942,373,3.149,0.9954,,,0,v,crumbled|crumbles|crumbling|crumbly,fall apart,the building crumbled after the explosion
census,4k-b,3797,374,3.143,0.9913,,,0,n,censuses,a periodic count of the population,
hormone,4k-b,3938,375,3.137,0.9947,,,0,n,hormonal|hormones,the secretion of an endocrine gland that is transmitted by the blood to the tissue on which it has a specific effect,
ballot,4k-b,3788,376,3.137,0.9767,C1,,0,n,balloted|balloting|ballots,a document listing the alternatives that is used in voting,
oversee,4k-b,3977,377,3.131,1.0000,C1,,0,v,oversaw|overseeing|overseen|overseer|overseers|oversees,watch and direct,Who is overseeing this project?
discourage,4k-b,3707,378,3.131,0.9926,B2,,0,v,discouraged|discouragement|discouragements|discourages|discouraging|discouragingly,try to prevent; show opposition to,We should discourage this practice among our youth
harass,4k-b,3905,379,3.131,0.9505,C1,,0,n,harassed|harasser|harassers|harasses|harassing|harassment|harassments,annoy continually or chronically,He is known to harry his staff when he is overworked
astronomy,4k-b,3989,380,3.124,1.0000,,,0,n,astronomer|astronomers,the branch of physics that studies celestial bodies and the universe as a whole,
paradox,4k-b,3597,381,3.111,0.9953,,,0,n,paradoxes|paradoxical|paradoxically,(logic) a statement that contradicts itself,‘I always lie’ is a paradox because if it is true it must be false
moisture,4k-b,3921,382,3.091,0.9974,,,0,n,moistures|moisturise|moisturised|moisturiser|moisturisers|moisturising|moisturize|moisturized|moisturizer|moisturizers|moisturizing,wetness caused by water,drops of wet gleamed on the window
mammal,4k-b,3529,383,3.091,0.9866,,,0,n,mammalian|mammals,any warm-blooded vertebrate having the skin more or less covered with hair; young are born alive except for the small subclass of monotremes and nourished with milk,
slump,4k-b,3611,384,3.084,0.9928,,,0,n,slumped|slumping|slumps,a noticeable deterioration in performance or quality,the team went into a slump
infrastructure,4k-b,3868,385,3.077,0.9884,B2,,1,n,infrastructural|infrastructures,the basic structure or features of a system or organization,
recipient,4k-b,3841,386,3.070,0.9951,C1,,0,n,recipients,a person who receives something,
simulate,4k-b,3630,387,3.070,0.9876,C1,,1,v,simulated|simulates|simulating|simulation|simulations|simulator|simulators,reproduce someone's behavior or looks,The mime imitated the passers-by
indifferent,4k-b,3755,388,3.063,0.9976,,,0,adj,indifference|indifferently,marked by a lack of interest,an apathetic audience
scrutiny,4k-b,3620,389,3.063,0.9836,C1,,0,n,scrutineer|scrutineered|scrutineering|scrutineers|scrutinies|scrutinize|scrutinized|scrutinizes|scrutinizing,the act of examining something closely (as for mistakes),
battered,4k-b,3857,390,3.055,0.9900,,,0,adj,battering,damaged by blows or hard usage,a battered old car
bead,4k-b,3928,391,3.055,0.9900,,,0,n,beaded|beadier|beadiest|beading|beads|beady,a small ball with a hole through the middle,
indigenous,4k-b,3944,392,3.055,0.9873,C1,,0,adj,,originating where it is found,the autochthonal fauna of Australia includes the kangaroo
vibrate,4k-b,3696,393,3.048,1.0000,,,0,v,vibrated|vibrates|vibrating|vibration|vibrational|vibrations|vibrator|vibrators|vibratory,"shake, quiver, or throb; move back and forth rapidly, usually in an uncontrolled manner",
lyric,4k-b,3830,394,3.048,0.9974,B2,,0,n,lyrical|lyrically|lyricism|lyricist|lyricists|lyrics,the text of a popular song or musical-comedy number,his compositions always started with the lyrics
deduct,4k-b,3604,395,3.040,0.9951,,,0,v,deducted|deductibility|deductible|deducting|deduction|deductions|deductive|deductively|deducts,make a subtraction,subtract this amount from my paycheck
trait,4k-b,3978,396,3.040,0.9949,B2,,0,n,traits,a distinguishing feature of your personal nature,
discard,4k-b,3842,397,3.040,0.9872,C1,,0,v,discarded|discarding|discards,throw or cast away,Put away your worries
entrepreneur,4k-b,3770,398,3.040,0.9828,B2,,0,n,entrepreneurial|entrepreneurs|entrepreneurship,someone who organizes a business venture and assumes the risk for it,
contingent,4k-b,3627,399,3.040,0.9814,,,0,adj,contingencies|contingency|contingently|contingents,possible but not certain to occur,they had to plan for contingent expenses
genre,4k-b,3609,400,3.032,0.9973,B2,,0,n,generic|generically|genres|nongeneric,a kind of literary or artistic work,
boast,4k-b,3622,401,3.032,0.9957,C1,,0,v,boasted|boastful|boastfulness|boasting|boasts|boaster|boasters|boastfully,show off,
orthodox,4k-b,3633,402,3.024,0.9927,,,0,adj,unorthodox,adhering to what is commonly accepted,an orthodox view of the world
diameter,4k-b,3666,403,3.024,0.9903,,,0,n,diameters,the length of a straight line passing through the center of a circle and connecting two points on the circumference,
diagnose,4k-b,3917,404,3.024,0.9901,C1,,0,v,diagnosed|diagnosing|misdiagnose|misdiagnosed|misdiagnosing|undiagnosed,determine or distinguish the nature of a problem or an illness through a diagnostic analysis,
deficiency,4k-b,3675,405,3.024,0.9886,C1,,0,n,deficiencies|deficient,the state of needing something that is absent or unavailable,there is a serious lack of insight into the problem
tangle,4k-b,3791,406,3.024,0.9876,,,0,v,entangle|entangled|entanglement|entanglements|entangles|entangling|tangled|tangles|tangling|untangle|untangled|untangles|untangling,"force into some kind of situation, condition, or course of action",They were swept up by the events
coherent,4k-b,3645,407,3.024,0.9874,,,1,adj,cohere|cohered|coherently|coheres|cohering|incoherent|incoherently,"marked by an orderly, logical, and aesthetically consistent relation of parts",a coherent argument
innovative,4k-b,3924,408,3.016,0.9949,B2,,0,adj,innovatively,ahead of the times,the advanced teaching methods
optic,4k-b,3509,409,3.016,0.9906,C1,,0,adj,optical|optically|optician|opticians|optics,of or relating to or resembling the eye,ocular muscles
dioxide,4k-b,3635,410,3.016,0.9899,,,0,n,dioxides,an oxide containing two atoms of oxygen in the molecule,
disclosure,4k-b,3760,411,3.008,0.9974,C1,,0,n,disclosures,the speech act of making something evident,
invoke,4k-b,3866,412,3.008,0.9862,C1,,1,v,invocation|invocations|invoked|invokes|invoking,"summon into action or bring into existence, often as if by magic",raise the specter of unemployment
gleam,4k-b,3754,413,2.999,0.9787,,,0,n,gleamed|gleaming|gleams,an appearance of reflected light,
foresee,4k-b,3580,414,2.999,0.9726,,,0,v,foresaw|foreseeable|foreseeing|foreseen|foresees|unforeseeable|unforeseen,realize beforehand,
nutrition,4k-b,3899,415,2.982,0.9928,B2,,0,n,nutritional|nutritionally|nutritionist|nutritionists|nutritions,(physiology) the organic process of nourishing or being nourished; the processes by which an organism assimilates food and uses it for growth and maintenance,
commute,4k-b,3962,416,2.955,0.9931,,,0,v,commuted|commuter|commuters|commutes|commuting,exchange positions without a change in value,These operators commute with each other
enlarge,4k-b,3559,417,2.955,0.9897,,,0,v,enlargeable|enlarged|enlargement|enlargements|enlarger|enlargers|enlarges|enlarging,make larger,She enlarged the flower beds
militant,4k-b,3821,418,2.955,0.9850,C1,,0,n|adj,militancy|militantly|militants|nonmilitant,a militant reformer,
amid,4k-b,3895,419,2.955,0.9816,C1,,0,prep,,,
demography,4k-b,3940,420,2.945,0.9741,,,0,adj,demographer|demographers|demographic|demographically|demographics|demographies,the branch of sociology that studies the characteristics of human populations,
elevate,4k-b,3548,421,2.935,0.9948,C1,,0,v,elevated|elevates|elevating|elevation|elevations|elevator|elevators,give a promotion to or assign to a higher position,John was kicked upstairs when a replacement was hired
portray,4k-b,3566,422,2.935,0.9820,C1,,0,v,portrayal|portrayals|portrayed|portraying|portrays,portray in words,The book portrays the actor as a selfish person
censor,4k-b,3886,423,2.925,1.0000,,,0,v,censored|censoring|censorious|censoriously|censoriousness|censors|censorship|censorships|uncensored,forbid the public distribution of (a movie or a newspaper),
vocation,4k-b,3595,424,2.925,0.9894,,,0,n,nonvocational|vocational|vocationally|vocations,the particular occupation for which you are trained,
validate,4k-b,3669,425,2.915,1.0000,,,0,v,invalidate|invalidated|invalidates|invalidating|validated|validates|validating|validation|validations|invalidation,declare or make legally valid,
flourish,4k-b,3508,426,2.915,0.9847,C1,,0,v,flourished|flourishes|flourishing,grow vigorously,The deer population in this town is thriving
beneficial,4k-b,3603,427,2.905,0.9947,B2,,0,adj,beneficially,promoting or enhancing well-being,an arms limitation agreement beneficial to all countries
legislature,4k-b,3964,428,2.905,0.9724,C1,,0,n,legislatures,persons who make or amend or repeal laws,
consistency,4k-b,3943,429,2.894,1.0000,C1,,0,n,,the property of holding together and retaining its shape,wool has more body than rayon
graze,4k-b,3758,430,2.894,0.9952,,,0,v,grazed|grazer|grazers|grazes|grazing,feed as in a meadow or pasture,the herd was grazing
fiscal,4k-b,3676,431,2.894,0.9837,,,0,adj,fiscally,involving financial matters,fiscal responsibility
graph,4k-b,3586,432,2.883,1.0000,,,0,n,graphed|graphing|graphs,"a visual representation of the relations between certain quantities, represented as points, plotted with reference to a set of axes",
ambiguous,4k-b,3686,433,2.872,0.9978,,,1,adj,ambiguously|unambiguous|unambiguously,open to two or more interpretations; or of uncertain nature or significance; or (often) intended to mislead,an equivocal statement
integral,4k-b,3749,434,2.872,0.9927,C1,,1,adj,integrally|integrals,existing as an essential constituent or characteristic,the Ptolemaic system with its built-in concept of periodicity
mould,4k-b,3517,435,2.872,0.8456,,,0,n,mold|molds|moldy|moulds|mouldy,loose soil rich in organic matter,
stereotype,4k-b,3896,436,2.860,1.0000,C1,,0,n,stereotyped|stereotypes|stereotypical|stereotypically|stereotyping,a conventional or formulaic conception or image,regional stereotypes have been part of America since its founding
theology,4k-b,3840,437,2.860,0.9975,C1,,0,n,theologies,the rational and systematic study of religion and its influences and of the nature of religious truth,
contaminate,4k-b,3556,438,2.860,0.9632,,,0,v,contaminated|contaminates|contaminating|contamination|contaminations|uncontaminated,make impure,The industrial wastes polluted the lake
flicker,4k-b,3794,439,2.848,0.9975,,,0,n,flickered|flickering|flickers,a momentary flash of light,
align,4k-b,3596,440,2.836,0.9901,C1,,0,v,aligned|aligner|aligners|aligning|alignment|alignments|aligns,place in a line or arrange so as to be parallel or straight,align the car with the curb
cognitive,4k-b,3741,441,2.836,0.9899,C1,,0,adj,cognitively|cognitivist|cognitivists,of or being or relating to or involving cognition,cognitive psychology
aesthetic,4k-b,3522,442,2.836,0.9881,C1,,0,adj,aesthetically|aestheticism|aesthetics|unaesthetic,relating to or dealing with the subject of aesthetics,esthetic values
guerilla,4k-b,3693,443,2.836,0.9683,C1,,0,n,guerillas|guerrilla|guerrillas,a member of an irregular armed force that fights a stronger force by sabotage and harassment,
exert,4k-b,3606,444,2.836,0.9594,C1,,0,v,exerted|exerting|exertion|exertions|exerts,put to use,exert one's power or influence
compress,4k-b,3665,445,2.797,1.0000,,,0,n,compressed|compresses|compressibility|compressible|compressing|compression|compressions|compressor|compressors,a cloth pad or dressing (with or without medication) applied firmly to some part of the body (to relieve discomfort or reduce fever),
copyright,4k-b,3893,446,2.797,0.9948,C1,,0,n,copyrighted|copyrights,a document granting exclusive right to publish and sell literary or musical or artistic work,
obstruct,4k-b,3764,447,2.783,1.0000,,,0,v,obstructed|obstructing|obstruction|obstructionism|obstructionist|obstructionists|obstructions|obstructive|obstructively|obstructs|unobstructed,hinder or prevent the progress or accomplishment of,His brother blocked him at every turn
stagger,4k-b,3694,448,2.783,0.9949,,,0,n,staggered|staggering|staggeringly|staggers,an unsteady uneven gait,
endeavour,4k-b,3709,449,2.783,0.9904,C1,,0,n,endeavor|endeavored|endeavoring|endeavors|endeavoured|endeavouring|endeavours,a purposeful or industrious undertaking (especially one that requires effort or boldness),he had doubts about the whole enterprise
defer,4k-b,3634,450,2.783,0.9631,,,0,v,deference|deferences|deferential|deferentially|deferment|deferments|deferral|deferrals|deferred|deferring|defers,hold back to a later time,let's postpone the exam
offset,4k-b,3756,451,2.769,0.9975,,,1,v,offsets|offsetting,compensate for or counterbalance,offset deposits and withdrawals
abundant,4k-b,3598,452,2.769,0.9905,C1,,0,n,abundance|abundances|abundantly,present in great quantity,an abundant supply of water
adhere,4k-b,3588,453,2.769,0.9897,C1,,0,v,adhered|adherence|adherences|adherent|adherents|adheres|adhering,be compatible or in accordance with,You must adhere to the rules
boarder,4k-b,3825,454,2.769,0.9679,,,0,n,boarded|boarders|boarding,a tenant in someone's house,
spatial,4k-b,3657,455,2.769,0.9513,,,0,adj,spatially,pertaining to or involving or having the nature of space,the first dimension to concentrate on is the spatial one
webs,4k-b,3998,456,2.754,0.9822,,,0,n,webbed|webbing|webbings,an intricate network suggesting something that was formed by weaving or interweaving,the trees cast a delicate web of shadows over the lawn
milligram,4k-b,3530,457,2.754,0.9744,,,0,n,mg|mgs|milligramme|milligrammes|milligrams,"one thousandth (1/1,000) gram",
bureaucracy,4k-b,3535,458,2.723,0.9854,C1,,0,n,bureaucracies,nonelective government officials,
textile,4k-b,3717,459,2.707,0.9949,,,0,n,textiles,artifact made by weaving or felting or knitting or crocheting natural or synthetic fibers,the fabric in the curtains was light and semitransparent
certify,4k-b,3996,460,2.707,0.9945,,,0,v,certified|certifies|certifying|certifiable,"provide evidence for; stand as proof of; show by one's behavior, attitude, or external attributes",His high fever attested to his illness
critique,4k-b,3937,461,2.707,0.9863,C1,,0,n,critiqued|critiques|critiquing,an essay or article that gives a critical evaluation (as of a book or play),
secular,4k-b,3819,462,2.707,0.9815,C1,,0,adj,nonsecular|secularisation|secularise|secularised|secularises|secularising|secularism|secularist|secularists|secularization|secularize|secularized|secularizes|secularizing,of or relating to the doctrine that rejects religion and religious considerations,
ecological,4k-b,3972,463,2.672,0.9926,C1,,0,adj,ecologically,characterized by the interdependence of living organisms in an environment,an ecological disaster
odour,4k-b,3910,464,2.672,0.9844,,,0,n,odor|odorless|odorous|odors|odourless|odours,the sensation that results when olfactory receptors in the nose are stimulated by particular chemicals in gaseous form,she loved the smell of roses
displace,4k-b,3682,465,2.634,0.9973,C1,,1,v,displaced|displacement|displacements|displaces|displacing,"cause to move, usually with force or pressure",the refugees were displaced by the war
rehabilitate,4k-b,3884,466,2.634,0.9953,C1,,0,n,rehabilitated|rehabilitates|rehabilitating|rehabilitation|rehabilitations|rehabilitative|rehab,"help to readapt, as to a former state of health or good repute",The prisoner was successfully rehabilitated
loom,4k-b,3786,467,2.634,0.9908,C1,,0,v,loomed|looming|looms,"come into view indistinctly, often threateningly",Another air plane loomed into the sky
dependence,4k-b,3503,468,2.634,0.9883,C1,,0,n,dependences|interdependence|interdependences,the state of relying on or being controlled by someone or something else,
rhetoric,4k-b,3654,469,2.634,0.9742,C1,,0,n,rhetorical|rhetorically|rhetorics,using language effectively to please or persuade,
erupt,4k-b,3528,470,2.614,0.9821,B2,,0,v,erupted|erupting|eruption|eruptions|eruptive|erupts,start abruptly,"After 1989, peace broke out in the former East Bloc"
acquaint,4k-b,3712,471,2.614,0.9780,,,0,v,acquaintance|acquaintances|acquaintanceship|acquaintanceships|acquainted|acquainting|acquaints|unacquainted,cause to come to know personally,permit me to acquaint you with my son
prevalent,4k-b,3545,472,2.522,0.9769,C1,,0,n,prevalence|prevalences,most frequent or common,prevailing winds
embody,4k-b,3626,473,2.522,0.9651,C1,,0,v,embodied|embodies|embodiment|embodiments|embodying,represent in bodily form,He embodies all that is evil wrong with the system
periphery,4k-b,3538,474,2.522,0.9375,,,0,n,peripheral|peripherally|peripherals|peripheries,the outside boundary or surface of something,
affiliate,4k-b,3876,475,2.496,0.9900,,,0,n,affiliated|affiliates|affiliating|affiliation|affiliations|unaffiliated,a subordinate or subsidiary associate; a person who is affiliated with another or with an organization,
regress,4k-b,3901,476,2.496,0.9857,,,0,v,regressed|regresses|regressing|regression|regressions|regressive,go back to a statistical means,
evoke,4k-b,3835,477,2.496,0.9793,C1,,0,v,evocation|evocations|evoked|evokes|evoking,"call forth (emotions, feelings, and responses)",arouse pity
insulate,4k-b,3780,478,2.468,0.9853,,,0,v,insulated|insulates|insulating|insulation|insulations|insulator|insulators|uninsulated,"protect from heat, cold, or noise by surrounding with insulating material",We had his bedroom insulated before winter came
enrich,4k-b,3952,479,2.468,0.9715,C1,,0,v,enriched|enriches|enriching|enrichment|enrichments,make better or improve in quality,The experience enriched her understanding
inflame,4k-b,3507,480,2.438,0.9375,,,0,v,inflamed|inflames|inflaming|inflammation|inflammations|inflammatory|noninflammatory,cause inflammation in,The repetitive motion inflamed her joint
calorie,4k-b,3750,481,2.406,0.9877,,,0,n,calories|calory|caloric,unit of heat defined as the quantity of heat required to raise the temperature of 1 gram of water by 1 degree centigrade at atmospheric pressure,
aluminium,4k-b,3888,482,2.406,0.9860,C1,,0,n,aluminum,a silvery ductile metallic element found primarily in bauxite,
nought,4k-b,3995,483,2.371,0.9621,,,0,pron,noughts|naught,a mathematical element that when added to another number yields the same number,
endow,4k-b,3815,484,2.371,0.9401,,,0,v,endowed|endowing|endowment|endowments|endows,give qualities or abilities to,
peered,4k-b,3733,485,2.371,,,,0,v,peering,look searchingly,We peered into the back of the shop to see whether a salesman was around
inclusion,4k-b,3783,486,2.333,0.9901,C1,,0,n,inclusions,the state of being included,
excavate,4k-b,3650,487,2.333,0.9824,,,0,v,excavated|excavates|excavating|excavation|excavations|excavator|excavators,recover through digging,Schliemann excavated Troy
tablespoon,4k-b,3941,488,2.292,0.9975,,,0,n,tablesp|tablespoonful|tablespoonfuls|tablespoons|tbsp|tbsps,as much as a tablespoon will hold,
enact,4k-b,3751,489,2.292,0.9558,C1,,0,v,enacted|enacting|enactment|enactments|enacts|reenact|reenacts|reenacted|reenacting|reenactment|reenactments,order by virtue of superior authority; decree,The King ordained the persecution and expulsion of the Jews
impair,4k-b,3624,490,2.246,0.9923,,,0,v,impaired|impairing|impairment|impairments|impairs|unimpaired,make worse or less effective,His vision was impaired
exclaim,4k-b,3720,491,2.195,1.0000,,,0,v,exclaimed|exclaiming|exclaims|exclamation|exclamations|exclamatory,"utter aloud; often with surprise, horror, or joy",‘I won!’ he exclaimed
enrol,4k-b,3957,492,2.195,0.9954,C1,,0,v,enroled|enroling|enroll|enrolled|enrollee|enrollees|enrolling|enrollment|enrollments|enrolls|enrolment|enrolments|enrols|preenrol|preenrolled|preenrolling|preenrollment|preenrollments|preenrols,register formally as a participant or member,The party recruited many new members
rigour,4k-b,3697,493,2.137,0.9936,,,0,n,rigor|rigorous|rigorously|rigorousness|rigors|rigours,the quality of being valid and rigorous,
mobilise,4k-b,3927,494,2.137,0.9853,C1,,0,v,mobilisation|mobilisations|mobilised|mobilises|mobilising|mobilization|mobilizations|mobilize|mobilized|mobilizes|mobilizing,call to arms; of military personnel,
accustom,4k-b,3874,495,2.137,0.9385,,,0,v,accustomed|accustoming|accustoms|unaccustomed,make psychologically or physically used (to something),She became habituated to the background music
preoccupy,4k-b,3589,496,1.894,0.9921,,,0,v,preoccupation|preoccupations|preoccupied|preoccupies|preoccupying,engage or engross the interest or attention of beforehand or occupy urgently or obsessively,His work preoccupies him
animate,4k-b,3833,497,1.894,0.9876,B2,,0,n,animated|animatedly|animates|animating|animation|animations|inanimate|animator|animators,heighten or intensify,These paintings exalt the imagination
maximise,4k-b,3632,498,1.769,0.9952,C1,,1,v,maximisation|maximised|maximises|maximising|maximization|maximize|maximized|maximizes|maximizing,make the most of,He maximized his role
utilise,4k-b,3553,499,1.769,0.9926,C1,,1,v,utilisation|utilised|utiliser|utilisers|utilises|utilising|utilization|utilize|utilized|utilizer|utilizers|utilizes|utilizing,put into service; make work or employ for a particular purpose or for its inherent or natural purpose,use your head!
wifi,4k-b,4000,500,,0.9796,,,0,,,,
ray,5k-a,4004,1,4.988,0.9953,C1,,0,n,rayed|rays,a column of light (as from a beacon),
pal,5k-a,4497,2,4.760,0.9714,,,0,n,pally|pals,a close friend who accompanies their buddies in their activities,
dumb,5k-a,4488,3,4.671,0.9974,C1,,0,adj,dumber|dumbest|dumbly|dumbness,slow to learn or understand; lacking intellectual acuity,so dense he never understands anything I say to him
madam,5k-a,4034,4,4.643,0.9757,,,0,n,madame|madames|madams,a woman of refinement,a chauffeur opened the door of the limousine for the grand lady
jealous,5k-a,4278,5,4.583,0.9948,,,0,adj,jealously,showing extreme cupidity; painfully desirous of another's advantages,he was never covetous before he met her
majesty,5k-a,4234,6,4.562,0.9926,,,0,n,majesties,impressiveness in scale or proportion,
bud,5k-a,4199,7,4.549,0.9908,,,0,name,budded|budding|buds,a partially opened flower,
crane,5k-a,4359,8,4.526,0.9944,,,0,name,craned|cranes|craning,lifts and moves heavy objects; lifting tackle is suspended from a pivoted boom that rotates around a vertical axis,
witch,5k-a,4321,9,4.441,0.9975,,,0,n,witches|witching|witchery,a female sorcerer or magician,
bust,5k-a,4439,10,4.440,1.0000,,,0,v,busted|buster|busters|busting,ruin completely,He busted my radio!
knight,5k-a,4016,11,4.427,0.9974,,,0,name,knighted|knighthood|knightly|knights,originally a person of noble birth trained to arms and chivalry; today in Great Britain a person honored by the sovereign for personal merit,
pierce,5k-a,4412,12,4.410,0.9837,,,0,name,pierced|pierces|piercing|piercingly,cut or make a way through,the knife cut through the flesh
pa,5k-a,4242,13,4.378,0.7429,,,0,name,,an informal term for a father; probably derived from baby talk,
maid,5k-a,4162,14,4.358,0.9951,,,0,n,maids,a female domestic,
chuck,5k-a,4345,15,4.332,0.9832,,,0,v,chucked|chucking|chucks,throw carelessly,chuck the ball
revenge,5k-a,4256,16,4.280,0.9974,C1,,0,n,revenges|revenging|revenged|revengeful,action taken in return for an injury or offense,
marshal,5k-a,4012,17,4.247,0.9176,,,0,n,marshall|marshalled|marshalling|marshalls|marshals,a law officer having duties similar to those of a sheriff in carrying out the judgments of a court of law,
bail,5k-a,4150,18,4.239,0.9928,C1,,0,n,bailed|bailing|bails,(criminal law) money that must be forfeited by the bondsman if an accused person fails to appear in court for trial,"the judge set bail at $10,000"
lad,5k-a,4005,19,4.159,0.9898,C1,,0,n,laddie|laddies|lads,a boy or man,that chap is your host
zoo,5k-a,4479,20,4.135,0.9949,,,0,n,zoos,the facility where wild animals are housed for exhibition,
cherry,5k-a,4205,21,4.133,0.9951,,,0,n,cherries,wood of any of various cherry trees especially the black cherry,
baron,5k-a,4062,22,4.129,0.9868,,,0,n,baroness|baronesses|baronial|barons|barony,a nobleman (in various countries) of varying rank,
paradise,5k-a,4318,23,4.122,0.9954,,,0,n,paradisal|paradises,any place of complete bliss and delight and peace,
goose,5k-a,4369,24,4.115,0.9974,,,0,n,geese|gooses,web-footed long-necked typically gregarious migratory aquatic birds usually larger and less aquatic than ducks,
mob,5k-a,4413,25,4.112,0.9948,C1,,0,n,mobbed|mobbing|mobs,a disorderly crowd of people,
hail,5k-a,4315,26,4.080,0.9952,C1,,0,v,hailed|hailing|hails,praise vociferously,The critics hailed the young pianist as a new Rubinstein
mistress,5k-a,4149,27,4.075,0.9905,,,0,n,mistresses,an adulterous woman; a woman who has an ongoing extramarital sexual relationship with a man,
splendid,5k-a,4032,28,4.067,1.0000,,,0,adj,splendidly,having great beauty and splendor,a glorious spring morning
ham,5k-a,4058,29,4.064,0.9952,,,0,n,hams,meat cut from the thigh of a hog (usually smoked),
temper,5k-a,4092,30,4.058,1.0000,,,0,n,tempers,a sudden outburst of anger,his temper sparked like damp firewood
cock,5k-a,4119,31,4.056,0.9871,,,0,n,cocked|cockier|cockiest|cockily|cockiness|cocking|cocks|cocky,obscene terms for penis,
serial,5k-a,4096,32,4.054,0.9972,C1,,0,adj,serialisation|serialise|serialised|serialises|serialising|serialization|serialize|serialized|serializes|serializing|serially|serials,in regular succession without gaps,serial concerts
dentist,5k-a,4434,33,4.049,0.9923,A2,,0,n,dentistry|dentists,a person qualified to practice dentistry,
gig,5k-a,4406,34,4.049,0.9864,B2,,0,n,gigging|gigs,long and light rowing boat; especially for racing,
massage,5k-a,4480,35,4.045,1.0000,,,0,n,massaged|massager|massagers|massages|massaging,kneading and rubbing parts of the body to increase circulation and promote relaxation,
eternal,5k-a,4384,36,4.031,0.9931,C1,,0,adj,eternally|eternalness,continuing forever or indefinitely,the ageless themes of love and revenge
holly,5k-a,4346,37,4.031,0.9852,,,0,n,,any tree or shrub of the genus Ilex having red berries and shiny evergreen leaves with prickly edges,
passport,5k-a,4265,38,4.020,0.9951,A1,,0,n,passports,any authorization to pass or go somewhere,the pass to visit had a strict time limit
misery,5k-a,4109,39,4.014,0.9975,C1,,0,n,miseries,a state of ill-being due to affliction or misfortune,the misery and wretchedness of those slums is intolerable
compliment,5k-a,4163,40,4.011,0.9921,,,0,n,complimentary|uncomplimentary|complimented|complimenting|compliments,a remark (or act) expressing praise and admiration,
corpse,5k-a,4207,41,4.004,0.9976,,,0,n,corpses,the dead body of a human being,the cadaver was intended for dissection
spider,5k-a,4235,42,4.004,0.9976,A2,,0,n,spiders|spidery,"predatory arachnid with eight legs, two poison fangs, two feelers, and usually two silk-spinning organs at the back end of the body; they spin silk to make cocoons for eggs or traps for prey",
sober,5k-a,4416,43,4.004,0.9924,,,0,adj,sobered|soberer|soberest|sobering|soberly|soberness|sobers,not affected by a chemical substance (especially alcohol),
pistol,5k-a,4401,44,4.003,0.9951,,,0,n,pistols,a firearm that is held and fired with one hand,
heroin,5k-a,4387,45,3.993,0.9976,,,0,n,,a narcotic that is considered a hard drug; a highly addictive morphine derivative; intravenous injection provides the fastest and most intense rush,
bald,5k-a,4402,46,3.988,0.9956,,,0,adj,balder|baldest|balding|baldly|baldness,with no effort to conceal,a barefaced lie
bait,5k-a,4460,47,3.988,0.9945,,,0,n,baited|baiting|baits,anything that serves as an enticement,
kidney,5k-a,4443,48,3.986,0.9973,C1,,0,n,kidneys,either of two bean-shaped excretory organs that filter wastes (especially urea) from the blood and excrete them and water in urine,urine passes out of the kidney through ureters to the bladder
triple,5k-a,4368,49,3.973,0.9953,,,0,adj,tripled|triples|tripling|triply,having three units or components or elements,a ternary operation
cellar,5k-a,4496,50,3.972,0.9915,,,0,n,cellars,the lowermost portion of a structure partly or wholly below ground level; often used for storage,
deed,5k-a,4121,51,3.969,0.9846,C1,,0,n,deeds,a legal document signed and sealed and delivered to effect a transfer of property and to show the legal right to possess it,he signed the deed
whatsoever,5k-a,4392,52,3.965,0.9747,C1,,0,adv,,"one or some or every or all without specification; entity, elective existential pronoun; quantifier, elective existential",give me any peaches you don't want
dale,5k-a,4194,53,3.958,0.8935,,,0,name,dales,an open river valley (in a hilly area),
appetite,5k-a,4289,54,3.952,1.0000,C1,,0,n,appetites,a feeling of craving something,an appetite for life
throne,5k-a,4127,55,3.937,0.9972,,,0,n,thrones,"the chair of state for a monarch, bishop, etc.",the king sat on his throne
rig,5k-a,4155,56,3.936,0.9949,,,0,n,rigged|rigger|riggers|rigging|rigs,gear (including necessary machinery) for a particular enterprise,
tan,5k-a,4186,57,3.935,0.9974,,,0,n,tanned|tanning|tans,a browning of the skin resulting from exposure to the rays of the sun,
vicious,5k-a,4291,58,3.934,1.0000,C1,,0,adj,viciously|viciousness,(of persons or their actions) able or disposed to inflict pain or suffering,a barbarous crime
hack,5k-a,4475,59,3.932,0.9950,,,0,v,hacked|hacker|hackers|hacking|hacks,cut with a hacking tool,
butcher,5k-a,4133,60,3.930,0.9875,,,0,n,butchered|butchering|butchers|butchery,a retailer of meat,
wee,5k-a,4056,61,3.930,0.9333,,,0,adj,,(used informally) little or tiny,a wee tot
yacht,5k-a,4052,62,3.915,0.9884,,,0,n,yachted|yachties|yachting|yachts|yachty,an expensive vessel propelled by sail or power and used for cruising or racing,
pony,5k-a,4177,63,3.909,0.9955,,,0,n,ponies,a range horse of the western United States,
disgrace,5k-a,4305,64,3.905,0.9974,,,0,n,disgraced|disgraceful|disgracefully|disgracefulness|disgraces|disgracing,a state of dishonor,one mistake brought shame to all his family
surgical,5k-a,4498,65,3.905,0.9952,C1,,0,adj,nonsurgical|surgically,of or relating to or involving or used in surgery,surgical instruments
dreadful,5k-a,4066,66,3.904,0.9976,,,0,adj,dreadfully,causing fear or dread or terror,the awful war
rainbow,5k-a,4251,67,3.902,0.9953,,,0,n,rainbows,an arc of colored light in the sky caused by refraction of the sun's rays by rain,
ditch,5k-a,4165,68,3.896,1.0000,,,0,v,ditched|ditches|ditching,forsake,ditch a lover
groom,5k-a,4343,69,3.894,0.9974,,,0,n,groomed|grooming|grooms,a man participant in his own marriage ceremony,
saddle,5k-a,4169,70,3.894,0.9906,,,0,n,saddled|saddler|saddlery|saddles|saddling|unsaddled|unsaddles|unsaddle|unsaddling,a seat for the rider of a horse or other animal,
cue,5k-a,4366,71,3.892,0.9974,B2,,0,n,cued|cueing|cues,an actor's line that immediately precedes and serves as a reminder for some action or speech,
spite,5k-a,4006,72,3.882,0.9926,B2,,0,n,spiteful|spitefully|spitefulness,feeling a need to see others suffer,
umbrella,5k-a,4428,73,3.875,0.9951,A1,,0,n,umbrellas,a lightweight handheld collapsible canopy,
shepherd,5k-a,4068,74,3.872,0.9900,,,0,n,shepherded|shepherdess|shepherdesses|shepherding|shepherds,a clergyman who watches over a group of people,
monk,5k-a,4079,75,3.868,0.9947,C1,,0,n,monkish|monks,a male religious living in a cloister and devoting himself to contemplation and prayer and work,
balcony,5k-a,4216,76,3.865,0.9974,,,0,n,balconies,an upper floor projecting from the rear over the main floor in an auditorium,
jewel,5k-a,4142,77,3.860,0.9975,,,0,n,jewelled|jeweled|jeweller|jewellers|jewels,a precious or semiprecious stone incorporated into a piece of jewelry,
notify,5k-a,4348,78,3.858,0.9949,C1,,0,v,notified|notifies|notifying,inform (somebody) of something,I advised him that the rent was due
fuss,5k-a,4111,79,3.854,0.9921,,,0,n,fussed|fusses|fussier|fussiest|fussily|fussiness|fussing|fussy,an excited state of agitation,he was in a dither
submarine,5k-a,4120,80,3.852,0.9977,,,0,n,antisubmarine|submarines|subs,a submersible warship usually armed with torpedoes,
nowadays,5k-a,4061,81,3.848,0.9616,B2,,0,adv,,in these times,it is solely by their language that the upper classes nowadays are distinguished
nun,5k-a,4295,82,3.843,0.9827,,,0,n,nunneries|nunnery|nuns,a woman religious,
fountain,5k-a,4403,83,3.840,0.9974,,,0,n,fountains,a structure from which an artificially produced jet of water arises,
mug,5k-a,4301,84,3.836,0.9974,,,0,n,mugful|mugs,the quantity that can be held in a mug,
feast,5k-a,4214,85,3.827,1.0000,,,0,n,feasted|feasting|feasts,a ceremonial dinner party for many people,
covenant,5k-a,4049,86,3.826,0.9877,,,0,n,covenanted|covenanter|covenanters|covenanting|covenantor|covenantors|covenants,a signed written agreement between two or more parties (nations) to perform some action,
commonwealth,5k-a,4036,87,3.825,0.9895,,,0,n,commonwealths,the official name of some states in the United States (Massachusetts and Pennsylvania and Virginia and Kentucky) and associated territories (Puerto Rico),
innocence,5k-a,4431,88,3.819,0.9868,,,0,n,,the quality of innocent naivete,
gown,5k-a,4136,89,3.817,0.9949,,,0,n,gowned|gowns,"a woman's dress, usually with a close-fitting bodice and a long flared skirt, often worn on formal occasions",
pier,5k-a,4197,90,3.817,0.9884,,,0,n,piers,a platform built out from the shore into the water and supported by piles; provides access to ships and boats,
detention,5k-a,4465,91,3.816,0.9975,C1,,0,n,detentions,a state of being confined (usually for a short time),his detention was politically motivated
urine,5k-a,4126,92,3.814,0.9923,,,0,n,urinal|urinals|urinary|urinate|urinated|urinates|urinating|urination|urines,liquid excretory product,there was blood in his urine
stark,5k-a,4307,93,3.813,0.9928,C1,,0,adj,starker|starkest|starkly|starkness,devoid of any qualifications or disguise or adornment,the blunt truth
wardrobe,5k-a,4240,94,3.812,0.9951,,,0,n,wardrobes,a tall piece of furniture that provides storage space for clothes; has a door and rails or hooks for hanging clothes,
naive,5k-a,4408,95,3.810,0.9924,,,0,adj,naively|naiveties|naivety,marked by or showing unaffected simplicity and lack of guile or worldly experience,a teenager's naive ignorance of life
quest,5k-a,4418,96,3.808,0.9973,C1,,0,n,quested|questing|quests,a search for an alternative that meets cognitive criteria,the pursuit of love
hay,5k-a,4131,97,3.805,0.9776,,,0,n,hays,grass mowed and cured for use as fodder,
cereal,5k-a,4432,98,3.804,1.0000,,,0,n,cereals,"grass whose starchy grains are used as food: wheat, rice, rye, oats, maize, buckwheat, millet",
chap,5k-a,4022,99,3.804,0.9895,,,0,n,chappie|chappies|chappy|chaps,a boy or man,that chap is your host
velvet,5k-a,4309,100,3.798,0.9974,,,0,n,velvetier|velvetiest|velvets|velvety,a silky densely piled fabric with a plain back,
brace,5k-a,4393,101,3.797,1.0000,,,0,v,braced|braces|bracing,"prepare (oneself), often but not necessarily for something unpleasant or difficult",
scrub,5k-a,4355,102,3.796,0.9925,,,0,v,scrubbed|scrubbing|scrubs,clean with hard rubbing,She scrubbed his back
chorus,5k-a,4229,103,3.785,0.9927,,,0,n,chorused|choruses|chorusing,any utterance produced simultaneously by a group,a chorus of boos
voyage,5k-a,4376,104,3.779,0.9948,,,0,n,voyaged|voyager|voyagers|voyages|voyaging,an act of traveling by water,
compartment,5k-a,4463,105,3.776,0.9948,,,0,n,compartmental|compartmentalisation|compartmentalise|compartmentalised|compartmentalises|compartmentalising|compartmentalization|compartmentalize|compartmentalized|compartmentalizes|compartmentalizing|compartments,a space into which an area is subdivided,
pigeon,5k-a,4374,106,3.772,0.9956,,,0,n,pigeons,wild and domesticated birds having a heavy body and short legs,
sofa,5k-a,4252,107,3.769,0.9952,,,0,n,sofas,an upholstered seat for more than one person,
sour,5k-a,4354,108,3.766,0.9972,,,0,adj,soured|sourer|sourest|souring|sourly|sourness|sours,smelling of fermentation or staleness,
vacuum,5k-a,4275,109,3.762,0.9781,C1,,0,n,vacuumed|vacuuming|vacuums|vacua,the absence of matter,
wheat,5k-a,4281,110,3.760,0.9929,B2,,0,n,wheaten|wheats,annual or biennial grass having erect flower spikes and light brown grains,
sticky,5k-a,4415,111,3.759,0.9952,B2,,0,adj,stickier|stickiest|stickily|stickiness,having the sticky properties of an adhesive,
tomb,5k-a,4386,112,3.751,1.0000,,,0,n,entomb|entombed|entombing|entombment|entombments|entombs|tombs,a place for the burial of a corpse (especially beneath the ground and marked by a tombstone),he put flowers on his mother's grave
quarrel,5k-a,4268,113,3.750,0.9949,,,0,n,quarreled|quarreling|quarrelled|quarrelling|quarrels|quarrelsome,an angry dispute,they had a quarrel
doom,5k-a,4271,114,3.750,0.9947,,,0,n,doomed|dooming|dooms,an unpleasant or disastrous destiny,everyone was aware of the approaching doom but was helpless to avoid it
vest,5k-a,4137,115,3.747,0.9945,,,0,n,vested|vesting|vests,a man's sleeveless garment worn underneath a coat,
slaughter,5k-a,4481,116,3.737,1.0000,,,0,n,slaughtered|slaughterer|slaughterers|slaughtering|slaughters,the killing of animals (as for food),
vow,5k-a,4370,117,3.734,0.9932,C1,,0,v,vowed|vowing|vows,make a vow; promise,He vowed never to drink alcohol again
hatred,5k-a,4267,118,3.734,0.9926,,,0,n,hatreds,the emotion of intense dislike; a feeling of dislike so strong that it demands action,
ant,5k-a,4274,119,3.730,0.9872,,,0,n,ants,social insect living in organized colonies; characteristically the males and fertile queen have wings during breeding season; wingless sterile females are the workers,
stray,5k-a,4453,120,3.728,0.9952,,,0,adj,strayed|straying|strays,not close together in time,isolated instances of rebellion
override,5k-a,4372,121,3.713,0.9863,,,0,n,overridden|overrides|overriding|overrode,a manually operated device to correct the operation of an automatic device,
skeleton,5k-a,4452,122,3.710,0.9901,,,0,n,skeletons,something reduced to its minimal form,the battalion was a mere skeleton of its former self
altar,5k-a,4358,123,3.707,0.9903,,,0,n,altars,the table in Christian churches where communion is given,
ribbon,5k-a,4293,124,3.705,0.9930,,,0,n,ribbons|ribboned,any long object resembling a thin line,a mere ribbon of land
salvation,5k-a,4212,125,3.702,1.0000,,,0,n,salvations,(theology) the act of delivering from sin or saving from evil,
plasma,5k-a,4338,126,3.698,1.0000,,,0,n,plasmas,"the colorless watery fluid of the blood and lymph that contains no cells, but in which the blood cells (erythrocytes, leukocytes, and thrombocytes) are suspended",
static,5k-a,4140,127,3.698,0.9952,,,0,adj,statically,not in physical motion,"She remained motionless, yet poised to take flight"
conquer,5k-a,4273,128,3.698,0.9894,C1,,0,v,conquerable|conquered|conquering|conqueror|conquerors|conquers|unconquerable,bring under control by force or authority,suppress a nascent uprising
torch,5k-a,4208,129,3.698,0.9871,,,0,n,torched|torches|torching,a light usually carried in the hand; consists of some flammable substance,
par,5k-a,4101,130,3.697,0.9693,,,0,n,pars,"(golf) the standard number of strokes set for each hole on a golf course, or for the entire course",a par-5 hole
reckless,5k-a,4468,131,3.693,0.9927,,,0,adj,recklessly|recklessness,marked by defiant disregard for danger or consequences,foolhardy enough to try to seize the gun from the hijacker
blunt,5k-a,4254,132,3.692,1.0000,,,0,adj,blunted|blunter|bluntest|blunting|bluntly|bluntness|blunts,having a broad or rounded end,thick marks made by a blunt pencil
utterly,5k-a,4117,133,3.690,0.9910,C1,,0,adv,uttermost,completely and without qualification; used informally as intensifiers,an absolutely magnificent painting
jockey,5k-a,4232,134,3.686,0.9973,,,0,n,jockeyed|jockeying|jockeys,someone employed to ride horses in horse races,
valve,5k-a,4084,135,3.686,0.9875,,,0,n,bivalve|bivalves|valveless|valves,a structure in a hollow organ (like the heart) with a flap to insure one-way flow of fluid through it,
arc,5k-a,4148,136,3.686,0.9826,,,0,name,arced|arcing|arcs,electrical conduction through a gas in an applied electric field,
regiment,5k-a,4037,137,3.686,0.9789,,,0,n,regimental|regimentation|regimented|regiments,"army unit smaller than a division, which can be divided into several companies, squadrons, or batteries and often into two battalions.",
rag,5k-a,4409,138,3.681,1.0000,,,0,n,raggy|rags,a small piece of cloth,
commence,5k-a,4025,139,3.665,0.9929,C1,,1,v,commenced|commencement|commences|commencing|recommence|recommenced|recommencement|recommencements|recommences|recommencing,take the first step or steps in carrying out an action,We began working at dawn
cement,5k-a,4299,140,3.663,0.9976,,,0,n,cementation|cementations|cemented|cementing|cements,concrete pavement is sometimes referred to as cement,they stood on the grey cement beside the pool
asylum,5k-a,4243,141,3.663,0.9909,C1,,0,n,asylums,a shelter from danger or hardship,
microphone,5k-a,4362,142,3.659,0.9951,,,0,n,microphones|mikes,device for converting sound waves into electrical energy,
filth,5k-a,4385,143,3.657,0.9952,,,0,n,filthier|filthiest|filthily|filthiness|filthy,any substance considered disgustingly foul or unpleasant,
lining,5k-a,4352,144,3.657,0.9952,,,0,n,linings,a protective covering that protects an inside surface,
marathon,5k-a,4245,145,3.652,0.9977,B2,,0,n,marathons,any long and arduous undertaking,
puff,5k-a,4324,146,3.650,0.9974,,,0,n,puffed|puffer|puffers|puffier|puffiest|puffiness|puffing|puffs|puffy,a short light gust of air,
squash,5k-a,4398,147,3.642,0.9953,,,0,n,squashed|squashes|squashier|squashiest|squashing|squashy,any of numerous annual trailing plants of the genus Cucurbita grown for their fleshy edible fruits,
claw,5k-a,4339,148,3.642,0.9859,,,0,n,clawed|clawing|claws,sharp curved horny process on the toe of a bird or some mammals or reptiles,
superintendent,5k-a,4147,149,3.634,0.9899,,,0,n,superintendents|supt|supts|superintend|superintended|superintending|superintends,a person who directs and manages an organization,
flare,5k-a,4160,150,3.626,0.9873,,,0,n,flared|flares|flaring,a shape that spreads outward,the skirt had a wide flare
handkerchief,5k-a,4493,151,3.624,0.9856,,,0,n,handkerchiefs|handkerchieves|hankie|hankies|hanky|hankys,a square piece of cloth used for wiping the eyes or nose or as a costume accessory,
tailor,5k-a,4098,152,3.622,0.9954,,,0,n,tailored|tailoring|tailors,a person whose occupation is making and altering garments,
ripe,5k-a,4329,153,3.622,0.9951,,,0,adj,ripely|ripen|ripened|ripeness|ripening|ripens|riper|ripest|overripe|unripe|unripened,fully developed or matured and ready to be eaten or used,ripe peaches
chimney,5k-a,4325,154,3.622,0.9896,,,0,n,chimneys,a vertical flue that provides a path through which smoke from a fire is carried away through the wall or roof of a building,
batch,5k-a,4331,155,3.620,0.9927,,,0,n,batches,all the loaves of bread baked at the same time,
ruthless,5k-a,4353,156,3.618,0.9869,,,0,adj,ruthlessly|ruthlessness,without mercy or pity,an act of ruthless ferocity
morale,5k-a,4298,157,3.616,0.9814,,,0,n,morales,a state of individual psychological well-being based upon a sense of confidence and usefulness and purpose,
void,5k-a,4257,158,3.614,0.9933,,,0,n,voidable|voided|voiding|voids,the state of nonexistence,
curb,5k-a,4466,159,3.614,0.9896,,,0,n,curbed|curbing|curbs,an edge between a sidewalk and a roadway consisting of a line of curbstones (usually forming part of a gutter),
cardinal,5k-a,4419,160,3.612,0.9934,,,0,n,cardinally|cardinals,(Roman Catholic Church) one of a group of more than 100 prominent bishops in the Sacred College who advise the Pope and elect new Popes,
worthwhile,5k-a,4076,161,3.608,0.9971,C1,,0,adj,,sufficiently valuable to justify the investment of time or interest,a worthwhile book
generals,5k-a,4011,162,3.608,0.4779,,,0,n,gen,a general officer of the highest rank,
token,5k-a,4151,163,3.606,0.9976,,,0,n,tokenism|tokenistic|tokens,an individual instance of a type of symbol,the word ‘error’ contains three tokens of ‘r’
litter,5k-a,4154,164,3.595,0.9975,B2,,0,n,littered|litterer|litterers|littering|litters,the offspring at one birth of a multiparous mammal,
flatter,5k-a,4206,165,3.595,0.9947,,,0,v,flattered|flatterer|flatterers|flattering|flatteringly|flatters|flattery|unflattering,praise somewhat dishonestly,
grove,5k-a,4304,166,3.588,0.9931,,,0,n,groves,a small growth of trees without underbrush,
dye,5k-a,4113,167,3.588,0.9925,,,0,n,dyed|dyeing|dyer|dyers|dyes,a usually soluble substance for staining or coloring e.g. fabrics or hair,
freight,5k-a,4219,168,3.586,0.9919,,,0,n,freighter|freighters|freights,goods carried by a large vehicle,
fury,5k-a,4227,169,3.584,0.9927,,,0,n,furies,a feeling of intense anger,hell hath no fury like a woman scorned
crusade,5k-a,4306,170,3.582,0.9924,,,0,n,crusaded|crusader|crusaders|crusades|crusading,a series of actions advancing a principle or tending toward a particular end,he supported populist campaigns
intercourse,5k-a,4459,171,3.580,1.0000,,,0,n,,communication between individuals,
pact,5k-a,4174,172,3.577,1.0000,,,0,n,pacts,a written agreement between two states or sovereigns,
serum,5k-a,4074,173,3.575,0.9690,,,0,n,antisera|antiserum|antiserums|serums,"an amber, watery fluid, rich in proteins, that separates out when blood coagulates",
fasten,5k-a,4361,174,3.573,0.9977,B1,,0,v,fastened|fastener|fasteners|fastening|fastenings|fastens|unfasten|unfastened|unfastening|unfastens,cause to be firmly attached,fasten the lock onto the door
menace,5k-a,4288,175,3.573,0.9895,,,0,n,menaced|menaces|menacing|menacingly,something that is a source of danger,earthquakes are a constant threat in Japan
tidy,5k-a,4021,176,3.571,0.9972,A2,,0,adj|v,tidied|tidier|tidies|tidiest|tidily|tidiness|tidying|untidier|untidiest|untidily|untidiness|untidy,marked by order and cleanliness in appearance or habits,a tidy person
monastery,5k-a,4400,177,3.571,0.9827,,,0,n,monasteries,the residence of a religious community,
limp,5k-a,4476,178,3.566,0.9874,,,0,n,limped|limper|limpers|limps|limping|limply|limpness,the uneven manner of walking that results from an injured leg,
swap,5k-a,4164,179,3.561,0.9888,,,0,v,swapped|swapping|swaps,exchange or give (something) in exchange for,
fiddle,5k-a,4430,180,3.561,0.9865,,,0,n,fiddled|fiddler|fiddlers|fiddles|fiddling,bowed stringed instrument that is the highest member of the violin family; this instrument has four strings and a hollow body and an unfretted fingerboard and is played with a bow,
ignorance,5k-a,4198,181,3.559,1.0000,C1,,0,n,,the lack of knowledge or education,
chalk,5k-a,4166,182,3.557,0.9973,,,0,n,chalked|chalkier|chalkiest|chalkiness|chalking|chalks|chalky,a soft whitish calcite,
bulletin,5k-a,4333,183,3.557,0.9954,,,0,n,bulletins,a brief report (especially an official statement issued for immediate publication or broadcast),
referee,5k-a,4047,184,3.557,0.9947,B2,,0,n,refereed|refereeing|referees,(sports) the chief official (as in boxing or American football) who is expected to ensure fair play,
bowel,5k-a,4073,185,3.557,0.9881,,,0,n,bowels,the part of the alimentary canal between the stomach and the anus,
bypass,5k-a,4364,186,3.554,0.9904,,,0,n,bypassed|bypasses|bypassing,a highway that encircles an urban area so that traffic does not have to pass through the center,
symphony,5k-a,4250,187,3.552,0.9974,,,0,n,symphonic|symphonies,a long and complex sonata for symphony orchestra,
sniff,5k-a,4103,188,3.552,0.9901,,,0,v,sniffed|sniffer|sniffers|sniffing|sniffs|sniffy,perceive by inhaling through the nose,sniff the perfume
foam,5k-a,4424,189,3.547,1.0000,,,0,n,foamed|foamier|foamiest|foaminess|foaming|foams|foamy,a mass of small bubbles formed in or on a liquid,the beer had a thick head of foam
marsh,5k-a,4054,190,3.547,0.9928,,,0,name,marshes|marshier|marshiest|marshy,low-lying wet land with grassy vegetation; usually is a transition zone between land and water,thousands of acres of marshland
stool,5k-a,4201,191,3.547,0.9851,,,0,n,stools,a simple seat without a back or arms,
eccentric,5k-a,4495,192,3.547,0.9796,,,0,adj,eccentrically|eccentricities|eccentricity|eccentrics,conspicuously or grossly unconventional or unusual,"restaurants of bizarre design — one like a hat, another like a rabbit"
premature,5k-a,4247,193,3.542,0.9930,,,0,adj,prematurely,born after a gestation period of less than the normal time,a premature infant
pending,5k-a,4489,194,3.535,0.9976,,,0,adj,,awaiting conclusion or confirmation,business still pending
manor,5k-a,4019,195,3.535,0.9847,,,0,n,manorial|manors,the mansion of a lord or wealthy person,
precaution,5k-a,4310,196,3.535,0.9820,,,0,n,precautionary|precautions,a precautionary measure warding off impending danger or damage or injury etc.,he put an ice pack on the injury as a precaution
toll,5k-a,4300,197,3.527,0.9926,C1,,0,n,tolls,a fee levied for the use of roads or bridges,
prototype,5k-a,4487,198,3.522,0.9924,,,0,n,prototyped|prototypes|prototypical|prototyping,a standard or typical example,he is the prototype of good breeding
telegraph,5k-a,4134,199,3.517,0.9976,,,0,n,telegraphed|telegraphic|telegraphing|telegraphs|telegraphy,apparatus used to communicate at a distance over a wire (usually in Morse code),
pint,5k-a,4035,200,3.517,0.9974,,,0,n,pints,a British imperial capacity measure (liquid or dry) equal to 4 gills or 568.26 cubic centimeters,
slate,5k-a,4336,201,3.512,0.9895,,,0,n,slated|slates|slating,(formerly) a writing tablet made of slate,
nuisance,5k-a,4290,202,3.509,0.9774,,,0,n,nuisances,(law) a broad legal concept including anything that disturbs the reasonable use of your property or endangers life and health or is offensive,
radioactive,5k-a,4239,203,3.507,0.9976,,,0,adj,nonradioactive|radioactively|radioactivities|radioactivity,exhibiting or caused by radioactivity,radioactive isotope
hen,5k-a,4448,204,3.507,0.9853,,,0,n,hens,adult female chicken,
brigade,5k-a,4125,205,3.507,0.9844,,,0,n,brigades,"army unit smaller than a division, typically consisting of a small number of battalions",
transit,5k-a,4447,206,3.504,0.9935,C1,,1,n,transited|transiting|transits,"a surveying instrument for measuring horizontal and vertical angles, consisting of a small telescope mounted on a tripod",
ecstasy,5k-a,4420,207,3.504,0.9844,,,0,n,ecstasies|ecstatic|ecstatically,a state of being carried away by overwhelming emotion,listening to sweet music in a perfect rapture
abbey,5k-a,4023,208,3.504,0.9508,,,0,n,abbeys,a church associated with a monastery or convent,
squat,5k-a,4261,209,3.499,0.9946,,,0,n,squats|squatted|squatter|squatters|squatting,exercising by repeatedly assuming a crouching position with the knees bent; strengthens the leg muscles,
dwarf,5k-a,4204,210,3.490,0.9975,,,0,n,dwarfed|dwarfing|dwarfish|dwarfism|dwarfs|dwarves,a person who is markedly small,
trench,5k-a,4422,211,3.490,0.9902,,,0,n,trenches|trenching,a ditch dug as a fortification having a parapet of the excavated earth,
inferior,5k-a,4270,212,3.488,1.0000,,,0,adj,inferiorities|inferiority|inferiors,of or characteristic of low rank or importance,
upright,5k-a,4116,213,3.482,1.0000,,,0,adj,uprightly|uprights,in a vertical position; not sloping,an upright post
cloak,5k-a,4425,214,3.479,0.9922,,,0,n,cloaked|cloaks,anything that covers or conceals,
recite,5k-a,4357,215,3.479,0.9812,,,0,v,recital|recitalist|recitalists|recitals|recitation|recitations|recitative|recitatives|recited|reciter|reciters|recites|reciting,recite in elocution,
shrine,5k-a,4266,216,3.474,1.0000,,,0,n,enshrine|enshrined|enshrinement|enshrinements|enshrines|enshrining|shrines,a place of worship hallowed by association with some sacred thing or person,
calf,5k-a,4138,217,3.474,0.9930,,,0,n,calve|calved|calves|calving,young of domestic cattle,
junction,5k-a,4015,218,3.471,0.9974,C1,,0,n,junctions,the place where two or more things come together,
linen,5k-a,4334,219,3.468,0.9901,,,0,n,linens,a fabric woven with fibers from the flax plant,
cone,5k-a,4373,220,3.468,0.9848,,,0,n,cones|conic|conical|conically,any cone-shaped artifact,
superficial,5k-a,4202,221,3.465,0.9923,,,0,adj,superficialities|superficiality|superficially,concerned with or comprehending only what is apparent or obvious; not deep or penetrating emotionally or intellectually,superficial similarities
millilitre,5k-a,4007,222,3.459,0.7622,,,0,n,mil|milliliter|milliliters|millilitres|mils|ml|mll|mlls|mls,a metric unit of volume equal to one thousandth of a liter,
cellular,5k-a,4188,223,3.456,0.9974,,,0,adj,extracellular|intercellular|intracellular,relating to cells,cellular walls
cricket,5k-a,4003,224,3.453,0.9948,,,0,n,cricketed|cricketer|cricketers|cricketing,leaping insect; male makes chirping noises by rubbing the forewings together,
dairy,5k-a,4238,225,3.447,0.9976,B2,,0,n|adj,dairied|dairies|dairying,a farm where dairy products are produced,
velocity,5k-a,4241,226,3.447,0.9949,,,0,n,velocities,distance travelled per unit time,
aquarium,5k-a,4319,227,3.444,0.9932,,,0,n,aquariums|aquaria,a tank or pool or bowl filled with water for keeping live fish and underwater animals,
steward,5k-a,4050,228,3.441,0.9896,,,0,n,stewardess|stewardesses|stewards|stewardship,someone who manages property or other affairs for someone else,
liaison,5k-a,4259,229,3.438,0.9625,,,0,n,liaisons,a usually secretive or illicit sexual relationship,
blush,5k-a,4469,230,3.429,0.9949,,,0,n,blushed|blusher|blushers|blushes|blushing|blushingly,a rosy color (especially in the cheeks) taken as a sign of good health,
diesel,5k-a,4071,231,3.425,0.9975,,,0,n,diesels,an internal-combustion engine that burns heavy oil,
stocking,5k-a,4210,232,3.422,0.9955,,,0,n,stockinged|stockings,close-fitting hosiery to cover the foot and leg; come in matched pairs (usually used in the plural),
plaster,5k-a,4115,233,3.422,0.9945,,,0,n,plastered|plasterer|plasterers|plastering|plasters,a mixture of lime or gypsum with sand and water; hardens into a smooth solid; used to cover walls and ceilings,
appendix,5k-a,4028,234,3.419,0.9931,,,0,n,appendices|appendixes,supplementary material that is collected and appended at the back of a book,
harness,5k-a,4472,235,3.419,0.9902,,,0,n,harnessed|harnesses|harnessing|unharnessed,a support consisting of an arrangement of straps for holding something to the body (especially one supporting a person suspended from a parachute),
descent,5k-a,4230,236,3.416,0.9920,C1,,0,n,descents,a movement downward,the rise and fall of the tides
herald,5k-a,4110,237,3.416,0.9749,,,0,n,heralded|heraldic|heralding|heralds|unheralded,(formal) a person who announces important news,the chieftain had a herald who announced his arrival with a trumpet
ulcer,5k-a,4013,238,3.412,0.9836,,,0,n,antiulcer|ulcerate|ulcerated|ulcerates|ulcerating|ulceration|ulcerations|ulcerative|ulcerous|ulcers,a circumscribed inflammatory and often suppurating lesion on the skin or an internal mucous surface resulting in necrosis of tissue,
offspring,5k-a,4394,239,3.409,0.9905,C1,,0,n,,the immediate descendants of a person,she was the mother of many offspring
sway,5k-a,4263,240,3.406,1.0000,,,0,v,swayed|swaying|sways,move back and forth or sideways,the ship was rocking
microscope,5k-a,4161,241,3.406,0.9954,,,0,n,microscopes|microscopic|microscopical|microscopically|microscopy,magnifier of the image of small objects,the invention of the microscope led to the discovery of the cell
dread,5k-a,4217,242,3.402,0.9976,,,0,n,dreaded|dreading|dreads,fearful expectation or anticipation,the student looked around the examination room with apprehension
drastic,5k-a,4231,243,3.402,0.9973,,,0,adj,drastically,forceful and extreme and rigorous,drastic measures
miniature,5k-a,4260,244,3.402,0.9953,,,0,adj,miniatures|miniaturisation|miniaturise|miniaturised|miniaturises|miniaturising|miniaturist|miniaturists|miniaturization|miniaturize|miniaturized|miniaturizes|miniaturizing,being on a very small scale,a miniature camera
extinct,5k-a,4262,245,3.402,0.9870,,,0,adj,extinction|extinctions,no longer in existence; lost or especially having died out leaving no living representatives,an extinct species of fish
rust,5k-a,4272,246,3.399,0.9903,,,0,n,rusted|rustier|rustiest|rustiness|rusting|rusts|rusty,a red or brown oxide coating on iron or steel caused by the action of oxygen and moisture,
cupboard,5k-a,4031,247,3.399,0.9898,A2,,0,n,cupboards,a small room (or recess) or cabinet used for storage space,
catastrophe,5k-a,4492,248,3.396,1.0000,,,0,n,catastrophes|catastrophic|catastrophically,an event resulting in great loss and misfortune,the whole city was affected by the irremediable calamity
mandatory,5k-a,4344,249,3.396,0.9975,C1,,0,adj,,required by rule,in most schools physical education is compulsory
parasite,5k-a,4316,250,3.396,0.9894,,,0,n,parasites|parasitic|parasitically,an animal or plant that lives in or on a host (another animal or plant); it obtains nourishment from the host without benefiting or killing the host,
rim,5k-a,4458,251,3.392,0.9927,,,0,n,rimless|rimmed|rims,the shape of a raised edge of a more or less circular object,
masculine,5k-a,4246,252,3.392,0.9926,,,0,adj,masculinities|masculinity,male (of grammatical gender),
uphold,5k-a,4178,253,3.385,0.9973,C1,,0,v,upheld|upholder|upholders|upholding|upholds,keep or maintain in unaltered condition; cause to remain or last,preserve the peace in the family
imminent,5k-a,4461,254,3.385,0.9725,C1,,0,adj,imminence|imminently,close in time; about to occur,retribution is at hand
grammar,5k-a,4010,255,3.382,0.9954,,,0,n,grammarian|grammarians|grammars,the branch of linguistics that deals with syntax and morphology (and sometimes also deals with semantics),
slash,5k-a,4478,256,3.382,0.9924,C1,,0,v,slashed|slasher|slashers|slashes|slashing,cut with sweeping strokes; as with an ax or machete,
coral,5k-a,4276,257,3.378,0.9974,,,0,n,corals,a variable color averaging a deep pink,
vocabulary,5k-a,4123,258,3.371,1.0000,,,0,n,vocabularies,a listing of the words used in some enterprise,
flop,5k-a,4190,259,3.367,0.9975,,,0,n,flopped|floppier|floppies|floppiest|floppily|floppiness|flopping|floppy|flops,an arithmetic operation performed on floating-point numbers,this computer can perform a million flops per second
siege,5k-a,4444,260,3.367,0.9802,,,0,n,sieges,the action of an armed force that surrounds a fortified place and isolates it while continuing to attack,
duplicate,5k-a,4326,261,3.364,0.9903,,,0,v,duplicated|duplicates|duplicating|duplication|duplications|duplicator|duplicators|reduplication,make or do or perform again,He could never replicate his brilliant performance of the magic trick
captive,5k-a,4440,262,3.360,1.0000,,,0,n,captives|captivities|captivity,a person who is confined; especially a prisoner of war,
frantic,5k-a,4390,263,3.360,1.0000,,,0,adj,frantically,excessively agitated; distraught with fear or other violent emotion,frantic with anger and frustration
meadow,5k-a,4157,264,3.360,0.9919,,,0,n,meadows,a piece of land covered or mostly covered with grass; a field where grass or alfalfa are grown to be made into hay,
tread,5k-a,4193,265,3.360,0.9916,,,0,v,treading|treads|trod|trodden|retreaded|retread|retreads|retreading,"put down or press the foot, place the foot",For fools rush in where angels fear to tread
chant,5k-a,4337,266,3.360,0.9898,,,0,n,chanted|chanter|chanters|chanting|chants,a repetitive song in which as many syllables as necessary are assigned to a single tone,
memorable,5k-a,4371,267,3.356,0.9953,B2,,0,adj,memorability|memorableness|memorably|unmemorable,worth remembering,
sterling,5k-a,4038,268,3.349,0.9796,,,0,n,,British money; especially the pound sterling as the basic monetary unit of the UK,
renaissance,5k-a,4168,269,3.345,0.9883,,,0,n,renaissances,the revival of learning and culture,
cushion,5k-a,4156,270,3.337,0.9945,,,0,n,cushioned|cushioning|cushions,a mechanical damper; absorbs energy of sudden impulses,the old car needed a new set of shocks
tee,5k-a,4152,271,3.337,0.9857,,,0,n,teed|teeing|tees,the starting place for each hole on a golf course,they were waiting on the first tee
courtyard,5k-a,4441,272,3.333,0.9934,,,0,n,courtyards,an area wholly or partly surrounded by walls or buildings,the house was built around an inner court
vine,5k-a,4382,273,3.325,0.9955,,,0,n,vines,"a plant with a weak stem that derives support from climbing, twining, or creeping along a surface",
communism,5k-a,4335,274,3.325,0.9898,,,0,n,,a form of socialism that abolishes private ownership,
unanimous,5k-a,4360,275,3.325,0.9845,,,0,adj,unanimously,in complete agreement,a unanimous decision
glitter,5k-a,4171,276,3.313,0.9949,,,0,n,glittered|glittering|glitters|glittery,the quality of shining with a bright reflected light,
guild,5k-a,4287,277,3.309,0.9927,,,0,n,guilds,a formal association of people with similar interests,he joined a golf club
divert,5k-a,4146,278,3.309,0.9846,C1,,0,v,diverted|diverting|diverts,turn aside; turn away from,
smuggle,5k-a,4473,279,3.305,0.9920,,,0,v,smuggled|smuggler|smugglers|smuggles|smuggling,import or export without paying customs duties,She smuggled cigarettes across the border
moor,5k-a,4018,280,3.300,0.9093,,,0,n,moored|mooring|moorings|moors,open land usually with peaty soil covered with heather and bracken and moss,
arctic,5k-a,4445,281,3.296,0.9921,,,0,adj,subarctic,extremely cold,an arctic climate
winding,5k-a,4083,282,3.296,0.9888,,,0,v,winder|winders|windings,the act of winding or twisting,he put the key in the old clock and gave it a good wind
persuasion,5k-a,4118,283,3.296,0.9815,,,0,n,persuasions|persuasive|persuasively|persuasiveness,the act of persuading (or attempting to persuade); communication intended to induce belief or action,
apprentice,5k-a,4051,284,3.292,0.9950,,,0,n,apprenticed|apprentices|apprenticeship|apprenticeships,works for an expert to learn a trade,
turbulence,5k-a,4379,285,3.292,0.9950,,,0,n,turbulences|turbulent|turbulently,unstable flow of a liquid or gas,
dart,5k-a,4224,286,3.287,0.9922,,,0,n,darted|darting|darts,a small narrow pointed missile that is thrown or shot,
decree,5k-a,4080,287,3.287,0.9758,,,0,n,decreed|decreeing|decrees,a legally binding command or decision entered on the court record (as if issued by a court or judge),a friend in New Mexico said that the order caused no trouble out there
sow,5k-a,4244,288,3.287,0.9701,,,0,v,sowed|sower|sowers|sowing|sowings|sown|sows,place (seeds) in or on the ground for future growth,She sowed sunflower seeds
brochure,5k-a,4104,289,3.283,0.9884,,,0,n,brochures,a small book usually having a paper cover,
moan,5k-a,4215,290,3.279,0.9973,,,0,v,moaned|moaner|moaners|moaning|moans,"indicate pain, discomfort, or displeasure",The students groaned when the professor got out the exam booklets
chemist,5k-a,4144,291,3.274,1.0000,,,0,n,chemists,a scientist who specializes in chemistry,
reservoir,5k-a,4225,292,3.274,0.9952,,,0,n,reservoirs,a large or extra supply of something,a reservoir of talent
aloud,5k-a,4405,293,3.270,0.9955,,,0,adv,,using the voice; not silently,please read the passage aloud
slab,5k-a,4490,294,3.270,0.9955,,,0,n,slabs,block consisting of a thick piece of something,
brow,5k-a,4176,295,3.270,0.9894,,,0,n,brows,the part of the face above the eyes,
trivial,5k-a,4253,296,3.265,0.9974,,,0,adj,trivialisation|trivialisations|trivialise|trivialised|trivialises|trivialising|trivialities|triviality|trivialization|trivializations|trivialize|trivialized|trivializes|trivializing|trivially,(informal) small and of little importance,a fiddling sum of money
cassette,5k-a,4180,297,3.265,0.9952,,,0,n,cassettes,a container that holds a magnetic tape used for recording or playing sound or video,
chord,5k-a,4249,298,3.265,0.9903,,,0,n,chordal|chords,a straight line connecting two points on a curve,
ample,5k-a,4311,299,3.265,0.9772,,,0,adj,amply,more than enough in size or scope or capacity,had ample food for the party
prone,5k-a,4427,300,3.260,0.9950,,,0,adj,proneness,having a tendency (to); often used in combination,a child prone to mischief
spiral,5k-a,4269,301,3.256,0.9950,,,0,n,spiralled|spiralling|spirallings|spirally|spirals,a plane curve traced by a point circling about the center but at increasing distances from the center,
commend,5k-a,4351,302,3.256,0.9948,,,0,v,commendable|commendably|commendation|commendations|commendatory|commended|commending|commends,express approbation of,
delete,5k-a,4069,303,3.251,0.9974,B2,,0,v,deleted|deletes|deleting|deletion|deletions,remove or make invisible,Please delete my name from your list
typed,5k-a,4075,304,3.251,0.9831,,,0,v,typing|typist|typists,write by means of a keyboard with types,"type the acceptance letter, please"
staircase,5k-a,4297,305,3.246,0.9976,,,0,n,staircases,a way of access (upward and downward) consisting of a set of steps,
apt,5k-a,4395,306,3.246,0.9786,,,0,adj,apter|aptest|aptly|aptness|inapt|inaptly|inaptness,(usually followed by ‘to’) naturally disposed toward,he is apt to ignore matters he considers unimportant
giggle,5k-a,4292,307,3.236,0.9950,,,0,v,giggled|giggler|gigglers|giggles|giggling|giggly,laugh nervously,The girls giggled when the rock star came into the classroom
formidable,5k-a,4222,308,3.236,0.9888,,,0,adj,formidably,extremely impressive in strength or excellence,a formidable opponent
stalk,5k-a,4330,309,3.231,1.0000,,,0,v,stalked|stalker|stalkers|stalking|stalkings|stalks,walk stiffly,
flats,5k-a,4030,310,3.231,0.4930,,,0,n,flatted|flatting,footwear (shoes or slippers) with no heel (or a very low heel),
wholesale,5k-a,4314,311,3.226,0.9948,,,0,adj,wholesaler|wholesalers|wholesales|wholesaling,ignoring distinctions,sweeping generalizations
buffer,5k-a,4332,312,3.226,0.9895,C1,,0,n,buffered|buffering|buffers,(chemistry) an ionic compound that resists changes in its pH,
lash,5k-a,4313,313,3.226,0.9894,,,0,v,lashed|lashes|lashing|lashings,beat severely with a whip or rod,The teacher often flogged the students
gel,5k-a,4421,314,3.216,0.9898,,,0,n,gelled|gelling|gels,a colloid in a more solid form than a sol,
plausible,5k-a,4124,315,3.216,0.9835,,,0,adj,implausibility|implausible|implausibly|plausibilities|plausibility|plausibly,"apparently reasonable and credible, and therefore convincing",a plausible excuse
laden,5k-a,4483,316,3.216,0.9577,,,0,v,lading|unladen,remove with or as if with a ladle,ladle the water out of the bowl
coil,5k-a,4328,317,3.211,0.9929,,,0,n,coiled|coiling|coils|uncoil|uncoiled|uncoiling|uncoils,a structure consisting of something wound in a continuous series of loops,a coil of rope
socket,5k-a,4340,318,3.211,0.9928,,,0,n,sockets,a bony hollow into which a structure fits,
axis,5k-a,4203,319,3.206,0.9898,,,0,n,,a straight line through a body or figure that satisfies certain conditions,
highland,5k-a,4041,320,3.206,0.9869,,,0,n,highlander|highlanders|highlands,"elevated (e.g., mountainous) land",
pillar,5k-a,4255,321,3.206,0.9857,,,0,n,pillared|pillars,a fundamental principle or practice,science eroded the pillars of superstition
orient,5k-a,4221,322,3.206,0.9829,,,1,name,oriental|orientalism|orientalist|orientalists|orientals,the hemisphere that includes Eurasia and Africa and Australia,
cylinder,5k-a,4087,323,3.200,0.9949,,,0,n,cylinders,a solid bounded by a cylindrical surface and two parallel planes (the bases),
earnest,5k-a,4423,324,3.200,0.9948,,,0,adj,earnestly|earnestness,characterized by a firm and humorless belief in the validity of your opinions,"both sides were deeply in earnest, even passionate"
revolt,5k-a,4211,325,3.195,0.9953,,,0,n,revolted|revolting|revolts,organized opposition to authority; a conflict in which one faction tries to wrest control from another,
pasture,5k-a,4327,326,3.189,0.9951,,,0,n,pastures|pasturage,a field covered with grass or herbage and suitable for grazing by livestock,
lateral,5k-a,4484,327,3.189,0.9922,,,0,adj,laterality|laterally|laterals,situated at or extending to the side,the lateral branches of a tree
quarry,5k-a,4072,328,3.189,0.9868,,,0,n,quarried|quarries|quarrying|quarrier|quarriers,a person who is the aim of an attack (especially a victim of ridicule or exploitation) by some hostile person or influence,he fell prey to muggers
sob,5k-a,4397,329,3.184,0.9952,,,0,n,sobbed|sobbing|sobs,convulsive gasp made while weeping,
apparatus,5k-a,4170,330,3.184,0.9928,C1,,0,n,apparatuses,equipment designed to serve a specific function,
remainder,5k-a,4044,331,3.184,0.9847,C1,,0,n,remaindered|remaindering|remainders,something left after other parts have been taken away,there was no remainder
tablet,5k-a,4122,332,3.178,1.0000,A2,,0,n,tablets,a slab of stone or wood suitable for bearing an inscription,
hemisphere,5k-a,4167,333,3.178,0.9924,,,0,n,hemispheres|hemispheric|hemispherical,half of the terrestrial globe,
potent,5k-a,4303,334,3.178,0.9853,,,0,adj,impotent|impotently|potently,having great influence,
conspicuous,5k-a,4213,335,3.173,0.9948,,,0,adj,conspicuously|conspicuousness|inconspicuous|inconspicuously|inconspicuousness,obvious to the eye or mind,a tower conspicuous at a great distance
redundant,5k-a,4008,336,3.167,0.9946,,,0,adj,redundancies|redundancy|redundantly,"more than is needed, desired, or required",trying to lose excess weight
mystic,5k-a,4233,337,3.167,0.9886,,,0,adj,mystical|mystically|mysticism|mystics,having an import not apparent to the senses nor obvious to the intelligence; beyond ordinary understanding,mysterious symbols
aviation,5k-a,4347,338,3.161,0.9947,,,0,n,,the aggregation of a country's military aircraft,
tract,5k-a,4437,339,3.161,0.9927,,,0,n,tracts,an extended area of land,
apprehend,5k-a,4477,340,3.161,0.9858,,,0,v,apprehended|apprehending|apprehends|apprehension|apprehensions|misapprehend|misapprehends|misapprehension|misapprehensions,get the meaning of something,Do you comprehend the meaning of this letter?
horrified,5k-a,4456,341,3.155,1.0000,,,0,v,horrifies|horrify|horrifying|horrifyingly,stricken with horror,
ivory,5k-a,4410,342,3.149,1.0000,,,0,n,ivories,a hard smooth ivory colored dentine that makes up most of the tusks of elephants and walruses,
pedestrian,5k-a,4302,343,3.149,0.9891,,,0,n,pedestrianisation|pedestrianised|pedestrianization|pedestrianized|pedestrians,a person who travels by foot,
garment,5k-a,4128,344,3.149,0.9861,,,0,n,garments,an article of clothing,garments of the finest silk
parcel,5k-a,4108,345,3.149,0.9814,,,0,n,parcelled|parcelling|parcels,a wrapped container,
forthcoming,5k-a,4057,346,3.143,0.9916,C1,,1,adj,,at ease in talking to others,
magistrate,5k-a,4009,347,3.143,0.9502,C1,,0,n,magistrates,a lay judge or civil authority who administers the law (especially one who conducts a court dealing with minor offenses),
simplicity,5k-a,4391,348,3.137,0.9976,,,0,n,simplicities,the quality of being simple or uncompounded,the simplicity of a crystal
inflict,5k-a,4159,349,3.137,0.9925,C1,,0,v,inflicted|inflicting|infliction|inflictions|inflicts,impose something unpleasant,The principal visited his rage on the students
beneficiary,5k-a,4389,350,3.137,0.9906,C1,,0,n,beneficiaries,the recipient of funds or other benefits,
dispense,5k-a,4139,351,3.137,0.9894,,,0,v,dispensaries|dispensary|dispensation|dispensations|dispensed|dispenser|dispensers|dispenses|dispensing,"administer or bestow, as in small portions",administer critical remarks to everyone present
inland,5k-a,4046,352,3.137,0.9877,,,0,adv,,towards or into the interior of a region,the town is five miles inland
amnesty,5k-a,4181,353,3.131,0.9829,,,0,n,amnesties,a period during which offenders are exempt from punishment,
strive,5k-a,4284,354,3.124,0.9952,C1,,0,v,striven|strives|striving|strove,attempt by employing effort,we endeavor to make our customers happy
ration,5k-a,4367,355,3.118,0.9949,,,0,n,rationed|rationing|rations,the food allowance for one day (especially for service personnel),the rations should be nutritionally balanced
intake,5k-a,4141,356,3.118,0.9926,C1,,0,n,intakes,the process of taking food into the body through the mouth (as by eating),
tolerant,5k-a,4396,357,3.111,0.9976,,,0,adj,intolerance|intolerances|intolerant|intolerantly|tolerantly,showing respect for the rights or opinions or practices of others,
singular,5k-a,4195,358,3.111,0.9932,,,0,adj,singularities|singularity|singularly|singulars,unusual or striking,a remarkable sight
susceptible,5k-a,4436,359,3.111,0.9810,,,0,adj,insusceptible|susceptibilities|susceptibility,(often followed by ‘of’ or ‘to’) yielding readily to or capable of,susceptible to colds
embark,5k-a,4086,360,3.105,0.9900,C1,,0,v,embarkation|embarkations|embarked|embarking|embarks,go on board,
anomaly,5k-a,4486,361,3.098,0.9681,,,0,n,anomalies|anomalous|anomalously,deviation from the normal or common order or form or rule,
thereafter,5k-a,4077,362,3.091,0.9973,C1,,0,adv,,from that time on,thereafter he never called again
nitrogen,5k-a,4383,363,3.084,0.9949,,,0,n,nitrogenous|nitrogens,a common nonmetallic element that is normally a colorless odorless tasteless inert diatomic gas; constitutes 78 percent of the atmosphere by volume; a constituent of all living tissues,
proprietor,5k-a,4053,364,3.077,0.9792,,,0,n,proprietary|proprietorial|proprietorially|proprietors|proprietorship|proprietorships|proprietress,(law) someone who owns (is legal possessor of) a business,he is the owner of a chain of restaurants
bourgeois,5k-a,4045,365,3.077,0.8965,,,0,adj,bourgeoisie|bourgeoisies,(according to Marxist thought) being of the property-owning class and exploitive of the working class,
hover,5k-a,4404,366,3.070,0.9971,,,0,v,hovered|hovering|hovers,be undecided about something; waver between conflicting positions or courses of action,He oscillates between accepting the new position and retirement
volatile,5k-a,4317,367,3.070,0.9847,,,0,adj,nonvolatile|volatiles|volatilities|volatility,evaporating readily at normal temperatures and pressures,volatile oils
disapprove,5k-a,4179,368,3.063,0.9922,,,0,v,disapproval|disapprovals|disapproved|disapproves|disapproving|disapprovingly,consider bad or wrong,
analogy,5k-a,4185,369,3.063,0.9919,C1,,1,n,analogical|analogies|analogise|analogised|analogises|analogising|analogize|analogized|analogizes|analogizing,an inference that if things agree in some respects they probably agree in others,
ornament,5k-a,4192,370,3.063,0.9875,,,0,n,ornamental|ornamentally|ornamentation|ornamented|ornaments,something used to beautify,
rove,5k-a,4014,371,3.063,0.8524,,,0,v,roved|rover|rovers|roves|roving,"move about aimlessly or without any destination, often in search of food or employment",The gypsies roamed the woods
membrane,5k-a,4091,372,3.055,0.9976,,,0,n,membranes|membranous,a thin pliable sheet of material,
shudder,5k-a,4341,373,3.055,0.9949,,,0,v,shuddered|shuddering|shudders,"shake, as from cold",The children are shivering — turn on the heat!
submission,5k-a,4064,374,3.040,0.9974,C1,,0,n,submissions,something (manuscripts or architectural plans and models or estimates or works of art of all genres etc.) submitted for the judgment of others (as in a competition),several of his submissions were rejected by publishers
bleak,5k-a,4279,375,3.040,0.9924,,,0,adj,bleaker|bleakest|bleakly|bleakness,offering little or no hope,the future looked black
enzyme,5k-a,4135,376,3.032,0.9930,,,0,n,enzymes,any of several complex proteins that are produced by cells and act as catalysts in specific biochemical reactions,
verb,5k-a,4081,377,3.032,0.9925,,,0,n,verbs,the word class that serves as the predicate of a sentence,
plough,5k-a,4102,378,3.032,0.9348,,,0,v,ploughed|ploughing|ploughs|plow|plowed|plowing|plows,move in a way resembling that of a plow cutting into or going through the soil,The ship plowed through the water
elastic,5k-a,4158,379,3.024,0.9973,,,0,adj,elastically|elasticated|elasticise|elasticised|elasticises|elasticising|elasticities|elasticity|elasticize|elasticized|elasticizes|elasticizing|elastics|inelastic|nonelastic,capable of resuming original shape after stretching or compression; springy,an elastic band
withhold,5k-a,4491,380,3.024,0.9950,,,0,v,withheld|withholding|withholds,hold back; refuse to hand over or share,The father is withholding the allowance until the son cleans his room
drape,5k-a,4236,381,3.024,0.9925,,,0,n,draped|draper|draperies|drapers|drapery|drapes|draping,hanging cloth used as a blind (especially for a window),
brisk,5k-a,4356,382,3.024,0.9921,,,0,adj,brisker|briskest|briskly|briskness,quick and energetic,a brisk walk in the park
intestine,5k-a,4099,383,3.016,0.9973,,,0,n,intestinal|intestines,the part of the alimentary canal between the stomach and the anus,
meditate,5k-a,4462,384,3.016,0.9874,C1,,0,n,meditated|meditates|meditating|meditation|meditations|meditative|meditatively|meditator|meditators,reflect deeply on a subject,I mulled over the events of the afternoon
grate,5k-a,4377,385,3.016,0.9854,,,0,n,grated|grater|graters|grates|grating|gratings,a frame of iron bars to hold a fire,
arbitrary,5k-a,4093,386,3.016,0.9843,C1,,1,adj,arbitrarily|arbitrariness,based on or subject to individual discretion or preference or sometimes impulse or caprice,an arbitrary decision
default,5k-a,4112,387,3.008,0.9925,C1,,0,n,defaulted|defaulter|defaulters|defaulting|defaults,loss due to not showing up,he lost the game by default
negligent,5k-a,4039,388,3.008,0.9814,,,0,adj,negligence|negligently,characterized by neglect and undue lack of concern,negligent parents
diffuse,5k-a,4350,389,2.999,0.9904,,,0,v,diffused|diffuser|diffusers|diffuses|diffusing|diffusion|diffusions|diffusely|diffuseness,move outward,The soldiers fanned out
perch,5k-a,4407,390,2.999,0.9900,,,0,n,perched|perches|perching,support consisting of a branch or rod that serves as a resting place (especially for a bird),
boycott,5k-a,4454,391,2.991,0.9918,,,0,n,boycotted|boycotter|boycotters|boycotting|boycotts,a group's refusal to have commercial dealings with some organization in protest against its policies,
clergy,5k-a,4097,392,2.982,0.9904,,,0,n,clergies,"in Christianity, clergymen collectively (as distinguished from the laity)",
prose,5k-a,4485,393,2.982,0.9642,,,0,n,proses,ordinary writing as distinguished from verse,
dissatisfy,5k-a,4285,394,2.982,0.9608,,,0,adj,dissatisfaction|dissatisfactions|dissatisfied|dissatisfies|dissatisfying,fail to satisfy,
groan,5k-a,4191,395,2.973,0.9904,,,0,n,groaned|groaning|groanings|groans,an utterance expressing pain or disapproval,
commemorate,5k-a,4450,396,2.973,0.9896,,,0,v,commemorated|commemorates|commemorating|commemoration|commemorations|commemorative,celebrate by some ceremony or observation,The citizens mark the anniversary of the revolution with a march and a parade
hiss,5k-a,4220,397,2.973,0.9837,,,0,v,hissed|hisses|hissing,"make a sharp hissing sound, as if to show disapproval",
fend,5k-a,4455,398,2.973,0.9683,,,0,v,fended|fender|fenders|fending|fends,try to manage without help,The youngsters had to fend for themselves after their parents died
expire,5k-a,4378,399,2.964,1.0000,C1,,0,v,expiration|expirations|expired|expires|expiring|unexpired|expiratory,lose validity,My passports expired last month
voucher,5k-a,4470,400,2.964,1.0000,,,0,n,vouchers,someone who vouches for another or for the correctness of a statement,
spectator,5k-a,4173,401,2.964,0.9948,B2,,0,n,spectate|spectated|spectates|spectating|spectatorial|spectators,a close observer; someone who looks at something (such as an exhibition of some kind),the spectators applauded the performance
equilibrium,5k-a,4040,402,2.964,0.9905,,,0,n,equilibria|equilibriums,a stable situation in which forces cancel one another,
reluctance,5k-a,4248,403,2.964,0.9897,,,1,n,,(physics) opposition to magnetic flux (analogous to electric resistance),
glaze,5k-a,4153,404,2.955,0.9974,,,0,n,glazed|glazes|glazing|glazings|unglazed,any of various thin shiny (savory or sweet) coatings applied to foods,
nucleus,5k-a,4365,405,2.955,0.9922,,,0,n,nuclei|nucleuses,a part of the cell containing DNA and RNA and responsible for growth and reproduction,
solicitor,5k-a,4001,406,2.955,0.9662,C1,,0,n,solicitors,a petitioner who solicits contributions or trade or votes,
differential,5k-a,4114,407,2.945,0.9928,,,0,n,diff|differentially|differentials|diffs,the result of mathematical differentiation; the instantaneous change of one quantity relative to another; df(x)/dx,
denounce,5k-a,4500,408,2.945,0.9879,C1,,0,v,denounced|denouncement|denouncements|denounces|denouncing,speak out against,He denounced the Nazis
sulphur,5k-a,4308,409,2.935,0.9772,,,0,n,desulphurisation|desulphurization|sulfur|sulphurous|sulphurs,an abundant tasteless odorless multivalent nonmetallic element; best known in yellow crystals; occurs in many sulphide and sulphate minerals and even in native form (especially in volcanic regions),
nationality,5k-a,4323,410,2.925,1.0000,,,0,n,nationalities,people having common origins or traditions and often comprising a nation,immigrants of the same nationality often seek each other out
tranquil,5k-a,4438,411,2.925,0.9976,,,0,adj,tranquiler|tranquilest|tranquilise|tranquilised|tranquiliser|tranquilisers|tranquilises|tranquilising|tranquilities|tranquility|tranquilize|tranquilized|tranquilizer|tranquilizers|tranquilizes|tranquilizing|tranquilliser|tranquillisers|tranquillity|tranquillizer|tranquillizers|tranquilly,(of a body of water) free from disturbance by heavy waves,a ribbon of sand between the angry sea and the placid bay
vegetation,5k-a,4286,412,2.915,1.0000,,,0,n,vegetations,all the plant life in a particular region or period,Pleistocene vegetation
symmetry,5k-a,4059,413,2.915,0.9823,,,0,n,symmetric|symmetrical|symmetrically|symmetries|unsymmetrical,(mathematics) an attribute of a shape or relation; exact reflection of form on opposite sides of a dividing line or plane,
diocese,5k-a,4294,414,2.915,0.8584,,,0,n,archdiocese|archdioceses|diocesan|dioceses,the territorial jurisdiction of a bishop,
solidarity,5k-a,4184,415,2.905,0.9912,C1,,0,n,solidarities,a union of interests or purposes or sympathies among members of a group,
dominance,5k-a,4218,416,2.894,0.9928,C1,,0,n,,superior development of one side of the body,
embryo,5k-a,4388,417,2.894,0.9857,,,0,n,embryos,(botany) a minute rudimentary plant contained within a seed or an archegonium,
convene,5k-a,4457,418,2.894,0.9527,,,1,v,convened|convener|conveners|convenes|convening|convenor|convenors,meet formally,The council convened last week
crouch,5k-a,4312,419,2.883,0.9926,,,0,n,crouched|crouches|crouching,the act of bending low with the limbs close to the body,
deviate,5k-a,4226,420,2.883,0.9814,,,1,v,deviated|deviates|deviating|deviation|deviations|undeviating|undeviatingly,turn aside; turn away from,
wary,5k-a,4129,421,2.883,0.9714,,,0,adj,unwarier|unwariest|unwarily|unwariness|unwary|warier|wariest|warily|wariness,marked by keen caution and watchful prudence,they were wary in their movements
nominal,5k-a,4228,422,2.883,0.9604,,,0,adj,nominally,relating to or constituting or bearing or giving a name,the Russian system of nominal brevity
albeit,5k-a,4090,423,2.883,0.9136,C1,,1,conj,,,
hurdle,5k-a,4399,424,2.872,0.9918,,,0,n,hurdled|hurdler|hurdlers|hurdles|hurdling,a light movable barrier that competitors must leap over in certain races,
whereby,5k-a,4026,425,2.872,0.9728,C1,,1,adv,,,
reminisce,5k-a,4320,426,2.872,0.9519,,,0,v,reminisced|reminiscence|reminiscences|reminiscent|reminiscently|reminisces|reminiscing,recall the past,"The grandparents sat there, reminiscing all afternoon"
retrospect,5k-a,4187,427,2.860,1.0000,,,0,n,retrospection|retrospections|retrospective|retrospectively|retrospects,contemplation of things past,in retrospect
consortium,5k-a,4280,428,2.848,0.8815,,,0,n,consortia|consortiums,an association of companies for some definite purpose,
degrade,5k-a,4380,429,2.836,0.9896,,,0,v,degradation|degradations|degraded|degrades|degrading,"reduce the level of land, as by erosion",
seam,5k-a,4451,430,2.823,0.9677,,,0,n,seamed|seamless|seamlessly|seams,joint consisting of a line formed by joining two pieces,
motif,5k-a,4095,431,2.823,0.9415,,,0,n,motifs,"a design or figure that consists of recurring shapes or colors, as in architecture or decoration",
bracket,5k-a,4175,432,2.810,1.0000,,,0,n,bracketed|bracketing|brackets,a category falling within certain defined limits,
signify,5k-a,4143,433,2.810,0.9920,,,0,v,signification|significations|signified|signifieds|signifier|signifiers|signifies|signifying,denote or connote,‘maison’ means ‘house’ in French
fixture,5k-a,4471,434,2.810,0.9903,C1,,0,n,fixtures,an object firmly fixed in place (especially in a household),
converge,5k-a,4182,435,2.810,0.9812,,,0,v,converged|convergence|convergences|convergent|converges|converging,be adjacent or come together,The lines converge at this point
feasible,5k-a,4094,436,2.797,0.9829,,,0,adj,feasibilities|feasibility|feasibly|infeasible|unfeasible,capable of being done with means at hand and circumstances as they are,
pragmatic,5k-a,4277,437,2.783,0.9729,,,0,adj,pragmatically|pragmatics,concerned with practical matters,a matter-of-fact (or pragmatic) approach to the problem
mucus,5k-a,4020,438,2.783,0.9528,,,0,n,mucosa|mucosal|mucose|mucous,protective secretion of the mucous membranes; in the gut it lubricates the passage of food and protects the epithelial cells; in the nose and throat and lungs it can make it difficult for bacteria to penetrate the body through the epithelium,
dissent,5k-a,4258,439,2.783,0.9486,,,0,n,dissented|dissenter|dissenters|dissenting|dissents,(law) the difference of one judge's opinion from that of the majority,he expressed his dissent in a contrary opinion
socialism,5k-a,4048,440,2.769,1.0000,,,0,n,socialisms,a political theory advocating state ownership of industry,
query,5k-a,4033,441,2.769,0.9822,C1,,0,n,queried|queries|querying,an instance of questioning,there was a question about my training
entail,5k-a,4085,442,2.769,0.9621,,,0,v,entailed|entailing|entailment|entailments|entails,have as a logical consequence,The water shortage means that we have to stop taking long showers
incidental,5k-a,4078,443,2.754,0.9952,,,0,adj,incidentally|incidentals,(sometimes followed by ‘to’) minor or casual or subordinate in significance or nature or occurring as a chance concomitant or consequence,incidental expenses
multimedia,5k-a,4411,444,2.754,0.9950,,,0,n,,transmission that combine media of communication (text and graphics and sound etc.),
erosion,5k-a,4106,445,2.754,0.9860,,,0,n,erosional|erosions,"(geology) the mechanical process of wearing or grinding something down (as by particles washing over it), also figuratively",
incur,5k-a,4042,446,2.754,0.9694,C1,,0,v,incurred|incurring|incurs,make oneself subject to; bring upon oneself; become liable to,People who smoke incur a great danger to their health
usage,5k-a,4105,447,2.723,0.9945,B2,,0,n,usages,the act of using,he warned against the use of narcotic drugs
dependency,5k-a,4435,448,2.723,0.9932,,,0,n,dependencies,the state of relying on or being controlled by someone or something else,
tentative,5k-a,4433,449,2.707,1.0000,,,0,adj,tentatively|tentativeness,under terms not final or fully worked out or agreed upon,probationary employees
abolish,5k-a,4029,450,2.690,0.9924,C1,,0,v,abolished|abolishes|abolishing|abolishment,do away with,Slavery was abolished in the mid-19th century in America and in Russia
mutate,5k-a,4200,451,2.690,0.9898,,,0,v,mutated|mutates|mutating|mutation|mutational|mutations,undergo mutation,cells mutate
intermediate,5k-a,4060,452,2.672,0.9949,C1,,1,adj,intermediates,lying between two extremes in time or space or state,going from sitting to standing without intermediate pushes with the hands
mosaic,5k-a,4082,453,2.672,0.9893,,,0,n,mosaics,art consisting of a design made of small pieces of colored stone or glass,
overview,5k-a,4494,454,2.654,0.9976,,,0,n,overviews,a general summary of a subject,the treasurer gave a brief overview of the financial consequences
undergraduate,5k-a,4429,455,2.654,0.9927,C1,,0,n,undergraduates,a university student who has not yet received a first degree,
agitate,5k-a,4237,456,2.654,0.9774,,,0,v,agitated|agitatedly|agitates|agitating|agitation|agitations|agitator|agitators,try to stir up public opinion,
sediment,5k-a,4070,457,2.634,0.9878,,,0,n,sedimentary|sedimentation|sedimentations|sediments,matter that has been deposited by some natural process,
median,5k-a,4381,458,2.614,0.9856,,,0,n,medians,the number midway between the two middle numbers in a series containing an even or odd number of items,
botany,5k-a,4417,459,2.614,0.9804,,,0,n,botanic|botanical|botanically|botanist|botanists,all the plant life in a particular region or period,Pleistocene vegetation
ventilate,5k-a,4296,460,2.614,0.9760,,,0,v,ventilated|ventilates|ventilating|ventilation|ventilations|ventilator|ventilators|ventilatory,expose to cool or cold air so as to cool or freshen,air the old winter clothes
amplify,5k-a,4130,461,2.593,0.9944,,,0,v,amplification|amplifications|amplified|amplifier|amplifiers|amplifies|amplifying,"increase in size, volume or significance",Her terror was magnified in her mind
dilute,5k-a,4209,462,2.593,0.9806,,,0,v,diluted|dilutes|diluting|dilution|dilutions|undiluted,lessen the strength or flavor of a solution or mixture,cut bourbon
underline,5k-a,4100,463,2.571,0.9946,,,0,v,underlined|underlines|underlining,give extra weight to (a communication),Her gesture emphasized her words
outset,5k-a,4342,464,2.522,0.9643,,,0,n,,the time at which something is supposed to begin,they got an early start
enquire,5k-a,4002,465,2.522,0.9073,C1,,0,v,enquired|enquirer|enquirers|enquires|enquiries|enquiring|enquiringly|enquiry,address a question to and expect an answer from,Ask your teacher about trigonometry
diversify,5k-a,4499,466,2.496,0.9845,,,0,v,diversification|diversified|diversifies|diversifying,make (more) diverse,diversify a course of study
shrub,5k-a,4375,467,2.468,0.9907,,,0,n,shrubberies|shrubbery|shrubby|shrubs,a low woody perennial plant usually having several major stems,
ambiguity,5k-a,4264,468,2.468,0.9900,,,0,n,ambiguities,an expression whose meaning cannot be determined from its context,
antibody,5k-a,4055,469,2.438,0.9956,,,0,n,antibodies,"any of a large variety of proteins normally present in the body or produced in response to an antigen which it neutralizes, thus producing an immune response",
quantify,5k-a,4414,470,2.438,0.9877,,,0,v,quantifiable|quantification|quantified|quantifies|quantifying|unquantifiable|quantifier|quantifiers,use as a quantifier,
publicize,5k-a,4449,471,2.406,0.9813,,,0,v,publicise|publicised|publicises|publicising|publicized|publicizes|publicizing,make public,She aired her opinions on welfare
fume,5k-a,4474,472,2.406,0.9758,,,0,n,fumed|fumes|fuming,a cloud of fine particles suspended in a gas,
substantive,5k-a,4363,473,2.406,0.9603,,,0,adj,substantively,of or relating to the real nature or essential elements of something,a substantial argument
rectangle,5k-a,4349,474,2.371,0.9970,,,0,n,rectangles|rectangular,a parallelogram with four right angles,
fluctuate,5k-a,4088,475,2.371,0.9788,,,1,v,fluctuated|fluctuates|fluctuating|fluctuation|fluctuations,cause to fluctuate or move in a wavelike pattern,
autonomous,5k-a,4145,476,2.371,0.9664,,,0,adj,autonomously,(of political bodies) not controlled by outside forces,an autonomous judiciary
encompass,5k-a,4446,477,2.333,0.9856,C1,,0,v,encompassed|encompasses|encompassing,include in scope; include as part of something broader; have as one's sphere or territory,This group encompasses a wide range of people from different backgrounds
aggregate,5k-a,4017,478,2.333,0.9812,,,1,n,aggregated|aggregates|aggregating|aggregation|aggregations,the whole amount,
ensue,5k-a,4442,479,2.333,0.9754,C1,,0,v,ensued|ensues|ensuing,"issue or terminate (in a specified way, state, etc.); end",result in tragedy
intrinsic,5k-a,4464,480,2.333,0.9599,,,1,adj,intrinsically,belonging to a thing by its very nature,"form was treated as something intrinsic, as the very essence of the thing"
causal,5k-a,4089,481,2.333,0.9293,,,0,adj,causalities|causality|causally,involving or constituting a cause; causing,a causal relationship between scarcity and higher prices
volt,5k-a,4063,482,2.292,0.9766,,,0,n,voltage|voltages|voltmeter|voltmeters|volts,a unit of potential equal to the potential difference between two points on a conductor carrying a current of 1 ampere when the power dissipated between the two points is 1 watt; equivalent to the potential difference across a resistance of 1 ohm when 1 ampere of current flows through it,
electorate,5k-a,4196,483,2.292,0.9281,,,0,n,electorates,the body of enfranchised citizens; those qualified to vote,
burgle,5k-a,4067,484,2.246,0.7483,,,0,v,burglar|burglaries|burglarize|burglarized|burglarizes|burglarizing|burglars|burglary|burgled|burgles|burgling,commit a burglary; enter and rob a dwelling,
tariff,5k-a,4107,485,2.195,0.9644,,,0,n,tariffs,a government tax on imports or exports,they signed a treaty to lower duties on trade between their countries
precipitate,5k-a,4467,486,2.137,0.9950,,,0,v,precipitated|precipitately|precipitates|precipitating|precipitation,bring about abruptly,The crisis precipitated by Russia's revolution
culminate,5k-a,4189,487,2.137,0.9710,,,0,v,culminated|culminates|culminating|culmination|culminations,"end, especially to reach a final or climactic stage",The meeting culminated in a tearful embrace
ratify,5k-a,4283,488,2.137,0.9649,,,0,v,ratification|ratifications|ratified|ratifies|ratifying,"approve and express assent, responsibility, or obligation",All parties ratified the peace treaty
immigrate,5k-a,4223,489,2.070,0.9823,B2,,1,n,immigrated|immigrates|immigrating|immigration|immigrations,migrate to a new environment,only few plants can immigrate to the island
referendum,5k-a,4065,490,2.070,0.9682,C1,,0,n,referenda|referendums,a legislative act is referred for final approval to a popular vote by the electorate,
analytic,5k-a,4172,491,1.991,0.9885,,,0,adj,analytical|analytically,using or subjected to a methodology using algebra and calculus,analytic statics
semantic,5k-a,4027,492,1.991,0.9773,,,0,adj,semantically|semanticist|semanticists|semantics,of or relating to meaning or the study of meaning,semantic analysis
embed,5k-a,4322,493,1.991,0.9725,C1,,0,v,embedded|embedding|embeds,fix or set securely or deeply,He planted a knee in the back of his opponent
litigate,5k-a,4426,494,1.991,0.9638,,,0,v,litigated|litigates|litigating|litigation|litigations|litigator|litigators,engage in legal proceedings,
automate,5k-a,4482,495,1.991,0.9599,,,1,v,automated|automates|automating|automation,make automatic or control or operate automatically,automatize the production
appal,5k-a,4043,496,1.769,0.9934,,,0,v,appalled|appalling|appallingly|appals,strike with disgust or revulsion,The scandalous behavior of this married woman shocked her friends
bewilder,5k-a,4282,497,1.769,0.9853,,,0,v,bewildered|bewildering|bewilderingly|bewilderment|bewilders,be a mystery or bewildering to,This beats me!
leaflet,5k-a,4024,498,1.769,0.9777,B2,,0,n,leafleted|leafleting|leaflets,a thin triangular flap of a heart valve,
arbitrate,5k-a,4132,499,1.769,0.9667,,,0,v,arbitrated|arbitrates|arbitrating|arbitration|arbitrations|arbitrator|arbitrators,act between parties with a view to reconciling differences,He interceded in the family dispute
numeric,5k-a,4183,500,1.593,0.9824,,,0,adj,nonnumerical|numerical|numerically,of or relating to or denoting numbers,a numeral adjective
ass,5k-b,4992,1,5.354,0.9933,,,0,n,asses,the fleshy part of the human body that you sit on,he deserves a good kick in the butt
pants,5k-b,4934,2,4.769,0.9951,A2,,0,n,,(used in the plural) underpants worn by women,she was afraid that her bloomers might have been showing
papa,5k-b,4971,3,4.629,0.9812,,,0,n,papas|poppa|poppas,an informal term for a father; probably derived from baby talk,
terrific,5k-b,4818,4,4.622,0.9976,C1,,0,adj,terrifically,very great or intense,a terrific noise
butt,5k-b,4710,5,4.586,0.9849,,,0,n,butted|butting|butts,thick end of the handle,
candy,5k-b,4986,6,4.553,0.9926,,,0,n,candied|candies|candying,a rich sweet made of flavored sugar and often combined with fruit or nuts,
radar,5k-b,4723,7,4.550,1.0000,C1,,0,n,radars,measuring instrument in which the echo of a pulse of microwave radiation is used to detect and locate distant objects,
pizza,5k-b,4882,8,4.525,0.9923,,,0,n,pizzas,Italian open pie made of thin bread dough spread with a spiced mixture of e.g. tomato sauce and cheese,
vacation,5k-b,4991,9,4.516,1.0000,A1,,0,n,vacationed|vacationer|vacationers|vacationing|vacations,leisure time away from work devoted to rest or pleasure,we get two weeks of vacation every summer
demon,5k-b,4684,10,4.494,0.9953,C1,,0,n,demonic|demonically|demonise|demonised|demonises|demonising|demonize|demonized|demonizes|demonizing|demons|demoniac|demoniacal,an evil supernatural being,
pathetic,5k-b,4691,11,4.384,0.9905,,,0,adj,pathetically,deserving or inciting pity,a hapless victim
wallet,5k-b,4825,12,4.358,1.0000,,,0,n,wallets,a pocket-size case for holding papers and paper money,
basketball,5k-b,4999,13,4.330,0.9974,A2,,0,n,basketballs,a game played on a court by two opposing teams of 5 players; points are scored by throwing the ball through an elevated horizontal hoop,
fabulous,5k-b,4548,14,4.312,0.9977,B2,,0,adj,fab|fabulously,extremely pleasing,a fabulous vacation
purse,5k-b,4601,15,4.296,0.9929,,,0,n,purses,a container used for carrying money and small personal items or accessories (especially by women),she reached into her bag and found a comb
bout,5k-b,4829,16,4.281,0.9304,,,0,n,bouts,(sports) a division of a game during which one team is on the offensive,
cowboy,5k-b,4968,17,4.278,0.9975,,,0,n,cowboys,someone who is reckless or irresponsible (especially in driving vehicles),
mall,5k-b,4995,18,4.276,0.9928,B1,,0,n,malls,a public area set aside as a pedestrian walk,
surveillance,5k-b,4659,19,4.271,0.9893,C1,,0,n,surveillances,close observation of a person or group (usually by the police),
coke,5k-b,4842,20,4.269,0.9903,,,0,n,coked|cokes|coking,carbon fuel produced by distillation of coal,
ranch,5k-b,4997,21,4.244,0.9951,,,0,n,rancher|ranchers|ranched|ranches|ranching,farm consisting of a large tract of land along with facilities needed to raise livestock (especially cattle),
liquor,5k-b,4910,22,4.238,0.9925,,,0,n,liquors,an alcoholic beverage that is distilled rather than fermented,
circus,5k-b,4629,23,4.232,0.9948,,,0,n,circuses,a travelling company of entertainers; including trained animals,he ran away from home to join the circus
turtle,5k-b,4976,24,4.231,0.9974,,,0,n,turtles,a sweater or jersey with a high close-fitting collar,
sneak,5k-b,4797,25,4.227,0.9951,,,0,v,sneaked|sneaker|sneakers|sneakily|sneakiness|sneaking|sneaks|sneaky|snuck,to go stealthily or furtively,… stead of sneaking around spying on the neighbor's house
nephew,5k-b,4547,26,4.220,0.9928,,,0,n,nephews,a son of your brother or sister,
clown,5k-b,4911,27,4.199,0.9975,,,0,n,clowned|clowning|clownish|clownishly|clownishness|clowns,a rude or vulgar fool,
junk,5k-b,4846,28,4.187,0.9977,,,0,n,junkier|junkiest|junky,the remains of something that has been destroyed or broken up,
badge,5k-b,4573,29,4.183,0.9971,B2,,0,n,badges,an emblem (a small piece of plastic or cloth or metal) that signifies your status (rank or membership or affiliation etc.),they checked everyone's badge before letting them in
shark,5k-b,4922,30,4.175,0.9976,,,0,n,sharks,any of numerous elongate mostly marine carnivorous fishes with heterocercal caudal fins and tough skin covered with small toothlike scales,
testify,5k-b,4940,31,4.152,0.9976,C1,,0,v,testified|testifies|testifying|testifyings,give testimony in a court of law,
lightning,5k-b,4549,32,4.150,0.9846,,,0,n,lightnings,abrupt electric discharge from cloud to cloud or from cloud to earth accompanied by the emission of light,
dessert,5k-b,4984,33,4.147,0.9919,,,0,n,desserts,a dish served as the last course of a meal,
sweater,5k-b,4714,34,4.140,0.9951,A1,,0,n,sweaters,a crocheted or knitted garment covering the upper part of the body,
gum,5k-b,4877,35,4.127,0.9898,,,0,n,gummed|gumming|gummy|gums,a preparation (usually made of sweetened chicle) for chewing,
stink,5k-b,4777,36,4.120,1.0000,,,0,v,stank|stinker|stinkers|stinking|stinks|stunk|stinky,smell badly and offensively,The building reeks of smoke
cigar,5k-b,4834,37,4.112,0.9901,,,0,n,cigars,a roll of tobacco for smoking,
medication,5k-b,4903,38,4.107,0.9950,B2,,0,n,medicate|medicated|medicates|medicating|medications,(medicine) something that treats or prevents or alleviates the symptoms of disease,
beloved,5k-b,4662,39,4.106,0.9906,C1,,0,adj,,dearly loved,
hawk,5k-b,4855,40,4.105,0.9841,,,0,name,hawkish|hawkishness|hawks,diurnal bird of prey typically having short rounded wings and a long tail,
tub,5k-b,4951,41,4.103,0.9926,,,0,n,tubful|tubfuls|tubs,a relatively large open container that you fill with water and use to wash the body,
picnic,5k-b,4623,42,4.068,0.9951,,,0,n,picnicked|picnicking|picnics|picnicker|picnickers,a day devoted to an outdoor social gathering,
hockey,5k-b,4884,43,4.062,1.0000,A2,,0,n,,a game resembling ice hockey that is played on an open field; two opposing teams use curved hockey sticks try to drive a ball into the opponents' net,
perfume,5k-b,4600,44,4.058,0.9976,,,0,n,perfumed|perfumery|perfumes|perfuming,a distinctive odor that is pleasant,
trailer,5k-b,4836,45,4.055,0.9950,C1,,0,n,semitrailer|semitrailers|trailers,someone who takes more time than necessary; someone who lags behind,
applause,5k-b,4945,46,4.053,0.9952,,,0,n,,a demonstration of approval by clapping the hands together,
cocktail,5k-b,4596,47,4.037,0.9975,C1,,0,n,cocktails,a short mixed drink,
stubborn,5k-b,4799,48,4.036,0.9896,,,0,adj,stubborner|stubbornest|stubbornly|stubbornness,tenaciously unwilling or marked by tenacious unwillingness to yield,
wizard,5k-b,4953,49,4.027,0.9932,,,0,n,wizardries|wizardry|wizards,someone who is dazzlingly skilled in any field,
pork,5k-b,4888,50,4.023,1.0000,,,0,n,porkier|porkiest|porks|porky,meat from a domestic hog or pig,
dice,5k-b,4663,51,4.019,0.9947,,,0,n,diced|dices|dicey|dicing,a small cube with 1 to 6 spots on the six faces; used in gambling to generate random numbers,
oath,5k-b,4763,52,3.995,0.9924,,,0,n,oaths,profane or obscene expression usually of surprise or anger,expletives were deleted
porch,5k-b,4925,53,3.984,0.9922,,,0,n,porches,a structure attached to the exterior of a building often forming a covered entrance,
marines,5k-b,4993,54,3.984,,,,0,n,,members of a body of troops trained to serve on land or at sea,
niece,5k-b,4935,55,3.979,0.9912,,,0,n,nieces,a daughter of your brother or sister,
smack,5k-b,4546,56,3.978,0.9952,,,0,v,smacked|smacker|smackers|smacking|smackings|smacks,deliver a hard blow to,The teacher smacked the student who had misbehaved
farewell,5k-b,4636,57,3.976,0.9861,,,0,n,farewells,an acknowledgment or expression of goodwill at parting,
shorts,5k-b,4581,58,3.974,1.0000,,,0,n,,(used in the plural) trousers that end at or above the knee,
snack,5k-b,4683,59,3.961,1.0000,,,0,n,snacked|snacking|snacks,a light informal meal,
swamp,5k-b,4565,60,3.954,0.9852,,,0,n,swamped|swamping|swamps|swampy,low land that is seasonally flooded; has more woody plants than a marsh and better drainage than a bog,
creek,5k-b,4998,61,3.950,0.9976,,,0,n,creeks,a natural stream of water smaller than a river (and often a tributary of a river),the creek dried up every summer
reunion,5k-b,4895,62,3.946,0.9976,,,0,n,reunions,a party of former associates who have come together again,
mankind,5k-b,4612,63,3.943,0.9890,,,0,n,,all of the living human inhabitants of the earth,all the world loves a lover
shrimp,5k-b,4990,64,3.940,0.9924,,,0,n,shrimps,disparaging terms for small people,
cannon,5k-b,4513,65,3.940,0.9904,,,0,n,cannoned|cannoning|cannons,a large artillery gun that is usually on wheels,
petty,5k-b,4501,66,3.934,0.9974,,,0,adj,pettier|pettiest|pettily|pettiness,inferior in rank or status,a lowly corporal
comrade,5k-b,4608,67,3.932,0.9853,,,0,n,comradely|comrades|comradeship|comradeships,a friend who is frequently in the company of another,drinking companions
robe,5k-b,4606,68,3.929,0.9926,,,0,n,robed|robes,any loose flowing garment,
dizzy,5k-b,4926,69,3.926,0.9910,,,0,adj,dizzied|dizzier|dizzies|dizziest|dizzily|dizziness|dizzying,having or causing a whirling sensation; liable to falling,had a dizzy spell
delta,5k-b,4675,70,3.921,0.9977,,,0,n,deltas,a low triangular area of alluvial deposits where a river divides before entering a larger body of water,the Mississippi River delta
cane,5k-b,4810,71,3.921,0.9950,,,0,n,caned|canes|caning,a stick that people can lean on to help them walk,
cocaine,5k-b,4802,72,3.917,0.9952,,,0,n,,a narcotic (alkaloid) extracted from coca leaves; used as a surface anesthetic or taken for pleasure; can become powerfully addictive,
messenger,5k-b,4801,73,3.907,0.9954,,,0,n,messengers,a person who carries a message,
hamburger,5k-b,4962,74,3.892,0.9976,,,0,n,burger|burgers|hamburgers,"a sandwich consisting of a fried cake of minced beef served on a bun, often with other ingredients",
dodge,5k-b,4762,75,3.891,0.9903,,,0,name,dodged|dodger|dodgers|dodges|dodging,an elaborate or deceitful scheme contrived to deceive or evade,his testimony was just a contrivance to throw us off the track
gratitude,5k-b,4693,76,3.890,1.0000,,,0,n,,a feeling of thankfulness and appreciation,he was overwhelmed with gratitude for their help
adore,5k-b,4544,77,3.888,0.9952,,,0,v,adorable|adoration|adored|adorer|adorers|adores|adoring|adoringly,love intensely,he just adored his wife
zip,5k-b,4512,78,3.883,0.9953,,,0,v,unzip|unzipped|unzipping|unzips|zipped|zipper|zippers|zipping|zips,close with a zipper,Zip up your jacket — it's cold
pickup,5k-b,4898,79,3.883,0.9841,,,0,n,pickups,a light truck with an open body and low sides and a tailboard,
stove,5k-b,4658,80,3.881,0.9900,,,0,n,stoves,a kitchen appliance used for cooking food,dinner was already on the stove
aisle,5k-b,4851,81,3.872,0.9857,,,0,n,aisled|aisles,a long narrow passage (as in a cave or woods),
pirate,5k-b,4790,82,3.867,0.9950,C1,,0,n,pirated|pirates|piratical|pirating,someone who uses another person's words or ideas as if they were their own,
salute,5k-b,4856,83,3.861,0.9908,,,0,v,salutation|salutations|saluted|salutes|saluting,propose a toast to,Let us toast the birthday girl!
stud,5k-b,4518,84,3.842,0.9951,,,0,n,studded|studding|studs,a man who is virile and sexually active,
crab,5k-b,4919,85,3.840,0.9919,,,0,n,crabs|crabwise,decapod having eyes on short stalks and a broad flattened carapace with a small abdomen folded under the thorax and pincers,
slick,5k-b,4927,86,3.837,0.9976,,,0,n,slicked|slicker|slickest|slickly|slickness|slicks,a slippery smoothness,he could feel the slickness of the tiller
clamp,5k-b,4567,87,3.837,0.9974,,,0,v,clamped|clamping|clamps,fasten or fix with a clamp,clamp the chair together until the glue has hardened
sorrow,5k-b,4654,88,3.837,0.9927,,,0,n,sorrowful|sorrowfully|sorrowfulness|sorrowing|sorrows,an emotion of great sadness associated with loss or bereavement,he tried to express his sorrow at her loss
nickname,5k-b,4806,89,3.832,1.0000,,,0,n,nicknamed|nicknames|nicknaming,a familiar name for a person (often a shortened version of a person's given name),Joe's mother would not use his nickname and always called him Joseph
memo,5k-b,4980,90,3.821,0.9976,C1,,0,n,memos,a written proposal or reminder,
mattress,5k-b,4897,91,3.821,0.9927,,,0,n,mattresses,"a large thick pad filled with resilient material and often incorporating coiled springs, used as a bed or part of a bed",
hike,5k-b,4988,92,3.816,0.9974,,,0,n,hiked|hiker|hikers|hikes|hiking,a long walk usually for exercise or pleasure,she enjoys a hike in her spare time
mansion,5k-b,4609,93,3.810,0.9907,,,0,n,mansions,(astrology) one of 12 equal areas into which the zodiac is divided,
ginger,5k-b,4785,94,3.808,1.0000,,,0,adj,gingery,(used especially of hair or fur) having a bright orange-brown color,a man with gingery hair and bright blue eyes
earthquake,5k-b,4744,95,3.805,0.9977,B1,,0,n,earthquakes,shaking and vibration at the surface of the earth resulting from underground movement along a fault plane or from volcanic activity,
peach,5k-b,4923,96,3.804,0.9951,,,0,n,peaches|peachy,cultivated in temperate regions,
surf,5k-b,4627,97,3.804,0.9928,,,0,n,surfed|surfer|surfers|surfing|surfs,waves breaking on the shore,
deceased,5k-b,4571,98,3.800,0.9954,,,0,adj,decease|predeceased|predecease,dead,he is deceased
compassion,5k-b,4880,99,3.797,0.9957,C1,,0,n,compassions,a deep awareness of and sympathy for another's suffering,
erase,5k-b,4974,100,3.794,0.9920,,,0,v,erased|eraser|erasers|erases|erasing|erasure|erasures,remove from memory or existence,The Turks erased the Armenians in 1915
drunken,5k-b,4591,101,3.792,0.9952,,,0,adj,drunkenly|drunkenness,given to or marked by the consumption of alcohol,a bibulous fellow
pounding,5k-b,4759,102,3.785,0.9975,,,0,n,pounded|pounder|pounders|poundings,repeated heavy blows,
comb,5k-b,4555,103,3.783,0.9973,,,0,v,combed|combing|combs,straighten with a comb,comb your hair
bribe,5k-b,4554,104,3.782,0.9932,,,0,v,bribed|bribery|bribes|bribing,make illegal payments to in exchange for favors or influence,This judge can be bought
stereo,5k-b,4878,105,3.776,0.9924,,,0,n,stereos,reproducer in which two microphones feed two or more loudspeakers to give a three-dimensional effect to the sound,
banner,5k-b,4508,106,3.773,1.0000,C1,,0,n,banners,long strip of cloth or paper used for decoration or advertising,
slack,5k-b,4750,107,3.773,1.0000,,,0,n,slacken|slackened|slackening|slackens|slacker|slackers|slackly|slackness,dust consisting of a mixture of small coal fragments and coal dust and dirt that sifts out when coal is passed over a sieve,
skate,5k-b,4853,108,3.772,0.9977,,,0,v,skated|skater|skaters|skates|skating,move along on skates,The Dutch often skate along the canals in winter
nude,5k-b,4881,109,3.772,0.9918,,,0,adj,nudes|nudism|nudist|nudists|nudity,having no clothes on the body,bare bodies
ammunition,5k-b,4870,110,3.770,0.9926,,,0,n,ammo|ammunitions,projectiles to be fired from a gun,
probation,5k-b,4579,111,3.769,0.9873,,,0,n,probationary|probationer|probationers|probations,a trial period during which your character and abilities are tested to see whether you are suitable for work or for membership,
battalion,5k-b,4804,112,3.768,0.9470,,,0,n,battalions,an army unit usually consisting of a headquarters and three or more companies,
tow,5k-b,4560,113,3.763,0.9899,,,0,n,towed|towing|tows,the act of hauling something (as a vehicle) by means of a hitch or rope,the truck gave him a tow to the garage
facial,5k-b,4906,114,3.760,1.0000,,,0,adj,facially|interfacial,of or concerning the face,a facial massage
orphan,5k-b,4740,115,3.760,0.9975,,,0,n,orphanage|orphanages|orphaned|orphaning|orphans,a child who has lost both parents,
generator,5k-b,4687,116,3.756,0.9950,,,0,n,generators,an apparatus that produces a vapor or gas,
crook,5k-b,4509,117,3.754,0.9975,,,0,n,crooked|crookeder|crookedest|crookedly|crookedness|crooks,someone who has committed a crime or has been legally convicted of a crime,
lethal,5k-b,4798,118,3.754,0.9950,C1,,0,adj,lethally|nonlethal,of an instrument of certain death,deadly poisons
scoop,5k-b,4720,119,3.754,0.9946,,,0,n,scooped|scooping|scoops,the quantity a scoop will hold,
quantum,5k-b,4528,120,3.748,0.9842,,,0,n,,a discrete amount of something that is analogous to the quantities in quantum theory,
lust,5k-b,4859,121,3.747,0.9954,,,0,n,lustful|lustfully|lustier|lustiest|lustily|lustiness|lusts|lusty,a strong sexual desire,
shuttle,5k-b,4941,122,3.744,1.0000,,,0,n,shuttled|shuttles|shuttling,badminton equipment consisting of a ball of cork or rubber with a crown of feathers,
artillery,5k-b,4713,123,3.741,0.9863,,,0,n,artilleries,large but transportable armament,
runway,5k-b,4912,124,3.739,0.9922,,,0,n,runways,a bar or pair of parallel bars of rolled steel making the railway along which railroad cars or other vehicles can roll,
mint,5k-b,4585,125,3.736,0.9956,,,0,n,mintier|mintiest|mints|minty,(often followed by ‘of’) a large number or amount or extent,a batch of letters
prophet,5k-b,4809,126,3.728,1.0000,,,0,n,prophetess|prophetesses|prophets,an authoritative person who divines the future,
blouse,5k-b,4917,127,3.728,0.9949,,,0,n,blouses,a top worn by women,
artery,5k-b,4516,128,3.726,0.9557,,,0,n,arterial|arteries,a blood vessel that carries blood from the heart to the body,
globe,5k-b,4694,129,3.718,0.9955,B2,,1,n,globes,an object with a spherical shape,a ball of fire
condom,5k-b,4949,130,3.713,0.9948,,,0,n,condoms,contraceptive device consisting of a sheath of thin rubber or latex that is worn over the penis during intercourse,
underestimate,5k-b,4515,131,3.705,0.9926,,,0,v,underestimated|underestimates|underestimating|underestimation|underestimations,assign too low a value to,Don't underestimate the value of this heirloom-you may sell it at a good price
buckle,5k-b,4886,132,3.703,0.9974,,,0,v,buckled|buckler|bucklers|buckles|buckling|unbuckle|unbuckled|unbuckles|unbuckling,fasten with a buckle or buckles,
numb,5k-b,4907,133,3.690,1.0000,,,0,adj,numbed|numbest|numbing|numbly|numbness|numbs,lacking sensation,my foot is asleep
plumbing,5k-b,4850,134,3.686,0.9950,,,0,n,plumber|plumbers,utility consisting of the pipes and fixtures for the distribution of water or gas in a building and for the disposal of sewage,
hum,5k-b,4664,135,3.685,0.9853,,,0,exclam,hummed|humming|hums,the state of being or appearing to be actively engaged in an activity,they manifested all the busyness of a pack of beavers
violin,5k-b,4562,136,3.677,0.9928,,,0,n,violinist|violinists|violins,bowed stringed instrument that is the highest member of the violin family; this instrument has four strings and a hollow body and an unfretted fingerboard and is played with a bow,
clap,5k-b,4685,137,3.676,0.9974,,,0,v,clapped|clapper|clappers|clapping|claps,put quickly or forcibly,The judge clapped him in jail
scarf,5k-b,4755,138,3.672,0.9977,,,0,n,scarves,a garment worn around the head or neck or shoulders for warmth or decoration,
spa,5k-b,4931,139,3.672,0.9926,,,0,n,spas,a health resort near a spring or at the seaside,
chatter,5k-b,4699,140,3.670,0.9974,,,0,n,chattered|chatterer|chatterers|chattering|chatters,noisy talk,
inventory,5k-b,4765,141,3.670,0.9923,,,0,n,inventories,a detailed list of all the items in stock,
salon,5k-b,4538,142,3.663,0.9878,,,0,n,salons,gallery where works of art can be displayed,
spear,5k-b,4823,143,3.659,0.9924,,,0,n,speared|spearing|spears,a long pointed rod used as a tool or weapon,
vent,5k-b,4837,144,3.646,0.9954,,,0,n,vented|venting|vents,a hole for the escape of gas or air,
sanctuary,5k-b,4593,145,3.636,1.0000,,,0,n,sanctuaries,a consecrated place where sacred objects are kept,
millennium,5k-b,4983,146,3.634,0.9951,,,0,n,millenia|millenial|millenium|millennia|millennial|millenniums,a span of 1000 years,
leash,5k-b,4921,147,3.634,0.9902,,,0,n,leashed|leashes|leashing|unleash|unleashed|unleashes|unleashing,restraint consisting of a rope (or light chain) used to restrain an animal,
turf,5k-b,4857,148,3.632,0.9956,,,0,n,turfed|turfing|turfs|turves,surface layer of ground containing a mat of grass and grass roots,
lure,5k-b,4761,149,3.630,0.9882,,,0,v,lured|lures|luring,provoke someone to do something through (often false or exaggerated) promises or persuasion,He lured me into temptation
pasta,5k-b,4916,150,3.628,1.0000,,,0,n,pastas,a dish that contains pasta as its main ingredient,
stepmother,5k-b,4843,151,3.628,1.0000,,,0,n,stepbrother|stepbrothers|stepchild|stepchildren|stepdaughter|stepdaughters|stepfather|stepfathers|stepmothers|stepsister|stepsisters|stepson|stepsons,the wife of your father by a subsequent marriage,
visa,5k-b,4893,152,3.628,0.9926,B2,,0,n,visas,an endorsement made in a passport that allows the bearer to enter the country issuing it,
intercept,5k-b,4703,153,3.626,0.9951,,,0,v,intercepted|intercepting|interception|interceptions|interceptor|interceptors|intercepts,seize on its way,The fighter plane was ordered to intercept an aircraft that had entered the country's airspace
exquisite,5k-b,4808,154,3.622,0.9953,,,0,adj,exquisitely|exquisiteness,intense or sharp,suffered exquisite pain
trumpet,5k-b,4778,155,3.616,0.9947,,,0,n,trumpeted|trumpeter|trumpeters|trumpeting|trumpets,a brass musical instrument with a brilliant tone; has a narrow tube and a flared bell and is played by means of valves,
teen,5k-b,4948,156,3.614,0.9955,B2,,0,n,teens,a juvenile between the onset of puberty and maturity,
clan,5k-b,4918,157,3.614,0.9950,,,0,n,clannish|clans,group of people related by blood or marriage,
trout,5k-b,4656,158,3.606,0.9972,,,0,n,trouts,flesh of any of several primarily freshwater game and food fishes,
grape,5k-b,4590,159,3.604,0.9974,,,0,n,grapes,any of various juicy fruit of the genus Vitis with green or purple skins; grow in clusters,
reef,5k-b,4621,160,3.604,0.9944,,,0,n,reefs,a submerged ridge of rock or coral near the surface of the water,
pyramid,5k-b,4718,161,3.604,0.9925,,,0,n,pyramidal|pyramids,a polyhedron having a polygonal base and triangular sides with a common vertex,
dinosaur,5k-b,4678,162,3.601,0.9945,,,0,n,dinosaurs,any of numerous extinct terrestrial reptiles of the Mesozoic era,
vegetarian,5k-b,4832,163,3.599,1.0000,,,0,n,vegetarianism|vegetarians,eater of fruits and grains and nuts; someone who eats no meat or fish or (often) any animal products,
massacre,5k-b,4550,164,3.599,0.9834,C1,,0,n,massacred|massacres|massacring,the savage and excessive killing of many people,
wilderness,5k-b,4773,165,3.597,0.9899,,,0,n,wildernesses,(politics) a state of disfavor,he led the Democratic party back from the wilderness
pea,5k-b,4551,166,3.593,0.9976,,,0,n,peas,seed of a pea plant used for food,
altitude,5k-b,4844,167,3.591,0.9858,,,0,n,altitudes,elevation especially above sea level or above the earth's surface,the altitude gave her a headache
asthma,5k-b,4570,168,3.588,0.9977,,,0,n,asthmatic|asthmatically|asthmatics,respiratory disorder characterized by wheezing; usually of allergic origin,
vase,5k-b,4595,169,3.586,1.0000,,,0,n,vases,an open jar of glass or porcelain used as an ornament or to hold flowers,
journalism,5k-b,4908,170,3.584,0.9953,B2,,0,n,journalisms,newspapers and magazines collectively,
cripple,5k-b,4648,171,3.582,0.9896,,,0,n,crippled|crippler|cripplers|cripples|crippling,someone who is unable to walk normally because of an injury or disability to the legs or back,
elf,5k-b,4561,172,3.580,0.9975,,,0,n,elfin|elfish|elflike|elven|elves|elvish,(folklore) fairies that are somewhat mischievous,
moustache,5k-b,4815,173,3.580,0.9831,,,0,n,moustached|moustaches|mustache|mustached|mustaches,an unshaved growth of hair on the upper lip,he looked younger after he shaved off his mustache
paddle,5k-b,4599,174,3.575,0.9971,,,0,n,paddled|paddler|paddlers|paddles|paddling,small wooden bat with a flat surface; used for hitting balls in various games,
tractor,5k-b,4706,175,3.573,0.9949,,,0,n,tractors,a wheeled vehicle with large wheels; used in farming and other applications,
heave,5k-b,4527,176,3.564,0.9907,,,0,v,heaved|heaver|heavers|heaves|heaving,"utter a sound, as with obvious effort",She heaved a deep sigh when she saw the list of things to do
blossom,5k-b,4707,177,3.559,0.9955,,,0,n,blossomed|blossoming|blossoms,reproductive organ of angiosperm plants especially one having showy or colorful parts,
loot,5k-b,4946,178,3.552,0.9894,,,0,n,looted|looter|looters|looting|lootings|loots,goods or money obtained illegally,
wink,5k-b,4885,179,3.550,1.0000,,,0,n,winked|winker|winkers|winking|winks,a very short time (as the time it takes the eye to blink or the heart to beat),"if I had the chance, I'd do it in a flash"
crunch,5k-b,4708,180,3.547,0.9954,,,0,n,crunched|crunches|crunchier|crunchiest|crunchiness|crunching|crunchy,the sound of something crunching,he heard the crunch of footsteps on the gravel path
wrestle,5k-b,4690,181,3.540,0.9975,,,0,v,wrestled|wrestler|wrestlers|wrestles|wrestling,combat to overcome an opposing tendency or force,He wrestled all his life with his feeling of inferiority
seduce,5k-b,4860,182,3.540,0.9949,,,0,v,seduced|seducer|seducers|seduces|seducing|seduction|seductions,induce to have sex,Harry finally seduced Sally
obscene,5k-b,4638,183,3.540,0.9926,,,0,adj,obscenely|obscenities|obscenity,designed to incite to indecency or lust,the dance often becomes flagrantly obscene
jeopardy,5k-b,4637,184,3.537,0.9973,,,0,n,jeopardies|jeopardise|jeopardised|jeopardises|jeopardising|jeopardize|jeopardized|jeopardizes|jeopardizing,a source of danger; a possibility of incurring loss or misfortune,drinking alcohol is a health hazard
beta,5k-b,4640,185,3.537,0.9867,,,0,n,betas,the 2nd letter of the Greek alphabet,
midst,5k-b,4862,186,3.537,0.9836,C1,,0,n,,the location of something surrounded by other things,in the midst of the crowd
epidemic,5k-b,4824,187,3.535,0.9975,C1,,0,n,epidemics,a widespread outbreak of an infectious disease; many people are infected at the same time,
solitary,5k-b,4569,188,3.535,0.9897,,,0,adj,solitarily|solitariness,characterized by or preferring solitude,a lone wolf
roam,5k-b,4929,189,3.532,0.9901,,,0,v,roamed|roamer|roamers|roaming|roams,"move about aimlessly or without any destination, often in search of food or employment",The gypsies roamed the woods
abdomen,5k-b,4563,190,3.527,1.0000,,,0,n,abdomens|abdominal,the region of the body of a vertebrate between the thorax and the pelvis,
plantation,5k-b,4732,191,3.525,1.0000,,,0,n,plantations,an estate where cash crops are grown on a large scale (especially in tropical areas),
id,5k-b,4956,192,3.522,0.8641,B2,,0,n,ids,(psychoanalysis) primitive instincts and energies underlying all psychic activity,
lime,5k-b,4564,193,3.520,0.9922,,,0,n,limes|limey,a caustic substance produced by heating limestone,
verge,5k-b,4519,194,3.517,0.9892,,,0,n,verged|verges|verging,a region marking a boundary,
reel,5k-b,4643,195,3.515,0.9842,,,0,n,reeled|reeling|reels|unreel|unreeled|unreeling|unreels,a roll of photographic film holding a series of frames to be projected by a movie projector,
anatomy,5k-b,4618,196,3.507,0.9928,,,0,n,anatomical|anatomically|anatomies|anatomist|anatomists,the branch of morphology that deals with the structure of animals,
allegiance,5k-b,4667,197,3.496,0.9975,,,0,n,allegiances,the act of binding yourself (intellectually or emotionally) to a course of action,his long commitment to public service
debris,5k-b,4692,198,3.496,0.9875,C1,,0,n,,the remains of something that has been destroyed or broken up,
diversion,5k-b,4736,199,3.493,0.9907,,,0,n,diversionaries|diversionary|diversions,an activity that diverts or amuses or stimulates,scuba diving is provided as a diversion for tourists
relay,5k-b,4695,200,3.477,1.0000,,,0,n,relaid|relayed|relaying|relays,the act of passing something along from one person or group to another,the relay was successful
rake,5k-b,4807,201,3.477,0.9948,,,0,v,raked|rakes|raking|unraked,move through with or as if with a rake,She raked her fingers through her hair
shred,5k-b,4963,202,3.471,0.9951,,,0,n,shredded|shredder|shredders|shredding|shreddings|shreds|unshredded,a tiny or scarcely detectable amount,
shuffle,5k-b,4537,203,3.471,0.9923,,,0,v,shuffled|shuffler|shufflers|shuffles|shuffling,walk by dragging one's feet,he shuffled out of the room
warfare,5k-b,4665,204,3.471,0.9908,C1,,0,n,,the waging of armed conflict against an enemy,thousands of people were killed in the war
depot,5k-b,4578,205,3.471,0.9780,,,0,n,depots,station where transport vehicles load or unload passengers or goods,
vintage,5k-b,4669,206,3.468,0.9900,,,0,n,vintages,a season's yield of wine from a vineyard,
ramp,5k-b,4900,207,3.462,0.9975,,,0,n,ramps,an inclined surface connecting two levels,
accessory,5k-b,4661,208,3.462,0.9920,,,0,n,accessories|accessorise|accessorised|accessorises|accessorising|accessorize|accessorized|accessorizes|accessorizing,"clothing that is worn or carried, but not part of your main clothing",
pest,5k-b,4557,209,3.459,0.9885,,,0,n,pests,a serious (sometimes fatal) infection of rodents caused by Yersinia pestis and accidentally transmitted to humans by the bite of a flea that has bitten an infected animal,
cradle,5k-b,4803,210,3.456,0.9855,,,0,n,cradled|cradles|cradling,a baby bed with sides and rockers,
eclipse,5k-b,4955,211,3.453,1.0000,,,0,n,eclipsed|eclipses|eclipsing,one celestial body obscures another,
cramp,5k-b,4725,212,3.450,1.0000,,,0,n,cramped|cramping|cramps,a painful and involuntary muscular contraction,
tame,5k-b,4793,213,3.438,0.9974,,,0,v,tamed|tamely|tameness|tamer|tamers|tames|taming|untamed|tamable|untamable,correct by punishment or discipline,
rumble,5k-b,4841,214,3.438,0.9926,,,0,n,rumbled|rumbles|rumbling|rumblings,a loud low dull continuous noise,they heard the rumbling of thunder
torment,5k-b,4702,215,3.438,0.9878,,,0,n,tormented|tormenter|tormenters|tormenting|tormentor|tormentors|torments,unbearable physical pain,
sermon,5k-b,4814,216,3.438,0.9784,,,0,n,sermonise|sermonised|sermonises|sermonising|sermonize|sermonized|sermonizes|sermonizing|sermons,an address of a religious nature (usually delivered during a church service),
cardboard,5k-b,4772,217,3.435,0.9906,,,0,adj,,without substance,cardboard caricatures of historical figures
inmate,5k-b,4813,218,3.432,0.9945,C1,,0,n,inmates,one of several resident of a dwelling (especially someone confined to a prison or hospital),
collision,5k-b,4602,219,3.432,0.9906,C1,,0,n,collisions,(physics) a brief event in which two or more bodies come together,the collision of the particles resulted in an exchange of energy and a change of direction
vacant,5k-b,4553,220,3.425,1.0000,,,0,adj,vacantly,without an occupant or incumbent,the throne is never vacant
wireless,5k-b,4961,221,3.425,1.0000,,,0,n,wirelesses,medium for communication,
awe,5k-b,4779,222,3.422,0.9923,,,0,n,awed|aweing|awes|awing,an overwhelming feeling of wonder or admiration,he stared over the edge with a feeling of awe
technician,5k-b,4598,223,3.416,0.9950,,,0,n,technicians,someone whose occupation involves training in a specific technical process,
gram,5k-b,4811,224,3.416,0.9944,,,0,n,gramme|grammes|grams,a metric unit of weight equal to one thousandth of a kilogram,
martyr,5k-b,4826,225,3.416,0.9723,,,0,n,martyrdom|martyrdoms|martyred|martyring|martyrs,one who suffers for the sake of principle,
tolerance,5k-b,4639,226,3.409,0.9929,C1,,0,n,tolerances,the power or capacity of an organism to tolerate unfavorable environmental conditions,
intrude,5k-b,4556,227,3.406,0.9917,,,0,v,intruded|intruder|intruders|intrudes|intruding,enter uninvited,They intruded on our dinner party
aerial,5k-b,4677,228,3.406,0.9877,,,0,n,aerialist|aerialists|aerially|aerials,a pass to a receiver downfield from the passer,
synthetic,5k-b,4605,229,3.402,0.9917,,,0,adj,synthetically|synthetics,not of natural origin; prepared or made artificially,man-made fibers
mute,5k-b,4766,230,3.399,0.9975,,,0,adj,muted|mutely|muteness|mutes|muting,expressed without speech,a mute appeal
imperative,5k-b,4615,231,3.399,0.9950,,,0,adj,imperatively|imperatives,requiring attention or action,"as nuclear weapons proliferate, preventing war becomes imperative"
improvise,5k-b,4756,232,3.399,0.9925,,,0,v,improv|improvisation|improvisational|improvisations|improvised|improviser|improvisers|improvises|improvising|improvization|improvizations|improvize|improvized|improvizer|improvizers|improvizes|improvizing,perform without preparation,he extemporized a speech at the wedding
slogan,5k-b,4611,233,3.399,0.9925,B2,,0,n,slogans,"a favorite saying of a group, organization or individual",
legion,5k-b,4672,234,3.396,0.9851,,,0,n,legionaries|legionary|legions,archaic terms for army,
stump,5k-b,4786,235,3.392,0.9924,,,0,n,stumped|stumpier|stumpiest|stumping|stumps|stumpy,the base part of a tree that remains standing after the tree has been felled,
jog,5k-b,4533,236,3.385,1.0000,,,0,v,jogged|jogger|joggers|jogging|jogs,continue talking or writing in a desultory manner,This novel rambles on and jogs
exterior,5k-b,4735,237,3.378,0.9975,,,0,n,exteriors,the region that is outside of something,
usher,5k-b,4872,238,3.378,0.9930,,,0,v,ushered|ushering|ushers,"take (someone) to their seats, as in theaters or auditoriums",he ushered us to our seats
inhale,5k-b,4966,239,3.375,0.9977,,,0,v,inhalant|inhalants|inhalation|inhalations|inhaled|inhaler|inhalers|inhales|inhaling,draw deep into the lungs in by breathing,Clinton smoked marijuana but never inhaled
epic,5k-b,4822,240,3.375,0.9974,,,0,adj,epically|epics,very imposing or impressive; surpassing the ordinary (especially in size or scale),an epic voyage
rinse,5k-b,4892,241,3.375,0.9900,,,0,v,rinsed|rinses|rinsing,wash off soap or remaining dirt,
wedge,5k-b,4522,242,3.371,0.9952,,,0,n,wedged|wedges|wedging,any shape that is triangular in cross section,
pluck,5k-b,4816,243,3.367,0.9896,,,0,v,plucked|plucker|pluckers|plucking|plucks,pull or pull out sharply,pluck the flowers off the bush
baptist,5k-b,4915,244,3.367,0.6137,,,0,n,baptistery|baptists,follower of Baptistic doctrines,
mortar,5k-b,4630,245,3.364,0.9831,,,0,n,mortared|mortaring|mortars,a muzzle-loading high-angle gun with a short barrel that fires shells at high elevations for a short range,
terrain,5k-b,4875,246,3.356,0.9944,C1,,0,n,terrains,a piece of ground having specific characteristics or military potential,they decided to attack across the rocky terrain
sensor,5k-b,4989,247,3.356,0.9908,,,0,n,sensors,any device that receives a signal or stimulus (as heat or pressure or light or motion etc.) and responds to it in a distinctive manner,
militia,5k-b,4901,248,3.356,0.9704,C1,,0,n,militias,civilians trained as soldiers but not part of the regular army,
pipeline,5k-b,4758,249,3.353,0.9873,C1,,0,n,pipelines,gossip spread by spoken communication,the news of their affair was spread by word of mouth
grunt,5k-b,4688,250,3.349,0.9971,,,0,n,grunted|grunting|grunts,the short low gruff noise of the kind made by hogs,
fungus,5k-b,4717,251,3.345,1.0000,,,0,n,fungal|fungi|funguses,an organism of the kingdom Fungi lacking chlorophyll and feeding on organic matter; ranging from unicellular or multicellular organisms to spore-bearing syncytia,
thermal,5k-b,4625,252,3.345,0.9948,,,0,adj,thermally|thermals,relating to or associated with heat,thermal movements of molecules
solemn,5k-b,4541,253,3.345,0.9631,,,0,adj,solemner|solemnest|solemnise|solemnised|solemnises|solemnising|solemnities|solemnity|solemnization|solemnize|solemnized|solemnizes|solemnizing|solemnly|solemnness,dignified and somber in manner or character and committed to keeping promises,a grave God-fearing man
smear,5k-b,4781,254,3.341,0.9931,,,0,n,smeared|smearing|smears|smeary,slanderous defamation,
sterile,5k-b,4507,255,3.341,0.9894,,,0,adj,sterilisation|sterilisations|sterilise|sterilised|steriliser|sterilisers|sterilises|sterilising|sterilities|sterility|sterilization|sterilizations|sterilize|sterilized|sterilizer|sterilizers|sterilizes|sterilizing,incapable of reproducing,an infertile couple
disposition,5k-b,4540,256,3.337,0.9913,,,0,n,dispositions,your usual mood,he has a happy disposition
anguish,5k-b,4721,257,3.337,0.9875,,,0,n,anguished|anguishes|anguishing,extreme mental distress,
twitch,5k-b,4751,258,3.333,0.9976,,,0,v,twitched|twitcher|twitchers|twitches|twitchily|twitchiness|twitching|twitchy,"make an uncontrolled, short, jerky motion",his face is twitching
disarm,5k-b,4539,259,3.333,0.9975,,,0,v,disarmament|disarmed|disarming|disarmingly|disarms,remove offensive capability from,
implant,5k-b,4965,260,3.333,0.9933,,,0,n,implantable|implantation|implantations|implanted|implanting|implants,a prosthesis placed permanently in tissue,
applaud,5k-b,4943,261,3.333,0.9904,C1,,0,v,applauded|applauder|applauders|applauding|applauds,clap one's hands or shout after performances to indicate approval,
tack,5k-b,4558,262,3.329,0.9901,,,0,n,tacked|tacking|tacks,the heading or position of a vessel relative to the trim of its sails,
sacks,5k-b,4987,263,3.329,,,,0,n,sackful|sackfuls|sacksful,a bag made of paper or plastic for holding customer's purchases,
crest,5k-b,4535,264,3.325,0.9952,,,0,n,crested|cresting|crests,"the top line of a hill, mountain, or wave",
cub,5k-b,4994,265,3.325,0.9856,,,0,n,cubs,an awkward and inexperienced youth,
howl,5k-b,4580,266,3.317,0.9974,,,0,v,howled|howler|howlers|howling|howls,emit long loud cries,wail in self-pity
marital,5k-b,4514,267,3.317,0.9903,,,0,adj,maritally|premarital,of or relating to the state of marriage,marital status
plains,5k-b,4969,268,3.317,,,,0,n,,extensive tract of level open land,they emerged from the woods onto a vast open plain
charitable,5k-b,4649,269,3.313,0.9976,,,0,adj,charitableness|charitably|uncharitable|uncharitably,relating to or characterized by charity,a charitable foundation
pedal,5k-b,4769,270,3.313,0.9929,,,0,n,pedaled|pedaling|pedalled|pedalling|pedals,a sustained bass note,
pharmaceutical,5k-b,4742,271,3.313,0.9882,,,0,adj,pharmaceuticals,of or relating to pharmacy or pharmacists,the pharmaceutical industry
aide,5k-b,4957,272,3.309,0.9687,C1,,0,n,aides,an officer who acts as military assistant to a more senior officer,
cosy,5k-b,4568,273,3.309,0.8200,,,0,adj,cosier|cosiest|cosily|cosiness|cozier|coziest|cozily|coziness|cozy,enjoying or affording comforting warmth and shelter especially in a small space,a cozy nook near the fire
thump,5k-b,4628,274,3.292,0.9921,,,0,v,thumped|thumping|thumps,move rhythmically,Her heart was beating fast
definitive,5k-b,4828,275,3.292,0.9903,,,0,adj,definitively,clearly defined or formulated,the plain and unequivocal language of the laws
festive,5k-b,4863,276,3.287,1.0000,,,0,adj,festively|festiveness|festivities|festivity,offering fun and gaiety,a festive (or festal) occasion
interrogate,5k-b,4668,277,3.287,0.9944,,,0,v,interrogated|interrogates|interrogating|interrogation|interrogations|interrogator|interrogatories|interrogators|interrogatory,"transmit (a signal) for setting off an appropriate response, as in telecommunication",
vaccine,5k-b,4936,278,3.287,0.9928,,,0,n,vaccines,immunogen consisting of a suspension of weakened or dead pathogenic cells injected in order to stimulate the production of antibodies,
pastry,5k-b,4913,279,3.287,0.9910,,,0,n,pastries,a dough of flour and water and shortening,
muse,5k-b,4700,280,3.287,0.9838,,,0,n,mused|muses|musing|musings,the source of an artist's inspiration,Euterpe was his muse
peril,5k-b,4724,281,3.287,0.9742,,,0,n,perilling|perilous|perilously|perils,a source of danger; a possibility of incurring loss or misfortune,drinking alcohol is a health hazard
confide,5k-b,4734,282,3.283,0.9909,,,0,v,confidant|confidants|confided|confider|confiders|confides|confiding|confidingly|overconfident,reveal in private; tell confidentially,
wrinkle,5k-b,4852,283,3.279,0.9950,,,0,n,unwrinkled|wrinkled|wrinkles|wrinkling|wrinkly,a slight depression or fold in the smoothness of a surface,his face has many lines
relish,5k-b,4676,284,3.279,0.9903,,,0,v,relished|relishes|relishing,derive or receive pleasure from; get enjoyment from; take pleasure in,She relished her fame and basked in her glory
humanitarian,5k-b,4958,285,3.274,0.9977,C1,,0,adj,humanitarianism|humanitarians,marked by humanistic values and devotion to human welfare,released the prisoner for humanitarian reasons
confederate,5k-b,4805,286,3.274,0.9909,,,0,n,confederacies|confederacy|confederal|confederates|confederation|confederations,someone who assists in a plot,
fatigue,5k-b,4896,287,3.265,0.9954,,,0,n,fatigued|fatigues|fatiguing,temporary loss of strength and energy resulting from hard physical or mental work,he was hospitalized for extreme fatigue
mosquito,5k-b,4973,288,3.265,0.9950,,,0,n,mosquitoes|mosquitos,two-winged insect whose female has a long proboscis to pierce the skin and suck the blood of humans and animals,
spawn,5k-b,4835,289,3.265,0.9847,,,0,n,spawned|spawning|spawns,the mass of eggs deposited by fish or amphibians or molluscs,
moist,5k-b,4747,290,3.260,1.0000,,,0,adj,moisten|moistened|moistener|moisteners|moistening|moistens|moister|moistest|moistly|moistness,slightly wet,clothes damp with perspiration
transparent,5k-b,4635,291,3.260,0.9977,C1,,0,adj,nontransparent|transparently,transmitting light; able to be seen through with clarity,the cold crystalline water of melted snow
cosmetic,5k-b,4849,292,3.260,0.9946,,,0,adj,cosmetically|cosmetics,serving an esthetic rather than a useful purpose,cosmetic fenders on cars
logo,5k-b,4812,293,3.260,0.9928,B2,,0,n,logos,a company emblem or device,
trot,5k-b,4511,294,3.260,0.9852,,,0,v,trots|trotted|trotter|trotters|trotting,run at a moderately swift pace,
tenure,5k-b,4722,295,3.251,0.9746,C1,,0,n,tenures,the term during which some position is held,
flake,5k-b,4796,296,3.246,0.9876,,,0,n,flaked|flakes|flaking|flakings|flaky|flakiness,a crystal of snow,
icon,5k-b,4671,297,3.241,0.9953,B2,,0,n,iconic|icons,(computer science) a graphic symbol (usually a simple picture) that denotes a program or a command or a data file or a concept in a graphical user interface,
posture,5k-b,4634,298,3.241,0.9948,,,0,n,postural|postured|postures|posturing|posturings,the arrangement of the body and its limbs,he assumed an attitude of surrender
heterosexual,5k-b,4894,299,3.241,0.9944,,,0,adj,heterosexism|heterosexuality|heterosexually|heterosexuals,sexually attracted to members of the opposite sex,
simmer,5k-b,4979,300,3.236,0.9868,,,0,v,simmered|simmering|simmers,boil slowly at low temperature,simmer the sauce
paste,5k-b,4788,301,3.236,0.9864,,,0,n,pasted|pastes|pasting,any mixture of a soft and malleable consistency,
silicon,5k-b,4624,302,3.236,0.9833,,,0,n,silicone,a tetravalent nonmetallic element; next to oxygen it is the most abundant element in the earth's crust; occurs in clay and feldspar and granite and quartz and sand; used as a semiconductor in transistors,
demise,5k-b,4543,303,3.236,0.9791,,,0,n,demised|demises,the time when something ends,it was the death of all his plans
allergy,5k-b,4858,304,3.231,0.9977,,,0,n,allergenic|allergic|allergically|allergies|allergist|allergists|nonallergic,hypersensitivity reaction to a particular allergen; symptoms can vary greatly in intensity,
vinegar,5k-b,4985,305,3.231,0.9975,,,0,n,vinegars|vinegary,sour-tasting liquid produced usually by oxidation of the alcohol in wine or cider and used as a condiment or food preservative,
proximity,5k-b,4831,306,3.221,0.9785,,,0,n,proximities,the property of being close together,
consecutive,5k-b,4613,307,3.216,0.9952,C1,,0,adj,consecutively|nonconsecutive|nonconsecutively,one after the other,back-to-back home runs
prudent,5k-b,4572,308,3.211,0.9907,,,0,adj,imprudent|imprudently|prudence|prudently,careful and sensible; marked by sound judgment,a prudent manager
diplomacy,5k-b,4933,309,3.206,0.9947,,,0,n,diplomacies,negotiation between nations,
chuckle,5k-b,4679,310,3.206,0.9923,,,0,n,chuckled|chuckler|chuckles|chuckling,a soft partly suppressed laugh,
binoculars,5k-b,4795,311,3.200,0.9974,,,0,n,binocular,(plural) an optical instrument designed for simultaneous use by both eyes,
enlist,5k-b,4952,312,3.200,0.9895,,,0,v,enlistings|enlisted|enlisting|enlistment|enlistments|enlists,join the military,
sever,5k-b,4536,313,3.200,0.9769,,,0,v,severable|severance|severances|severed|severing|severs,set or keep apart,sever a relationship
optimism,5k-b,4545,314,3.195,0.9974,C1,,0,n,optimisms,the optimistic feeling that all is going to turn out well,
relentless,5k-b,4873,315,3.195,0.9974,,,0,adj,relentlessly|relentlessness,not to be placated or appeased or moved by entreaty,grim determination
blockade,5k-b,4972,316,3.189,0.9916,,,0,n,blockaded|blockades|blockading,a war measure that isolates some area of importance to the enemy,
mound,5k-b,4737,317,3.184,0.9925,,,0,n,mounded|mounds,(baseball) the slight elevation on which the pitcher stands,
ripple,5k-b,4775,318,3.184,0.9923,,,0,n,rippled|ripples|rippling,a small wave on the surface of a liquid,
maternal,5k-b,4715,319,3.173,0.9975,,,0,adj,maternally,characteristic of a mother,warm maternal affection for her guest
lag,5k-b,4504,320,3.173,0.9896,,,0,n,lagged|lagging|lags,the act of slowing down or falling behind,
sprinkle,5k-b,4583,321,3.167,0.9974,,,0,v,sprinkled|sprinkler|sprinklers|sprinkles|sprinkling,distribute loosely,He scattered gun powder under the wagon
cleanse,5k-b,4819,322,3.167,0.9933,,,0,v,cleansed|cleanser|cleansers|cleanses|cleansing|cleansings,"clean one's body or parts thereof, as by washing",clean up before you see your grandparents
rite,5k-b,4820,323,3.167,0.9100,,,0,n,rites,an established ceremony prescribed by a religion,the rite of baptism
dubious,5k-b,4650,324,3.161,0.9818,,,0,adj,dubiously|dubiousness,fraught with uncertainty or doubt,they were doubtful that the cord would hold
diagnostic,5k-b,4526,325,3.155,0.9954,,,0,adj,diagnostically|diagnostician|diagnosticians|diagnostics,concerned with diagnosis; used for furthering diagnosis,a diagnostic reading test
elusive,5k-b,4861,326,3.155,0.9952,,,0,adj,elusively|elusiveness,difficult to describe,a haunting elusive odor
therapeutic,5k-b,4716,327,3.155,0.9862,,,0,adj,therapeutics|therapeutically,tending to cure or restore to health,curative powers of herbal remedies
reclaim,5k-b,4689,328,3.149,1.0000,,,0,v,reclaimable|reclaimed|reclaiming|reclaims|reclamation|reclamations,claim back,
gymnasium,5k-b,4874,329,3.149,0.9974,A1,,0,n,gym|gymnasia|gymnasiums|gyms,athletic facility equipped for sports or physical training,
drought,5k-b,4711,330,3.143,0.9899,B2,,0,n,droughts,a shortage of rainfall,farmers most affected by the drought hope that there may yet be sufficient rain early in the growing season
peninsula,5k-b,4748,331,3.143,0.9790,,,0,n,peninsular|peninsulas,a large mass of land projecting into a body of water,
lapse,5k-b,4614,332,3.143,0.9755,,,0,n,lapsed|lapses|lapsing,a mistake resulting from inattention,
expel,5k-b,4521,333,3.143,0.9752,,,0,v,expelled|expelling|expels,force to leave or move out,He was expelled from his native country
oval,5k-b,4771,334,3.137,1.0000,,,0,adj,ovals,rounded like an egg,
scripture,5k-b,4673,335,3.137,0.9952,,,0,n,scriptural|scriptures,any writing that is regarded as sacred by a religious group,
overthrow,5k-b,4587,336,3.137,0.9951,,,0,v,overthrew|overthrowing|overthrown|overthrows,cause the downfall of; of rulers,The Czar was overthrown
coarse,5k-b,4524,337,3.137,0.9926,,,0,adj,coarsely|coarsen|coarsened|coarseness|coarsening|coarsens|coarser|coarsest,of textures that are rough to the touch or substances consisting of relatively large particles,coarse meal
hurl,5k-b,4730,338,3.137,0.9874,,,0,v,hurled|hurler|hurlers|hurling|hurls,throw forcefully,
physicist,5k-b,4944,339,3.137,0.9846,,,0,n,physicists,a scientist trained in physics,
temporal,5k-b,4782,340,3.137,0.9678,,,0,adj,temporality|temporally,not eternal,temporal matters of but fleeting moment
dangle,5k-b,4937,341,3.131,0.9746,,,0,v,dangled|dangler|danglers|dangles|dangling,hang loosely,the ornaments dangled from the tree
soothe,5k-b,4532,342,3.118,0.9928,,,0,v,soothed|soother|soothers|soothes|soothing|soothingly,give moral or emotional strength to,
trio,5k-b,4660,343,3.118,0.9891,C1,,0,n,trios,the cardinal number that is the sum of one and one and one,
procession,5k-b,4510,344,3.111,0.9947,,,0,n,processional|processions,(theology) the origination of the Holy Spirit at Pentecost,the emanation of the Holy Spirit
composite,5k-b,4574,345,3.105,0.9917,,,0,adj,composites,consisting of separate interconnected parts,
landmark,5k-b,4780,346,3.105,0.9901,C1,,0,n,landmarks,the position of a prominent or well-known object in a particular landscape,the church steeple provided a convenient landmark
retaliate,5k-b,4899,347,3.105,0.9898,,,0,v,retaliated|retaliates|retaliating|retaliation|retaliations|retaliatory,take revenge for a perceived wrong,He wants to avenge the murder of his brother
petroleum,5k-b,4865,348,3.105,0.9897,,,0,n,,a dark oil consisting mainly of hydrocarbons,
outright,5k-b,4726,349,3.098,0.9949,,,0,adv,,without restrictions or stipulations or further payments,buy outright
foil,5k-b,4745,350,3.091,0.9973,,,0,n,foiled|foiling|foils,a piece of thin and flexible sheet metal,the photographic film was wrapped in foil
ceramic,5k-b,4698,351,3.091,0.9868,,,0,adj,ceramicist|ceramicists|ceramics,of or relating to or made from a ceramic,a ceramic dish
conclusive,5k-b,4525,352,3.084,0.9977,,,0,adj,conclusively|inconclusive|inconclusively,forming an end or termination; especially putting an end to doubt or question,conclusive proof
dusk,5k-b,4783,353,3.084,0.9973,,,0,n,duskier|duskiest|duskiness|dusks|dusky,the time of day immediately following sunset,he loved the twilight
sewage,5k-b,4644,354,3.077,0.9834,,,0,n,,waste matter carried away in sewers or drains,
temperament,5k-b,4619,355,3.070,0.9712,,,0,n,temperamental|temperamentally|temperaments,your usual mood,he has a happy disposition
putt,5k-b,4727,356,3.063,0.9449,,,0,n,putted|putter|putters|putts,hitting a golf ball that is on the green using a putter,his putting let him down today
ensemble,5k-b,4964,357,3.055,0.9889,,,0,n,ensembles,a group of musicians playing or singing together,a string ensemble
revere,5k-b,4833,358,3.055,0.9604,,,0,name,revered|reverence|reverences|reverent|reverential|reverentially|reverently|reveres|revering,a lapel on a woman's garment; turned back to show the reverse side,
tangible,5k-b,4559,359,3.048,0.9929,,,0,adj,intangible|intangibles|intangibly|tangibleness|tangibly,perceptible by the senses especially the sense of touch,skin with a tangible roughness
ponder,5k-b,4867,360,3.048,0.9897,,,0,v,pondered|ponderer|ponderers|pondering|ponders,reflect deeply on a subject,I mulled over the events of the afternoon
tabloid,5k-b,4868,361,3.048,0.9819,,,0,adj,tabloids,sensationalist journalism,
poise,5k-b,4588,362,3.048,0.9765,,,0,n,poised|poises|poising,a cgs unit of dynamic viscosity equal to one dyne-second per square centimeter; the viscosity of a fluid in which a force of one dyne per square centimeter maintains a velocity of 1 centimeter per second,
modem,5k-b,4978,363,3.040,0.9874,,,0,n,modems,(from a combination of MOdulate and DEModulate) electronic equipment consisting of a device used to connect computers by a telephone line,
anecdote,5k-b,4905,364,3.040,0.9788,,,0,n,anecdotal|anecdotes,short account of an incident (especially a biographical one),
dub,5k-b,4764,365,3.040,0.9527,C1,,0,v,dubbed|dubber|dubbing|dubs,give a nickname to,
recollect,5k-b,4592,366,3.032,0.9928,,,0,v,recollected|recollecting|recollection|recollections|recollects,recall knowledge from memory; have a recollection,I can't remember saying any such thing
reproductive,5k-b,4753,367,3.032,0.9921,,,0,adj,reproductively,producing new life or offspring,the reproductive potential of a species is its relative capacity to reproduce itself under optimal conditions
aftermath,5k-b,4789,368,3.024,0.9922,C1,,0,n,aftermaths,the consequences of an event (especially a catastrophic event),the aftermath of war
clasp,5k-b,4674,369,3.016,1.0000,,,0,n,clasped|clasping|clasps|unclasp|unclasped|unclasping|unclasps,a fastener (as a buckle or hook) that is used to hold two things together,
ignite,5k-b,4939,370,3.008,0.9974,,,0,v,ignited|ignites|igniting|ignition|ignitions,cause to start burning; subject to fire or great heat,Great heat can ignite almost any dry matter
dazzle,5k-b,4575,371,3.008,0.9898,,,0,v,dazzled|dazzler|dazzlers|dazzles|dazzling|dazzlingly,"to cause someone to lose clear vision, especially from intense light",She was dazzled by the bright headlights
growl,5k-b,4712,372,2.999,0.9933,,,0,n,growled|growler|growlers|growling|growls,the sound of growling (as made by animals),
sibling,5k-b,4981,373,2.991,0.9929,B2,,0,n,siblings,a person's brother or sister,
lament,5k-b,4891,374,2.991,0.9891,,,0,v,lamentable|lamentably|lamentation|lamentations|lamented|lamenting|laments,express grief verbally,we lamented the death of the child
innings,5k-b,4774,375,2.991,0.9684,,,0,n,inning,the batting turn of a cricket player or team,
dole,5k-b,4845,376,2.991,0.9615,,,0,n,doled|doles|doling,a share of money or food or clothing that has been charitably given,
versatile,5k-b,4666,377,2.982,0.9920,,,0,adj,versatilities|versatility,having great diversity or variety,his various achievements are impressive
bulge,5k-b,4767,378,2.982,0.9904,,,0,n,bulged|bulges|bulging|bulgy,something that bulges out or is protuberant or projects from its surroundings,the gun in his pocket made an obvious bulge
grit,5k-b,4626,379,2.982,0.9894,,,0,n,grits|gritted|grittier|grittiest|grittiness|gritting|gritty,a hard coarse-grained siliceous sandstone,
ascend,5k-b,4520,380,2.973,0.9956,,,0,v,ascendance|ascendances|ascendancies|ascendancy|ascendency|ascendant|ascendants|ascended|ascendent|ascending|ascends,travel up,We ascended the mountain
niche,5k-b,4928,381,2.973,0.9707,C1,,0,n,niches,a position particularly well suited to the person who or organization which occupies it,he found his niche in the academic world
curator,5k-b,4776,382,2.973,0.9696,,,0,n,curatorial|curators|curatorship,the custodian of a collection (as a museum or library),
swirl,5k-b,4839,383,2.964,0.9975,,,0,n,swirled|swirling|swirls|swirly,the shape of something rotating rapidly,
sprout,5k-b,4942,384,2.964,0.9923,,,0,v,sprouted|sprouting|sproutings|sprouts,"produce buds, branches, or germinate",the potatoes sprouted
dismantle,5k-b,4529,385,2.964,0.9899,,,0,v,dismantled|dismantlement|dismantlements|dismantles|dismantling,tear down so as to make flat with the ground,The building was levelled
veto,5k-b,4696,386,2.964,0.9635,,,0,n,vetoed|vetoes|vetoing,a vote that blocks a decision,
airways,5k-b,4542,387,2.955,1.0000,,,0,n,airway,a duct that provides ventilation (as in mines),
discrepancy,5k-b,4800,388,2.955,0.9727,,,0,n,discrepancies|discrepant,a difference between conflicting facts or claims or opinions,a growing divergence of opinion
indict,5k-b,4869,389,2.955,0.8984,C1,,0,n,indictable|indicted|indicting|indictment|indictments|indicts,accuse formally of a crime,
flutter,5k-b,4739,390,2.945,0.9915,,,0,v,fluttered|fluttering|flutterings|flutters|fluttery,move along rapidly and lightly; skim or dart,The hummingbird flitted among the branches
wail,5k-b,4866,391,2.945,0.9851,,,0,v,wailed|wailer|wailers|wailing|wails,emit long loud cries,wail in self-pity
vigil,5k-b,4821,392,2.945,0.9770,,,0,n,vigilance|vigilances|vigilant|vigils|vigilantly,a period of sleeplessness,
dynamics,5k-b,4879,393,2.935,0.9952,,,0,n,,the branch of mechanics concerned with the forces that cause motions of bodies,
onset,5k-b,4594,394,2.935,0.9833,,,0,n,onsets,the beginning or early stages,the onset of pneumonia
appliance,5k-b,4830,395,2.915,0.9974,,,0,n,appliances,a device or control that is very useful for a particular job,
autobiography,5k-b,4754,396,2.915,0.9951,,,0,n,autobiographical|autobiographically|autobiographies,a biography of yourself,
mimic,5k-b,4864,397,2.905,0.9904,,,0,v,mimick|mimicked|mimicker|mimickers|mimicking|mimicry|mimics,"imitate (a person or manner), especially for satirical effect",The actor mimicked the President very accurately
nominee,5k-b,4996,398,2.905,0.9895,C1,,0,n,nominees,a politician who is running for public office,
lavish,5k-b,4704,399,2.894,0.9931,,,0,adj,lavished|lavisher|lavishest|lavishing|lavishly|lavishness,very generous,distributed gifts with a lavish hand
rein,5k-b,4657,400,2.894,0.9128,,,0,v,reined|reining|reins,control and direct with or as if by reins,rein a horse
slender,5k-b,4631,401,2.883,1.0000,,,0,adj,slenderer|slenderest|slenderness,being of delicate or slender build,she was slender as a willow shoot is slender
replicate,5k-b,4770,402,2.872,0.9907,,,0,v,replicated|replicates|replicating|replication|replications,bend or turn backward,
hinder,5k-b,4531,403,2.872,0.9898,,,0,v,hindered|hindering|hinders|hindrance|hindrances|unhindered,be a hindrance or obstacle to,She is impeding the progress of our project
nurture,5k-b,4932,404,2.872,0.9860,,,0,v,nurtured|nurturer|nurturers|nurtures|nurturing,"help develop, help grow",nurture his talents
aggravate,5k-b,4566,405,2.872,0.9833,,,0,v,aggravated|aggravates|aggravating|aggravation|aggravations|aggro,make worse,This drug aggravates the pain
paradigm,5k-b,4701,406,2.872,0.9327,,,1,n,paradigmatic|paradigms,systematic arrangement of all the inflected forms of a word,
sprint,5k-b,4597,407,2.860,1.0000,,,0,n,sprinted|sprinter|sprinters|sprinting|sprints,a quick run,
escalate,5k-b,4719,408,2.860,0.9975,C1,,0,v,escalated|escalates|escalating|escalation|escalations,increase in extent or intensity,The Allies escalated the bombing
robust,5k-b,4607,409,2.860,0.9973,C1,,0,adj,robuster|robustly|robustness,"sturdy and strong in form, constitution, or construction",a robust body
audible,5k-b,4970,410,2.860,0.9953,,,0,adj,audibly|inaudible|inaudibly|audibility|inaudibility,heard or perceptible by the ear,he spoke in an audible whisper
fragrant,5k-b,4827,411,2.860,0.9833,,,0,adj,fragrance|fragrances|fragrantly,pleasant-smelling,
resurrect,5k-b,4738,412,2.860,0.9768,,,0,v,resurrected|resurrecting|resurrection|resurrections|resurrects,cause to become alive again,raise from the dead
revolve,5k-b,4817,413,2.848,0.9926,,,0,v,revolved|revolves|revolving,turn on or around an axis or a center,The Earth revolves around the Sun
incumbent,5k-b,4914,414,2.836,0.9704,,,0,adj,incumbency|incumbents,lying or leaning on something else,an incumbent geological formation
antibiotic,5k-b,4697,415,2.823,0.9881,,,0,n,antibiotics,a chemical substance derivable from a mold or bacterium that can kill microorganisms and cure bacterial infections,when antibiotics were first discovered they were called wonder drugs
communal,5k-b,4670,416,2.823,0.9776,,,0,adj,communally,for or by a group rather than individuals,dipping each his bread into a communal dish of stew
multinational,5k-b,4604,417,2.810,0.9769,,,0,adj,multinationals,involving or operating in several nations or nationalities,multinational corporations
weld,5k-b,4784,418,2.810,0.9744,,,0,v,weldable|welded|welder|welders|welding|welds,join together by heating,weld metal
persecute,5k-b,4749,419,2.797,0.9687,,,0,v,persecuted|persecutes|persecuting|persecution|persecutions|persecutor|persecutors,cause to suffer,Some religious groups are persecuted in some countries
bilateral,5k-b,4589,420,2.783,0.9825,,,0,adj,bilaterally,having identical parts on each side of an axis,
lesion,5k-b,4622,421,2.783,0.9022,,,0,n,lesions,any localized abnormal structural change in a bodily part,
whisk,5k-b,4977,422,2.769,0.9950,,,0,v,whisked|whisking|whiskings|whisks,move somewhere quickly,The President was whisked away in his limo
hinge,5k-b,4768,423,2.769,0.9920,,,0,n,hinged|hinges|hinging,a joint that holds two parts together so that one can swing relative to the other,
compost,5k-b,4838,424,2.754,0.9977,,,0,n,composted|composting|composts,a mixture of decaying vegetation and manure; used as a fertilizer,
seasoning,5k-b,4954,425,2.739,0.9975,,,0,n,seasoned|seasonings|unseasoned,something added to food primarily for the savor it imparts,
foliage,5k-b,4752,426,2.739,0.9952,,,0,n,foliages,the main organ of photosynthesis and transpiration in higher plants,
factual,5k-b,4530,427,2.739,0.9895,,,0,adj,counterfactual|factually,existing in act or fact,rocks and trees … the actual world
algorithm,5k-b,4642,428,2.739,0.9305,,,0,n,algorithms,a precise rule (or set of rules) specifying how to solve some problem,
disintegrate,5k-b,4746,429,2.723,0.9919,,,0,v,disintegrated|disintegrates|disintegrating|disintegration,break into parts or components or lose cohesion or unity,The material disintegrated
assimilate,5k-b,4652,430,2.723,0.9551,,,0,v,assimilated|assimilates|assimilating|assimilation,take up mentally,he absorbed the knowledge or beliefs of his tribe
influenza,5k-b,4681,431,2.707,0.9975,A2,,0,n,flu,an acute febrile highly contagious viral disease,
elicit,5k-b,4889,432,2.707,0.9806,,,0,v,elicitation|elicitations|elicited|eliciting|elicits,"call forth (emotions, feelings, and responses)",arouse pity
evaporate,5k-b,4741,433,2.690,0.9974,,,0,v,evaporated|evaporates|evaporating|evaporation|evaporator|evaporators,lose or cause to lose liquid by vaporization leaving a more concentrated residue,evaporate milk
transcend,5k-b,4502,434,2.690,0.9826,,,0,v,transcended|transcendence|transcendences|transcendent|transcendental|transcendentally|transcending|transcends|transcendentalism,be greater in scope or size than some standard,Their loyalty exceeds their national bonds
dismay,5k-b,4586,435,2.672,0.9946,,,0,n,dismayed|dismaying|dismays,the feeling of despair in the face of obstacles,
pivot,5k-b,4924,436,2.672,0.9868,,,0,v,pivotal|pivoted|pivoting|pivots,turn on a pivot,
lurk,5k-b,4791,437,2.634,0.9800,,,0,v,lurked|lurking|lurks,"lie in wait, lie in ambush, behave in a sneaky and secretive manner",
coerce,5k-b,4760,438,2.634,0.9586,,,0,v,coerced|coercer|coercers|coerces|coercing|coercion|coercive|coercively,"to cause to do through pressure or necessity, by physical, moral or intellectual means",She forced him to take a job in the city
mitigate,5k-b,4960,439,2.634,0.9425,,,0,v,mitigated|mitigates|mitigating|mitigation|unmitigated,lessen or to try to lessen the seriousness or extent of,The circumstances extenuate the crime
theological,5k-b,4646,440,2.614,0.9873,,,0,adj,theologically,of or relating to or concerning theology,theological seminar
clench,5k-b,4653,441,2.614,0.9845,,,0,v,clenched|clenches|clenching|unclenched,hold in a tight grasp,clench a steering wheel
renown,5k-b,4647,442,2.614,0.9117,C1,,0,adj,renowned,the state or quality of being widely honored and acclaimed,
nutrient,5k-b,4709,443,2.593,0.9879,,,0,n,nutrients,any substance that can be metabolized by an animal to give energy and build tissue,
rationale,5k-b,4920,444,2.593,0.9778,,,0,n,rationales,(law) an explanation of the fundamental reasons (especially an explanation of the working of some device in terms of laws of nature),the rationale for capital punishment
requisite,5k-b,4616,445,2.593,0.9761,,,0,adj,prerequisite|prerequisites|requisites,necessary for relief or supply,provided them with all things needful
angler,5k-b,4743,446,2.593,0.9654,,,0,n,anglers,a scheming person; someone who schemes to gain an advantage,
pesticide,5k-b,4582,447,2.571,0.9973,,,0,n,pesticides,a chemical used to kill pests (as rodents or insects),
durable,5k-b,4848,448,2.571,0.9955,,,0,adj,durabilities|durability|durables|durably|nondurable|nondurables,existing for a long time,hopes for a durable peace
discern,5k-b,4686,449,2.547,0.9785,,,0,v,discernable|discerned|discerning|discernment|discernments|discerns|indiscernable,detect with the senses,The fleeing convicts were picked out of the darkness by the watchful prison guards
preside,5k-b,4610,450,2.547,0.9507,C1,,0,v,presided|presides|presiding,act as president,preside over companies and corporations
aflame,5k-b,5000,451,2.547,0.9310,,,0,adj,,keenly excited (especially sexually) or indicating excitement,his face all ablaze with excitement
toddle,5k-b,4854,452,2.547,0.9098,,,0,v,toddled|toddler|toddlers|toddles|toddling,"walk unsteadily, with short steps",small children toddle
trickle,5k-b,4792,453,2.522,0.9920,,,0,n,trickled|trickles|trickling,flowing in drops; the formation and falling of drops of liquid,there's a drip through the roof
intersect,5k-b,4967,454,2.522,0.9874,,,0,v,intersected|intersecting|intersection|intersections|intersects,meet at a point,
patriarch,5k-b,4871,455,2.522,0.9753,,,0,n,patriarchal|patriarchate|patriarchs|patriarchy,title for the heads of the Eastern Orthodox Churches (in Istanbul and Alexandria and Moscow and Jerusalem),
empower,5k-b,4617,456,2.522,0.9584,C1,,0,v,empowered|empowering|empowerment|empowerments|empowers,give or delegate power or authority to,She authorized her assistant to sign the papers
advocacy,5k-b,4982,457,2.496,0.9930,,,0,n,advocacies,active support of an idea or cause etc.; especially the act of pleading or arguing for something,
ecology,5k-b,4576,458,2.496,0.9923,,,0,n,ecologies|ecologist|ecologists,the environment as it relates to living organisms,it changed the ecology of the island
optimal,5k-b,4505,459,2.496,0.9841,,,0,adj,optimality|optimally,most desirable possible under a restriction expressed or implied,an optimum return on capital
engrave,5k-b,4729,460,2.496,0.9769,,,0,v,engraved|engraver|engravers|engraves|engraving|engravings,"carve, cut, or etch into a material or surface",engrave a pen
efficacy,5k-b,4959,461,2.496,0.9049,,,0,n,efficacies,capacity or power to produce a desired effect,concern about the safety and efficacy of the vaccine
retention,5k-b,4506,462,2.468,0.9924,,,0,n,retentions|retentive,the act of retaining something,
condense,5k-b,4632,463,2.468,0.9899,,,0,v,condensate|condensates|condensation|condensations|condensed|condenser|condensers|condenses|condensing,undergo condensation; change from a gaseous to a liquid state and fall in drops,water condenses
immerse,5k-b,4902,464,2.468,0.9869,,,0,v,immersed|immerses|immersing|immersion,thrust or throw into,Immerse yourself in hot water
pastel,5k-b,4950,465,2.468,0.9800,,,0,adj,pastels,lacking in body or vigor,faded pastel charms of the naive music
overt,5k-b,4577,466,2.468,0.9676,,,0,adj,overtly,open and observable; not secret or hidden,an overt lie
emigrate,5k-b,4633,467,2.468,0.9604,,,0,v,emigrated|emigrates|emigrating|emigration|emigrations,leave one's country of residence for a new one,Many people had to emigrate during the Nazi period
renovate,5k-b,4887,468,2.438,0.9829,,,0,v,renovated|renovates|renovating|renovation|renovations,restore to a previous or better condition,They renovated the ceiling of the Sistine Chapel
appropriated,5k-b,4620,469,2.438,0.9803,,,0,v,appropriates|appropriating|appropriation|appropriations,give or assign a resource to a particular person or cause,I will earmark this money for your research
migrant,5k-b,4757,470,2.438,0.9735,,,0,n,migrants,traveler who moves from one region or country to another,
larva,5k-b,4552,471,2.438,0.9517,,,0,n,larvae|larval|larvas,the immature free-living form of most invertebrates and amphibians and fish which at hatching from the egg is fundamentally unlike its parent and must metamorphose,
embroider,5k-b,4651,472,2.406,0.9675,,,0,v,embroidered|embroiderer|embroiderers|embroideries|embroidering|embroiders|embroidery,decorate with needlework,
propel,5k-b,4655,473,2.371,0.9951,,,0,v,propellant|propellants|propelled|propeller|propellers|propelling|propellor|propellors|propels,cause to move forward with force,Steam propels this ship
judiciary,5k-b,4947,474,2.371,0.9712,,,0,n,judiciaries,persons who administer justice,
evangelical,5k-b,4930,475,2.371,0.9696,,,0,adj,evangelicalism|evangelically|evangelicals,relating to or being a Christian church believing in personal conversion and the inerrancy of the Bible especially the 4 Gospels,evangelical Christianity
expanse,5k-b,4876,476,2.371,0.9567,,,0,n,expanses|expansive|expansively|expansiveness,a wide scope,the sweep of the plains
ail,5k-b,4890,477,2.371,0.8108,,,0,v,ailing|ailment|ailments|ails,be ill or unwell,
saturate,5k-b,4517,478,2.333,0.9822,,,0,v,saturated|saturates|saturating|saturation|saturations|unsaturated,"cause (a chemical compound, vapour, solution, magnetic material) to unite with the greatest possible amount of another substance",
heighten,5k-b,4733,479,2.292,0.9898,C1,,0,v,heightened|heightening|heightens,become more extreme,The tension heightened
infuse,5k-b,4731,480,2.292,0.9869,,,0,v,infused|infuser|infusers|infuses|infusing|infusion|infusions,teach and impress by frequent repetitions or admonitions,inculcate values into the young generation
memoir,5k-b,4847,481,2.292,0.9816,C1,,0,n,memoirs,an account of the author's personal experiences,
partisan,5k-b,4794,482,2.292,0.9730,,,0,adj,bipartisan|bipartisanship|nonpartisan|partisans|partisanship,devoted to a cause or party,
paralyse,5k-b,4904,483,2.246,0.9952,,,0,v,paralysed|paralyses|paralysing|paralytic|paralyze|paralyzed|paralyzes|paralyzing,make powerless and unable to function,The bureaucracy paralyzes the entire operation
conversely,5k-b,4603,484,2.246,0.9849,,,0,adv,,with the terms of the relation reversed,"conversely, not all women are mothers"
coefficient,5k-b,4728,485,2.246,0.9821,,,0,n,coefficients,a constant number that serves as a measure of some property or characteristic,
sprawl,5k-b,4909,486,2.195,0.9890,,,0,n,sprawled|sprawling|sprawls,an aggregation or continuous network of urban communities,
deplete,5k-b,4584,487,2.195,0.9825,,,0,v,depleted|depletes|depleting|depletion,use up (resources or materials),this car consumes a lot of gas
segregate,5k-b,4705,488,2.195,0.9809,,,0,v,segregated|segregates|segregating|segregation|segregationist|segregationists|segregations,separate by race or religion; practice a policy of racial segregation,This neighborhood is segregated
pastoral,5k-b,4641,489,2.195,0.9707,,,0,adj,pastoralist|pastoralists,of or relating to a pastor,pastoral work
exacerbate,5k-b,4840,490,2.195,0.9666,,,0,v,exacerbated|exacerbates|exacerbating|exacerbation,make worse,This drug aggravates the pain
erode,5k-b,4680,491,2.137,1.0000,,,1,v,eroded|erodes|eroding,become ground down or deteriorate,Her confidence eroded
socialise,5k-b,4645,492,2.070,0.9949,,,0,v,socialisation|socialised|socialises|socialising|socialization|socialize|socialized|socializes|socializing,take part in social activities; interact with others,He never socializes with his colleagues
carbohydrate,5k-b,4938,493,1.991,0.9953,,,0,n,carbohydrates,an essential structural component of living cells and source of energy for animals; includes simple sugars with small molecules as well as macromolecular substances; are classified according to the number of monosaccharide groups they contain,
moulding,5k-b,4534,494,1.991,0.9614,,,0,n,molded|molding|moldings|moulded|mouldings|remould|remoulded|remoulding|remouldings|remoulds,a decorative strip used for ornamentation or finishing,
intelligible,5k-b,4975,495,1.894,0.9843,,,0,adj,intelligibility|intelligibly|unintelligible|unintelligibly,capable of being apprehended or understood,
authoritarian,5k-b,4883,496,1.894,0.9730,,,0,adj,authoritarianism|authoritarians,characteristic of an absolute ruler or absolute rule; having absolute sovereignty,an authoritarian regime
qualitative,5k-b,4682,497,1.769,0.9515,,,1,adj,qualitatively,involving distinctions based on qualities,qualitative change
daunt,5k-b,4523,498,1.769,0.9464,,,0,v,daunted|daunting|dauntingly|dauntless|dauntlessly|daunts|undaunted|undauntedly|undaunting,cause to lose courage; to be daunted; to be scared away,dashed by the refusal
diverge,5k-b,4503,499,1.593,0.9858,,,0,v,diverged|divergence|divergences|divergent|diverges|diverging,move or draw apart,The two paths diverge here
congest,5k-b,4787,500,1.593,0.9416,,,0,adj,congested|congesting|congestion|congestions|congestive|congests,become or cause to become obstructed,The leaves clog our drains in the Fall
al,6k-a,5001,1,5.017,0.4062,,,0,name,,,
dean,6k-a,5008,2,4.587,0.9877,,,0,name,deanery|deans|deanship|deanships,an administrator in charge of a division of a university or college,
peg,6k-a,5028,3,4.561,0.9945,,,0,name,pegged|pegging|pegs,a wooden pin pushed or driven into a surface,
carol,6k-a,5032,4,4.458,0.9747,,,0,name,carolled|carolling|carols|caroler|carolers,joyful religious song celebrating the birth of Christ,
lily,6k-a,5045,5,4.429,0.9784,,,0,name,lilies,any liliaceous plant of the genus Lilium having showy pendulous flowers,
robin,6k-a,5005,6,4.397,0.9927,,,0,name,robins,small Old World songbird with a reddish breast,
punk,6k-a,5302,7,4.342,0.9900,B2,,0,n,punks,an aggressive and violent young criminal,
booth,6k-a,5150,8,4.309,0.9975,,,0,n,booths,a table (in a restaurant or bar) surrounded by two high-backed benches,
reverend,6k-a,5009,9,4.276,0.9719,,,0,n,rev|revd|reverends,a member of the clergy and a spiritual leader of the Christian Church,
jersey,6k-a,5038,10,4.258,0.9931,,,0,name,jerseys,a close-fitting pullover shirt,
oscar,6k-a,5119,11,4.250,,,,0,name,oscars,,
admiral,6k-a,5075,12,4.219,1.0000,,,0,n,admirals|adml,the supreme commander of a fleet; ranks above a vice admiral and below a fleet admiral,
wade,6k-a,5110,13,4.217,0.9669,,,0,name,waded|wader|waders|wades|wading,walk (through relatively shallow water),Can we wade across the river to the other side?
honeymoon,6k-a,5447,14,4.209,0.9949,,,0,n,honeymooner|honeymooners|honeymoons,a holiday taken by a newly married couple,
corporal,6k-a,5203,15,4.197,0.9848,,,0,n,corporals,a noncommissioned officer in the Army or Air Force or Marines,
bum,6k-a,5416,16,4.188,0.9951,,,0,n,bummed|bumming|bums,a person who is deemed to be despicable or contemptible,only a rotter would do that
sherry,6k-a,5423,17,4.141,0.9687,,,0,n,sherries,dry to sweet amber wine from the Jerez region of southern Spain or similar wines produced elsewhere; usually drunk as an aperitif,
penis,6k-a,5469,18,4.128,0.9972,,,0,n,penises,the male sex organ,
vault,6k-a,5325,19,4.081,0.9919,,,0,n,vaults,a burial chamber (usually underground),
psychic,6k-a,5497,20,4.074,0.9917,,,0,adj,psychical|psychically|psychics,affecting or influenced by the human mind,psychic energy
gin,6k-a,5358,21,4.052,0.9877,,,0,n,gins,strong liquor flavored with juniper berries,
warden,6k-a,5066,22,4.051,0.9903,,,0,n,wardens|wardenship,the chief official in charge of a prison,
luggage,6k-a,5308,23,4.046,0.9924,,,0,n,luggages,cases used to carry belongings when traveling,
brandy,6k-a,5098,24,4.046,0.9922,,,0,n,brandies,distilled from wine or fermented fruit juice,
ape,6k-a,5498,25,3.986,0.9951,,,0,n,aped|apelike|apes|aping,any of various primates with short tails or no tail at all,
reed,6k-a,5034,26,3.959,0.9830,,,0,name,reedier|reediest|reediness|reeds|reedy,tall woody perennial grasses with hollow slender stems especially of the genera Arundo and Phragmites,
coroner,6k-a,5091,27,3.954,0.9868,,,0,n,coroners,a public official who investigates by inquest any death not due to natural causes,
rash,6k-a,5429,28,3.906,0.9951,,,0,n,rashes|rashly|rashness,any red eruption of the skin,
attic,6k-a,5332,29,3.895,0.9787,,,0,n,attics,floor consisting of open space at the top of a house just below roof; often used for storage,
hush,6k-a,5363,30,3.882,0.9975,,,0,exclam,hushed|hushes|hushing,(poetic) tranquil silence,the still of the night
jolly,6k-a,5082,31,3.875,0.9925,,,0,adv,jolliness|jollity,to certain extent or degree,pretty big
chess,6k-a,5299,32,3.873,1.0000,,,0,n,,weedy annual native to Europe but widely distributed as a weed especially in wheat,
racket,6k-a,5477,33,3.872,0.9952,,,0,n,racketeer|racketeered|racketeering|racketeers|rackets,a loud and disturbing noise,
gracious,6k-a,5329,34,3.855,0.9899,,,0,adj,graciously|graciousness|ungracious|ungraciously,"characterized by charm, good taste, and generosity of spirit",gracious even to unexpected visitors
jelly,6k-a,5355,35,3.853,0.9949,,,0,n,jellied|jellies|jellylike,an edible jelly (sweet or pungent) made with gelatin and used as a dessert or salad base or a coating for foods,
hysterical,6k-a,5421,36,3.852,0.9945,,,0,adj,hysteric|hysterically|hysterics,characterized by or arising from psychoneurotic hysteria,during hysterical conditions various functions of the human body are disordered
sponge,6k-a,5166,37,3.827,1.0000,,,0,n,sponged|sponges|sponginess|sponging|spongy,a porous mass of interlacing fibers that forms the internal skeleton of various marine animals and usable to absorb water or any porous rubber or cellulose product similarly used,
gypsy,6k-a,5052,38,3.822,0.9947,,,0,n,gipsies|gipsy|gypsies,a laborer who moves from place to place as demanded by employment,itinerant traders
vain,6k-a,5083,39,3.814,0.9952,,,0,adv,vainer|vainest|vainly,characteristic of false pride; having an exaggerated sense of self-importance,a conceited fool
ignorant,6k-a,5185,40,3.797,0.9952,,,1,adj,ignorantly,uneducated in general; lacking knowledge or sophistication,an ignorant man
willow,6k-a,5387,41,3.796,0.9901,,,0,n,willowier|willowiest|willows|willowy,any of numerous deciduous trees and shrubs of the genus Salix,
ashore,6k-a,5330,42,3.794,0.9240,,,0,adv,,towards the shore from the water,we invited them ashore
dental,6k-a,5353,43,3.792,0.9949,,,0,adj,dentally,of or relating to the teeth,dental floss
carpenter,6k-a,5222,44,3.779,0.9949,,,0,name,carpenters|carpentry,a woodworker who makes or repairs wooden objects,
disco,6k-a,5064,45,3.762,0.9975,,,0,n,discos,popular dance music (especially in the late 1970s); melodic with a regular bass beat; intended mainly for dancing at discotheques,
jealousy,6k-a,5182,46,3.760,0.9901,,,0,n,jealousies,a feeling of jealous envy (especially of a rival),
beware,6k-a,5491,47,3.759,0.9976,,,0,v,,be on one's guard; be cautious or wary about; be alert to,Beware of telephone salesmen
millionaire,6k-a,5359,48,3.757,0.9952,,,0,n,millionaires,a person whose material wealth is valued at more than a million dollars,
maiden,6k-a,5266,49,3.744,0.9972,,,0,n,maidenly|maidens,an unmarried girl (especially a virgin),
puppet,6k-a,5366,50,3.739,1.0000,,,0,n,puppeteer|puppeteers|puppets|puppetry,a small figure of a person operated from above with strings by a puppeteer,
clumsy,6k-a,5281,51,3.733,0.9881,,,0,adj,clumsier|clumsiest|clumsily|clumsiness,lacking grace in movement or posture,a gawky lad with long ungainly legs
donkey,6k-a,5212,52,3.730,0.9976,,,0,n,donkeys,the symbol of the Democratic Party; introduced in cartoons by Thomas Nast in 1874,
vomit,6k-a,5335,53,3.728,1.0000,,,0,v,vomited|vomiting|vomits,eject the contents of the stomach through the mouth,"After drinking too much, the students vomited"
gutter,6k-a,5238,54,3.720,0.9886,,,0,n,guttering|gutterings|gutters,a channel along the eaves or on the roof; collects and carries away rainwater,
banquet,6k-a,5459,55,3.713,0.9928,,,0,n,banqueted|banqueting|banquets,a ceremonial dinner party for many people,
saloon,6k-a,5262,56,3.712,0.9976,,,0,n,saloons,a room or establishment where alcoholic drinks are served over a counter,he drowned his sorrows in whiskey at the bar
thorn,6k-a,5113,57,3.708,1.0000,,,0,name,thornier|thorniest|thorniness|thorns|thorny,something that causes irritation and annoyance,he's a thorn in my flesh
hound,6k-a,5152,58,3.703,0.9950,,,0,n,hounded|hounding|hounds,any of several breeds of dog used for hunting typically having large drooping ears,
quiz,6k-a,5181,59,3.695,1.0000,,,0,n,quizzed|quizzes|quizzing|quizzingly,an examination consisting of a few short questions,
sewer,6k-a,5406,60,3.674,0.9906,,,0,n,sewerage|sewers,a waste pipe that carries away sewage or surface water,
pike,6k-a,5350,61,3.663,0.9845,,,0,n,pikes,a broad highway designed for high-speed traffic,
garrison,6k-a,5324,62,3.661,0.8897,,,0,n,garrisoned|garrisoning|garrisons,a fortified military post where troops are stationed,
hospitality,6k-a,5095,63,3.657,1.0000,,,0,n,hospitalities,kindness in welcoming guests or strangers,
riddle,6k-a,5414,64,3.657,0.9977,,,0,n,riddled|riddles|riddling,a difficult problem,
despise,6k-a,5215,65,3.655,0.9872,,,0,v,despised|despises|despising,look down on with disdain,He despises the people he has to work for
trek,6k-a,5368,66,3.654,0.9733,,,0,name,trekked|trekker|trekkers|trekking|treks,a journey by ox wagon (especially an organized migration by a group of settlers),
loaf,6k-a,5448,67,3.652,0.9976,,,0,n,loaves,a shaped mass of baked bread that is usually sliced before eating,
crow,6k-a,5300,68,3.650,1.0000,,,0,n,crowed|crowing|crows,black birds having a raucous call,
buffet,6k-a,5352,69,3.648,0.9948,,,0,n,buffets,a piece of furniture that stands at the side of a dining room; has shelves and drawers,
grudge,6k-a,5413,70,3.648,0.9891,,,0,n,grudged|grudges|grudging|grudgingly|ungrudging,a resentment strong enough to justify retaliation,holding a grudge
barracks,6k-a,5343,71,3.648,,,,0,n,,,
rhyme,6k-a,5198,72,3.646,0.9907,,,0,n,rhymed|rhymes|rhyming|unrhyming,correspondence in the sounds of two or more lines (especially final sounds),
radius,6k-a,5234,73,3.644,0.9975,,,0,n,radii|radiuses,the length of a line segment between the center and circumference of a circle or sphere,
squadron,6k-a,5020,74,3.644,0.9634,,,0,n,squadrons,a cavalry unit consisting of two or more troops and headquarters and supporting arms,
strangle,6k-a,5349,75,3.642,0.9923,,,0,v,strangled|strangler|stranglers|strangles|strangling|strangulation|strangulations,kill by squeezing the throat of so as to cut off the air,he tried to strangulate his opponent
hull,6k-a,5017,76,3.626,0.9976,,,0,n,hulls,dry outer covering of a fruit or seed or nut,
groove,6k-a,5145,77,3.620,0.9975,,,0,n,grooved|grooves,a long narrow furrow cut either by a natural process (such as erosion) or by a tool (as e.g. a groove in a phonograph record),
villain,6k-a,5431,78,3.620,0.9816,,,0,n,villainous|villains|villainy,a wicked or evil person; someone who does evil deliberately,
mop,6k-a,5468,79,3.618,0.9852,,,0,n,mopped|mopping|mops,cleaning implement consisting of absorbent material fastened to a handle; for cleaning floors,
hitch,6k-a,5310,80,3.612,0.9943,,,0,n,hitched|hitches|hitching,a period of time spent in military service,
compass,6k-a,5326,81,3.610,0.9948,,,0,n,compasses,navigational instrument for finding directions,
mar,6k-a,5024,82,3.606,0.7222,,,0,v,marred|marring|mars,make imperfect,nothing marred her beauty
portable,6k-a,5046,83,3.604,1.0000,,,0,adj,portability|portables,easily or conveniently transported,a portable television set
wrench,6k-a,5483,84,3.599,0.9974,,,0,n,wrenched|wrenches|wrenching,a sharp strain on muscles or ligaments,the wrench to his knee occurred as he fell
bladder,6k-a,5051,85,3.599,0.9925,,,0,n,bladders,a distensible membranous sac (usually containing liquid or gas),
ale,6k-a,5134,86,3.599,0.9829,,,0,n,ales,a general name for beer made with a top fermenting yeast; in some of the United States an ale is (by law) a brew of more than 4% alcohol by volume,
barge,6k-a,5500,87,3.591,0.9911,,,0,v,barges,push one's way,she barged into the meeting room
mercury,6k-a,5043,88,3.584,0.9908,,,0,name,,a heavy silvery toxic univalent and bivalent metallic element; the only metal that is liquid at ordinary temperatures,
hare,6k-a,5183,89,3.584,0.9776,,,0,n,hares,swift timid long-eared mammal larger than a rabbit having a divided upper lip and long hind legs; young born furred and with open eyes,
alas,6k-a,5346,90,3.584,0.9710,,,0,exclam,,by bad luck,unfortunately it rained all day
slit,6k-a,5296,91,3.582,0.9865,,,0,v,slits|slitting|slitted,make a clean cut through,slit her throat
loft,6k-a,5311,92,3.564,0.9877,,,0,n,lofts,floor consisting of a large unpartitioned space over a factory or warehouse or other commercial space,
mini,6k-a,5010,93,3.559,0.9841,,,0,adj,minis,used of women's clothing; very short with hemline above the knee,a mini dress
convoy,6k-a,5155,94,3.552,0.9925,,,0,n,convoys,a procession of land vehicles traveling together,
brownie,6k-a,5269,95,3.550,0.9976,,,0,n,brownies,(folklore) fairies that are somewhat mischievous,
masterpiece,6k-a,5438,96,3.550,0.9973,,,0,n,masterpieces,the most outstanding work of a creative artist or craftsman,
dent,6k-a,5481,97,3.550,0.9917,,,0,n,dented|denting|dents|undented,an appreciable consequence (especially a lessening),it made a dent in my bank account
disregard,6k-a,5116,98,3.547,0.9877,,,0,v,disregarded|disregarding|disregards,refuse to acknowledge,She cut him dead at the meeting
berry,6k-a,5122,99,3.545,0.9974,,,0,name,berries,any of numerous small and pulpy edible fruits; used as desserts or in making jams and jellies and preserves,
polo,6k-a,5365,100,3.545,0.9900,,,0,n,,a game similar to field hockey but played on horseback using long-handled mallets and a wooden ball,
secrecy,6k-a,5276,101,3.542,0.9781,,,0,n,,the trait of keeping things secret,
lava,6k-a,5376,102,3.540,0.9905,,,0,n,lavas,rock that in its molten form (as magma) issues from volcanoes; lava is what magma is called when it reaches the surface,
deceive,6k-a,5192,103,3.535,0.9874,,,0,v,deceived|deceiver|deceivers|deceives|deceiving|undeceive|undeceived|undeceives|undeceiving,be false to; be dishonest with,
fin,6k-a,5242,104,3.535,0.9322,,,0,n,finned|finny|fins,the cardinal number that is the sum of four and one,
fortress,6k-a,5317,105,3.530,1.0000,,,0,n,fortresses,a fortified defensive structure,
scarlet,6k-a,5041,106,3.517,0.9930,,,0,adj,,of a color at the end of the color spectrum (next to orange); resembling the color of blood or cherries or tomatoes or rubies,
bash,6k-a,5465,107,3.517,0.9920,,,0,v,bashed|bashes|bashing,hit hard,
irresistible,6k-a,5422,108,3.512,0.9882,,,0,adj,irresistibly,impossible to resist; overpowering,irresistible (or resistless) impulses
rouge,6k-a,5445,109,3.512,0.9730,,,0,n,rouges,makeup consisting of a pink or red powder applied to the cheeks,
cockpit,6k-a,5412,110,3.509,1.0000,,,0,n,cockpits,compartment where the pilot sits while flying the aircraft,
parachute,6k-a,5202,111,3.504,0.9930,,,0,n,parachuted|parachutes|parachuting|parachutist|parachutists,rescue equipment consisting of a device that fills with air and retards your fall,
deception,6k-a,5151,112,3.499,0.9973,,,0,n,deceptions,a misleading falsehood,
bliss,6k-a,5380,113,3.499,0.9927,,,0,n,blisses|blissful|blissfully|blissfulness,a state of extreme happiness,
propaganda,6k-a,5033,114,3.496,0.9948,C1,,0,n,propagandas|propagandist|propagandists,information that is spread for the purpose of promoting some cause,
deposition,6k-a,5453,115,3.479,0.9975,,,0,n,depositional|depositions,the natural process of laying down a deposit of something,
stranded,6k-a,5334,116,3.479,0.9932,,,0,adj,stranding|strandings,cut off or left behind,an isolated pawn
vicinity,6k-a,5449,117,3.479,0.9883,,,0,n,vicinities,a surrounding or nearby region,the plane crashed in the vicinity of Asheville
trinity,6k-a,5156,118,3.468,0.9922,,,0,name,trinities,the cardinal number that is the sum of one and one and one,
underway,6k-a,5433,119,3.465,0.9926,,,0,adv,,currently in progress,there is mischief afoot
mare,6k-a,5106,120,3.465,0.9632,,,0,n,mares,female equine animal,
bandage,6k-a,5451,121,3.459,0.9930,,,0,n,bandaged|bandages|bandaging|unbandaged,a piece of soft material that covers and protects an injured part of the body,
deacon,6k-a,5207,122,3.459,0.9353,,,0,n,archdeacon|archdeacons|deaconess|deaconesses|deacons,a Protestant layman who assists the minister,
moss,6k-a,5049,123,3.456,0.9945,,,0,name,mosses|mossier|mossiest|mossy,tiny leafy-stemmed flowerless plants,
constable,6k-a,5004,124,3.453,0.9773,,,0,n,constables|constabulary,a lawman with less authority and jurisdiction than a sheriff,
infantry,6k-a,5484,125,3.453,0.9744,,,0,n,infantries,an army unit consisting of soldiers who fight on foot,there came ten thousand horsemen and as many fully-armed foot
kettle,6k-a,5080,126,3.450,0.9976,,,0,n,kettles,a metal pot for stewing or boiling; usually has a lid,
refund,6k-a,5470,127,3.444,1.0000,,,0,n,nonrefundable|refundable|refunded|refunding|refunds,money returned to a payer,
abide,6k-a,5286,128,3.435,0.9907,,,0,v,abided|abides|abiding,dwell,You can stay with me while you are in town
mingle,6k-a,5320,129,3.432,0.9946,,,0,v,intermingle|intermingled|intermingles|intermingling|mingled|mingles|mingling,to bring or combine together or with something else,resourcefully he mingled music and dance
pornography,6k-a,5077,130,3.429,0.9976,,,0,n,porn|porno|pornographer|pornographers|pornographic|pornographically|pornographies,creative activity (writing or pictures or films etc.) of no literary or artistic value other than to stimulate sexual desire,
jug,6k-a,5258,131,3.422,0.9944,,,0,n,jugful|jugs,a large bottle with a narrow mouth,
mend,6k-a,5199,132,3.419,0.9882,,,0,v,mended|mender|menders|mending|mends|unmended,restore by replacing a part or putting together what is torn or broken,She repaired her TV set
dishonest,6k-a,5218,133,3.416,0.9977,B2,,0,adj,dishonestly|dishonesty,deceptive or fraudulent; disposed to cheat or defraud or deceive,
perish,6k-a,5444,134,3.416,0.9934,,,0,v,imperishable|imperishably|nonperishable|perishable|perishables|perished|perishes|perishing,pass from physical life and lose all bodily attributes and functions necessary to sustain life,She died from cancer
morbid,6k-a,5417,135,3.416,0.9929,,,0,adj,morbidity|morbidly|morbidness,suggesting an unhealthy mental state,morbid interest in death
reap,6k-a,5474,136,3.416,0.9919,,,0,v,reaped|reaper|reapers|reaping|reaps,"gather, as of natural products",harvest the grapes
dynasty,6k-a,5210,137,3.409,0.9954,,,0,n,dynastic|dynasties,a sequence of powerful leaders in the same family,
diploma,6k-a,5065,138,3.406,0.9928,,,0,n,diplomas,a document certifying the successful completion of a course of study,
rave,6k-a,5189,139,3.406,0.9925,,,0,n,raved|raver|ravers|raves|raving|ravings,a dance party that lasts all night and electronically synthesized music is played,raves are very popular in Berlin
colon,6k-a,5108,140,3.406,0.9890,,,0,n,colons|semicolon|semicolons,the part of the large intestine between the cecum and the rectum; it extracts moisture from food residues before they are excreted,
alphabet,6k-a,5221,141,3.399,0.9954,,,0,n,alphabetic|alphabetical|alphabetically|alphabetise|alphabetised|alphabetises|alphabetising|alphabetize|alphabetized|alphabetizes|alphabetizing|alphabets,a character set that includes letters and is used to write a language,
gem,6k-a,5437,142,3.396,0.9926,,,0,n,gems,art highly prized for its beauty or perfection,
fascist,6k-a,5044,143,3.392,0.9765,,,0,adj,fascists,relating to or characteristic of fascism,fascist propaganda
curry,6k-a,5347,144,3.389,0.9977,,,0,n,curried|curries|currying,(East Indian cookery) a pungent dish of vegetables or meats flavored with curry powder and usually eaten with rice,
tart,6k-a,5458,145,3.382,0.9971,,,0,n,tartly|tarts|tarty,a woman who engages in sexual intercourse for money,
ordeal,6k-a,5374,146,3.378,0.9916,,,0,n,ordeals,a severe or trying experience,
jaguar,6k-a,5488,147,3.378,0.9853,,,0,n,jaguars,a large spotted feline of tropical America similar to the leopard; in some classifications considered a member of the genus Felis,
bleach,6k-a,5291,148,3.367,0.9974,,,0,n,bleached|bleaches|bleaching|unbleached,the whiteness that results from removing the color from something,a complete bleach usually requires several applications
sling,6k-a,5244,149,3.364,0.9950,,,0,n,slinging|slings|slung,a highball with liquor and water with sugar and lemon or lime juice,
schizophrenic,6k-a,5411,150,3.364,0.9926,,,0,adj,schizophrenia|schizophrenics,suffering from some form of schizophrenia,schizophrenic patients
kite,6k-a,5069,151,3.364,0.9863,,,0,n,kites,a bank check that has been fraudulently altered to increase its face value,
reflex,6k-a,5256,152,3.360,0.9977,,,0,n,reflexes|reflexive|reflexivity,an automatic instinctive unlearned reaction to a stimulus,
moth,6k-a,5418,153,3.360,0.9950,,,0,n,moths,typically crepuscular or nocturnal insect having a stout body and feathery or hairlike antennae,
paramount,6k-a,5382,154,3.360,0.9934,,,0,name,,having superior power and influence,the predominant mood among policy-makers is optimism
scroll,6k-a,5237,155,3.360,0.9881,,,0,n,scrolled|scrolling|scrolls,a round shape formed by a series of concentric circles (as formed by leaves or flower petals),
chaplain,6k-a,5377,156,3.360,0.9499,,,0,n,chaplaincy|chaplains,a clergyman ministering to some institution,
oracle,6k-a,5184,157,3.353,0.9952,,,0,n,oracles,an authoritative person who divines the future,
flora,6k-a,5062,158,3.353,0.9439,,,0,name,floras|floristic,all the plant life in a particular region or period,Pleistocene vegetation
picket,6k-a,5253,159,3.349,0.9740,,,0,n,picketed|picketer|picketers|picketing|pickets,a person employed to keep watch for some anticipated event,
redemption,6k-a,5356,160,3.345,0.9949,,,0,n,redemptions,(theology) the act of delivering from sin or saving from evil,
grieve,6k-a,5499,161,3.345,0.9733,,,0,v,grieved|griever|grievers|grieves|grieving,feel grief,
sinister,6k-a,5248,162,3.341,0.9976,,,0,adj,sinisterly,threatening or foreshadowing evil or tragic developments,a baleful look
coupon,6k-a,5130,163,3.341,0.9975,,,0,n,coupons,a negotiable certificate that can be detached and redeemed as needed,
mantle,6k-a,5378,164,3.337,0.9953,,,0,n,mantles,the cloak as a symbol of authority,place the mantle of authority on younger shoulders
hygiene,6k-a,5126,165,3.329,0.9910,,,0,n,hygienes|hygienist|hygienists,a condition promoting sanitary practices,personal hygiene
mischief,6k-a,5175,166,3.325,1.0000,,,0,n,mischievous|mischievously|mischievousness,reckless or malicious behavior that causes discomfort or annoyance in others,
miraculous,6k-a,5487,167,3.325,0.9926,,,0,adj,miraculously,being or having the character of a miracle,
insulin,6k-a,5138,168,3.325,0.9756,,,0,n,insulins,hormone secreted by the isles of Langerhans in the pancreas; regulates storage of glycogen in the liver and accelerates oxidation of sugar in cells,
communion,6k-a,5397,169,3.321,0.9916,,,0,n,communions,sharing thoughts and feelings,
loathe,6k-a,5307,170,3.321,0.9897,,,0,v,loath|loathed|loather|loathers|loathes|loathing,find repugnant,I loathe that man
plaque,6k-a,5373,171,3.321,0.9889,,,0,n,plaques,(pathology) a small abnormal patch on or inside the body,
beetle,6k-a,5463,172,3.317,0.9899,,,0,n,beetles,insect having biting mouthparts and front wings modified to form horny covers overlying the membranous rear wings,
plank,6k-a,5384,173,3.313,1.0000,,,0,n,planked|planking|planks,a stout length of sawn timber; made in a wide variety of sizes and used for many purposes,
refrain,6k-a,5430,174,3.313,0.9946,,,0,v,refrained|refraining|refrains,resist doing something,He refrained from hitting him back
lotus,6k-a,5100,175,3.313,0.9877,,,0,n,lotuses,native to eastern Asia; widely cultivated for its large pink or white flowers,
anarchy,6k-a,5351,176,3.309,0.9924,,,0,n,anarchic|anarchies|anarchism|anarchist|anarchists|anarchistic,a state of lawlessness and disorder (usually resulting from a failure of government),
genesis,6k-a,5410,177,3.305,0.9950,,,0,name,,a coming into being,
mythology,6k-a,5404,178,3.300,1.0000,,,0,n,mythological|mythologically|mythologies|mythologist|mythologists|mythologize|mythologized|mythologizes|mythologizing,myths collectively; the body of stories associated with a culture or institution or person,
gall,6k-a,5027,179,3.300,0.9378,,,0,n,galled|galling|galls,an open sore on the back of a horse caused by ill-fitting or badly adjusted saddle,
tanker,6k-a,5394,180,3.296,0.9856,,,0,n,tankers,a cargo ship designed to carry crude oil in bulk,
climax,6k-a,5111,181,3.292,0.9932,,,0,n,anticlimax|anticlimaxes|climaxed|climaxes|climaxing,the highest point of anything conceived of as growing or developing or unfolding,the climax of the artist's career
arthritis,6k-a,5486,182,3.292,0.9859,,,0,n,arthritic,inflammation of a joint or joints,
levy,6k-a,5014,183,3.292,0.9623,,,1,name,levied|levies|levying,a charge imposed and collected,
orchard,6k-a,5267,184,3.287,0.9929,,,0,n,orchardist|orchardists|orchards,garden consisting of a small cultivated wood without undergrowth,
conquest,6k-a,5144,185,3.279,0.9950,,,0,n,conquests,the act of conquering,
treachery,6k-a,5386,186,3.279,0.9898,,,0,n,treacheries|treacherous|treacherously|treacherousness,betrayal of a trust,
fret,6k-a,5285,187,3.274,0.9919,,,0,v,fretful|fretfully|fretfulness|frets|fretted|fretting,worry unnecessarily or excessively,don't fuss too much over the grandchildren — they are quite big now
heath,6k-a,5019,188,3.274,0.9376,,,0,name,heaths,a low evergreen shrub of the family Ericaceae; has small bell-shaped pink or purple flowers,
degenerate,6k-a,5196,189,3.265,0.9948,,,0,adj,degeneracies|degeneracy|degenerated|degenerates|degenerating|degeneration,unrestrained by convention or morality,Congreve draws a debauched aristocratic society
heed,6k-a,5454,190,3.260,0.9711,,,0,v,heeded|heeding|heedless|heedlessly|heeds|heedful|heedfully|heedfulness|heedlessness|unheeded,pay close attention to; give heed to,Heed the advice of the old men
calcium,6k-a,5025,191,3.251,0.9976,,,0,n,,a white metallic element that burns with a brilliant light; the fifth most abundant element in the earth's crust; an important component of most plants and animals,
parlour,6k-a,5428,192,3.251,0.9705,,,0,n,parlor|parlors|parlours,reception room in an inn or club where visitors can be received,
whirl,6k-a,5492,193,3.246,0.9922,,,0,n,whirled|whirling|whirls,confused movement,he was caught up in a whirl of work
esteem,6k-a,5072,194,3.231,0.9895,,,0,n,esteemed|esteeming|esteems,the condition of being honored (esteemed or respected or well regarded),it is held in esteem
canopy,6k-a,5362,195,3.231,0.9885,,,0,n,canopied|canopies,the transparent covering of an aircraft cockpit,
feeble,6k-a,5275,196,3.231,0.9875,,,0,adj,enfeeble|enfeebled|enfeebles|enfeebling|feebleness|feebler|feeblest|feebly,pathetically lacking in force or effectiveness,a feeble excuse
infiltrate,6k-a,5495,197,3.226,1.0000,,,0,v,infiltrated|infiltrates|infiltrating|infiltration|infiltrations|infiltrator|infiltrators,cause (a liquid) to enter by penetrating the interstices,
novelty,6k-a,5457,198,3.226,0.9930,,,0,n,novelties,originality by virtue of being refreshingly novel,
fanatic,6k-a,5315,199,3.221,1.0000,,,0,n,fanatical|fanatically|fanaticism|fanatics,a person motivated by irrational enthusiasm (as for a cause),A fanatic is one who can't change his mind and won't change the subject
bungalow,6k-a,5195,200,3.221,0.9833,,,0,n,bungalows,a small house with a single story,
suffice,6k-a,5322,201,3.221,0.9796,,,0,v,sufficed|suffices|sufficing,"be sufficient; be adequate, either in quality or quantity",A few words would answer
ore,6k-a,5398,202,3.221,0.9659,,,0,n,ores,a mineral that contains metal that is valuable enough to be mined,
eminent,6k-a,5093,203,3.221,0.9459,,,0,adj,eminently,standing above others in quality or position,people in high places
hymn,6k-a,5197,204,3.216,0.9953,,,0,n,hymnal|hymns,a song of praise (to God or to a saint or to a nation),
redeem,6k-a,5254,205,3.216,0.9947,,,0,v,nonredeemable|redeemable|redeemed|redeemer|redeemers|redeeming|redeems|unredeemed,save from sins,
withstand,6k-a,5436,206,3.216,0.9855,,,0,v,withstanding|withstands|withstood,resist or confront with resistance,The politician defied public opinion
accord,6k-a,5002,207,3.216,0.9847,C1,,0,n,accordance|accorded|accords,harmony of people's opinions or actions or characters,the two parties were in agreement
wretch,6k-a,5171,208,3.216,0.9812,,,0,n,wretched|wretcheder|wretchedest|wretchedly|wretchedness|wretches,performs some wicked deed,
purge,6k-a,5268,209,3.211,0.9975,,,0,v,purgatory|purged|purger|purgers|purges|purging|purgative|purgatives,oust politically,Deng Xiao Ping was purged several times throughout his lifetime
yarn,6k-a,5040,210,3.206,0.9976,,,0,n,yarns,the act of giving an account describing incidents or a course of events,his narration was hesitant
granite,6k-a,5319,211,3.206,0.9975,,,0,n,granites,plutonic igneous rock having visibly crystalline texture; generally composed of feldspar and mica and quartz,
frail,6k-a,5161,212,3.206,0.9952,,,0,adj,frailer|frailest|frailly|frailness|frailties|frailty,physically weak,an invalid's frail body
famine,6k-a,5213,213,3.206,0.9872,,,0,n,famines,an acute insufficiency,
ragged,6k-a,5321,214,3.200,0.9950,,,0,adj,raggedly|raggedness|raggedy,being or dressed in clothes that are worn or torn,clothes as ragged as a scarecrow's
quartet,6k-a,5298,215,3.200,0.9862,,,0,n,quartets|quartette,the cardinal number that is the sum of three and one,
muscular,6k-a,5341,216,3.195,0.9974,,,0,adj,muscularities|muscularity|muscularly,of or relating to or consisting of muscle,muscular contraction
perpetual,6k-a,5280,217,3.195,0.9915,,,0,adj,perpetually,continuing forever or indefinitely,the ageless themes of love and revenge
aerobics,6k-a,5475,218,3.195,0.9881,,,0,n,aerobic|aerobically,exercise that increases the need for oxygen,
hepatitis,6k-a,5227,219,3.195,0.9865,,,0,n,,inflammation of the liver caused by a virus or a toxin,
biopsy,6k-a,5067,220,3.195,0.9848,,,0,n,biopsies,examination of tissues or liquids from the living body to determine the existence or cause of a disease,
vector,6k-a,5063,221,3.189,0.9827,,,0,n,vectors,a variable quantity that can be resolved into components,
gland,6k-a,5229,222,3.184,0.9929,,,0,n,glands|glandular,any of various organs that synthesize substances needed by the body and release it through ducts or directly into the bloodstream,
eldest,6k-a,5061,223,3.184,0.9923,,,0,adj,,first in order of birth,the firstborn child
cram,6k-a,5292,224,3.184,0.9741,,,0,v,crammed|crammer|crammers|cramming|crams,crowd or pack to capacity,the theater was jampacked
corpus,6k-a,5087,225,3.184,0.9443,,,0,n,corpora|corpuses,capital as contrasted with the income derived from it,
plump,6k-a,5271,226,3.173,0.9954,,,0,adj,plumped|plumper|plumpest|plumping|plumply|plumpness|plumps,sufficiently fat so as to have a pleasing fullness of figure,a chubby child
prune,6k-a,5288,227,3.173,0.9901,,,0,n,pruned|pruner|pruners|prunes|pruning|prunings,dried plum,
gloss,6k-a,5139,228,3.167,0.9951,,,0,n,glossaries|glossary|glossed|glosses|glossing,an explanation or definition of an obscure word in a text,
beforehand,6k-a,5274,229,3.167,0.9944,,,0,adv,,ahead of time; in anticipation,when you pay ahead (or in advance) you receive a discount
irritable,6k-a,5251,230,3.167,0.9931,,,0,adj,irritability|irritably,easily irritated or annoyed,an incorrigibly fractious young man
caravan,6k-a,5026,231,3.167,0.9894,,,0,n,caravanned|caravanning|caravans,a procession (of wagons or mules or camels) traveling together in single file,we were part of a caravan of almost a thousand camels
shutter,6k-a,5272,232,3.167,0.9892,,,0,n,shuttered|shutters,a mechanical device on a camera that opens and closes to control the time of a photographic exposure,
folly,6k-a,5047,233,3.167,0.9784,,,0,n,follies,the trait of acting stupidly or rashly,
pathology,6k-a,5327,234,3.161,0.9952,,,0,n,pathologies|pathologist|pathologists|pathologic,the branch of medical science that studies the causes and nature and effects of diseases,
wasp,6k-a,5255,235,3.161,0.9914,,,0,n,waspish|waspishly|waspishness|wasps,social or solitary hymenopterans typically having a slender body with the abdomen attached by a narrow stalk and having a formidable sting,
trolley,6k-a,5101,236,3.155,0.9900,,,0,n,trolleys,a wheeled vehicle that runs on rails and is propelled by electricity,
hamper,6k-a,5232,237,3.155,0.9851,,,0,n,hampered|hampering|hampers|unhampered,a restraint that confines or restricts freedom (especially something used to tie down or restrain a prisoner),
shrewd,6k-a,5333,238,3.155,0.9817,,,0,adj,shrewder|shrewdest|shrewdly|shrewdness,marked by practical hardheaded intelligence,a smart businessman
apostle,6k-a,5479,239,3.149,0.9592,,,0,n,apostles|apostleship|apostleships|apostolic,an ardent early supporter of a cause or reform,an apostle of revolution
aristocrat,6k-a,5117,240,3.137,0.9975,,,0,n,aristocratic|aristocratically|aristocrats,a member of the aristocracy,
intolerable,6k-a,5158,241,3.137,0.9958,,,0,adj,intolerably|tolerable|tolerably,incapable of being tolerated or endured,an intolerable degree of sentimentality
banish,6k-a,5402,242,3.137,0.9900,,,0,v,banished|banishes|banishing|banishment|banishments,expel from a community or group,
nylon,6k-a,5168,243,3.137,0.9866,,,0,n,nylons,a thermoplastic polyamide; a family of strong resilient synthetic fibers,
caress,6k-a,5354,244,3.137,0.9799,,,0,v,caressed|caresses|caressing,touch or stroke lightly in a loving or endearing manner,He caressed her face
pagan,6k-a,5338,245,3.137,0.9747,,,0,adj,paganism|pagans,not acknowledging the God of Christianity and Judaism and Islam,
pear,6k-a,5169,246,3.131,0.9950,,,0,n,pears,sweet juicy gritty-textured fruit available in many varieties,
relic,6k-a,5399,247,3.131,0.9929,,,0,n,relics|relique|reliques,an antiquity that has survived from the distant past,
dialect,6k-a,5160,248,3.131,0.9825,,,0,n,dialectal|dialects,the usage or vocabulary that is characteristic of a specific group of people,the immigrants spoke an odd dialect of English
gentry,6k-a,5261,249,3.131,0.9252,,,0,n,gentries,the most powerful members of a society,
dementia,6k-a,5270,250,3.118,0.9917,,,0,n,dementias,mental deterioration of organic or functional origin,
conjunction,6k-a,5015,251,3.118,0.9908,,,0,n,conjunctions,the temporal property of two things happening at the same time,the interval determining the coincidence gate is adjustable
injunction,6k-a,5055,252,3.118,0.9851,,,0,n,injunctions,a formal command or admonition,
perverse,6k-a,5408,253,3.118,0.9794,,,0,adj,perversely|perverseness|perversities|perversity,marked by a disposition to oppose and contradict,took perverse satisfaction in foiling her plans
pebble,6k-a,5393,254,3.111,0.9976,,,0,n,pebbled|pebbles|pebbly,a small smooth rounded rock,
registry,6k-a,5485,255,3.111,0.9955,,,0,n,registries,an official written record of names or events or transactions,
slum,6k-a,5415,256,3.111,0.9910,,,0,n,slummed|slumming|slums,a district of a city marked by poverty and inferior living conditions,
chestnut,6k-a,5381,257,3.111,0.9892,,,0,n,chestnuts,wood of any of various chestnut trees of the genus Castanea,
conjure,6k-a,5331,258,3.105,0.9923,,,0,v,conjuration|conjured|conjurer|conjurers|conjures|conjuring|conjuror|conjurors,"summon into action or bring into existence, often as if by magic",raise the specter of unemployment
friction,6k-a,5476,259,3.098,1.0000,,,0,n,frictional|frictions,a state of conflict between persons,
plight,6k-a,5223,260,3.098,0.9874,,,0,n,plights,a situation from which extrication is difficult especially an unpleasant or trying one,finds himself in a most awkward predicament
alps,6k-a,5071,261,3.091,0.9881,,,0,name,alpine,,
liner,6k-a,5372,262,3.091,0.9801,,,0,n,liners,(baseball) a hit that flies straight out from the batter,the batter hit a liner to the shortstop
isle,6k-a,5007,263,3.091,0.9741,,,0,n,isles,a small island,
oxide,6k-a,5277,264,3.084,0.9821,,,0,n,oxides,any compound of oxygen with another element or a radical,
pamphlet,6k-a,5164,265,3.077,0.9903,,,0,n,pamphleteer|pamphleteers|pamphlets,a small book usually having a paper cover,
queue,6k-a,5012,266,3.077,0.9704,B1,,0,n|v,queued|queueing|queues|queuing,a line of people or vehicles waiting for something,
borough,6k-a,5006,267,3.077,0.9495,,,0,n,boroughs,one of the administrative divisions of a large city,
buoy,6k-a,5204,268,3.077,0.9495,,,0,n,buoyancies|buoyancy|buoyant|buoyantly|buoyed|buoying|buoys,a float attached by rope to the seabed to mark channels in a harbor or underwater hazards; typically brightly-coloured,
fluent,6k-a,5304,269,3.070,0.9929,,,0,adj,fluency|fluently,smooth and unconstrained in movement,"a long, smooth stride"
snort,6k-a,5432,270,3.070,0.9924,,,0,n,snorted|snorter|snorters|snorting|snorts,a disrespectful laugh,
scorn,6k-a,5128,271,3.070,0.9792,,,0,n,scorned|scorner|scorners|scornful|scornfully|scorning|scorns,lack of respect accompanied by a feeling of intense dislike,he was held in contempt
staple,6k-a,5357,272,3.055,0.9971,,,0,n,stapled|staples|stapling|stapler|staplers,(usually in the plural) a necessary commodity for which demand is constant,
adjoin,6k-a,5129,273,3.055,0.9288,,,0,adj,adjoined|adjoining|adjoins,lie adjacent to another or share a boundary,Canada adjoins the U.S.
almond,6k-a,5389,274,3.048,0.9949,,,0,n,almonds,small bushy deciduous tree native to Asia and North Africa having pretty pink blossoms and highly prized edible nuts enclosed in a hard green hull; cultivated in southern Australia and California,
contraction,6k-a,5133,275,3.040,0.9978,,,0,n,contractions,(physiology) a shortening or tensing of a part or organ (especially of a muscle or muscle fiber),
sensory,6k-a,5289,276,3.040,0.9974,,,0,adj,,of a nerve fiber or impulse originating outside and passing toward the central nervous system,sensory neurons
bland,6k-a,5174,277,3.040,0.9880,,,0,adj,blander|blandest|blandly|blandness,lacking taste or flavor or tang,a bland diet
brood,6k-a,5173,278,3.040,0.9767,,,0,n,brooded|broodier|broodiest|broodily|broodiness|brooding|broodingly|broods|broody,the young of an animal cared for at one time,
aerospace,6k-a,5154,279,3.040,0.9763,,,0,n,,the atmosphere and outer space considered as a whole,
nitrate,6k-a,5259,280,3.040,0.9735,,,0,n,nitrates,any compound containing the nitrate group (such as a salt or ester of nitric acid),
intuitive,6k-a,5306,281,3.032,0.9927,,,0,adj,intuitively|intuitiveness,spontaneously derived from or prompted by a natural tendency,an intuitive revulsion
deviant,6k-a,5142,282,3.032,0.9840,,,0,adj,deviance|deviances|deviancies|deviancy|deviants,markedly different from an accepted norm,aberrant behavior
tier,6k-a,5058,283,3.032,0.9726,,,0,n,tiered|tiering|tiers,a relative position or degree of value in a graded group,lumber of the highest grade
stout,6k-a,5235,284,3.024,0.9909,,,0,n,stouter|stoutest|stoutly|stoutness,a strong very dark heavy-bodied ale made from pale malt and roasted unmalted barley and (often) caramel malt with hops,
intricate,6k-a,5455,285,3.024,0.9773,,,0,adj,intricately,having many complexly arranged elements; elaborate,intricate lacework
handbook,6k-a,5340,286,3.016,0.9947,,,0,n,handbooks,a concise reference book providing specific information about a subject or location,
involuntary,6k-a,5426,287,3.016,0.9892,,,0,adj,involuntarily|involuntariness,not subject to the control of the will,involuntary manslaughter
unrest,6k-a,5086,288,3.016,0.9855,,,0,n,,a state of agitation or turbulent change or development,the political ferment produced new leadership
disciple,6k-a,5309,289,3.016,0.9804,,,0,n,disciples|discipleship|discipleships,someone who believes and helps to spread the doctrine of another,
receptor,6k-a,5050,290,3.016,0.9716,,,0,n,receptors,a cellular structure that is postulated to exist in order to mediate between a chemical agent that acts on nervous tissue and the physiological response,
outing,6k-a,5170,291,3.008,0.9927,C1,,0,n,outings,a journey taken for pleasure,many summer excursions to the shore
yawn,6k-a,5303,292,3.008,0.9859,,,0,v,yawned|yawner|yawners|yawning|yawns,"utter a yawn, as from lack of oxygen or when one is tired",The child yawned during the long performance
dune,6k-a,5456,293,3.008,0.9724,,,0,n,dunes,a ridge of sand created by the wind; found in deserts or near lakes and oceans,
notwithstanding,6k-a,5201,294,3.008,0.9231,,,1,adv,,despite anything to the contrary (usually preceding a concession),"although I'm a little afraid, however I'd like to try it"
clerical,6k-a,5073,295,2.999,0.9749,,,0,adj,clericalism|clerically|nonclerical,of or relating to clerks,clerical work
canon,6k-a,5039,296,2.999,0.9651,,,0,n,canonic|canons,a rule or especially body of rules or principles generally established as valid and fundamental in a field of art or philosophy,the neoclassical canon
ironed,6k-a,5131,297,2.991,0.9952,,,0,v,ironing|ironings|irons,(of linens or clothes) smoothed with a hot iron,
reinstate,6k-a,5345,298,2.991,0.9837,,,0,v,instate|instated|instates|instating|reinstated|reinstatement|reinstatements|reinstates|reinstating,restore to the previous state or rank,
bog,6k-a,5146,299,2.991,0.9796,,,0,n,bogged|bogging|boggy|bogs,wet spongy ground of decomposing vegetation; has poorer drainage than a swamp; soil is unfit for cultivation but can be cut and dried and used for fuel,
pavilion,6k-a,5383,300,2.991,0.9709,,,0,n,pavilions,large and often sumptuous tent,
ascertain,6k-a,5070,301,2.991,0.9634,,,0,v,ascertainable|ascertained|ascertaining|ascertainment|ascertains|unascertained,"establish after a calculation, investigation, experiment, survey, or study",find the product of two numbers
gothic,6k-a,5035,302,2.982,0.9973,,,0,adj,,as if belonging to the Middle Ages; old-fashioned and unenlightened,a medieval attitude toward dating
gallop,6k-a,5243,303,2.982,0.9951,,,0,n,galloped|galloper|gallopers|galloping|gallops,a fast gait of a horse; a two-beat stride during which all four legs are off the ground simultaneously,
blot,6k-a,5172,304,2.982,0.9837,,,0,v,blots|blotted|blotter|blotters|blotting,dry (ink) with blotting paper,
bloc,6k-a,5209,305,2.982,0.6555,,,0,name,blocs,a group of countries in special alliance,
collide,6k-a,5403,306,2.973,0.9931,,,0,v,collided|collides|colliding,be incompatible; be or come into conflict,These colors clash
rouse,6k-a,5385,307,2.973,0.9401,,,0,v,roused|rouses|rousing,become active,He finally bestirred himself
discredit,6k-a,5388,308,2.964,0.9921,,,0,v,discreditable|discreditably|discredited|discrediting|discredits,cause to be distrusted or disbelieved,The paper discredited the politician with its nasty commentary
discontent,6k-a,5157,309,2.964,0.9874,,,0,n,discontented|discontentment|discontents,a longing for something better than the present situation,
grievance,6k-a,5273,310,2.964,0.9851,,,0,n,grievances,a resentment strong enough to justify retaliation,holding a grudge
vacancy,6k-a,5132,311,2.955,0.9927,,,0,n,vacancies,being unoccupied,
rugby,6k-a,5003,312,2.945,0.9952,B1,,0,n,,a form of football played with an oval ball,
skim,6k-a,5294,313,2.935,0.9924,,,0,v,skimmed|skimmer|skimmers|skimming|skims,travel on the surface of water,
lurch,6k-a,5442,314,2.935,0.9734,,,0,n,lurched|lurches|lurching,an unsteady uneven gait,
annex,6k-a,5193,315,2.935,0.9732,,,0,n,annexation|annexe|annexed|annexes|annexing,an addition that extends a main building,
incomprehensible,6k-a,5461,316,2.925,0.9950,,,0,adj,comprehensible|comprehensibly|incomprehensibly,incapable of being explained or accounted for,inexplicable errors
syllable,6k-a,5060,317,2.925,0.9927,,,0,n,syll|syllabic|syllables|sylls,a unit of spoken language larger than a phoneme,the word ‘pocket’ has two syllables
warranty,6k-a,5094,318,2.925,0.9841,,,0,n,warranties,a written assurance that some product or service will be provided or will meet certain specifications,
bustle,6k-a,5323,319,2.925,0.9601,,,0,v,bustled|bustles|bustling,move or cause to move energetically or busily,The cheerleaders bustled about excitedly before their performance
locomotive,6k-a,5016,320,2.915,0.9974,,,0,n,loco|locomotives|locos,a wheeled vehicle consisting of a self-propelled engine that is used to draw trains along railway tracks,
novice,6k-a,5245,321,2.915,0.9881,,,0,n,novices,someone who has entered a religious order but has not taken final vows,
subdue,6k-a,5328,322,2.915,0.9843,,,0,v,subdued|subdues|subduing,put down by force or intimidation,The government quashes any attempt of an uprising
mumble,6k-a,5337,323,2.905,0.9975,,,0,v,mumbled|mumbler|mumblers|mumbles|mumbling,talk indistinctly; usually in a low voice,
deport,6k-a,5446,324,2.905,0.9895,,,0,v,deportation|deportations|deported|deportee|deportees|deporting|deports,hand over to the authorities of another country,They extradited the fugitive to his native country so he could be tried there
diligent,6k-a,5490,325,2.905,0.9828,,,0,adj,diligence|diligences|diligently,quietly and steadily persevering especially in detail or exactness,a diligent (or patient) worker
liquidate,6k-a,5085,326,2.894,0.9847,,,0,v,liquidated|liquidates|liquidating|liquidation|liquidations|liquidator|liquidators,get rid of (someone who may be a threat) by killing,The mafia liquidated the informer
latent,6k-a,5147,327,2.894,0.9726,,,0,adj,latencies|latency,potentially existing but not presently evident or realized,a latent fingerprint
amenity,6k-a,5149,328,2.894,0.9649,,,0,n,amenities,pleasantness resulting from agreeable conditions,a well trained staff saw to the agreeableness of our accommodations
wield,6k-a,5496,329,2.894,0.9623,,,0,v,wielded|wielder|wielders|wielding|wields,have and exercise,wield power and authority
contented,6k-a,5191,330,2.894,0.9572,,,0,adj,contentedly|contenting|contentment,satisfied or showing satisfaction with things as they are,a contented smile
conglomerate,6k-a,5371,331,2.894,0.9446,,,0,n,conglomerates|conglomeration|conglomerations,a composite rock made up of particles of varying size,
outskirts,6k-a,5390,332,2.883,0.9950,,,0,n,,outlying areas (as of a city or town),they lived on the outskirts of Houston
binary,6k-a,5079,333,2.883,0.9894,,,0,adj,binaries,of or pertaining to a number system have 2 as its base,a binary digit
chromosome,6k-a,5074,334,2.883,0.9851,,,0,n,chromosomal|chromosomes,a threadlike strand of DNA in the cell nucleus that carries the genes in a linear order,humans have 22 chromosome pairs plus two sex chromosomes
mahogany,6k-a,5427,335,2.883,0.9807,,,0,n,mahoganies,wood of any of various mahogany trees; much used for cabinetwork and furniture,
respirator,6k-a,5471,336,2.872,0.9974,,,0,n,respirators|respiratory,a breathing device for administering long-term artificial respiration,
overtake,6k-a,5084,337,2.872,0.9930,,,0,v,overtaken|overtakes|overtaking|overtook,catch up with and possibly overtake,The Rolls Royce caught us near the exit ramp
compulsory,6k-a,5011,338,2.872,0.9834,B2,,0,adj,compulsorily,required by rule,in most schools physical education is compulsory
provisional,6k-a,5037,339,2.872,0.9823,,,0,adj,provisionally|provisionals,under terms not final or fully worked out or agreed upon,probationary employees
torque,6k-a,5217,340,2.872,0.9568,,,0,n,torques,a twisting force,
maritime,6k-a,5467,341,2.872,0.9525,,,0,adj,,relating to or involving ships or shipping or navigation or seamen,nautical charts
informative,6k-a,5395,342,2.848,0.9976,,,0,adj,informatively|informativeness|uninformative,tending to increase knowledge or dissipate ignorance,an enlightening glimpse of government in action
mesh,6k-a,5342,343,2.848,0.9953,,,0,n,enmesh|enmeshed|enmeshes|enmeshing|enmeshment|enmeshments|meshed|meshes|meshing,the number of openings per linear inch of a screen; measures size of particles,a 100 mesh screen
revert,6k-a,5115,344,2.848,0.9862,,,0,v,reverted|reverting|reverts,go back to a previous state,We reverted to the old rules
excursion,6k-a,5123,345,2.836,0.9927,,,0,n,excursionist|excursionists|excursions,a journey taken for pleasure,many summer excursions to the shore
clinch,6k-a,5409,346,2.836,0.9801,,,0,n,clinched|clincher|clinchers|clinches|clinching,(boxing) the act of one boxer holding onto the other to avoid being hit and to rest momentarily,
disqualify,6k-a,5225,347,2.823,0.9930,,,0,v,disqualification|disqualifications|disqualified|disqualifies|disqualifying,make unfit or unsuitable,Your income disqualifies you
reiterate,6k-a,5224,348,2.823,0.9807,,,0,v,reiterated|reiterates|reiterating|reiteration|reiterations,"to say, state, or perform again",She kept reiterating her request
finite,6k-a,5252,349,2.823,0.9720,,,1,adj,finitely,bounded or limited in magnitude or spatial or temporal extent,
physiological,6k-a,5241,350,2.810,0.9976,,,0,adj,physiologically,of or relating to the biological study of physiology,physiological psychology
drawback,6k-a,5434,351,2.810,0.9905,,,0,n,drawbacks,the quality of being a hindrance,he pointed out all the drawbacks to my plan
stipulate,6k-a,5179,352,2.810,0.9705,,,0,v,stipulated|stipulates|stipulating|stipulation|stipulations,specify as a condition or requirement in a contract or agreement; make an express demand or provision in an agreement,The will stipulates that she can live in the house for the rest of her life
shriek,6k-a,5462,353,2.810,0.9677,,,0,n,shrieked|shrieking|shrieks,sharp piercing cry,her screaming attracted the neighbors
polymer,6k-a,5031,354,2.810,0.9598,,,0,n,polymerisation|polymerise|polymerised|polymerising|polymerization|polymerize|polymerized|polymerizes|polymerizing|polymers,a naturally occurring or synthetic compound consisting of large molecules made up of a linked series of repeated simple monomers,
distil,6k-a,5088,355,2.810,0.7024,,,0,adj,distilation|distilations|distill|distillation|distillations|distilled|distiller|distilleries|distillers|distillery|distilling|distills|distils,undergo condensation; change from a gaseous to a liquid state and fall in drops,water condenses
purify,6k-a,5162,356,2.797,0.9954,,,0,v,purification|purifications|purified|purifies|purifying|purifier|purifiers,"remove impurities from, increase the concentration of, and separate through the process of distillation",purify the water
ramble,6k-a,5153,357,2.797,0.9949,,,0,v,rambled|rambler|ramblers|rambles|rambling|ramblings,continue talking or writing in a desultory manner,This novel rambles on and jogs
conspire,6k-a,5297,358,2.797,0.9930,,,0,v,conspirator|conspiratorial|conspiratorially|conspirators|conspired|conspires|conspiring,"engage in plotting or enter into a conspiracy, swear together",They conspired to overthrow the government
euro,6k-a,5036,359,2.797,0.9833,A1,,0,n,euros,"the basic monetary unit of most members of the European Union (introduced in 1999); in 2002 twelve European nations (Germany, France, Belgium, Luxembourg, the Netherlands, Italy, Spain, Portugal, Ireland, Greece, Austria, Finland) adopted the euro as their basic unit of money and abandoned their traditional currencies",
digit,6k-a,5450,360,2.783,0.9797,,,0,n,digits,one of the elements that collectively form a system of numeration,0 and 1 are digits
micro,6k-a,5030,361,2.769,0.9948,,,0,n,micros,extremely small in scale or scope or capability,
plateau,6k-a,5419,362,2.769,0.9883,,,0,n,plateaued|plateauing|plateaus|plateaux,a relatively flat highland,
affinity,6k-a,5097,363,2.769,0.9803,,,0,n,affinities,(immunology) the attraction between an antigen and an antibody,
burrow,6k-a,5054,364,2.754,0.9953,,,0,n,burrowed|burrowing|burrows,"a hole made by an animal, usually for shelter",
emulate,6k-a,5112,365,2.754,0.9909,,,0,v,emulated|emulates|emulating|emulation|emulator|emulators,"strive to equal or match, especially by imitating",He is emulating the skating skills of his older sister
solvent,6k-a,5059,366,2.754,0.9806,,,0,n,solvents,a liquid substance capable of dissolving other substances,the solvent does not change its state in forming a solution
deflect,6k-a,5494,367,2.739,0.9977,,,0,v,deflected|deflecting|deflection|deflections|deflects,prevent the occurrence of; prevent from happening; to protect from or to keep away anything undesirable; to ward off,Let's avoid a confrontation
demolish,6k-a,5056,368,2.739,0.9926,,,0,v,demolished|demolishes|demolishing,destroy completely,the wrecking ball demolished the building
diagonal,6k-a,5284,369,2.739,0.9899,,,0,adj,diagonally|diagonals,connecting two nonadjacent corners of a plane figure or any two corners of a solid that are not in the same face,a diagonal line across the page
eradicate,6k-a,5208,370,2.739,0.9894,,,0,v,eradicated|eradicates|eradicating|eradication,kill in large numbers,the plague wiped out an entire population
thrash,6k-a,5316,371,2.739,0.9871,,,0,v,thrashed|thrasher|thrashers|thrashes|thrashing,give a thrashing to; beat hard,
snarl,6k-a,5482,372,2.739,0.9851,,,0,n,snarled|snarling|snarls|unsnarl|unsnarled|unsnarling|unsnarls,a vicious angry growl,
memorandum,6k-a,5053,373,2.739,0.9319,,,0,n,memoranda|memorandums,a written proposal or reminder,
papal,6k-a,5105,374,2.739,0.8645,,,0,adj,,proceeding from or ordered by or subject to a pope or the papacy regarded as the successor of the Apostles,papal dispensation
detriment,6k-a,5206,375,2.723,0.9635,,,0,n,detrimental|detrimentally|detriments,a damage or loss,
adjective,6k-a,5048,376,2.707,1.0000,,,0,n,adjectival|adjectivally|adjectives,a word that expresses an attribute of something,
partition,6k-a,5200,377,2.707,0.9916,,,0,n,partitioned|partitioning|partitions,a vertical structure that divides or separates (as a wall divides one room from another),
node,6k-a,5022,378,2.707,0.9424,,,0,n,nodal|nodes,a connecting point at which several lines come together,
terminology,6k-a,5211,379,2.690,0.9975,,,0,n,terminological|terminologies,a system of words used to name things in a particular discipline,legal terminology
glossy,6k-a,5301,380,2.690,0.9953,,,0,adj,glossier|glossiest|glossily|glossiness|semigloss,based on pretense; deceptively pleasing,the gilded and perfumed but inwardly rotten nobility
advent,6k-a,5141,381,2.690,0.9950,,,0,n,advents,arrival that has been awaited (especially of something momentous),the advent of the computer
plume,6k-a,5246,382,2.690,0.9653,,,0,n,plumage|plumages|plumed|plumes,anything that resembles a feather in shape or lightness,a plume of smoke
procure,6k-a,5176,383,2.690,0.9587,,,0,v,procured|procurement|procurements|procurer|procurers|procures|procuring,get by special effort,He procured extra cigarettes even though they were rationed
acquit,6k-a,5440,384,2.690,0.9192,,,0,n,acquits|acquittal|acquittals|acquitted|acquitting,pronounce not guilty of criminal charges,The suspect was cleared of the murder charges
indignant,6k-a,5109,385,2.672,0.9864,,,0,adj,indignantly|indignation|indignations,angered at something unjust or wrong,an indignant denial
quiver,6k-a,5425,386,2.672,0.9841,,,0,n,quivered|quivering|quivers,an almost pleasurable sensation of fright,a frisson of surprise shot through him
alleviate,6k-a,5369,387,2.672,0.9800,,,0,v,alleviated|alleviates|alleviating|alleviation,"provide physical relief, as from pain",This pill will relieve your headaches
bellow,6k-a,5441,388,2.672,0.9799,,,0,v,bellowed|bellowing|bellows,shout loudly and without restraint,
reciprocal,6k-a,5478,389,2.672,0.9663,,,0,adj,nonreciprocal|reciprocally|reciprocals,concerning each of two or more persons or things; especially given or done in return,reciprocal aid
repertoire,6k-a,5439,390,2.672,0.9496,,,0,n,repertoires,the entire range of skills or aptitudes or devices used in a particular field or occupation,the repertory of the supposed feats of mesmerism
nourish,6k-a,5466,391,2.654,0.9903,,,0,v,nourished|nourishes|nourishing|nourishment|nourishments|undernourished,provide with nourishment,We sustained ourselves on bread and water
complacent,6k-a,5219,392,2.654,0.9851,,,0,adj,complacencies|complacency|complacently,contented to a fault with oneself or one's actions,he had become complacent after years of success
algae,6k-a,5205,393,2.654,0.9828,,,0,n,algaes|alga|algal,primitive chlorophyll-containing mainly aquatic eukaryotic organisms lacking true stems and roots and leaves,
acclaim,6k-a,5312,394,2.654,0.9805,,,0,n,acclaimed|acclaiming|acclaims|acclamation|acclamations,enthusiastic approval,the book met with modest acclaim
breadth,6k-a,5314,395,2.654,0.9216,,,0,n,breadths,the capacity to understand a broad range of topics,a teacher must have a breadth of knowledge of the subject
armchair,6k-a,5090,396,2.634,0.9976,,,0,n,armchairs,chair with a support on each side for arms,
regenerate,6k-a,5078,397,2.634,0.9943,,,0,v,regenerated|regenerates|regenerating|regeneration|regenerations|regenerative|unregenerate,"reestablish on a new, usually improved, basis or make new or like new",We renewed our friendship after a hiatus of twenty years
shear,6k-a,5057,398,2.634,0.9855,,,0,v,sheared|shearer|shearers|shearing|shears|shorn,cut with shears,shear hedges
equate,6k-a,5220,399,2.614,0.9944,,,1,v,equated|equates|equating,"consider or describe as similar, equal, or analogous",We can compare the Han dynasty to the Romans
subside,6k-a,5136,400,2.614,0.9899,,,0,v,subsided|subsidence|subsides|subsiding,wear off or die down,The pain subsided
onwards,6k-a,5013,401,2.614,0.9826,,,0,adv,onward,in a forward direction,go ahead
omission,6k-a,5107,402,2.614,0.9816,,,0,n,omissions,a mistake resulting from neglect,
patronage,6k-a,5102,403,2.593,0.9847,,,0,n,patronages,the act of providing approval and support,his vigorous backing of the conservatives got him in trouble with progressives
enchant,6k-a,5188,404,2.593,0.9791,,,0,v,enchanted|enchanter|enchanters|enchantress|enchantresses|enchanting|enchantingly|enchantment|enchantments|enchants,hold spellbound,
diarrhoea,6k-a,5143,405,2.593,0.9783,,,0,n,diarrhea|diarrheas|diarrhoeal|diarrhoeas,frequent and watery bowel movements; can be a symptom of infection or food poisoning or colitis or a gastrointestinal tumor,
augment,6k-a,5295,406,2.593,0.9661,,,0,v,augmentation|augmentations|augmented|augmenter|augmenters|augmenting|augments,enlarge or increase,The recent speech of the president augmented tensions in the Near East
propagate,6k-a,5216,407,2.593,0.9481,,,0,v,propagated|propagates|propagating|propagation|propagations|propagator|propagators,transmit from one generation to the next,propagate these characteristics
tsar,6k-a,5120,408,2.593,0.8959,,,0,n,czar|czarist|czarists|czars|tsarism|tsarist|tsarists|tsars|tzar|tzarist|tzarists|tzars,a male monarch or emperor (especially of Russia prior to 1917),
denomination,6k-a,5318,409,2.571,0.9949,,,0,n,denominate|denominated|denominates|denominating|denominational|denominations|nondenominational,a group of religious congregations having its own organization and a distinctive faith,
equitable,6k-a,5231,410,2.571,0.9742,,,0,adj,equitably|inequitable|inequitably,fair to all parties as dictated by reason and conscience,equitable treatment of all citizens
feminism,6k-a,5228,411,2.547,0.9974,,,0,n,feminisms,a doctrine that advocates equal rights for women,
justly,6k-a,5264,412,2.547,0.9875,,,0,adv,unjust|unjustly|justness|unjustness,with honesty,he was rightly considered the greatest singer of his time
poach,6k-a,5247,413,2.547,0.9819,,,0,v,poached|poacher|poachers|poaches|poaching,hunt illegally,people are poaching elephants for their ivory
prominence,6k-a,5375,414,2.522,0.9901,,,0,n,prominences,the state of being prominent: widely known or eminent,
ascent,6k-a,5420,415,2.522,0.9752,,,0,n,ascents,an upward slope or grade (as in a road),the car couldn't make it up the rise
affluent,6k-a,5379,416,2.496,0.9926,,,0,adj,affluently|affluence,having an abundant supply of money or possessions of value,an affluent banker
vandal,6k-a,5127,417,2.496,0.9857,,,0,n,vandalise|vandalised|vandalises|vandalising|vandalism|vandalisms|vandalize|vandalized|vandalizes|vandalizing|vandals,someone who willfully destroys or defaces property,
interchange,6k-a,5233,418,2.496,0.9819,,,0,n,interchangeability|interchangeable|interchangeably|interchanged|interchanges|interchanging|noninterchangeable,a junction of highways on different levels that permits traffic to move from one to another without crossing traffic streams,
stifle,6k-a,5249,419,2.496,0.9806,,,0,v,stifled|stifles|stifling,suppress in order to conceal or hide,smother a yawn
emphatic,6k-a,5464,420,2.496,0.9688,,,0,adj,emphatically|unemphatic,spoken with emphasis,an emphatic word
preclude,6k-a,5282,421,2.496,0.9554,,,0,v,precluded|precludes|precluding,keep from happening or arising; make impossible,My sense of tact forbids an honest answer
unilateral,6k-a,5435,422,2.496,0.9541,,,0,adj,unilateralism|unilateralist|unilateralists|unilaterally,involving only one part or side,unilateral paralysis
construe,6k-a,5159,423,2.496,0.9291,,,0,v,construed|construes|construing|misconstrue|misconstrued|misconstrues,make sense of; assign a meaning to,What message do you see in this letter?
forgo,6k-a,5287,424,2.496,0.8699,,,0,v,forego|foregoes|foregoing|foregone|forgoes|forgoing|forgone|forwent,do without or cease to hold or adhere to,We are dispensing with formalities
contour,6k-a,5336,425,2.468,0.9923,,,0,n,contoured|contouring|contours,a line drawn on a map connecting points of equal height,
spreadsheet,6k-a,5114,426,2.468,0.9922,,,0,n,spreadsheets,a screen-oriented interactive program enabling a user to lay out financial data on the screen,
antiquity,6k-a,5407,427,2.468,0.9705,,,0,n,antiquities,the historic period preceding the Middle Ages in Europe,
distaste,6k-a,5360,428,2.438,0.9865,,,0,n,distasteful|distastefully|distastefulness|distastes,a feeling of intense dislike,
retort,6k-a,5148,429,2.438,0.9837,,,0,n,retorted|retorting|retorts,a quick reply to a question or remark (especially a witty or critical one),it brought a sharp rejoinder from the teacher
facet,6k-a,5230,430,2.438,0.9593,,,0,n,faceted|facets|multifaceted,a distinct feature or element in a problem,he studied every facet of the question
throb,6k-a,5401,431,2.406,0.9916,,,0,v,throbbed|throbbing|throbs,pulsate or pound with abnormal force,my head is throbbing
fortify,6k-a,5348,432,2.406,0.9875,,,0,v,fortification|fortifications|fortified|fortifies|fortifying,make strong or stronger,This exercise will strengthen your upper body
disillusion,6k-a,5278,433,2.406,0.9770,,,0,v,disillusioned|disillusioning|disillusionment|disillusionments|disillusions,free from enchantment,
bombard,6k-a,5370,434,2.406,0.9708,,,0,n,bombarded|bombardier|bombardiers|bombarding|bombardment|bombardments|bombards,a large shawm; the bass member of the shawm family,
proliferate,6k-a,5029,435,2.406,0.9564,,,0,n,proliferated|proliferates|proliferating|proliferation|proliferations|proliferative,grow rapidly,Pizza parlors proliferate in this area
vapour,6k-a,5424,436,2.371,0.9974,,,0,n,vapor|vaporiser|vaporisers|vaporizer|vaporizers|vapors|vapours|vaporous,a visible suspension in the air of particles of some substance,
cumulative,6k-a,5180,437,2.371,0.9972,,,0,adj,cumulatively|noncumulative,increasing by successive addition,the benefits are cumulative
choreograph,6k-a,5443,438,2.371,0.9836,,,0,v,choreographed|choreographer|choreographers|choreographic|choreographies|choreographing|choreographs|choreography,"compose a sequence of dance steps, often to music",Balanchine choreographed many pieces to Stravinsky's music
underwrite,6k-a,5103,439,2.371,0.9614,,,0,v,underwrit|underwriter|underwriters|underwrites|underwriting|underwritten|underwrote,guarantee financial support of,The opera tour was subvented by a bank
secrete,6k-a,5018,440,2.371,0.9577,,,0,v,secreted|secretes|secreting|secretion|secretions|secretor|secretors|secretory,generate and separate from cells or bodily fluids,secrete digestive juices
austere,6k-a,5165,441,2.371,0.8886,,,0,adj,austerely|austerities|austerity,severely simple,a stark interior
felled,6k-a,5135,442,2.371,0.8127,,,0,v,feller|fellers|felling|fells,cause to fall by or as if by delivering a blow,strike down a tree
chronology,6k-a,5186,443,2.333,0.9841,,,0,n,chronological|chronologically|chronologies|chronologist|chronologists,an arrangement of events in time,
authoritative,6k-a,5257,444,2.333,0.9833,,,0,adj,authoritatively|authoritativeness,endowed with authority,an authoritative communique
abolition,6k-a,5023,445,2.333,0.9821,,,0,n,abolitionism|abolitionist|abolitionists|abolitions,the act of abolishing a system or practice or institution (especially abolishing slavery),the abolition of capital punishment
cleave,6k-a,5283,446,2.333,0.9743,,,0,v,cleavage|cleavages|cleaved|cleaver|cleavers|cleaves|cleaving|cloven,"separate or cut with a tool, such as a sharp instrument",cleave the bone
wry,6k-a,5177,447,2.333,0.9684,,,0,adj,wryer|wryest|wryly,humorously sarcastic or mocking,dry humor
etch,6k-a,5339,448,2.333,0.9207,,,0,v,etched|etcher|etchers|etches|etching|etchings,make an etching of,He etched her image into the surface
malign,6k-a,5239,449,2.333,0.9187,,,0,v,malignancies|malignancy|malignant|malignantly|maligned|maligning|maligns|nonmalignant,speak unfavorably about,She badmouths her husband everywhere
synonym,6k-a,5163,450,2.292,0.9858,,,0,n,synonymous|synonyms|synonymy,two words that can be interchanged in a context are said to be synonymous relative to that context,
dissident,6k-a,5236,451,2.292,0.9176,,,0,n,dissidents|dissidence,a person who dissents from some established policy,
baffle,6k-a,5472,452,2.246,0.9901,,,0,v,baffled|bafflement|baffler|bafflers|baffles|baffling,be a mystery or bewildering to,This beats me!
twofold,6k-a,5290,453,2.246,0.9756,,,0,adv,eightfold|fivefold|fourfold|hundredfold|millionfold|ninefold|sevenfold|sixfold|tenfold|thousandfold|threefold|twentyfold,by a factor of two,the price increased twofold last year
adorn,6k-a,5493,454,2.246,0.9625,,,0,v,adorned|adorning|adornment|adornments|adorns|unadorned,"make more attractive by adding ornament, colour, etc.",Decorate the room for the party
equivocal,6k-a,5460,455,2.246,0.9580,,,0,adj,equivocally|equivocalness|unequivocal|unequivocally,open to two or more interpretations; or of uncertain nature or significance; or (often) intended to mislead,an equivocal statement
excise,6k-a,5099,456,2.246,0.9316,,,0,n,excised|excises|excising|excision|excisions,a tax that is measured by the amount of business done (not on property or income from real estate),
allot,6k-a,5118,457,2.246,0.7184,,,0,n,allotment|allotments|allots|allotted|allotting,give out,We were assigned new uniforms
neuron,6k-a,5405,458,2.195,0.9851,,,0,n,neuronal|neurons,a cell that is specialized to conduct nerve impulses,
infringe,6k-a,5124,459,2.195,0.9826,,,0,v,infringed|infringement|infringements|infringes|infringing,"go against, as of rules and laws",He ran afoul of the law
halve,6k-a,5240,460,2.195,0.9468,,,0,v,halved|halving,divide by two; divide into halves,Halve the cake
impetus,6k-a,5305,461,2.195,0.9029,,,0,n,impetuses,a force that moves something along,
invert,6k-a,5194,462,2.137,0.9948,,,0,v,inverted|inverting|inverts,make an inversion (in a musical composition),here the theme is inverted
deform,6k-a,5313,463,2.137,0.9877,,,0,v,deformation|deformations|deformed|deforming|deformities|deformity|deforms,make formless,the heat deformed the plastic sculpture
locality,6k-a,5042,464,2.137,0.9843,,,0,n,localities,a surrounding or nearby region,the plane crashed in the vicinity of Asheville
curtail,6k-a,5489,465,2.137,0.9573,,,0,v,curtailed|curtailing|curtailment|curtailments|curtails,place restrictions on,curtail drinking in school
stringent,6k-a,5392,466,2.137,0.9413,,,0,adj,stringencies|stringency|stringently,demanding strict attention to rules and procedures,rigorous discipline
encode,6k-a,5167,467,2.070,0.9811,,,0,v,encoded|encoder|encoders|encodes|encoding,convert information into code,encode pictures digitally
incubate,6k-a,5092,468,2.070,0.9803,,,0,v,incubated|incubates|incubating|incubation|incubations|incubator|incubators|preincubated|preincubation,grow under conditions that promote development,
devalue,6k-a,5076,469,2.070,0.9793,,,0,v,devaluation|devaluations|devalued|devalues|devaluing,remove the value from; deprive of its value,
cobble,6k-a,5263,470,2.070,0.9759,,,0,v,cobbled|cobbler|cobblers|cobbles|cobbling,pave with cobblestones,
corrode,6k-a,5452,471,2.070,0.9529,,,0,v,corroded|corrodes|corroding|corrosion|corrosive|corrosively|noncorrosive,"cause to deteriorate due to the action of water, air, or an acid",The acid corroded the metal
ascribe,6k-a,5396,472,2.070,0.9063,,,0,v,ascribed|ascribes|ascribing|ascription,attribute or credit to,We attributed this quotation to Shakespeare
presuppose,6k-a,5187,473,2.070,0.8983,,,0,v,presupposed|presupposes|presupposing|presupposition|presuppositions,take for granted or as a given; suppose beforehand,I presuppose that you have done your work
litre,6k-a,5021,474,2.070,0.8675,B2,,0,n,liter|liters|litres,"a metric unit of capacity, formerly defined as the volume of one kilogram of pure water under standard conditions; now equal to 1,000 cubic centimeters (or approximately 1.75 pints)",
chaired,6k-a,5125,475,2.070,,,,0,v,chairing,"act or preside as chair, as of an academic department in a university",She chaired the department for many years
capitalise,6k-a,5279,476,1.991,0.9952,,,0,v,capitalisation|capitalised|capitalises|capitalising|capitalization|capitalize|capitalized|capitalizes|capitalizing,"supply with capital, as of a business by using a combination of capital used by investors and debt capital provided by lenders",
refurbish,6k-a,5089,477,1.991,0.9853,,,0,v,furbish|furbished|furbisher|furbishers|furbishes|furbishing|furbishment|furbishments|refurbished|refurbishes|refurbishing|refurbishment|refurbishments,make brighter and prettier,we refurbished the guest wing
denote,6k-a,5104,478,1.991,0.9796,,,1,v,denotation|denotations|denoted|denotes|denoting,be a sign or indication of,Her smile denoted that she agreed
partiality,6k-a,5361,479,1.991,0.9685,,,0,n,impartial|impartialities|impartiality|impartially|partialities,a predisposition to like something,he had a fondness for whiskey
disseminate,6k-a,5226,480,1.991,0.9476,,,0,v,disseminated|disseminates|disseminating|dissemination,cause to become widely known,spread information
accrue,6k-a,5140,481,1.991,0.9000,,,0,v,accrual|accruals|accrued|accrues|accruing,grow by addition,The interest accrues
purport,6k-a,5260,482,1.991,0.7908,,,0,v,purported|purportedly|purporting|purports,"have the often specious appearance of being, intending, or claiming",The letter purports to express people's opinion
bibliography,6k-a,5121,483,1.894,0.9974,,,0,n,bibliographers|bibliographer|bibliographic|bibliographical|bibliographically|bibliographies,a list of writings with time and place of publication (such as the writings of a single author or the works referred to in preparing a document etc.),
punctuate,6k-a,5391,484,1.894,0.9903,,,0,v,punctuated|punctuates|punctuating|punctuation,insert punctuation marks into,
exemplify,6k-a,5190,485,1.894,0.9874,,,0,v,exemplification|exemplifications|exemplified|exemplifies|exemplifying,be typical of,This compositional style is exemplified by this fugue
induct,6k-a,5178,486,1.894,0.9626,,,0,v,inducted|inducting|induction|inductions|inducts,place ceremoniously or formally in an office or position,there was a ceremony to induct the president of the Academy
underpin,6k-a,5250,487,1.894,0.9158,,,0,v,underpinned|underpinning|underpinnings|underpins,support from beneath,
subsist,6k-a,5367,488,1.894,0.8859,,,0,v,subsisted|subsistence|subsisting|subsists,support oneself,he could barely exist on such a low wage
deliberated,6k-a,5480,489,1.769,0.9850,,,0,v,deliberates|deliberating|deliberation|deliberations|deliberative,think about carefully; weigh,They considered the possibility of a strike
exasperate,6k-a,5344,490,1.769,0.9707,,,0,v,exasperated|exasperates|exasperating|exasperation,exasperate or irritate,
necessitate,6k-a,5214,491,1.769,0.9587,,,0,v,necessitated|necessitates|necessitating|necessitation,"require as useful, just, or proper",It takes nerve to do what she did
relegate,6k-a,5081,492,1.769,0.9149,,,0,v,relegated|relegates|relegating|relegation|relegations,refer to another person for decision or judgment,She likes to relegate difficult questions to her colleagues
hectare,6k-a,5068,493,1.769,0.7430,,,0,n,hectares,"(abbreviated ‘ha’) a unit of surface area equal to 100 ares (or 10,000 square meters)",
adequacy,6k-a,5096,494,1.593,0.9832,,,0,n,inadequacies|inadequacy,the quality of being able to meet a need satisfactorily:,
decentralize,6k-a,5137,495,1.593,0.9782,,,0,n,decentralisation|decentralisations|decentralise|decentralised|decentralises|decentralising|decentralization|decentralizations|decentralized|decentralizes|decentralizing,make less central,"After the revolution, food distribution was decentralized"
overcrowd,6k-a,5364,496,1.593,0.9688,,,0,v,overcrowded|overcrowding|overcrowds,cause to crowd together too much,The students overcrowded the cafeteria
deregulate,6k-a,5473,497,1.593,0.9164,,,0,v,deregulated|deregulates|deregulating|deregulation|deregulatory,lift the regulations on,
typewrite,6k-a,5293,498,1.593,0.9036,,,0,n,typewriter|typewriters|typewrites|typewrote|typewriting|typewritten,write by means of a keyboard with types,"type the acceptance letter, please"
notate,6k-a,5400,499,1.593,0.8718,,,0,v,notated|notates|notating|notation|notations,"put into notation, as of music or choreography","Nowadays, you can notate an entire ballet; in the old days, the steps had to be memorized"
ibid,6k-a,5265,500,1.593,0.5050,,,0,adv,,,
kidding,6k-b,5973,1,5.126,0.9973,,,0,v,kidded|kidder|kidders,tell false information to for fun,Are you pulling my leg?
buddy,6k-b,5951,2,5.012,1.0000,C1,,0,n,buddies,a close friend who accompanies their buddies in their activities,
cute,6k-b,5966,3,4.943,0.9975,B2,,0,adj,cutely|cuteness|cutey,attractive especially by means of smallness or prettiness or quaintness,a cute kid with pigtails
freak,6k-b,5666,4,4.565,0.9971,,,0,n,freakier|freakiest|freakish|freakishly|freakishness|freaks|freaky,a person or animal that is markedly unusual or deformed,
babe,6k-b,5965,5,4.551,0.9894,,,0,n,babes,a very young child (birth to 1 year) who has not yet begun to walk or talk,the baby began to cry again
awesome,6k-b,5909,6,4.496,0.9977,,,0,adj,awesomely|awesomeness,inspiring awe or admiration or wonder,New York is an amazing city
closet,6k-b,5983,7,4.432,0.9954,,,0,n,closeted|closeting|closets,a small room (or recess) or cabinet used for storage space,
garbage,6k-b,5977,8,4.416,1.0000,,,0,n,garbages,food that is discarded (as from a kitchen),
trash,6k-b,5984,9,4.351,0.9956,,,0,n,trashed|trashes|trashier|trashiest|trashiness|trashing|trashy,worthless material that is to be disposed of,
whore,6k-b,5855,10,4.324,0.9880,,,0,n,whored|whoreish|whores|whoring|whorish,a woman who engages in sexual intercourse for money,
casino,6k-b,5975,11,4.309,0.9868,C1,,0,n,casinos,a public building for gambling and entertainment,
soda,6k-b,5871,12,4.297,0.9977,,,0,n,sodas,a sodium salt of carbonic acid; used in making soap powders and glass and paper,
bunny,6k-b,5805,13,4.268,0.9972,,,0,n,bunnies,a young waitress in a nightclub whose costume includes the tail and ears of a rabbit,
locker,6k-b,5950,14,4.204,1.0000,,,0,n,lockers,a storage compartment for clothes and valuables; usually it has a lock,
dough,6k-b,5952,15,4.201,0.9949,,,0,n,doughier|doughiest|doughs|doughy,a flour mixture stiff enough to knead or roll,
makeup,6k-b,5996,16,4.190,0.9955,,,0,n,,cosmetics applied to the face to improve or change your appearance,
homicide,6k-b,5991,17,4.186,1.0000,,,0,n,homicidal|homicides,the killing of a human being by another human being,
skinny,6k-b,5960,18,4.146,0.9975,,,0,adj,skinnier|skinniest|skinniness,being very thin,a child with skinny freckled legs
audition,6k-b,5839,19,4.141,0.9975,,,0,n,auditioned|auditioning|auditions,the ability to hear; the auditory faculty,his hearing was impaired
howdy,6k-b,5999,20,4.115,0.9736,,,0,exclam,,an expression of greeting,every morning they exchanged polite hellos
nap,6k-b,5986,21,4.102,0.9954,,,0,n,napped|napping|naps,a period of time spent sleeping,he felt better after a little sleep
peanut,6k-b,5953,22,4.092,0.9977,,,0,n,peanuts,underground pod of the peanut vine,
tattoo,6k-b,5866,23,4.078,1.0000,,,0,n,tatooe|tatooed|tatooing|tattooe|tattooed|tattooer|tattooers|tattooing|tattooist|tattooists|tattoos,a drumbeat or bugle call that signals the military to return to their quarters,
lance,6k-b,5630,24,4.036,0.9745,,,0,n,lanced|lances|lancing,a long pointed rod used as a tool or weapon,
jeep,6k-b,5683,25,4.012,0.9950,,,0,n,jeeps,a car suitable for traveling over rough terrain,
bachelor,6k-b,5580,26,3.995,0.9898,,,0,n,bachelorhood|bachelors,a man who has never been married,
dummy,6k-b,5540,27,3.992,0.9974,,,0,n,dummies,a person who does not talk,
necklace,6k-b,5915,28,3.989,0.9955,,,0,n,necklaces,jewelry consisting of a cord or chain (often bearing gems) worn about the neck as an ornament (especially by women),
amber,6k-b,5592,29,3.968,1.0000,,,0,n,,a deep yellow color,an amber light illuminated the room
perimeter,6k-b,5754,30,3.956,0.9869,,,0,n,perimeters,the boundary line or the area immediately inside the boundary,
barbecue,6k-b,5758,31,3.952,0.9839,,,0,n,barbecued|barbecues|barbecuing,meat that has been barbecued or grilled in a highly seasoned sauce,
briefcase,6k-b,5930,32,3.934,0.9950,,,0,n,briefcases,a case with a handle; for carrying papers or files or books,
wig,6k-b,5714,33,3.922,0.9923,,,0,n,wigged|wigs,hairpiece covering the head and made of real or synthetic hair,
mole,6k-b,5577,34,3.907,0.9951,,,0,n,moles,the molecular weight of a substance expressed in grams; the basic unit of amount of substance adopted under the Systeme International d'Unites,
hose,6k-b,5771,35,3.907,0.9869,,,0,n,hosed|hoses|hosing,socks and stockings and tights collectively (the British include underwear),
tuna,6k-b,5934,36,3.904,0.9974,,,0,n,tunas,tropical American prickly pear of Jamaica,
eternity,6k-b,5848,37,3.902,0.9949,,,0,n,eternities,time without end,
lo,6k-b,5979,38,3.892,0.6839,,,0,exclam,,,
hunch,6k-b,5670,39,3.876,0.9975,,,0,n,hunched|hunches|hunching,an impression that something might be the case,he had an intuition that something had gone wrong
lobster,6k-b,5963,40,3.866,0.9951,,,0,n,lobsters,flesh of a lobster,
carnival,6k-b,5935,41,3.853,0.9949,,,0,n,carnivals,a festival marked by merrymaking and processions,
gag,6k-b,5874,42,3.849,0.9970,,,0,n,gagged|gagging|gaggings|gags,a humorous anecdote or remark intended to provoke laughter,he told a very funny joke
mule,6k-b,5945,43,3.847,0.9947,,,0,n,mules|muleteer|muleteers|mulish|mulishly,hybrid offspring of a male donkey and a female horse; usually sterile,
razor,6k-b,5503,44,3.838,0.9931,,,0,n,razors,edge tool used in shaving,
shovel,6k-b,5907,45,3.836,1.0000,,,0,n,shovelful|shovelfuls|shovelled|shovelling|shovels,a hand tool for lifting loose material; consists of a curved container or scoop and a handle,
lottery,6k-b,5896,46,3.830,0.9948,B2,,0,n,lotteries,something that is regarded as a chance event,the election was just a lottery to them
woo,6k-b,5648,47,3.828,0.9255,,,0,v,wooed|wooer|wooers|wooing|wooings|woos,seek someone's favor,China is wooing Russia
scissors,6k-b,5708,48,3.826,0.9912,,,0,n,scissor,an edge tool having two crossed pivoting blades,
siren,6k-b,5820,49,3.817,0.9806,,,0,n,sirens,a woman who is considered to be dangerously seductive,
mustard,6k-b,5574,50,3.810,0.9950,,,0,n,mustards,any of several cruciferous plants of the genus Brassica,
stew,6k-b,5681,51,3.809,0.9976,,,0,n,stewed|stewing|stews,agitation resulting from active worry,don't get in a stew
sperm,6k-b,5705,52,3.796,0.9976,,,0,n,sperms,the male reproductive cell; the male gamete,a sperm is mostly a nucleus surrounded by little other cellular material
screech,6k-b,5883,53,3.796,0.9948,,,0,n,screeched|screeches|screeching|screechings,a high-pitched noise resembling a human cry,he ducked at the screechings of shells
bluff,6k-b,5853,54,3.794,0.9974,,,0,n,bluffed|bluffer|bluffers|bluffing|bluffly|bluffs,a high steep bank (usually formed by river erosion),
cavalry,6k-b,5545,55,3.794,0.9854,,,0,n,cavalries,troops trained to fight on horseback,500 horse led the attack
den,6k-b,5557,56,3.787,0.9902,,,0,n,dens,the habitation of wild animals,
yen,6k-b,5562,57,3.787,0.9404,,,0,n,yens,a yearning for something or to do something,
martial,6k-b,5564,58,3.765,0.9900,B2,,0,adj,martially,(of persons) befitting a warrior,"spirit, pluck, and fine soldierly qualities"
cracker,6k-b,5937,59,3.762,0.9948,,,0,n,crackers,a thin crisp wafer made of flour and water with or without leavening and shortening; unsweetened or semisweet,
tab,6k-b,5561,60,3.762,0.9929,,,0,n,tabbed|tabbing|tabs,the bill in a restaurant,he asked the waiter for the check
cuff,6k-b,5672,61,3.757,0.9908,,,0,n,cuffed|cuffing|cuffs,the lap consisting of a turned-back hem encircling the end of the sleeve or leg,
dove,6k-b,5652,62,3.747,1.0000,,,0,n,doves,any of numerous small pigeons,
warp,6k-b,5676,63,3.741,0.9953,,,0,n,warped|warping|warps,a twist or aberration; especially a perverse or abnormal way of judging or acting,
squirrel,6k-b,5893,64,3.739,0.9952,,,0,n,squirreled|squirreling|squirrels,a kind of arboreal rodent having a long bushy tail,
godfather,6k-b,5656,65,3.737,0.9973,,,0,n,godchild|godchildren|goddaughter|goddaughters|godfathers|godmother|godmothers|godparent|godparents|godson|godsons,any man who serves as a sponsor for a child at baptism,
ambush,6k-b,5739,66,3.736,0.9949,,,0,n,ambushed|ambusher|ambushers|ambushes|ambushing|ambushings,the act of concealing yourself and lying in wait to attack by surprise,
syrup,6k-b,5980,67,3.708,1.0000,,,0,n,syrups|syrupy,a thick sweet sticky liquid,
vagina,6k-b,5504,68,3.705,0.9956,,,0,n,vaginal|vaginally|vaginas,the lower part of the female reproductive tract; a moist canal in female mammals extending from the labia minora to the uterus,the vagina receives the penis during coitus
payroll,6k-b,5841,69,3.703,0.9974,,,0,n,payrolls,a list of employees and their salaries,the company had a long payroll
pneumonia,6k-b,5790,70,3.703,0.9930,,,0,n,pneumonias,respiratory disease characterized by inflammation of the lung parenchyma (excluding the bronchi) with congestion caused by viruses or bacteria or irritants,
camel,6k-b,5572,71,3.702,0.9973,,,0,n,camels,cud-chewing mammal used as a draft or saddle animal in desert regions,
cocoa,6k-b,5632,72,3.702,0.9887,,,0,n,cocoas,a beverage made from cocoa powder and milk and sugar; usually drunk hot,
slug,6k-b,5812,73,3.697,0.9947,,,0,n,slugged|slugging|slugs|slugger|sluggers,a projectile that is fired from a gun,
lizard,6k-b,5824,74,3.686,0.9950,,,0,n,lizards,relatively long-bodied reptile with usually two pairs of legs and a tapering tail,
merchandise,6k-b,5948,75,3.683,0.9976,,,0,n,merchandised|merchandises|merchandising|merchandize|merchandized|merchandizes|merchandizing,items for sale to the individual consumer,good business depends on having good merchandise
tickle,6k-b,5880,76,3.683,0.9974,,,0,v,tickled|tickler|ticklers|tickles|tickling|ticklish,"touch (a body part) lightly so as to excite the surface nerves and cause uneasiness, laughter, or spasmodic movements",
raft,6k-b,5623,77,3.674,0.9973,,,0,n,rafted|rafting|rafts,a flat float (usually made of logs or planks) that can be used for transport or as a platform for swimmers,
yank,6k-b,5987,78,3.674,0.9859,,,0,v,yanked|yanking|yanks,"pull, or move with a sudden movement",He turned the handle and jerked the door open
souvenir,6k-b,5711,79,3.674,0.9825,,,0,n,souvenirs,something of sentimental value,
bunker,6k-b,5818,80,3.672,0.9945,,,0,n,bunkers,a hazard on a golf course,
nightclub,6k-b,5815,81,3.668,0.9894,,,0,n,nightclubs,a spot that is open late at night and that provides entertainment (as singers or dancers) as well as dancing and food and drink,don't expect a good meal at a cabaret
decency,6k-b,5662,82,3.667,0.9926,,,0,n,decencies|indecencies|indecency,the quality of conforming to standards of propriety and morality,
pickle,6k-b,5854,83,3.665,0.9950,,,0,n,pickled|pickles|pickling,vegetables (especially cucumbers) preserved in brine or vinegar,
coconut,6k-b,5931,84,3.663,0.9973,,,0,n,coconuts,the edible white meat of a coconut; often shredded for use in e.g. cakes and curries,
intern,6k-b,5974,85,3.659,0.9925,,,0,n,interned|interning|internment|internments|interns|internship|internships|internist|internists,an advanced student or graduate in medicine gaining supervised practical experience,
cherish,6k-b,5615,86,3.650,0.9974,,,0,v,cherished|cherishes|cherishing,be fond of; be attached to,
slippery,6k-b,5742,87,3.646,0.9910,,,0,adj,slipperier|slipperiest|slipperiness,causing or tending to cause things to slip or slide,slippery sidewalks
mash,6k-b,5803,88,3.644,0.9874,,,0,n,mashed|masher|mashers|mashes|mashing,a mixture of mashed malt grains and hot water; used in brewing,
portal,6k-b,5734,89,3.640,0.9909,,,0,n,portals,a grand and imposing entrance (often extended metaphorically),the portals of the cathedral
pastor,6k-b,5972,90,3.634,0.9834,C1,,0,n,pastors,a person authorized to conduct religious worship,clergymen are usually called ministers in Protestant churches
itch,6k-b,5796,91,3.622,1.0000,,,0,n,itched|itches|itchier|itchiest|itchiness|itching|itchy,a contagious skin infection caused by the itch mite; characterized by persistent itching and skin irritation,he has a bad case of the itch
vanity,6k-b,5894,92,3.616,0.9948,,,0,n,vanities,feelings of excessive pride,
salvage,6k-b,5587,93,3.616,0.9946,,,0,v,salvageable|salvaged|salvages|salvaging|salvagings|unsalvageable,"save from ruin, destruction, or harm",
crate,6k-b,5728,94,3.614,0.9869,,,0,n,crated|crates|crating,a rugged box (usually made of wood); used for shipping,
tuition,6k-b,5747,95,3.608,0.9880,C1,,0,n,tuitions,a fee paid for instruction (especially for higher education),"tuition and room and board were more than $25,000"
cardiac,6k-b,5800,96,3.599,0.9894,,,0,adj,,of or relating to the heart,cardiac arrest
retard,6k-b,5674,97,3.597,0.9901,,,0,n,retardant|retardation|retardations|retarded|retarding|retards,a person of subnormal intelligence,
flirt,6k-b,5507,98,3.595,0.9976,,,0,v,flirtation|flirtations|flirtatious|flirtatiously|flirted|flirting|flirts|flirty,"talk or behave amorously, without serious intentions",The guys always try to chat up the new secretaries
erotic,6k-b,5537,99,3.595,0.9891,,,0,adj,erotically|eroticism,giving sexual pleasure; sexually arousing,
forensic,6k-b,5625,100,3.595,0.9885,,,0,adj,forensically,"of, relating to, or used in public debate or argument",
gigantic,6k-b,5877,101,3.573,1.0000,,,0,adj,gigantically,so exceedingly large or extensive as to suggest a giant or mammoth,a gigantic redwood
rogue,6k-b,5834,102,3.573,0.9977,,,0,n,rogues|roguish,a deceitful and unreliable scoundrel,
seizure,6k-b,5595,103,3.573,0.9809,,,0,n,seizures,a sudden occurrence (or recurrence) of a disease,he suffered an epileptic seizure
premiere,6k-b,5967,104,3.571,0.9871,,,0,n,premiered|premieres|premiering,the first public performance of a play or movie,
scalp,6k-b,5863,105,3.568,0.9953,,,0,n,scalped|scalper|scalpers|scalping|scalps,the skin that covers the top of the head,they wanted to take his scalp as a trophy
cosmic,6k-b,5876,106,3.559,0.9927,,,0,adj,cosmically,of or from or pertaining to or characteristic of the cosmos or universe,cosmic laws
zoom,6k-b,5816,107,3.552,0.9954,,,0,v,zoomed|zooming|zoomings|zooms,move along very quickly,
meteor,6k-b,5927,108,3.550,0.9867,,,0,n,meteoric|meteorically|meteorite|meteorites|meteors,(astronomy) any of the small solid extraterrestrial bodies that hits the earth's atmosphere,
ledge,6k-b,5601,109,3.547,0.9952,,,0,n,ledges,a projecting ridge on a mountain or submerged under water,
mentor,6k-b,5961,110,3.545,1.0000,C1,,0,n,mentored|mentoring|mentors,a wise and trusted guide and advisor,
recess,6k-b,5704,111,3.545,0.9975,,,0,n,recessed|recesses|recessing,a state of abeyance or suspended business,
tally,6k-b,5862,112,3.545,0.9833,,,0,v,tallied|tallies|tallying,"be compatible, similar or consistent; coincide in their characteristics",The two stories don't agree in many details
cadet,6k-b,5856,113,3.540,0.9793,,,0,n,cadets,a military trainee (as at a military academy),
pharmacy,6k-b,5903,114,3.537,1.0000,,,0,n,pharmacies|pharmacist|pharmacists,the art and science of preparing and dispensing drugs and medicines,
intuition,6k-b,5530,115,3.537,0.9976,,,0,n,intuitions,instinctive knowing (without the use of rational processes),
plum,6k-b,5722,116,3.535,0.9951,,,0,n,plummier|plummiest|plummy|plums,any of several trees producing edible oval fruit having a smooth skin and a single hard stone,
lettuce,6k-b,5789,117,3.532,0.9976,,,0,n,lettuces,informal terms for money,
notch,6k-b,5827,118,3.525,0.9975,,,0,n,notched|notches|notching,a V-shaped indentation,mandibular notch
falcon,6k-b,5740,119,3.522,0.9854,,,0,n,falconry|falcons,diurnal birds of prey having long pointed powerful wings adapted for swift flight,
parrot,6k-b,5532,120,3.517,0.9975,,,0,n,parroted|parroting|parrots,usually brightly colored zygodactyl tropical birds with short hooked beaks and the ability to mimic sounds,
credentials,6k-b,5921,121,3.515,0.9974,,,0,n,credential|credentialism,a document attesting to the truth of certain stated facts,
maple,6k-b,5833,122,3.512,0.9975,,,0,n,maples,wood of any of various maple trees; especially the hard close-grained wood of the sugar maple; used especially for furniture and flooring,
fern,6k-b,5650,123,3.507,0.9821,,,0,n,fernier|ferniest|ferns|ferny,any of numerous flowerless and seedless vascular plants having true roots from a rhizome and fronds that uncurl upward; reproduce by spores,
duct,6k-b,5762,124,3.499,0.9888,,,0,n,ducted|ducting|ductless|ducts,a bodily passage or tube lined with epithelial cells and conveying a secretion or other substance,the tear duct was obstructed
paw,6k-b,5694,125,3.496,0.9762,,,0,n,pawed|pawing|paws,a clawed foot of an animal especially a quadruped,
tavern,6k-b,5751,126,3.493,0.9921,,,0,n,taverners|taverns,a building with a bar that is licensed to sell alcoholic drinks,
comet,6k-b,5936,127,3.490,0.9838,,,0,n,comets,(astronomy) a relatively small extraterrestrial body consisting of a frozen mass that travels around the sun in a highly elliptical orbit,
twilight,6k-b,5929,128,3.488,1.0000,,,0,n,twilights,the time of day immediately following sunset,he loved the twilight
hub,6k-b,5940,129,3.488,0.9921,,,0,n,hubs,the central part of a car wheel (or fan or propeller etc.) through which the shaft or axle passes,
oyster,6k-b,5942,130,3.488,0.9875,,,0,n,oysters,marine mollusks having a rough irregular shell; found on the sea bed mostly in coastal waters,
cavity,6k-b,5528,131,3.477,0.9948,,,0,n,cavities,a sizeable hole (usually in the ground),they dug a pit to bury the body
outlaw,6k-b,5586,132,3.468,0.9904,,,0,n,outlawed|outlawing|outlaws,someone who has committed a crime or has been legally convicted of a crime,
cabbage,6k-b,5685,133,3.465,1.0000,,,0,n,cabbages,any of various types of cabbage,
covert,6k-b,5649,134,3.465,0.9908,,,0,adj,covertly|covertness|coverts,secret or hidden; not openly practiced or engaged in or shown or avowed,covert actions by the CIA
bun,6k-b,5773,135,3.462,0.9947,,,0,n,buns,small rounded bread either plain or sweet,
limousine,6k-b,5978,136,3.453,0.9888,,,0,n,limo|limos|limousines,large luxurious car; usually driven by a chauffeur,
rebound,6k-b,5989,137,3.447,0.9925,,,0,n,rebounded|rebounding|rebounds,a movement back from an impact,
idol,6k-b,5693,138,3.444,0.9947,,,0,n,idolisation|idolisations|idolise|idolised|idolises|idolising|idolization|idolizations|idolize|idolized|idolizes|idolizing|idols,a material effigy that is worshipped,thou shalt not make unto thee any graven image
apron,6k-b,5533,139,3.429,0.9977,,,0,n,aprons,a garment of cloth or leather or plastic that is tied about the waist and worn to protect your clothing,
sly,6k-b,5860,140,3.429,0.9908,,,0,adj,slyly|slyness,marked by skill in deception,cunning men often pass for wise
immoral,6k-b,5716,141,3.419,0.9946,,,0,adj,immoralities|immorality|immorally,deliberately violating accepted principles of right and wrong,
patio,6k-b,5713,142,3.419,0.9925,,,0,n,patios,usually paved outdoor area adjoining a residence,
satin,6k-b,5622,143,3.419,0.9845,,,0,n,satins|satiny,a smooth fabric of silk or rayon; has a glossy face and a dull back,
crater,6k-b,5603,144,3.416,0.9842,,,0,n,cratered|cratering|craters,a bowl-shaped geological formation at the top of a volcano,
juror,6k-b,5995,145,3.412,0.9448,,,0,n,jurors,someone who serves (or waits to be called to serve) on a jury,
maze,6k-b,5608,146,3.409,1.0000,,,0,n,mazes,complex system of paths or tunnels in which it is easy to get lost,
capsule,6k-b,5884,147,3.409,0.9975,,,0,n,capsules,a small container,
intrusion,6k-b,5524,148,3.399,0.9925,,,0,n,intrusions,any entry into an area not previously occupied,an invasion of tourists
brink,6k-b,5764,149,3.399,0.9898,,,0,n,brinkmanship|brinks|brinksman|brinksmanship,a region marking a boundary,
lumber,6k-b,5976,150,3.396,0.9948,,,0,n,lumbered|lumbering|lumbers,the wood of trees cut and prepared for use as building material,
knob,6k-b,5781,151,3.392,0.9974,,,0,n,knobby|knobs,a circular rounded projection or protuberance,
hypothetical,6k-b,5626,152,3.392,0.9928,,,0,adj,hypothetically,based primarily on surmise rather than adequate evidence,theories about the extinction of dinosaurs are still highly conjectural
stoop,6k-b,5591,153,3.392,0.9784,,,0,v,stooped|stooping|stoops,bend one's back forward from the waist on down,he crouched down
squeak,6k-b,5568,154,3.378,0.9976,,,0,v,squeaked|squeaker|squeakers|squeakier|squeakiest|squeaking|squeakings|squeaks|squeaky,"make a high-pitched, screeching noise",The door creaked when I opened it slowly
woe,6k-b,5867,155,3.371,0.9896,,,0,n,woeful|woefully|woefulness|woes,misery resulting from affliction,
barb,6k-b,5606,156,3.367,0.9643,,,0,name,barbed|barbs,an aggressive remark directed at a person like a missile and intended to have a telling effect,his parting shot was ‘drop dead’
mow,6k-b,5567,157,3.364,0.9451,,,0,v,mowed|mower|mowers|mowing|mown|mows,cut with a blade or mower,mow the grass
trump,6k-b,5962,158,3.356,0.9881,,,0,n,trumped|trumping|trumps,a playing card in the suit that has been declared trumps,the ace of trumps is a sure winner
slipper,6k-b,5684,159,3.349,0.9877,,,0,n,slippers,low footwear that can be slipped on and off easily; usually worn indoors,
dire,6k-b,5628,160,3.345,0.9882,,,0,adj,direly|direness|direst,fraught with extreme danger; nearly hopeless,a desperate illness
huddle,6k-b,5611,161,3.341,0.9949,,,0,v,huddled|huddles|huddling,crowd or draw together,let's huddle together — it's cold!
melancholy,6k-b,5726,162,3.341,0.9863,,,0,adj,melancholia|melancholic,characterized by or causing or expressing sadness,growing more melancholy every hour
nag,6k-b,5644,163,3.341,0.9857,,,0,v,nagged|nagger|naggers|nagging|nags,bother persistently with trivial complaints,She nags her husband all day long
nausea,6k-b,5746,164,3.337,0.9926,,,0,n,nauseate|nauseated|nauseates|nauseating|nauseatingly|nauseous|nauseously|nauseousness,the state that precedes vomiting,
slay,6k-b,5849,165,3.333,0.9952,,,0,v,slain|slayed|slayer|slayers|slaying|slays,kill intentionally and with premeditation,The mafia boss ordered his enemies murdered
intellect,6k-b,5780,166,3.333,0.9926,,,0,n,intellects,knowledge and intellectual ability,he reads to improve his mind
uranium,6k-b,5514,167,3.333,0.9875,,,0,n,uraniums,a heavy toxic silvery-white radioactive metallic element; occurs in many isotopes; used for nuclear fuels and nuclear weapons,
flute,6k-b,5633,168,3.329,0.9976,,,0,n,flutes,a high-pitched woodwind instrument; a slender tube closed at one end with finger holes on one end and an opening near the closed end across which the breath is blown,
freelance,6k-b,5757,169,3.329,0.9928,,,0,n,freelanced|freelancer|freelancers|freelances|freelancing,a writer or artist who sells services to different employers without a long-term contract with any of them,
boulder,6k-b,5516,170,3.321,0.9973,,,0,name,boulders,a large smooth mass of rock detached from its place of origin,
crave,6k-b,5718,171,3.321,0.9929,,,0,v,craved|craves|craving|cravings,"have a craving, appetite, or great desire for",
hoist,6k-b,5878,172,3.317,0.9901,,,0,v,hoisted|hoisting|hoists,raise or haul up with or as if with mechanical help,hoist the bicycle onto the roof of the car
lavender,6k-b,5616,173,3.313,0.9947,,,0,n,lavenders,any of various Old World aromatic shrubs or subshrubs with usually mauve or blue flowers; widely cultivated,
lantern,6k-b,5924,174,3.309,0.9975,,,0,n,lanterns,light in a transparent protective case,
frenzy,6k-b,5637,175,3.309,0.9878,,,0,n,frenzied|frenzies,state of violent mental agitation,
tribune,6k-b,5947,176,3.309,0.9805,,,0,n,tribunes,(ancient Rome) an official elected by the plebeians to protect their interests,
fiery,6k-b,5721,177,3.309,0.9520,,,0,adj,fierier|fieriest|fieriness,characterized by intense emotion,ardent love
syndicate,6k-b,5651,178,3.305,0.9869,,,0,n,syndicated|syndicates|syndicating|syndication|syndications,a loose affiliation of gangsters in charge of organized criminal activities,
rugged,6k-b,5920,179,3.305,0.9833,,,0,adj,ruggeder|ruggedest|ruggedly|ruggedness,sturdy and strong in constitution or construction; enduring,with a house full of boys you have to have rugged furniture
fidelity,6k-b,5710,180,3.300,0.9874,,,0,n,fidelities|infidelities|infidelity,accuracy with which an electronic system reproduces the sound or image of its input signal,
coronary,6k-b,5506,181,3.300,0.9727,,,0,adj,coronaries,surrounding like a crown (especially of the blood vessels surrounding the heart),coronary arteries
walnut,6k-b,5748,182,3.296,0.9949,,,0,n,walnuts,nut of any of various walnut trees having a wrinkled two-lobed seed with a hard shell,
cuisine,6k-b,5646,183,3.292,0.9976,,,0,n,cuisines,the practice or manner of preparing food or the food so prepared,
hearty,6k-b,5802,184,3.292,0.9951,,,0,adj,heartier|heartiest|heartily|heartiness,showing warm and heartfelt friendliness,a hearty welcome
latch,6k-b,5868,185,3.287,0.9949,,,0,n,latched|latches|latching|unlatch|unlatched|unlatches|unlatching,spring-loaded doorlock that can only be opened from the outside with a key,
snag,6k-b,5928,186,3.283,0.9953,,,0,v,snagged|snagging|snags,catch on a snag,I snagged my stocking
disconnect,6k-b,5887,187,3.270,0.9975,,,0,v,disconnected|disconnecting|disconnection|disconnections|disconnects,pull the plug of (electrical appliances) and render inoperable,unplug the hair dryer after using it
foe,6k-b,5629,188,3.270,0.9881,,,0,n,foes,an armed adversary (especially a member of an opposing military force),a soldier must be prepared to kill his enemies
slop,6k-b,5813,189,3.270,0.9801,,,0,n,slopped|sloppier|sloppiest|sloppily|sloppiness|slopping|sloppy|slops,wet feed (especially for pigs) consisting of mostly kitchen waste mixed with water or skimmed or sour milk,
overweight,6k-b,5914,190,3.265,0.9975,,,0,adj,,usually describes a large person who is fat but has a large frame to carry it,
humane,6k-b,5696,191,3.265,0.9827,,,0,adj,humanely|humaneness|inhumane|inhumanely,pertaining to or concerned with the humanities,humanistic studies
aura,6k-b,5869,192,3.265,0.9791,,,0,n,auras,a sensation (as of a cold breeze or bright light) that precedes the onset of certain disorders such as a migraine attack or epileptic seizure,
pinpoint,6k-b,5842,193,3.260,0.9951,,,0,v,pinpointed|pinpointing|pinpointings|pinpoints,locate exactly,can you pinpoint the position of the enemy?
crumb,6k-b,5944,194,3.260,0.9948,,,0,n,crumbed|crumbier|crumbiest|crumbs|crumby,a very small quantity of something,he gave only a crumb of information about his plans
charcoal,6k-b,5511,195,3.251,0.9973,,,0,n,charcoals,a carbonaceous material obtained by heating wood or other organic matter in the absence of air,
pyjamas,6k-b,5766,196,3.251,0.9529,,,0,n,pajama|pajamas|pyjama|jimjams,a pair of loose trousers tied by a drawstring around the waist; worn by men and women in some Asian countries,
gala,6k-b,5767,197,3.251,0.9325,,,0,n,galas,a gay festivity,
rubble,6k-b,5917,198,3.246,0.9974,,,0,n,rubbles,the remains of something that has been destroyed or broken up,
sage,6k-b,5826,199,3.246,0.9972,,,0,n,sagely|sages,a mentor in spiritual and philosophical topics who is renowned for profound wisdom,
eerie,6k-b,5918,200,3.246,0.9793,,,0,adj,eerily|eeriness|eery,suggestive of the supernatural; mysterious,an eerie feeling of deja vu
waive,6k-b,5538,201,3.241,0.8846,,,0,v,waived|waiver|waivers|waives|waiving,do without or cease to hold or adhere to,We are dispensing with formalities
inscription,6k-b,5559,202,3.236,0.9826,,,0,n,inscriptions,letters inscribed (especially words engraved or carved) on something,
sturdy,6k-b,5588,203,3.231,0.9975,,,0,adj,sturdier|sturdiest|sturdily|sturdiness,having rugged physical strength; inured to fatigue or hardships,hardy explorers of northern Canada
renounce,6k-b,5526,204,3.231,0.9949,,,0,v,renounced|renouncement|renouncements|renounces|renouncing|renunciation|renunciations,"give up, such as power, as of monarchs and emperors, or duties and obligations",The King abdicated when he married a divorcee
fleeting,6k-b,5675,205,3.231,0.9926,,,0,adj,fleetingly,lasting for a markedly brief time,a fleeting glance
stature,6k-b,5885,206,3.226,0.9922,,,0,n,statures,high level of respect gained by impressive development or achievement,a man of great stature
graft,6k-b,5581,207,3.221,0.9751,,,0,n,grafted|grafter|grafters|grafting|grafts,(surgery) tissue or organ transplanted from a donor to a recipient; in some cases the patient can be both donor and recipient,
folder,6k-b,5763,208,3.216,0.9949,,,0,n,folders,a small book usually having a paper cover,
hype,6k-b,5806,209,3.216,0.9901,,,0,n,hyped|hypes|hyping,blatant or sensational promotion,
whine,6k-b,5777,210,3.216,0.9874,,,0,v,whined|whiner|whiners|whines|whining|whinings|whiny,move with a whining sound,The bullets were whining past us
futile,6k-b,5596,211,3.211,0.9874,,,0,adj,futilities|futility|futilely,producing no result or effect,a futile effort
latitude,6k-b,5799,212,3.206,0.9845,,,0,n,latitudes,the angular distance between an imaginary line around a heavenly body parallel to its equator and the equator itself,
hijack,6k-b,5913,213,3.195,0.9951,,,0,v,hijacked|hijacker|hijackers|hijacking|hijacks,take arbitrarily or by force,The Cubans commandeered the plane and flew it to Miami
swoop,6k-b,5546,214,3.189,0.9928,,,0,v,swooped|swooping|swoops,move down on as if in an attack,The raptor swooped down on its prey
feat,6k-b,5558,215,3.189,0.9726,C1,,0,n,feats,a notable achievement,he performed a great feat
sensual,6k-b,5634,216,3.184,0.9976,,,0,adj,sensualist|sensualists|sensualities|sensuality|sensually,marked by the appetites and passions of the body,animal instincts
adversary,6k-b,5692,217,3.184,0.9885,,,0,n,adversarial|adversaries,someone who offers opposition,
continuum,6k-b,5819,218,3.184,0.9438,,,0,n,continua|continuums,a continuous nonspatial whole or extent or succession in which no part or portion is distinct or distinguishable from adjacent parts,
err,6k-b,5731,219,3.184,0.8805,,,0,v,errant|erred|erring|errs|unerring|unerringly,to make a mistake or be incorrect,
firearm,6k-b,5741,220,3.178,0.9978,C1,,0,n,firearms,a portable gun,he wore his firearm in a shoulder holster
muster,6k-b,5635,221,3.178,0.9721,,,0,v,mustered|musterer|musterers|mustering|musters,gather or bring together,muster the courage to do something
splinter,6k-b,5804,222,3.173,0.9929,,,0,n,splintered|splintering|splinterings|splinters|splintery,a small thin sharp bit of wood or glass or metal,he got a splinter in his finger
barren,6k-b,5795,223,3.173,0.9610,,,0,adj,barrener|barrenest|barrenness,providing no shelter or sustenance,bare rocky hills
juggle,6k-b,5891,224,3.167,0.9950,,,0,v,juggled|juggler|juggleries|jugglers|jugglery|juggles|juggling,influence by slyness,
heroine,6k-b,5724,225,3.167,0.9919,,,0,n,heroines,the main good female character in a work of fiction,
extravagant,6k-b,5607,226,3.167,0.9894,,,0,adj,extravagantly,"unrestrained, especially with regard to feelings",extravagant praise
preview,6k-b,5618,227,3.161,1.0000,,,0,n,previewed|previewing|previews,an advertisement consisting of short scenes from a motion picture that will appear in the near future,
fluff,6k-b,5843,228,3.155,0.9928,,,0,n,fluffed|fluffier|fluffiest|fluffiness|fluffing|fluffs|fluffy,any light downy material,
perk,6k-b,5617,229,3.155,0.9899,,,0,n,perked|perkier|perkiest|perkily|perkiness|perking|perks|perky,an incidental benefit awarded for certain types of employment (especially if it is regarded as a right),a limousine is one of the fringe benefits of the job
hue,6k-b,5865,230,3.149,0.9927,,,0,n,hued|hues,the quality of a color as determined by its dominant wavelength,
delinquent,6k-b,5725,231,3.149,0.9926,,,0,n,delinquencies|delinquency|delinquently|delinquents,a young offender,
horrific,6k-b,5768,232,3.143,0.9973,,,0,adj,horrifically,grossly offensive to decency or morality; causing horror,subjected to outrageous cruelty
jolt,6k-b,5933,233,3.143,0.9906,,,0,n,jolted|jolting|jolts,a sudden jarring impact,the door closed with a jolt
crease,6k-b,5678,234,3.137,0.9926,,,0,n,creased|creases|creasing|uncreased,an angular or rounded shape made by folding,a fold in the napkin
aroma,6k-b,5905,235,3.137,0.9924,,,0,n,aromas,any property detected by the olfactory system,
swarm,6k-b,5890,236,3.131,0.9973,,,0,n,swarmed|swarming|swarms,a moving crowd,
ominous,6k-b,5657,237,3.131,0.9850,,,0,adj,ominously|ominousness,threatening or foreshadowing evil or tragic developments,a baleful look
sic,6k-b,5873,238,3.124,0.7763,,,0,adv,,intentionally so written (used after a printed word or phrase),
attentive,6k-b,5858,239,3.118,0.9923,,,0,adj,attentively|attentiveness|inattentive|inattentively|inattentiveness,(often followed by ‘to’) giving care or attention,attentive to details
knuckle,6k-b,5600,240,3.118,0.9906,,,0,n,knuckled|knuckles|knuckling,a joint of a finger when the fist is closed,
lucrative,6k-b,5604,241,3.118,0.9822,,,0,adj,lucratively|lucrativeness,producing a sizeable profit,a remunerative business
elegance,6k-b,5669,242,3.111,0.9908,,,0,n,elegances,a refined quality of gracefulness and good taste,she conveys an aura of elegance and gentility
cartel,6k-b,5832,243,3.111,0.9604,,,0,n,cartels,a consortium of independent organizations formed to limit competition by controlling the production and distribution of a product or service,they set up the trust in the hope of gaining a monopoly
imprint,6k-b,5785,244,3.105,0.9846,,,0,n,imprinted|imprinting|imprints,a distinctive influence,English stills bears the imprint of the Norman invasion
blueprint,6k-b,5847,245,3.098,1.0000,,,0,n,blueprints,something intended as a guide for making something else,a blueprint for a house
turmoil,6k-b,5569,246,3.098,0.9847,,,0,n,turmoils,a violent disturbance,the convulsions of the stock market
serene,6k-b,5750,247,3.098,0.9774,,,0,adj,serenely|sereneness|serenity,not agitated; without losing self-possession,spoke in a calm voice
chimpanzee,6k-b,5505,248,3.091,0.9949,,,0,n,chimp|chimpanzees|chimps,intelligent somewhat arboreal ape of equatorial African forests,
taboo,6k-b,5699,249,3.091,0.9890,,,0,n,tabooed|tabooing|taboos,a prejudice (especially in Polynesia and other South Pacific islands) that prohibits the use or mention of something because of its sacred nature,
receptive,6k-b,5838,250,3.077,1.0000,,,0,adj,receptively|receptiveness|receptivities|receptivity|unreceptive,"open to arguments, ideas, or change",receptive to reason and the logic of facts
lush,6k-b,5759,251,3.077,0.9931,,,0,adj,lusher|lushest|lushly|lushness,produced or growing in extreme abundance,their riotous blooming
mosque,6k-b,5859,252,3.077,0.9786,B2,,0,n,mosques,(Islam) a Muslim place of worship that usually has a minaret,
uprising,6k-b,5831,253,3.070,0.9974,,,0,n,uprisings,organized opposition to authority; a conflict in which one faction tries to wrest control from another,
empathy,6k-b,5932,254,3.063,0.9892,,,0,n,empathetic|empathies|empathise|empathised|empathises|empathising|empathize|empathized|empathizes|empathizing,understanding and entering into another's feelings,
rustle,6k-b,5737,255,3.063,0.9889,,,0,v,rustled|rustler|rustlers|rustles|rustling|rustlings,make a dry crackling sound,rustling silk
blatant,6k-b,5551,256,3.063,0.9793,,,0,adj,blatantly,without any attempt at concealment; completely obvious,blatant disregard of the law
benign,6k-b,5571,257,3.063,0.9583,,,0,adj,benigner|benignest|benignities|benignity|benignly,not dangerous to health; not recurrent or progressive (especially of a tumor),
nudge,6k-b,5689,258,3.055,1.0000,,,0,n,nudged|nudges|nudging,a slight push or shake,
surreal,6k-b,5727,259,3.055,0.9975,,,0,adj,surrealism|surrealist|surrealists|surreally|surrealistic,characterized by fantastic imagery and incongruous juxtapositions,a great concourse of phantasmagoric shadows
chaotic,6k-b,5686,260,3.055,0.9898,,,0,adj,chaotically,lacking a visible order or organization,
cavern,6k-b,5919,261,3.048,0.9874,,,0,n,cavernous|cavernously|caverns,any large dark enclosed space,his eyes were dark caverns
impending,6k-b,5817,262,3.040,0.9974,,,0,adj,impend,close in time; about to occur,retribution is at hand
metabolism,6k-b,5661,263,3.040,0.9929,,,0,n,metabolisms,the marked and rapid transformation of a larva into an adult that occurs in some animals,
tout,6k-b,5958,264,3.040,0.8983,,,0,n,touted|touting|touts,someone who buys tickets to an event in order to resell them at a profit,
umpire,6k-b,5509,265,3.032,0.9787,,,0,n,umpired|umpires|umpiring|ump|umps,an official at a baseball game,
overhear,6k-b,5852,266,3.024,0.9850,,,0,v,overheard|overhearing|overhears,"hear, usually without the knowledge of the speakers",We overheard the conversation at the next table
flux,6k-b,5555,267,3.024,0.9838,,,0,n,fluxes,the rate of flow of energy or particles across a given surface,
vibrant,6k-b,5850,268,3.016,0.9976,C1,,0,adj,vibrancy|vibrantly,vigorous and animated,a vibrant group that challenged the system
footing,6k-b,5745,269,3.016,0.9870,,,0,n,footings,status with respect to the relations between people or groups,on good terms with her in-laws
meticulous,6k-b,5703,270,3.016,0.9768,,,0,adj,meticulously|meticulousness,marked by precise accordance with details,meticulous research
shroud,6k-b,5619,271,3.016,0.9709,,,0,n,shrouded|shrouding|shrouds,a line that suspends the harness from the canopy of a parachute,
transient,6k-b,5631,272,3.016,0.9671,,,0,adj,intransience|transience|transiently|transients,of a mental act; causing effects outside the mind,
dormitory,6k-b,5985,273,3.008,0.9953,,,0,n,dorm|dormitories|dorms,a college or university building containing living quarters for students,
columnist,6k-b,5992,274,3.008,0.9949,C1,,0,n,columnists,a journalist who writes editorials,
squint,6k-b,5949,275,3.008,0.9949,,,0,v,squinted|squinter|squinters|squinting|squints|squinty,cross one's eyes as if in strabismus,The children squinted so as to scare each other
poultry,6k-b,5870,276,3.008,0.9947,,,0,n,poultries,a domesticated gallinaceous bird thought to be descended from the red jungle fowl,
chore,6k-b,5881,277,3.008,0.9828,,,0,n,chores,a specific piece of work required to be done as a duty or for a specific fee,estimates of the city's loss on that job ranged as high as a million dollars
flex,6k-b,5518,278,2.999,0.9977,,,0,v,flexed|flexes|flexing|flexings,contract,flex a muscle
gulp,6k-b,5548,279,2.999,0.9977,,,0,v,gulped|gulper|gulpers|gulping|gulps,to swallow hurriedly or greedily or in one draught,The men gulped down their beers
charisma,6k-b,5552,280,2.999,0.9950,,,0,n,charismas|charismatic|charismatically,a personal attractiveness or interestingness that enables you to influence others,
confiscate,6k-b,5784,281,2.999,0.9786,,,0,v,confiscated|confiscates|confiscating|confiscatings|confiscation|confiscations|confiscatory,"take temporary possession of as a security, by legal authority",The FBI seized the drugs
sophistication,6k-b,5583,282,2.991,0.9924,,,0,n,sophistications,uplifting enlightenment,
eloquent,6k-b,5573,283,2.991,0.9923,,,0,adj,eloquence|eloquences|eloquently,"expressing yourself readily, clearly, effectively",able to dazzle with his facile tongue
assorted,6k-b,5570,284,2.991,0.9922,,,0,adj,assortment|assortments,consisting of a haphazard assortment of different kinds,an arrangement of assorted spring flowers
cartridge,6k-b,5671,285,2.991,0.9922,,,0,n,cartridges,ammunition consisting of a cylindrical casing containing an explosive charge and a bullet; fired from a rifle or handgun,
unravel,6k-b,5875,286,2.991,0.9895,,,0,v,unraveled|unraveling|unravelled|unravelling|unravels|ravels|ravelling|ravelled,become or cause to become undone by separating the fibers or threads of,unravel the thread
pant,6k-b,5776,287,2.991,0.9884,,,0,n,panted|panting|pantings,the noise made by a short puff of steam (as from an engine),
yearn,6k-b,5612,288,2.991,0.9836,,,0,v,yearned|yearning|yearnings|yearns,desire strongly or persistently,
spectre,6k-b,5698,289,2.991,0.9584,,,0,n,specter|specters|spectral|spectres,a ghostly appearing figure,we were unprepared for the apparition that confronted us
clutter,6k-b,5822,290,2.982,0.9977,,,0,n,cluttered|cluttering|clutters|uncluttered,a confused multitude of things,
blister,6k-b,5828,291,2.982,0.9927,,,0,n,blistered|blistering|blisters|blistery,a flaw on a surface resulting when an applied substance does not adhere (as an air bubble in a coat of paint),
braid,6k-b,5964,292,2.982,0.9921,,,0,n,braided|braiding|braids,a hairdo formed by braiding or twisting the hair,
fray,6k-b,5845,293,2.982,0.9788,,,0,n,frayed|fraying|frays,a noisy fight,
dismal,6k-b,5665,294,2.982,0.9708,,,0,adj,dismally,causing dejection,a blue day
wither,6k-b,5664,295,2.973,0.9879,,,0,v,withered|withering|withers,"wither, as with a loss of moisture",The fruit dried and shriveled
toxin,6k-b,5735,296,2.964,0.9930,,,0,n,antitoxin|antitoxins|toxins,a poisonous substance produced during the metabolism and growth of certain microorganisms and some higher plant and animal species,
turbine,6k-b,5886,297,2.964,0.9876,,,0,n,turbines,rotary engine in which the kinetic energy of a moving fluid is converted into mechanical energy by causing a bladed rotor to rotate,
relinquish,6k-b,5621,298,2.964,0.9822,,,0,v,relinquished|relinquishes|relinquishing|relinquishment|relinquishments,part with a possession or right,I am relinquishing my bedroom to the long-term house guest
petal,6k-b,5560,299,2.955,0.9923,,,0,n,petalled|petals,part of the perianth that is usually brightly colored,
humid,6k-b,5590,300,2.955,0.9902,,,0,adj,humidities|humidity,containing or characterized by a great deal of water vapor,humid air
evade,6k-b,5554,301,2.955,0.9804,,,0,v,evaded|evader|evaders|evades|evading|evadings,"avoid or try to avoid fulfilling, answering, or performing (duties, questions, or issues)",He dodged the issue
brim,6k-b,5770,302,2.955,0.9714,,,0,n,brimful|brimless|brimmed|brimming|brims,the top edge of a vessel or other container,
yeast,6k-b,5775,303,2.945,1.0000,,,0,n,yeastier|yeastiest|yeasts|yeasty,a commercial leavening agent containing yeast cells; used to raise the dough in making bread and for fermenting beer or whiskey,
sleek,6k-b,5939,304,2.935,0.9952,,,0,adj,sleeker|sleekest|sleekly|sleekness,well-groomed and neatly tailored; especially too well-groomed,sleek figures in expensive clothes
lineage,6k-b,5769,305,2.935,0.9921,,,0,n,lineages,the hereditary derivation of an individual,his entire lineage has been warriors
parsley,6k-b,5901,306,2.935,0.9894,,,0,n,parsleys,annual or perennial herb with aromatic leaves,
hem,6k-b,5655,307,2.925,0.9591,,,0,n,hemmed|hemming|hems,the edge of a piece of cloth; especially the finished edge that has been doubled under and stitched down,the hem of her dress was stained
clog,6k-b,5774,308,2.915,0.9952,,,0,n,clogged|clogging|clogs|unclog|unclogged|unclogging|unclogs,footwear usually with wooden soles,
mundane,6k-b,5809,309,2.915,0.9929,,,0,adj,mundanely,found in the ordinary course of events,a placid everyday scene
sag,6k-b,5697,310,2.915,0.9703,,,0,v,sagged|sagging|saggy|sags,"droop, sink, or settle from or as if from pressure or loss of tautness",
revel,6k-b,5707,311,2.915,0.9640,,,0,v,reveled|reveler|revelers|reveling|revelled|reveller|revellers|revelling|revelry|revels,take delight in,he delights in his granddaughter
fumble,6k-b,5614,312,2.905,1.0000,,,0,v,fumbled|fumbler|fumblers|fumbles|fumbling|fumblings,feel about uncertainly or blindly,She groped for her glasses in the darkness of the bedroom
catalyst,6k-b,5566,313,2.905,0.9951,,,0,n,catalysts,(chemistry) a substance that initiates or accelerates a chemical reaction without itself being affected,
saga,6k-b,5723,314,2.905,0.9902,,,0,n,sagas,a narrative telling the adventures of a hero or a family; originally (12th to 14th centuries) a story of the families that settled Iceland and their descendants but now any prose narrative that resembles such an account,
commonplace,6k-b,5517,315,2.905,0.9857,,,0,adj,,completely ordinary and unremarkable,air travel has now become commonplace
mega,6k-b,5956,316,2.905,0.9746,,,0,adj,,,
nostalgia,6k-b,5679,317,2.894,0.9927,,,0,n,nostalgias,longing for something past,
quilt,6k-b,5904,318,2.894,0.9924,,,0,n,quilted|quilting|quilts,bedding made of two layers of cloth filled with stuffing and stitched together,
luminous,6k-b,5892,319,2.894,0.9867,,,0,adj,luminosities|luminosity|luminously,softly bright or radiant,a house aglow with lights
glacier,6k-b,5912,320,2.883,0.9945,,,0,n,glaciers,a slowly moving mass of ice,
distrust,6k-b,5638,321,2.883,0.9900,,,0,v,distrusted|distrustful|distrustfully|distrusting|distrusts,regard as untrustworthy; regard with suspicion; have no faith or confidence in,I suspect her true motives
indispensable,6k-b,5688,322,2.883,0.9878,,,0,adj,dispensable|indispensably,not to be dispensed with; essential,foods indispensable to good nutrition
sift,6k-b,5943,323,2.883,0.9629,,,0,v,sifted|sifter|sifters|sifting|sifts,move as if through a sieve,The soldiers sifted through the woods
excel,6k-b,5779,324,2.872,0.9976,,,0,v,excelled|excelling|excels,distinguish oneself,She excelled in math
floral,6k-b,5787,325,2.872,0.9899,,,0,adj,,resembling or made of or suggestive of flowers,an unusual floral design
traverse,6k-b,5609,326,2.872,0.9796,,,0,v,traversal|traversals|traversed|traverses|traversing,travel across or pass over,The caravan covered almost 100 miles each day
benevolent,6k-b,5677,327,2.872,0.9740,,,0,adj,benevolence|benevolences|benevolently,intending or showing kindness,a benevolent society
logistics,6k-b,5765,328,2.860,1.0000,,,0,n,logistic|logistical|logistically,handling an operation that involves providing labor and materials be supplied as needed,
abduct,6k-b,5642,329,2.860,0.9948,,,0,v,abducted|abducting|abduction|abductions|abductor|abductors|abducts,take away to an undisclosed location against their will and usually in order to extract a ransom,The industrialist's son was kidnapped
parody,6k-b,5733,330,2.860,0.9907,,,0,n,parodic|parodied|parodies|parodist|parodists|parodying,"a composition that imitates or misrepresents somebody's style, usually in a humorous way",
evict,6k-b,5535,331,2.860,0.9863,,,0,v,evicted|evicting|eviction|evictions|evicts,expel or eject without recourse to legal process,The landlord wanted to evict the tenants so he banged on the pipes every morning at 3 a.m.
clatter,6k-b,5501,332,2.860,0.9776,,,0,n,clattered|clattering|clatters,a rattling noise (often produced by rapid movement),the shutters clattered against the house
crackle,6k-b,5778,333,2.848,1.0000,,,0,n,crackled|crackles|crackling|cracklings,the sharp sound of snapping noises,
nostril,6k-b,5636,334,2.848,0.9879,,,0,n,nostrils,either one of the two external openings to the nasal cavity in the nose,
firefight,6k-b,5994,335,2.848,0.9704,B2,,0,n,firefighter|firefighters|firefighting|firefights,a member of a fire department who tries to extinguish fires,
prod,6k-b,5911,336,2.848,0.9237,,,0,v,prodded|prodding|prods,to push against gently,She nudged my elbow when she saw her friend enter the restaurant
vitality,6k-b,5792,337,2.836,0.9950,,,0,n,vitalities,an energetic style,
repel,6k-b,5749,338,2.836,0.9793,,,0,v,repelled|repellent|repellents|repelling|repellings|repels,cause to move back by force or influence,repel the enemy
satire,6k-b,5653,339,2.823,0.9947,,,0,n,satires|satiric|satirical|satirically|satirist|satirists,witty language used to convey insults or scorn,he used sarcasm to upset his opponent
resonance,6k-b,5811,340,2.823,0.9628,,,0,n,resonances,an excited state of a stable particle causing a sharp maximum in the probability of absorption of electromagnetic radiation,
ultraviolet,6k-b,5610,341,2.810,0.9952,,,0,adj,uv,having or employing wavelengths shorter than light but longer than X-rays; lying outside the visible spectrum at its violet end,ultraviolet radiation
cascade,6k-b,5565,342,2.810,0.9947,,,0,n,cascaded|cascades|cascading,a small waterfall or series of small waterfalls,
ecosystem,6k-b,5982,343,2.810,0.9909,,,0,n,ecosystems,a system formed by the interaction of a community of organisms with their physical environment,
tuberculosis,6k-b,5523,344,2.810,0.9870,,,0,n,tb|tubercular,infection transmitted by inhalation or ingestion of tubercle bacilli and manifested in fever and small lesions (usually in the lungs but in various other parts of the body in acute stages),
taunt,6k-b,5695,345,2.810,0.9850,,,0,v,taunted|taunter|taunters|taunting|tauntingly|tauntings|taunts,harass with persistent criticism or carping,The children teased the new teacher
scribble,6k-b,5717,346,2.810,0.9808,,,0,v,scribbled|scribbler|scribblers|scribbles|scribbling|scribblings,write down quickly without much attention to detail,
topple,6k-b,5807,347,2.810,0.9754,,,0,v,toppled|topples|toppling,"fall down, as if collapsing",The tower of the World Trade Center tumbled after the plane hit it
sideline,6k-b,5941,348,2.797,1.0000,,,0,n,sidelined|sidelines|sidelining,a line that marks the side boundary of a playing field,
irrigate,6k-b,5926,349,2.797,0.9865,,,0,v,irrigated|irrigates|irrigating|irrigation|irrigations,"supply with water, as with channels or ditches or streams",Water the fields
reimburse,6k-b,5938,350,2.797,0.9800,,,0,v,reimbursed|reimbursement|reimbursements|reimburses|reimbursing,pay back for some expense incurred,Can the company reimburse me for my professional travel?
churn,6k-b,5547,351,2.797,0.9753,,,0,v,churned|churner|churners|churning|churnings|churns,stir (cream) vigorously in order to make butter,
zeal,6k-b,5550,352,2.797,0.9656,,,0,n,zealous|zealously|zealousness,a feeling of strong eagerness (usually in favor of a person or cause),they were imbued with a revolutionary ardor
solicit,6k-b,5814,353,2.797,0.9652,,,0,v,solicitation|solicitations|solicited|soliciting|solicitings|solicits|unsolicited,make a solicitation or entreaty for something; request urgently or persistently,Henry IV solicited the Pope for a divorce
chilli,6k-b,5981,354,2.797,0.8972,,,0,n,chili|chilis|chillies|chillis,very hot and finely tapering pepper of special pungency,
dignify,6k-b,5534,355,2.783,0.9953,,,0,v,dignified|dignifies|dignifying|undignified,confer dignity or honor upon,He was dignified with a title
browse,6k-b,5613,356,2.783,0.9948,C1,,0,n,browsed|browser|browsers|browses|browsing,"vegetation (such as young shoots, twigs, and leaves) that is suitable for animals to eat",a deer needs to eat twenty pounds of browse every day
magnify,6k-b,5536,357,2.783,0.9930,,,0,v,magnification|magnifications|magnified|magnifies|magnifying|magnifier|magnifiers,"increase in size, volume or significance",Her terror was magnified in her mind
fluorescent,6k-b,5719,358,2.783,0.9907,,,0,adj,fluoresce|fluoresced|fluorescence|fluorescences|fluorescently|fluoresces|fluorescing,emitting light during exposure to radiation from an external source,
wobble,6k-b,5668,359,2.783,0.9847,,,0,v,wobbled|wobbles|wobbling|wobblings|wobbly,move unsteadily,His knees wobbled
avert,6k-b,5515,360,2.783,0.9576,,,0,v,averted|averting|averts,prevent the occurrence of; prevent from happening; to protect from or to keep away anything undesirable; to ward off,Let's avoid a confrontation
multitude,6k-b,5525,361,2.769,0.9810,,,0,n,multitudes|multitudinous,a large indefinite quantity,a battalion of ants
palette,6k-b,5946,362,2.769,0.9806,,,0,n,palettes,the range of colour characteristic of a particular artist or painting or school of art,
silhouette,6k-b,5720,363,2.769,0.9804,,,0,n,silhouetted|silhouettes|silhouetting,an outline of a solid object (as cast by its shadow),
focal,6k-b,5576,364,2.769,0.9725,,,0,adj,focally,having or localized centrally at a focus,focal point
twine,6k-b,5954,365,2.769,0.9675,,,0,n,intertwine|intertwined|intertwines|intertwining|twined|twiner|twiners|twines|twining,a lightweight cord,
aquatic,6k-b,5761,366,2.754,0.9905,,,0,adj,aquatically|aquatics,relating to or consisting of or being in water,an aquatic environment
shimmer,6k-b,5864,367,2.754,0.9867,,,0,v,shimmered|shimmering|shimmers,shine with a weak or fitful light,Beech leaves shimmered in the moonlight
intermittent,6k-b,5541,368,2.754,0.9821,,,0,adj,intermittently,stopping and starting at irregular intervals,intermittent rain showers
sacrament,6k-b,5898,369,2.754,0.9783,,,0,n,sacramental|sacraments,a formal religious ceremony conferring a specific grace on those who receive it; the two Protestant ceremonies are baptism and the Lord's Supper; in the Roman Catholic Church and the Eastern Orthodox Church there are seven traditional rites accepted as instituted by Jesus: baptism and confirmation and Holy Eucharist and penance and holy orders and matrimony and extreme unction,
myriad,6k-b,5959,370,2.754,0.9555,,,0,n,myriads,a large indefinite number,he faced a myriad of details
garnish,6k-b,5970,371,2.739,0.9951,,,0,n,garnished|garnishes|garnishing|garnishings|garnishee|garnishees,something (such as parsley) added to a dish for flavor or decoration,
mince,6k-b,5825,372,2.739,0.9950,,,0,v,minced|minces|mincing,make less severe or harsh,He moderated his tone when the students burst out in tears
clump,6k-b,5539,373,2.739,0.9854,,,0,n,clumped|clumpier|clumpiest|clumping|clumps|clumpy,a grouping of a number of similar things,a bunch of trees
disdain,6k-b,5879,374,2.739,0.9600,,,0,n,disdained|disdainful|disdainfully|disdaining|disdains,lack of respect accompanied by a feeling of intense dislike,he was held in contempt
brassiere,6k-b,5599,375,2.739,0.9406,,,0,n,bra|bras|brassieres,an undergarment worn by women to support their breasts,
streamline,6k-b,5738,376,2.723,0.9954,,,0,v,streamlined|streamlines|streamlining,contour economically or efficiently,
clove,6k-b,5968,377,2.723,0.9907,,,0,n,cloves,aromatic flower bud of a clove tree; yields a spice,
scowl,6k-b,5783,378,2.723,0.9821,,,0,n,scowled|scowling|scowlings|scowls,a facial expression of dislike or displeasure,
impede,6k-b,5844,379,2.723,0.9793,,,0,v,impeded|impedes|impeding|unimpeded,be a hindrance or obstacle to,She is impeding the progress of our project
entice,6k-b,5801,380,2.723,0.9728,,,0,v,enticed|enticement|enticements|entices|enticing|enticingly,provoke someone to do something through (often false or exaggerated) promises or persuasion,He lured me into temptation
genome,6k-b,5897,381,2.723,0.9519,,,0,n,genomes|genomic,the ordering of genes in a haploid set of chromosomes of a particular organism; the full DNA sequence of an organism,the human genome contains approximately three billion chemical base pairs
creak,6k-b,5512,382,2.723,0.9242,,,0,v,creaked|creaking|creaks|creaky,"make a high-pitched, screeching noise",The door creaked when I opened it slowly
materialize,6k-b,5702,383,2.707,0.9976,,,0,v,materialisation|materialisations|materialise|materialised|materialises|materialising|materialization|materializations|materialized|materializes|materializing,come into being; become reality,Her dream really materialized
obese,6k-b,5910,384,2.707,0.9954,B2,,0,n,obesity,excessively fat,a weighty man
overhaul,6k-b,5760,385,2.690,0.9944,,,0,n,overhauled|overhauling|overhauls,periodic maintenance on a car or machine,it was time for an overhaul on the tractor
outweigh,6k-b,5640,386,2.690,0.9853,,,0,v,outweighed|outweighing|outweighs,be heavier than,
embargo,6k-b,5840,387,2.690,0.9802,,,0,n,embargoes,a government order imposing a trade barrier,
glisten,6k-b,5906,388,2.654,0.9927,,,0,v,glistened|glistening|glistens,"be shiny, as if wet",His eyes were glistening
incarnate,6k-b,5872,389,2.654,0.9903,,,0,v,incarnated|incarnation|incarnations,make concrete and real,
delude,6k-b,5687,390,2.654,0.9834,,,0,v,deluded|deludes|deluding|delusion|delusional|delusions|delusive,be false to; be dishonest with,
waver,6k-b,5743,391,2.654,0.9512,,,0,v,unwavering|wavered|waverer|waverers|wavering|wavers,pause or hold back in uncertainty or unwillingness,Authorities hesitate to quote exact figures
hesitant,6k-b,5582,392,2.634,0.9979,,,0,adj,hesitancies|hesitancy|hesitantly,lacking decisiveness of character; unable to act or decide quickly or firmly,
unison,6k-b,5971,393,2.634,0.9925,,,0,n,unisons,corresponding exactly,marching in unison
impeach,6k-b,5993,394,2.634,0.9751,,,0,v,impeachable|impeached|impeacher|impeachers|impeaches|impeaching|impeachment|impeachments|unimpeachable,challenge the honesty or veracity of,the lawyers tried to impeach the credibility of the witnesses
defected,6k-b,5593,395,2.634,0.9661,,,0,v,defecter|defecters|defecting|defection|defections|defector|defectors,"desert (a cause, a country or an army), often in order to join the opposing cause, country, or army","If soldiers deserted Hitler's army, they were shot"
steroid,6k-b,5835,396,2.614,1.0000,,,0,adj,steroidal|steroids,any of several fat-soluble organic compounds having as a basis 17 carbon atoms in four rings; many have important physiological effects,
submerge,6k-b,5654,397,2.614,0.9875,,,0,v,submerged|submergence|submerges|submerging|submergings,sink below the surface; go under or as if under water,
precarious,6k-b,5647,398,2.614,0.9845,,,0,adj,precariously|precariousness,affording no ease or reassurance,a precarious truce
upheaval,6k-b,5730,399,2.614,0.9783,,,0,n,upheavals,a state of violent disturbance and disorder (as in politics or social conditions generally),the industrial revolution was a period of great turbulence
savour,6k-b,5794,400,2.614,0.9746,,,0,v,savor|savored|savoring|savors|savoured|savouring|savours,have flavor; taste of something,
holistic,6k-b,5729,401,2.614,0.9651,,,0,adj,holism|holist|holistically,emphasizing the organic or functional relation between parts and the whole,
succumb,6k-b,5579,402,2.593,0.9926,,,0,v,succumbed|succumbing|succumbs,consent reluctantly,
perpetuate,6k-b,5578,403,2.593,0.9764,,,0,v,perpetuated|perpetuates|perpetuating|perpetuation|perpetuations,cause to continue or prevail,perpetuate a myth
apartheid,6k-b,5605,404,2.593,0.9350,,,0,n,apartheids,a social policy or racial segregation involving political and economic and legal discrimination against people who are not Whites; the former official policy in South Africa,
caption,6k-b,5786,405,2.571,0.9976,,,0,n,captioned|captioning|captions,taking exception; especially a quibble based on a captious argument,a mere caption unworthy of a reply
surpass,6k-b,5889,406,2.571,0.9949,,,0,v,surpassed|surpasses|surpassing|unsurpassed,distinguish oneself,She excelled in math
snipe,6k-b,5925,407,2.571,0.9896,,,0,n,sniped|sniper|snipers|snipes|sniping,Old or New World straight-billed game bird of the sandpiper family; of marshy areas; similar to the woodcocks,
abound,6k-b,5700,408,2.571,0.9792,,,0,v,abounded|abounding|abounds,be abundant or plentiful; exist in large quantities,
incinerate,6k-b,5753,409,2.571,0.9759,,,0,v,incinerated|incinerates|incinerating|incineration|incinerations|incinerator|incinerators,become reduced to ashes,The paper incinerated quickly
fabricate,6k-b,5823,410,2.547,0.9928,,,0,v,fabricated|fabricates|fabricating|fabrication|fabrications,put together out of artificial or natural components or parts,the company fabricates plastic chairs
grimace,6k-b,5836,411,2.547,0.9888,,,0,n,grimaced|grimaces|grimacing|grimacings,a contorted facial expression,she made a grimace at the prospect
discrete,6k-b,5594,412,2.547,0.9727,,,1,adj,discreteness|indiscrete|discretely,constituting a separate entity or part,a government with three discrete divisions
thwart,6k-b,5752,413,2.547,0.9623,,,0,v,thwarted|thwarting|thwarts,"hinder or prevent (the efforts, plans, or desires) of",What ultimately frustrated every challenger was Ruth's amazing September surge
subvert,6k-b,5659,414,2.547,0.9356,,,0,v,subversion|subversions|subverted|subverting|subverts,cause the downfall of; of rulers,The Czar was overthrown
locus,6k-b,5585,415,2.547,0.8707,,,0,n,loci|locuses,the scene of any event or action (especially the place of a meeting),
pervasive,6k-b,5772,416,2.522,0.9697,,,0,adj,pervasively|pervasiveness,spreading or spread throughout,armed with permeative irony … he punctures affectations
falter,6k-b,5627,417,2.522,0.9631,,,0,v,faltered|faltering|falterings|falteringly|falters,be unsure or weak,Their enthusiasm is faltering
bolster,6k-b,5829,418,2.522,0.9505,,,0,v,bolstered|bolstering|bolsters,support and strengthen,bolster morale
accredit,6k-b,5510,419,2.522,0.9439,,,0,adj,accreditation|accreditations|accredited|accrediting|accredits,grant credentials to,The Regents officially recognized the new educational institution
glint,6k-b,5712,420,2.522,0.9072,,,0,n,glinted|glinting|glints,a momentary flash of light,
pigment,6k-b,5663,421,2.496,0.9926,,,0,n,pigmentation|pigmentations|pigmented|pigmenting|pigments,"dry coloring material (especially a powder to be mixed with a liquid to produce paint, etc.)",
protagonist,6k-b,5955,422,2.496,0.9862,,,0,n,protagonists,a person who backs a politician or a team etc.,all their supporters came out for the game
perennial,6k-b,5798,423,2.496,0.9655,,,0,adj,perennially|perennials,lasting three seasons or more,the common buttercup is a popular perennial plant
opportune,6k-b,5639,424,2.468,0.9672,,,0,adj,inopportune|inopportunely|opportunely|opportunism|opportunist|opportunistic|opportunistically|opportunists,suitable or at a time that is suitable or advantageous especially for a particular purpose,an opportune place to make camp
akin,6k-b,5861,425,2.468,0.9395,,,0,adj,,similar in quality or character,a feeling akin to terror
theologian,6k-b,5922,426,2.468,0.9345,,,0,n,theologians,someone who is learned in theology or who speculates about theology,
disproportion,6k-b,5575,427,2.438,0.9810,,,0,adj,disproportionate|disproportionately,lack of proportion; imbalance among the parts of something,
influx,6k-b,5851,428,2.438,0.9727,,,0,n,influxes,the process of flowing in,
wane,6k-b,5900,429,2.438,0.9312,,,0,v,waned|wanes|waning,grow smaller,Interest in the project waned
salient,6k-b,5899,430,2.438,0.8954,,,0,adj,salience|saliences|saliently,having a quality that thrusts itself into attention,an outstanding fact of our time is that nations poisoned by anti semitism proved less fortunate in regard to their own freedom
radiance,6k-b,5916,431,2.406,0.9975,,,0,n,radiances|radiant|radiantly,the amount of electromagnetic radiation leaving or arriving at a point on a surface,
remnant,6k-b,5543,432,2.406,0.9721,,,0,n,remnants,a small part or portion that remains after the main part no longer exists,
wince,6k-b,5808,433,2.406,0.9716,,,0,v,winced|winces|wincing|wincings,"draw back, as with fear or pain",she flinched when they showed the slaughtering of the calf
ambivalent,6k-b,5556,434,2.406,0.9689,,,0,adj,ambivalence|ambivalences|ambivalently,uncertain or unable to decide about what course to follow,was ambivalent about having children
insurgent,6k-b,5990,435,2.406,0.9666,,,0,adj,insurgencies|insurgency|insurgents,in opposition to a civil authority or government,
scant,6k-b,5830,436,2.406,0.9645,,,0,adj,scanter|scantest|scantier|scantiest|scantily|scantiness|scantly|scantness|scanty,less than the correct or legal or full amount often deliberately so,a light pound
emanate,6k-b,5584,437,2.406,0.8737,,,0,v,emanated|emanates|emanating|emanation|emanations,"proceed or issue forth, as from a source",Water emanates from this hole in the ground
inclusive,6k-b,5682,438,2.371,0.9892,,,0,adj,inclusively|inclusiveness,including much or everything; and especially including stated limits,an inclusive art form
bristle,6k-b,5755,439,2.371,0.9889,,,0,n,bristled|bristles|bristling|bristly,a stiff fiber (coarse hair or filament); natural or synthetic,
muffle,6k-b,5793,440,2.371,0.9839,,,0,v,muffled|muffler|mufflers|muffles|muffling,suppress in order to conceal or hide,smother a yawn
concurrent,6k-b,5529,441,2.371,0.9826,,,1,adj,concurrently,occurring or operating at the same time,a series of coincident events
sparse,6k-b,5641,442,2.371,0.9786,,,0,adj,sparsely|sparseness|sparsities|sparsity,not dense,a thin beard
inadvertent,6k-b,5846,443,2.371,0.9662,,,0,adj,inadvertance|inadvertant|inadvertantly|inadvertence|inadvertently,happening by chance or unexpectedly or unintentionally,with an inadvertent gesture she swept the vase off the table
proponent,6k-b,5969,444,2.371,0.9284,,,0,n,proponents,a person who pleads for a cause or propounds an idea,
disparity,6k-b,5888,445,2.333,0.9774,,,0,n,disparities,inequality or difference in some respect,
cohort,6k-b,5602,446,2.333,0.9648,,,0,n,cohorts,a company of companions or supporters,
beckon,6k-b,5715,447,2.333,0.9639,,,0,v,beckoned|beckoning|beckonings|beckons,signal with the hands or nod,She waved to her friends
maladjusted,6k-b,5998,448,2.333,0.9167,,,0,adj,maladjustment|maladjustments,poorly adjusted to demands and stresses of daily living,a maladjusted child
incise,6k-b,5502,449,2.333,0.8815,,,0,v,incised|incising|incision|incisions|incisive|incisively|incisiveness|incisor|incisors,make an incision into by carving or cutting,
grumble,6k-b,5513,450,2.292,0.9949,,,0,v,grumbled|grumbler|grumblers|grumbles|grumbling,show one's unhappiness or critical attitude,He scolded about anything that he thought was wrong
contentious,6k-b,5521,451,2.292,0.9688,,,0,adj,contentiously|contentiousness|uncontentious|uncontentiously,"inclined or showing an inclination to dispute or disagree, even to engage in law suits",a style described as abrasive and contentious
bobbed,6k-b,5821,452,2.292,0.9634,,,0,v,bobbing|bobs,,
inscribe,6k-b,5837,453,2.292,0.9601,,,0,v,inscribed|inscriber|inscribers|inscribes|inscribing,"carve, cut, or etch into a material or surface",engrave a pen
entrench,6k-b,5797,454,2.292,0.9483,,,0,v,entrenched|entrenches|entrenching|entrenchment|entrenchments,fix firmly or securely,
strait,6k-b,5544,455,2.292,0.9272,,,0,n,straits,a narrow channel of the sea joining two larger bodies of water,
seep,6k-b,5680,456,2.292,0.8976,,,0,v,seepage|seepages|seeped|seeping|seeps,pass gradually or leak through or as if through small openings,
exemplar,6k-b,5701,457,2.292,0.8957,,,0,adj,exemplars|exemplary,something to be imitated,an exemplar of success
firework,6k-b,5624,458,2.246,0.9904,B2,,0,n,fireworks,(usually plural) a device with an explosive that burns at a low rate and with colored flames; can be used to illuminate areas or send signals etc.,
gratify,6k-b,5520,459,2.246,0.9882,,,0,v,gratification|gratifications|gratified|gratifies|gratifying|gratifyingly,make happy or satisfied,
crumple,6k-b,5756,460,2.246,0.9600,,,0,v,crumpled|crumples|crumpling,fall apart,the building crumbled after the explosion
repeal,6k-b,5527,461,2.246,0.9519,,,0,v,repealed|repealing|repeals,cancel officially,He revoked the ban on smoking
resilience,6k-b,5782,462,2.195,0.9865,,,0,n,resiliences|resilient|resiliently,the physical property of a material that can return to its original shape or position after deformation that does not exceed its elastic limit,
epidemiology,6k-b,5902,463,2.195,0.9537,,,0,n,epidemiologic|epidemiological|epidemiologically|epidemiologies|epidemiologist|epidemiologists,the branch of medical science dealing with the transmission and control of disease,
planed,6k-b,5997,464,2.195,0.7664,,,0,v,planer|planers|planing,have the will and intention to carry out some action,He plans to be in graduate school next year
transcribe,6k-b,5957,465,2.137,0.9907,,,0,v,transcribed|transcriber|transcribers|transcribes|transcribing|untranscribable,"write out from speech, notes, etc.",Transcribe the oral history of this tribe
humanities,6k-b,5706,466,2.137,0.9898,,,0,n,,studies intended to provide general knowledge and intellectual skills (rather than occupational or professional skills),the college of arts and sciences
vaccinate,6k-b,5923,467,2.137,0.9884,,,0,v,vaccinated|vaccinates|vaccinating|vaccination|vaccinations,perform vaccinations or produce immunity in by inoculation,We vaccinate against scarlet fever
recede,6k-b,5620,468,2.137,0.9526,,,0,v,receded|recedes|receding,pull back or move away or backward,The enemy withdrew
optimise,6k-b,5732,469,2.070,0.9974,,,0,v,optimisation|optimisations|optimised|optimises|optimising|optimization|optimizations|optimize|optimized|optimizes|optimizing,make optimal; get the most out of; use best,optimize your resources
dwindle,6k-b,5690,470,2.070,0.9882,,,0,v,dwindled|dwindles|dwindling,become smaller or lose substance,Her savings dwindled down
understate,6k-b,5908,471,2.070,0.9869,,,0,v,understated|understatement|understatements|understates|understating,represent as less significant or important,
shortcoming,6k-b,5691,472,2.070,0.9831,,,0,n,shortcomings,a failing or deficiency,that interpretation is an unfortunate defect of our lack of information
artisan,6k-b,5857,473,2.070,0.9673,,,0,n,artisanal|artisans,a skilled worker who practices some trade or handicraft,
inaugurate,6k-b,5597,474,2.070,0.9043,,,0,v,inaugurated|inaugurates|inaugurating|inauguration|inaugurations,commence officially,
assail,6k-b,5643,475,2.070,0.8737,,,0,v,assailable|assailant|assailants|assailed|assailing|assails|unassailable,attack someone physically or emotionally,The mugger assaulted the woman
deride,6k-b,5563,476,2.070,0.8425,,,0,v,derided|derides|deriding|derision|derisive|derisively|derisory,treat or speak of with contempt,He derided his student's attempt to solve the biggest problem in mathematics
subdivide,6k-b,5645,477,1.991,0.9858,,,0,v,subdivided|subdivides|subdividing|subdivision|subdivisions,form into subdivisions,The cells subdivided
afflict,6k-b,5519,478,1.991,0.9749,,,0,v,afflicted|afflicting|affliction|afflictions|afflicts,cause great unhappiness for; distress,she was afflicted by the death of her parents
perpetrate,6k-b,5882,479,1.991,0.9701,,,0,v,perpetrated|perpetrates|perpetrating|perpetration|perpetrator|perpetrators,"perform an act, usually with a negative connotation",perpetrate a crime
analogous,6k-b,5553,480,1.991,0.8971,,,0,adj,analogously|analogousness,similar or equivalent in some respects though otherwise dissimilar,brains and computers are often considered analogous
hegemony,6k-b,5788,481,1.991,0.6984,,,0,n,hegemonic|hegemonies,the dominance or leadership of one social group or nation over others,the hegemony of a single member state is not incompatible with a genuine confederation
unsettle,6k-b,5660,482,1.894,0.9976,,,0,v,unsettled|unsettles|unsettling,disturb the composure of,
multicultural,6k-b,5988,483,1.894,0.9951,,,0,adj,multiculturalism,of or relating to or including several cultures,a multicultural event
homogeneous,6k-b,5508,484,1.894,0.9831,,,0,adj,homogeneously|homogenous,all of the same or similar kind or nature,a close-knit homogeneous group
oscillate,6k-b,5549,485,1.894,0.9740,,,0,v,oscillated|oscillates|oscillating|oscillation|oscillations|oscillator|oscillators|oscillatory,be undecided about something; waver between conflicting positions or courses of action,He oscillates between accepting the new position and retirement
asymmetry,6k-b,5598,486,1.894,0.9656,,,0,n,asymmetric|asymmetrical|asymmetrically|asymmetries,(mathematics) a lack of symmetry,
oust,6k-b,5736,487,1.894,0.9626,,,0,v,ousted|ouster|ousters|ousting|oustings|ousts,remove from a position or office,The chairman was ousted after he misappropriated funds
gape,6k-b,5673,488,1.894,0.9490,,,0,v,gaped|gapes|gaping,look with amazement; look stupidly,
metaphysic,6k-b,5531,489,1.894,0.9406,,,0,adj,metaphysical|metaphysically|metaphysics,pertaining to or of the nature of metaphysics,metaphysical philosophy
ostensible,6k-b,5658,490,1.894,0.8698,,,0,adj,ostensibly,appearing as such but not necessarily so,"for all his apparent wealth, he had no money to pay the rent"
exhilarate,6k-b,5744,491,1.769,0.9831,,,0,v,exhilarated|exhilarates|exhilarating|exhilaration,fill with sublime emotion,The children were thrilled at the prospect of going to the movies
increment,6k-b,5542,492,1.769,0.9819,,,0,n,incremental|incrementalism|incrementally|increments,a process of becoming larger or longer or more numerous or more important,the increase in unemployment
ethnography,6k-b,5895,493,1.769,0.7918,,,0,adj,ethnographer|ethnographers|ethnographic|ethnographically|ethnographies,the branch of anthropology that provides scientific description of individual human societies,
explicable,6k-b,5667,494,1.593,0.9911,,,0,adj,inexplicable|inexplicably,capable of being explicated or accounted for,explicable behavior
trafficked,6k-b,5589,495,1.593,0.9775,,,0,adj,trafficker|traffickers|trafficking|traffickings|trafficks,the aggregation of things (pedestrians or vehicles) coming and going in a particular locality during a specified period of time,
impoverish,6k-b,5791,496,1.593,0.9606,,,0,v,impoverished|impoverishes|impoverishing|impoverishment,make poor,
conservatism,6k-b,5709,497,1.593,0.9457,,,0,n,conservatisms,a political or theological orientation advocating the preservation of the best in society and opposing radical changes,
liturgy,6k-b,5522,498,1.593,0.8275,,,0,n,liturgical|liturgically|liturgies|liturgist|liturgists,a rite or body of rites prescribed for public worship,
ipad,6k-b,6000,499,,0.9474,,,0,,ipads,,
pedagogy,6k-b,5810,500,,0.7682,,,0,,pedagogic|pedagogical|pedagogically|pedagogies,the principles and methods of instruction,
