family,relation,target,sense
abandon,synonym,desert,
abandon,synonym,empty,3
abdomen,synonym,belly,1
abdomen,synonym,stomach,1
abduct,synonym,kidnap,1
abduct,synonym,snatch,1
abide,similar,ache,2
abide,similar,hurt,2
abide,similar,suffer,2
abide,synonym,bear,2
abide,synonym,digest,2
abide,synonym,endure,2
abide,synonym,stand,2
abide,synonym,stay,1
abide,synonym,stomach,2
abide,synonym,suffer,2
abide,synonym,support,2
abide,synonym,tolerate,2
able,similar,capable,3
able,similar,competent,2
able,synonym,capable,2
abnormal,antonym,normal,1
abnormal,similar,deviant,1
abnormal,similar,deviate,1
abnormal,similar,moderate,3
abnormal,similar,regular,1
aboard,synonym,alongside,3
abolish,antonym,establish,1
abound,synonym,bristle,2
abound,synonym,burst,2
about,similar,active,1
about,synonym,almost,
about,synonym,around,2
about,synonym,some,2
above,antonym,below,3
abroad,synonym,overseas,3
abrupt,similar,steep,3
abrupt,similar,sudden,2
abrupt,synonym,sharp,3
absence,antonym,presence,1
absent,antonym,present,1
absent,antonym,presented,
absent,similar,attentive,3
absent,similar,away,1
absent,synonym,abstract,3
absent,synonym,missed,2
absolute,antonym,relative,1
absolute,antonym,relatives,
absolute,similar,arbitrary,3
absolute,similar,complete,2
absolute,similar,direct,1
absolute,similar,exact,1
absolute,similar,implicit,1
absolute,similar,infinite,1
absolute,synonym,rank,2
absolute,synonym,sheer,2
absorb,antonym,emit,
absorb,synonym,assimilate,2
absorb,synonym,engage,
absorb,synonym,immerse,
abstract,antonym,concrete,1
abstract,similar,ideal,1
abstract,similar,ideological,1
abstract,similar,theoretical,3
abstract,synonym,absent,
abstract,synonym,outline,
abstract,synonym,sneak,
absurd,synonym,nonsense,2
absurd,synonym,ridiculous,2
abundant,antonym,scarce,1
abundant,similar,ample,1
abundant,similar,easy,1
abundant,similar,long,1
abundant,similar,lush,1
abundant,similar,rank,1
abundant,similar,rich,1
abundant,similar,thick,1
abuse,synonym,insult,2
accelerate,synonym,speed,1
accent,synonym,dialect,3
accent,synonym,emphasis,2
accent,synonym,emphasise,
accent,synonym,punctuate,
accent,synonym,stress,
accept,antonym,refuse,2
accept,antonym,reject,1
accept,similar,have,2
accept,similar,receive,2
accept,synonym,consent,3
accept,synonym,have,2
accept,synonym,take,2
access,synonym,admission,1
access,synonym,approach,3
accessory,synonym,supplement,2
accident,synonym,stroke,2
acclaim,synonym,applaud,3
acclaim,synonym,clap,3
acclaim,synonym,hail,2
acclaim,synonym,herald,2
acclaim,synonym,spit,3
accommodate,synonym,adapt,2
accommodate,synonym,fit,1
accommodate,synonym,oblige,
accommodate,synonym,reconcile,
accommodate,synonym,suit,1
accompany,synonym,follow,3
accomplish,similar,implement,1
accomplish,synonym,achieve,2
accomplish,synonym,act,1
accomplish,synonym,attain,2
accomplish,synonym,execute,1
accomplish,synonym,fulfil,1
accomplish,synonym,reach,2
accord,synonym,allot,
accord,synonym,pact,3
accord,synonym,treaty,3
account,synonym,bill,
account,synonym,calculate,
account,synonym,chronicle,1
account,synonym,describe,
account,synonym,history,1
account,synonym,report,2
account,synonym,story,1
accountable,similar,responsible,1
accountant,synonym,control,1
accredit,synonym,credit,3
accredit,synonym,recognize,1
accrue,similar,fall,2
accrue,similar,light,2
accrue,similar,pass,2
accrue,similar,return,2
accrue,synonym,fall,2
accumulate,synonym,collect,1
accumulate,synonym,compile,1
accumulate,synonym,conglomerate,2
accumulate,synonym,gather,2
accurate,similar,close,1
accurate,similar,correct,2
accurate,similar,right,1
accurate,similar,straight,1
accurate,similar,surgical,1
accurate,similar,true,1
accurate,synonym,exact,2
accurate,synonym,precise,2
accuse,synonym,charge,2
accuse,synonym,impeach,1
ace,synonym,champion,3
ace,synonym,genius,3
ace,synonym,one,1
ace,synonym,sensation,3
ace,synonym,single,1
ace,synonym,star,3
ace,synonym,super,
ace,synonym,unity,1
ace,synonym,wizard,3
ache,synonym,hurt,3
ache,synonym,pine,2
ache,synonym,smart,3
ache,synonym,yearn,2
ache,synonym,yen,2
achieve,synonym,accomplish,1
achieve,synonym,attain,1
achieve,synonym,reach,1
acid,similar,pleasant,3
acid,synonym,bitter,3
acid,synonym,dose,2
acid,synonym,dot,2
acknowledge,synonym,admit,1
acknowledge,synonym,notice,3
acknowledge,synonym,receipt,2
acknowledge,synonym,recognize,
acquaint,similar,introduce,2
acquaint,similar,present,2
acquaint,synonym,introduce,1
acquaint,synonym,present,1
acquire,similar,develop,3
acquire,similar,evolve,3
acquire,similar,find,1
acquire,similar,get,1
acquire,similar,incur,1
acquire,similar,obtain,1
acquire,similar,receive,1
acquire,synonym,adopt,2
acquire,synonym,assume,2
acquire,synonym,develop,3
acquire,synonym,evolve,
acquire,synonym,gain,
acquire,synonym,get,1
acquire,synonym,grow,3
acquire,synonym,learn,
acquire,synonym,produce,3
acquire,synonym,take,2
acquire,synonym,win,
acquisition,synonym,skill,
acquit,antonym,convict,1
acquit,similar,act,2
acquit,similar,play,2
acquit,similar,pretend,2
acquit,synonym,act,2
acquit,synonym,bear,2
acquit,synonym,behave,2
acquit,synonym,carry,2
acquit,synonym,clear,1
acquit,synonym,conduct,2
acquit,synonym,deport,2
acquit,synonym,discharge,1
acquit,synonym,do,2
acre,synonym,estate,
act,antonym,refrain,1
act,similar,play,2
act,similar,pretend,2
act,synonym,accomplish,
act,synonym,acquit,2
act,synonym,bear,2
act,synonym,behave,2
act,synonym,carry,2
act,synonym,conduct,2
act,synonym,deed,
act,synonym,deport,2
act,synonym,do,2
act,synonym,execute,
act,synonym,fulfil,
act,synonym,litigate,
act,synonym,move,1
act,synonym,number,
act,synonym,play,3
act,synonym,pretend,
act,synonym,represent,3
act,synonym,routine,
act,synonym,work,
activate,synonym,spark,1
activate,synonym,trigger,1
activate,synonym,trip,1
active,antonym,extinct,
active,antonym,passive,3
active,antonym,quiet,
active,synonym,dynamic,
active,synonym,passive,
active,synonym,static,
actual,antonym,potential,1
actual,similar,effective,1
actual,similar,real,2
actual,similar,true,3
actual,synonym,factual,
actual,synonym,genuine,3
actual,synonym,literal,3
actual,synonym,real,3
acute,antonym,chronic,1
acute,similar,sharp,2
acute,synonym,intense,2
acute,synonym,keen,3
acute,synonym,sharp,3
adapt,synonym,accommodate,1
adapt,synonym,adjust,2
adapt,synonym,conform,2
add,synonym,bring,3
add,synonym,contribute,3
add,synonym,lend,3
add,synonym,supply,2
addict,synonym,dependence,
addict,synonym,dependency,
addict,synonym,freak,1
addict,synonym,hook,3
addict,synonym,junk,1
addict,synonym,nut,1
address,synonym,deal,
address,synonym,destination,
address,synonym,handle,
address,synonym,speech,3
adequacy,synonym,deficiency,
adequate,similar,capable,1
adequate,similar,competent,1
adequate,similar,satisfactory,3
adequate,similar,sufficient,2
adequate,synonym,enough,2
adequate,synonym,equal,1
adequate,synonym,intolerable,3
adhere,similar,bind,3
adhere,similar,bond,3
adhere,similar,stick,3
adhere,synonym,bind,
adhere,synonym,cleave,3
adhere,synonym,cling,3
adhere,synonym,stick,3
adjacent,similar,close,1
adjacent,similar,near,3
adjacent,synonym,next,1
adjective,antonym,substantive,
adjoin,similar,converge,2
adjoin,similar,meet,2
adjoin,synonym,border,1
adjoin,synonym,butt,1
adjoin,synonym,contact,2
adjoin,synonym,edge,1
adjoin,synonym,march,1
adjoin,synonym,meet,2
adjoin,synonym,touch,2
adjust,synonym,adapt,3
adjust,synonym,align,2
adjust,synonym,conform,3
adjust,synonym,correct,1
adjust,synonym,set,1
administer,synonym,allot,3
administer,synonym,deal,3
administer,synonym,dispense,3
administer,synonym,distribute,3
administer,synonym,lot,3
administration,synonym,brass,2
administration,synonym,presidency,
administrator,synonym,executive,3
admission,synonym,access,
admit,antonym,deny,1
admit,antonym,exclude,3
admit,antonym,reject,2
admit,similar,accept,3
admit,similar,take,3
admit,synonym,acknowledge,1
admit,synonym,include,3
adolescent,similar,mature,3
adolescent,similar,young,3
adolescent,synonym,juvenile,
adolescent,synonym,teen,1
adolescent,synonym,teenage,3
adopt,similar,comply,1
adopt,similar,follow,1
adopt,synonym,acquire,
adopt,synonym,assume,3
adopt,synonym,borrow,2
adopt,synonym,embrace,
adopt,synonym,follow,1
adorn,similar,ornament,1
adorn,synonym,deck,2
adorn,synonym,decorate,1
adorn,synonym,grace,1
adorn,synonym,invest,3
adorn,synonym,ornament,1
adult,antonym,juvenile,1
adult,similar,mature,3
adult,synonym,big,3
advance,antonym,back,
advance,antonym,recede,
advance,antonym,retreat,
advance,synonym,approach,3
advance,synonym,beforehand,
advance,synonym,boost,
advance,synonym,elevate,
advance,synonym,encourage,
advance,synonym,further,
advance,synonym,procession,
advance,synonym,progress,1
advance,synonym,promote,
advance,synonym,upgrade,
advance,synonym,win,
advantage,antonym,disadvantage,1
advantage,synonym,reward,3
adventure,synonym,chance,2
adventure,synonym,gamble,2
adventure,synonym,hazard,2
adventure,synonym,risk,2
adventure,synonym,stake,3
adventure,synonym,venture,3
adversary,synonym,opponent,1
adverse,synonym,contrary,2
advertise,similar,agitate,2
advertise,similar,campaign,2
advertise,similar,crusade,2
advertise,similar,fight,2
advertise,similar,press,2
advertise,similar,push,2
advertise,synonym,cite,
advertise,synonym,mention,
advertise,synonym,promote,2
advertise,synonym,publicize,1
advertise,synonym,push,2
advertise,synonym,refer,
advise,synonym,counsel,1
advise,synonym,notify,2
advise,synonym,propose,3
advise,synonym,suggest,3
advocate,synonym,counsel,2
advocate,synonym,preach,
advocate,synonym,proponent,1
advocate,synonym,recommend,3
advocate,synonym,urge,3
aesthetic,similar,cosmetic,2
affair,synonym,function,3
affair,synonym,liaison,2
affair,synonym,matter,1
affair,synonym,occasion,3
affair,synonym,thing,1
affect,synonym,impact,1
affect,synonym,impress,
affect,synonym,involve,3
affect,synonym,pretend,
affect,synonym,regard,3
affect,synonym,strike,
affect,synonym,touch,1
affection,synonym,heart,1
affiliate,synonym,associate,3
affirm,synonym,assert,2
affirm,synonym,confirm,1
affirm,synonym,support,1
affirm,synonym,sustain,1
affirm,synonym,swear,2
affirm,synonym,verify,2
affluent,similar,rich,1
affluent,synonym,flush,1
affluent,synonym,substantial,1
affluent,synonym,tribute,3
afford,similar,give,2
afford,synonym,give,2
afford,synonym,yield,2
afraid,similar,horrified,1
afraid,similar,numb,1
aftermath,synonym,consequence,2
aftermath,synonym,wake,1
age,antonym,young,
agency,synonym,authority,1
agency,synonym,bureau,1
agency,synonym,office,1
agency,synonym,way,
agenda,synonym,schedule,1
agent,synonym,broker,
aggravate,synonym,exacerbate,1
aggravate,synonym,exasperate,1
aggregate,synonym,conglomerate,3
aggregate,synonym,sum,1
aggregate,synonym,total,1
aggressive,similar,hostile,1
aggressive,similar,militant,1
aggressive,similar,rough,1
agitate,antonym,calm,2
agitate,similar,advertise,3
agitate,similar,promote,3
agitate,similar,push,3
agitate,synonym,campaign,3
agitate,synonym,charge,2
agitate,synonym,crusade,3
agitate,synonym,disturb,
agitate,synonym,excite,2
agitate,synonym,fight,3
agitate,synonym,press,3
agitate,synonym,push,3
agitate,synonym,rouse,2
agitate,synonym,shake,
agitate,synonym,stir,
ago,similar,past,2
agony,synonym,torment,1
agony,synonym,torture,1
agree,antonym,disagree,1
agree,similar,accord,3
agree,similar,check,3
agree,synonym,check,3
agree,synonym,correspond,3
agree,synonym,fit,3
agree,synonym,hold,1
agree,synonym,match,3
agree,synonym,tally,3
agriculture,synonym,farm,2
ahead,antonym,back,2
ahead,synonym,before,1
ahead,synonym,beforehand,
ahead,synonym,forward,2
ahead,synonym,onwards,3
aid,synonym,assist,2
aid,synonym,attention,
aid,synonym,care,
aid,synonym,help,1
ail,synonym,complaint,
ail,synonym,garlic,3
ail,synonym,pain,2
ail,synonym,trouble,2
aim,synonym,aspire,
aim,synonym,direct,1
aim,synonym,drive,3
aim,synonym,get,3
aim,synonym,intent,
aim,synonym,object,
aim,synonym,objective,
aim,synonym,propose,2
aim,synonym,purport,2
aim,synonym,purpose,2
aim,synonym,take,1
aim,synonym,train,1
air,synonym,atmosphere,3
air,synonym,aura,3
air,synonym,breeze,
air,synonym,broadcast,
air,synonym,melody,
air,synonym,publicize,
air,synonym,strain,
air,synonym,transmit,
air,synonym,tune,
air,synonym,ventilate,
airline,synonym,airways,2
airways,synonym,airline,
akin,similar,similar,1
akin,synonym,kin,2
alarm,synonym,alert,3
alarm,synonym,appal,
alarm,synonym,dismay,1
alert,synonym,alarm,1
alert,synonym,awake,
alert,synonym,brisk,
alert,synonym,lively,
alert,synonym,merry,
alien,synonym,exotic,
alien,synonym,foreign,
align,synonym,adjust,1
align,synonym,array,3
alike,synonym,like,3
alike,synonym,likewise,1
alike,synonym,similar,3
alive,antonym,dead,1
alive,similar,lively,2
alive,similar,viable,1
alive,similar,vital,1
alive,synonym,awake,
alive,synonym,live,1
all,antonym,no,1
all,antonym,some,1
all,similar,complete,2
all,similar,each,1
all,similar,every,1
all,synonym,altogether,3
all,synonym,right,3
all,synonym,whole,3
allege,synonym,say,1
alleviate,synonym,ease,2
alleviate,synonym,facilitate,2
alleviate,synonym,relieve,1
alliance,synonym,bond,2
alliance,synonym,coalition,3
alliance,synonym,confederate,1
allot,synonym,accord,2
allot,synonym,administer,3
allot,synonym,assign,1
allot,synonym,deal,3
allot,synonym,dispense,3
allot,synonym,distribute,3
allot,synonym,grant,2
allot,synonym,lot,3
allot,synonym,portion,1
allow,antonym,deny,3
allow,similar,grant,2
allow,similar,let,3
allow,similar,permit,3
allow,synonym,appropriate,
allow,synonym,appropriated,
allow,synonym,grant,3
allow,synonym,let,1
allow,synonym,permit,1
ally,synonym,friend,2
almost,synonym,about,1
almost,synonym,most,1
almost,synonym,near,1
alone,similar,exclusive,3
alone,similar,social,1
alone,synonym,lone,2
alone,synonym,only,3
alone,synonym,solitary,2
alone,synonym,unique,
along,synonym,on,1
alongside,synonym,aboard,1
aloud,synonym,loud,2
alright,synonym,fine,2
also,synonym,likewise,1
also,synonym,too,1
alter,synonym,change,1
alter,synonym,modify,1
alter,synonym,vary,2
alternate,antonym,direct,
alternate,antonym,opposite,
alternate,synonym,alternative,2
alternate,synonym,substitute,2
alternative,synonym,alternate,2
alternative,synonym,choice,1
alternative,synonym,option,1
alternative,synonym,substitute,2
altitude,synonym,height,1
altogether,synonym,all,1
altogether,synonym,right,1
altogether,synonym,whole,1
always,synonym,ever,1
amateur,antonym,profession,
amateur,synonym,expert,2
amaze,synonym,astonish,1
amaze,synonym,baffle,2
amaze,synonym,beat,2
amaze,synonym,bewilder,2
amaze,synonym,get,2
amaze,synonym,gravel,2
amaze,synonym,pose,2
amaze,synonym,puzzle,2
amaze,synonym,stick,2
amber,synonym,gold,1
ambiguous,similar,certain,2
ambiguous,similar,double,1
ambiguous,synonym,equivocal,1
ambition,synonym,dream,1
ambitious,similar,difficult,2
ambitious,similar,hard,2
ambivalent,similar,certain,1
ambivalent,similar,sure,1
ambush,synonym,lurk,2
ambush,synonym,trap,1
amend,similar,better,2
amend,similar,improve,2
amend,synonym,better,2
amend,synonym,improve,2
amend,synonym,remedy,3
amend,synonym,repair,3
amnesty,synonym,pardon,2
amount,synonym,measure,3
amount,synonym,quantity,3
amount,synonym,sum,1
ample,similar,abundant,2
ample,similar,big,3
ample,similar,full,1
ample,similar,generous,1
ample,similar,good,1
ample,similar,large,3
ample,similar,wide,1
ample,synonym,rich,2
amplify,synonym,exaggerate,2
amplify,synonym,expand,3
amplify,synonym,inflate,3
amplify,synonym,magnify,1
amuse,synonym,divert,1
analogous,similar,similar,1
analogous,synonym,correspondent,1
analyse,synonym,examine,1
analyse,synonym,study,1
analytic,antonym,synthetic,2
anarchy,synonym,law,1
anatomy,synonym,build,2
anatomy,synonym,figure,2
anatomy,synonym,flesh,2
anatomy,synonym,form,2
anatomy,synonym,frame,2
anatomy,synonym,shape,2
ancestor,synonym,root,1
ancient,similar,old,2
ancient,similar,past,1
angel,synonym,back,3
angel,synonym,saint,2
angle,synonym,fish,
angle,synonym,lean,
angle,synonym,tilt,
angry,similar,black,1
angry,similar,furious,1
angry,similar,indignant,1
angry,similar,mad,1
angry,similar,sore,1
angry,synonym,furious,2
angry,synonym,wild,2
anguish,synonym,hurt,
anguish,synonym,torment,1
anguish,synonym,torture,1
animal,similar,physical,2
animal,synonym,beast,1
animal,synonym,brute,1
animal,synonym,creature,1
animal,synonym,sensual,2
animate,synonym,inspire,1
animate,synonym,renovate,
animate,synonym,revive,
annex,synonym,extension,1
annex,synonym,wing,1
announce,synonym,declare,2
announce,synonym,denote,1
announce,synonym,herald,
annoy,synonym,bother,1
annoy,synonym,devil,1
annoy,synonym,gravel,1
annoy,synonym,irritate,1
annoy,synonym,rag,1
annual,antonym,perennial,1
another,similar,other,1
answer,antonym,question,3
answer,synonym,reply,1
answer,synonym,resolution,2
answer,synonym,respond,
answer,synonym,response,1
answer,synonym,result,2
answer,synonym,solution,2
answer,synonym,solvent,2
answer,synonym,suffice,
anticipate,similar,await,1
anticipate,similar,expect,1
anticipate,similar,look,1
anticipate,similar,wait,1
anticipate,synonym,counter,2
anticipate,synonym,expect,1
anticipate,synonym,foresee,2
anticipate,synonym,predict,
anticipate,synonym,promise,
antique,similar,old,1
anxious,similar,eager,1
anxious,synonym,nervous,2
any,similar,some,1
any,synonym,whatsoever,1
apart,synonym,aside,2
apartment,synonym,flat,1
apology,synonym,excuse,3
appal,synonym,alarm,2
appal,synonym,dismay,2
appal,synonym,offend,1
appal,synonym,outrage,1
appal,synonym,shock,1
apparent,similar,obvious,1
apparent,similar,superficial,2
apparent,synonym,evident,1
apparent,synonym,manifest,1
apparent,synonym,ostensible,2
apparent,synonym,patent,1
apparent,synonym,plain,1
appeal,synonym,attract,
appeal,synonym,charm,2
appeal,synonym,invoke,
appear,antonym,disappear,2
appear,synonym,look,1
appear,synonym,seem,1
applaud,synonym,acclaim,1
applaud,synonym,clap,1
applaud,synonym,spit,1
appliance,synonym,convenience,1
applicable,similar,relevant,1
apply,similar,practise,1
apply,similar,use,1
apply,synonym,employ,1
apply,synonym,enforce,
apply,synonym,hold,2
apply,synonym,implement,
apply,synonym,use,1
apply,synonym,utilise,1
appoint,synonym,charge,2
appoint,synonym,constitute,1
appoint,synonym,name,1
appoint,synonym,nominate,1
appraise,similar,assess,1
appraise,synonym,assess,1
appraise,synonym,evaluate,1
appraise,synonym,measure,1
appraise,synonym,survey,2
appraise,synonym,value,1
appreciate,synonym,prize,3
appreciate,synonym,treasure,3
appreciate,synonym,value,3
apprehend,synonym,arrest,2
apprehend,synonym,collar,2
apprehend,synonym,compass,1
apprehend,synonym,comprehend,1
apprehend,synonym,cop,2
apprehend,synonym,dig,1
apprehend,synonym,grasp,1
apprehend,synonym,nail,2
approach,synonym,access,3
approach,synonym,advance,
approach,synonym,attack,1
approach,synonym,near,
appropriate,antonym,appropriated,
appropriate,similar,fit,2
appropriate,similar,pat,1
appropriate,similar,proper,1
appropriate,similar,right,1
appropriate,synonym,allow,3
appropriate,synonym,conquer,
appropriate,synonym,reserve,3
appropriate,synonym,seize,
appropriated,antonym,appropriate,3
appropriated,similar,pat,3
appropriated,similar,proper,3
appropriated,similar,right,3
appropriated,synonym,allow,1
appropriated,synonym,capture,2
appropriated,synonym,conquer,2
appropriated,synonym,reserve,1
appropriated,synonym,seize,2
approve,antonym,disapprove,1
approve,synonym,sanction,1
approximate,similar,exact,3
approximate,synonym,estimate,2
approximate,synonym,gauge,2
approximate,synonym,guess,2
approximate,synonym,judge,2
approximate,synonym,rough,3
apt,similar,intelligent,3
apt,similar,likely,2
apt,synonym,clever,3
apt,synonym,clumsy,
apt,synonym,liable,2
aquatic,similar,marine,2
arbitrary,similar,absolute,1
arbitrary,similar,discreet,1
arbitrate,synonym,intermediate,1
arbitrate,synonym,mediate,1
arc,synonym,bow,3
arc,synonym,discharge,1
arc,synonym,spark,1
architect,synonym,design,1
arctic,similar,cold,1
arctic,synonym,polar,1
arctic,synonym,rubber,2
area,synonym,arena,
area,synonym,country,1
area,synonym,domain,
area,synonym,expanse,
area,synonym,orbit,
area,synonym,region,3
area,synonym,sphere,
arena,synonym,area,1
arena,synonym,bowl,3
arena,synonym,domain,1
arena,synonym,field,1
arena,synonym,orbit,1
arena,synonym,sphere,1
arena,synonym,stadium,3
argue,synonym,contend,2
argue,synonym,debate,2
argue,synonym,fence,2
argue,synonym,indicate,3
argue,synonym,reason,1
arise,similar,develop,1
arise,synonym,develop,1
arise,synonym,grow,1
arise,synonym,originate,1
arise,synonym,rebel,
arise,synonym,rise,1
arm,antonym,disarm,
arm,synonym,branch,2
arm,synonym,fortify,
arm,synonym,limb,2
arm,synonym,sleeve,
arm,synonym,weapon,3
aroma,synonym,odour,1
aroma,synonym,perfume,2
aroma,synonym,scent,1
aroma,synonym,smell,1
around,synonym,about,1
arouse,similar,evoke,3
arouse,similar,provoke,3
arouse,synonym,awake,2
arouse,synonym,conjure,3
arouse,synonym,elicit,1
arouse,synonym,evoke,1
arouse,synonym,fire,1
arouse,synonym,invoke,3
arouse,synonym,provoke,1
arouse,synonym,raise,1
arouse,synonym,stir,3
arouse,synonym,wake,2
arrange,synonym,format,
arrange,synonym,stage,3
array,synonym,align,
arrest,synonym,apprehend,1
arrest,synonym,catch,3
arrest,synonym,check,2
arrest,synonym,collar,1
arrest,synonym,contain,2
arrest,synonym,cop,1
arrest,synonym,get,3
arrest,synonym,halt,
arrest,synonym,hitch,
arrest,synonym,nail,1
arrest,synonym,stop,2
arrive,antonym,leave,1
arrive,similar,get,1
arrive,synonym,come,1
arrive,synonym,get,1
arrogant,similar,proud,1
arrow,synonym,point,1
art,synonym,humanities,
article,synonym,clause,3
articulate,synonym,joint,1
articulate,synonym,phrase,2
articulate,synonym,pronounce,3
articulate,synonym,say,3
articulate,synonym,word,2
artificial,similar,cardboard,1
artificial,similar,dummy,1
artificial,similar,fake,1
artificial,similar,false,1
artificial,similar,near,1
artificial,similar,organic,3
artificial,similar,substitute,1
artificial,similar,synthetic,1
artificial,synonym,real,1
artillery,synonym,gun,1
artillery,synonym,weapon,3
ascend,antonym,descend,1
ascend,synonym,climb,
ascent,antonym,descent,1
ascent,synonym,climb,1
ascent,synonym,raise,1
ascent,synonym,rise,1
ascent,synonym,upgrade,1
ascertain,similar,assure,3
ascertain,similar,check,1
ascertain,similar,control,2
ascertain,similar,determine,1
ascertain,similar,discover,1
ascertain,similar,ensure,3
ascertain,similar,find,1
ascertain,similar,insure,3
ascertain,similar,learn,1
ascertain,similar,mark,2
ascertain,similar,see,1
ascertain,similar,tick,2
ascertain,similar,verify,2
ascertain,similar,watch,1
ascertain,synonym,assure,2
ascertain,synonym,check,2
ascertain,synonym,control,2
ascertain,synonym,determine,1
ascertain,synonym,ensure,2
ascertain,synonym,find,1
ascertain,synonym,insure,2
ascertain,synonym,learn,3
ascertain,synonym,see,2
ascertain,synonym,watch,3
ascribe,synonym,assign,1
ascribe,synonym,attribute,1
ashamed,similar,guilty,1
aside,synonym,apart,3
aside,synonym,away,2
aside,synonym,by,
ask,similar,enquire,2
ask,similar,inquire,2
ask,synonym,enquire,
ask,synonym,expect,3
ask,synonym,inquire,
ask,synonym,necessitate,
ask,synonym,need,
ask,synonym,require,3
asleep,antonym,awake,1
asleep,similar,dead,3
asleep,synonym,deceased,3
asleep,synonym,numb,2
aspect,synonym,face,
aspect,synonym,facet,1
aspect,synonym,prospect,3
aspect,synonym,scene,3
aspect,synonym,view,3
aspire,synonym,aim,1
ass,synonym,behind,1
ass,synonym,bottom,1
ass,synonym,bum,1
ass,synonym,bun,1
ass,synonym,butt,1
ass,synonym,can,1
ass,synonym,rear,1
ass,synonym,seat,1
ass,synonym,stern,1
ass,synonym,tail,1
assail,similar,attack,2
assail,synonym,assault,1
assail,synonym,attack,1
assail,synonym,round,3
assail,synonym,snipe,3
assault,synonym,assail,
assault,synonym,rape,3
assemble,similar,encounter,2
assemble,similar,meet,2
assemble,similar,see,2
assemble,synonym,gather,2
assemble,synonym,meet,2
assemble,synonym,piece,1
assemble,synonym,tack,1
assembly,synonym,forum,3
assert,synonym,affirm,2
assert,synonym,insist,
assert,synonym,maintain,1
assert,synonym,swear,2
assert,synonym,verify,2
assess,similar,tax,2
assess,synonym,appraise,1
assess,synonym,evaluate,1
assess,synonym,measure,1
assess,synonym,tax,3
assess,synonym,value,1
asset,synonym,plus,1
assign,synonym,allot,2
assign,synonym,ascribe,3
assign,synonym,attribute,3
assign,synonym,delegate,1
assign,synonym,designate,1
assign,synonym,portion,2
assign,synonym,transfer,
assimilate,synonym,absorb,1
assist,similar,serve,3
assist,synonym,aid,1
assist,synonym,attend,3
assist,synonym,help,1
assist,synonym,serve,3
associate,synonym,affiliate,2
associate,synonym,companion,
associate,synonym,comrade,
associate,synonym,connect,1
associate,synonym,fellow,
associate,synonym,link,1
associate,synonym,relate,1
assorted,similar,different,2
assorted,synonym,various,2
assume,synonym,acquire,3
assume,synonym,adopt,2
assume,synonym,presume,1
assume,synonym,simulate,
assume,synonym,take,3
assumption,synonym,premise,1
assure,antonym,worry,
assure,similar,guarantee,1
assure,synonym,ascertain,
assure,synonym,check,
assure,synonym,ensure,1
assure,synonym,guarantee,1
assure,synonym,insure,1
assure,synonym,promise,
assure,synonym,secure,1
assure,synonym,tell,2
astonish,synonym,amaze,1
asylum,synonym,institution,2
asylum,synonym,refuge,1
asylum,synonym,sanctuary,1
asymmetry,antonym,symmetry,1
athlete,synonym,sport,
atmosphere,synonym,air,3
atmosphere,synonym,aura,
atom,synonym,molecule,2
atom,synonym,particle,2
attach,antonym,detach,1
attach,synonym,bind,
attach,synonym,confiscate,
attack,antonym,defend,
attack,synonym,approach,
attack,synonym,assail,
attack,synonym,attempt,
attack,synonym,blast,3
attack,synonym,fire,3
attack,synonym,onset,1
attain,synonym,accomplish,1
attain,synonym,achieve,1
attain,synonym,discover,3
attain,synonym,hit,2
attain,synonym,reach,1
attain,synonym,strike,3
attempt,synonym,attack,2
attempt,synonym,effort,1
attempt,synonym,endeavour,1
attempt,synonym,essay,3
attempt,synonym,seek,3
attempt,synonym,try,1
attempt,synonym,undertake,
attend,antonym,miss,1
attend,synonym,assist,
attend,synonym,look,2
attend,synonym,see,2
attention,synonym,aid,2
attention,synonym,care,2
attentive,similar,captive,1
attentive,similar,intent,1
attic,synonym,bean,2
attic,synonym,dome,2
attic,synonym,loft,1
attitude,synonym,position,2
attitude,synonym,posture,2
attorney,synonym,lawyer,1
attract,antonym,repel,1
attract,similar,curl,1
attract,synonym,appeal,2
attract,synonym,draw,1
attract,synonym,pull,1
attribute,synonym,ascribe,1
attribute,synonym,assign,1
attribute,synonym,dimension,3
attribute,synonym,property,3
audience,synonym,interview,
audio,synonym,sound,1
audit,synonym,inspect,3
august,similar,noble,1
august,synonym,grand,1
aunt,antonym,uncle,1
aura,synonym,air,3
aura,synonym,atmosphere,3
aura,synonym,glory,2
austere,similar,plain,1
austere,similar,strict,2
austere,synonym,severe,1
austere,synonym,stark,1
austere,synonym,stern,1
authentic,similar,genuine,2
author,synonym,generator,2
author,synonym,source,2
authorise,synonym,clear,2
authorise,synonym,empower,1
authorise,synonym,pass,2
authoritative,similar,standard,3
authoritative,synonym,definitive,3
authoritative,synonym,important,2
authority,synonym,agency,
authority,synonym,bureau,
authority,synonym,confidence,
authority,synonym,dominance,1
authority,synonym,office,
authority,synonym,regime,
authority,synonym,sanction,
automatic,antonym,manual,1
automatic,similar,involuntary,3
automatic,similar,mechanic,2
automatic,similar,smart,1
automatic,synonym,reflex,3
automobile,synonym,car,1
automobile,synonym,machine,1
autonomous,similar,free,1
autonomous,similar,independent,2
autonomous,synonym,independent,1
autonomous,synonym,sovereign,1
autonomy,synonym,liberty,1
autumn,synonym,fall,1
available,similar,easy,1
available,similar,forthcoming,1
available,similar,free,2
available,similar,open,1
available,similar,ready,1
available,similar,visible,1
average,similar,common,2
average,similar,normal,1
average,similar,ordinary,3
average,synonym,fair,3
average,synonym,intermediate,
average,synonym,mean,1
average,synonym,median,
average,synonym,medium,
average,synonym,norm,
average,synonym,ordinary,2
avert,synonym,avoid,1
avert,synonym,deflect,1
avoid,antonym,confront,1
avoid,synonym,avert,2
avoid,synonym,deflect,2
avoid,synonym,void,
await,similar,anticipate,1
await,similar,expect,1
await,synonym,expect,1
await,synonym,look,1
await,synonym,wait,1
awake,antonym,asleep,1
awake,similar,aware,2
awake,similar,up,1
awake,synonym,alert,2
awake,synonym,alive,2
awake,synonym,arouse,3
awake,synonym,wake,3
award,synonym,grant,
award,synonym,honour,2
award,synonym,prize,3
aware,similar,alert,1
aware,similar,alive,1
aware,similar,awake,1
aware,similar,conscious,1
aware,similar,sensible,1
away,antonym,home,
away,synonym,aside,3
away,synonym,by,
away,synonym,forth,1
away,synonym,off,1
away,synonym,out,2
awe,synonym,fear,2
awe,synonym,revere,2
awesome,synonym,awful,1
awful,similar,bad,1
awful,similar,dirty,3
awful,similar,mean,3
awful,synonym,awesome,
awful,synonym,dire,2
awful,synonym,dread,2
awful,synonym,dreadful,1
awful,synonym,horrific,2
awful,synonym,nasty,3
awful,synonym,terrible,1
awful,synonym,tremendous,
awkward,similar,clumsy,2
awkward,similar,convenient,1
awkward,synonym,clumsy,3
axis,synonym,bloc,3
babe,synonym,baby,1
babe,synonym,infant,1
baby,synonym,babe,1
baby,synonym,beloved,
baby,synonym,child,3
baby,synonym,darling,
baby,synonym,honey,
baby,synonym,infant,1
baby,synonym,love,
back,antonym,advance,
back,antonym,ahead,
back,antonym,front,3
back,synonym,angel,
back,synonym,endorse,
back,synonym,patronage,
back,synonym,rear,2
back,synonym,spine,
back,synonym,support,
background,synonym,ground,2
background,synonym,scope,
bad,antonym,good,1
bad,antonym,goods,
bad,similar,awful,1
bad,similar,competent,1
bad,similar,cool,1
bad,similar,dreadful,1
bad,similar,hard,1
bad,similar,ill,1
bad,similar,intense,2
bad,similar,naughty,1
bad,similar,negative,1
bad,similar,pretty,1
bad,similar,rubber,1
bad,similar,sad,1
bad,similar,severe,1
bad,similar,sorry,1
bad,similar,terrible,1
bad,similar,tough,1
bad,synonym,big,2
bad,synonym,sorry,
bad,synonym,tough,3
baffle,synonym,amaze,1
baffle,synonym,beat,1
baffle,synonym,bewilder,1
baffle,synonym,cross,2
baffle,synonym,foil,2
baffle,synonym,frustrate,2
baffle,synonym,get,1
baffle,synonym,gravel,1
baffle,synonym,pose,1
baffle,synonym,puzzle,1
baffle,synonym,regulate,3
baffle,synonym,spoil,2
baffle,synonym,stick,1
baffle,synonym,thwart,2
bag,synonym,base,3
bag,synonym,bulge,
bag,synonym,grip,
bag,synonym,luggage,
bag,synonym,purse,
bail,synonym,bond,1
bait,synonym,hook,1
bait,synonym,lure,1
bait,synonym,rag,3
bait,synonym,rally,3
bait,synonym,ride,3
bait,synonym,taunt,3
bait,synonym,tease,3
balance,synonym,disproportion,
balance,synonym,equilibrium,
balance,synonym,proportion,3
balance,synonym,remainder,
balance,synonym,residue,
balance,synonym,rest,
balance,synonym,symmetry,
bald,similar,bare,3
bald,similar,open,1
bald,similar,overt,1
ball,synonym,baseball,
ball,synonym,chunk,
ball,synonym,clump,
ball,synonym,egg,
ball,synonym,globe,3
ball,synonym,lump,
ballot,synonym,vote,2
ban,synonym,banish,3
ban,synonym,censor,1
band,synonym,circle,1
band,synonym,lot,1
band,synonym,set,1
band,synonym,stripe,
bandage,synonym,bind,2
bandage,synonym,patch,1
bang,synonym,bash,
bang,synonym,blast,
bang,synonym,boot,
bang,synonym,screw,
bang,synonym,slam,1
bang,synonym,thrill,
banish,synonym,ban,1
banish,synonym,bar,3
banish,synonym,relegate,3
bank,synonym,bet,
bank,synonym,depend,
bank,synonym,rely,
bankrupt,synonym,break,3
bankrupt,synonym,ruin,3
bankrupt,synonym,smash,3
banner,synonym,standard,3
banquet,similar,feast,3
banquet,synonym,feast,1
banquet,synonym,spread,2
bar,synonym,banish,
bar,synonym,cake,
bar,synonym,relegate,
bar,synonym,saloon,1
bar,synonym,streak,
barb,synonym,dig,1
barb,synonym,shaft,1
barb,synonym,slam,1
bare,synonym,barren,
bare,synonym,bleak,
bare,synonym,mere,
bare,synonym,naked,1
bare,synonym,nude,1
bare,synonym,publicize,
bare,synonym,scant,2
bare,synonym,simple,
bare,synonym,spare,2
bargain,synonym,buy,2
bargain,synonym,deal,1
bargain,synonym,steal,2
baron,synonym,king,3
baron,synonym,power,3
barrel,synonym,drum,3
barren,similar,fertile,2
barren,similar,sterile,2
barren,synonym,bare,1
barren,synonym,bleak,1
barren,synonym,free,3
barren,synonym,innocent,3
barren,synonym,stark,1
base,synonym,bag,3
base,synonym,basis,
base,synonym,floor,
base,synonym,foot,2
base,synonym,foundation,2
base,synonym,founded,
base,synonym,immoral,
base,synonym,infrastructure,
base,synonym,root,
base,synonym,stem,
base,synonym,structure,2
baseball,synonym,ball,1
basement,synonym,cellar,1
bash,synonym,bang,2
bash,synonym,belt,2
bash,synonym,do,3
bash,synonym,knock,2
bash,synonym,smash,2
bash,synonym,sock,1
basic,antonym,incidental,1
basic,similar,base,1
basic,similar,elementary,1
basic,similar,first,3
basic,similar,fundamental,1
basic,similar,primary,1
basic,similar,radical,1
basic,similar,standard,2
basic,synonym,staple,
basis,synonym,base,2
basis,synonym,footing,1
basis,synonym,foundation,2
basis,synonym,ground,1
bastard,synonym,fake,
bat,synonym,lick,
batch,synonym,clutch,3
batch,synonym,deal,2
batch,synonym,flock,2
batch,synonym,hat,2
batch,synonym,heap,2
batch,synonym,lot,2
batch,synonym,mass,2
batch,synonym,mess,2
batch,synonym,mint,2
batch,synonym,mountain,2
batch,synonym,pile,2
batch,synonym,plenty,2
batch,synonym,pot,2
batch,synonym,raft,2
batch,synonym,sight,2
batch,synonym,stack,2
battalion,synonym,multitude,2
battalion,synonym,pack,2
battalion,synonym,plural,2
battle,synonym,combat,
battle,synonym,conflict,1
battle,synonym,fight,1
battle,synonym,struggle,2
be,similar,trend,1
be,synonym,comprise,
be,synonym,constitute,
be,synonym,embody,
be,synonym,exist,
bead,synonym,drop,2
bead,synonym,pearl,2
beam,synonym,broadcast,
beam,synonym,ray,3
beam,synonym,shine,
beam,synonym,transmit,
bean,synonym,attic,
bean,synonym,dome,
bear,antonym,bull,
bear,antonym,interest,
bear,similar,carry,3
bear,similar,expect,3
bear,synonym,abide,
bear,synonym,acquit,
bear,synonym,act,
bear,synonym,behave,
bear,synonym,birth,3
bear,synonym,contain,
bear,synonym,deliver,3
bear,synonym,deport,
bear,synonym,endure,
bear,synonym,entertain,2
bear,synonym,harbor,2
bear,synonym,have,3
bear,synonym,hold,2
bear,synonym,nurse,2
bear,synonym,suffer,
bear,synonym,tolerate,
bear,synonym,wear,
beast,synonym,animal,1
beast,synonym,brute,1
beast,synonym,creature,1
beast,synonym,savage,2
beast,synonym,wolf,2
beat,similar,reach,1
beat,synonym,amaze,
beat,synonym,baffle,
beat,synonym,bewilder,
beat,synonym,crush,1
beat,synonym,dead,
beat,synonym,exhaust,
beat,synonym,metre,
beat,synonym,pulse,
beat,synonym,puzzle,
beat,synonym,rhythm,
beat,synonym,shell,1
beat,synonym,thump,
beauty,synonym,dish,2
beauty,synonym,peach,2
beckon,synonym,wave,1
become,similar,turn,2
become,synonym,get,1
become,synonym,go,1
become,synonym,turn,2
bed,synonym,bottom,3
bed,synonym,layer,
bed,synonym,screw,
bed,synonym,seam,
beef,synonym,kick,3
before,synonym,ahead,2
beforehand,similar,early,2
beforehand,synonym,advance,2
beforehand,synonym,ahead,1
beg,synonym,pray,1
beg,synonym,solicit,2
beg,synonym,tap,2
begin,antonym,end,1
begin,similar,start,2
begin,synonym,commence,1
begin,synonym,get,1
begin,synonym,start,1
behave,similar,act,1
behave,similar,play,1
behave,similar,pretend,1
behave,synonym,acquit,1
behave,synonym,act,1
behave,synonym,bear,1
behave,synonym,carry,1
behave,synonym,conduct,1
behave,synonym,deport,1
behave,synonym,do,1
behaviour,synonym,conduct,2
behind,similar,down,2
behind,synonym,ass,1
behind,synonym,bottom,1
behind,synonym,bum,1
behind,synonym,bun,1
behind,synonym,butt,1
behind,synonym,can,1
behind,synonym,rear,1
behind,synonym,seat,1
behind,synonym,stern,1
behind,synonym,tail,1
belief,synonym,impression,2
belief,synonym,notion,2
belief,synonym,opinion,2
believe,synonym,conceive,2
believe,synonym,consider,2
believe,synonym,think,2
believe,synonym,trust,3
bell,synonym,buzz,2
bell,synonym,toll,3
bellow,synonym,roar,2
belly,synonym,abdomen,1
belly,synonym,stomach,1
belong,synonym,go,3
beloved,synonym,baby,2
beloved,synonym,darling,1
beloved,synonym,dear,1
beloved,synonym,honey,2
beloved,synonym,love,2
below,antonym,above,1
below,synonym,beneath,1
belt,synonym,bash,
bench,synonym,judiciary,3
bench,synonym,terrace,2
bend,synonym,crease,
bend,synonym,crook,
bend,synonym,crouch,
bend,synonym,deflect,
bend,synonym,deform,3
bend,synonym,flex,1
bend,synonym,relax,
bend,synonym,stoop,
bend,synonym,turn,3
bend,synonym,twist,3
beneath,synonym,below,1
beneficial,synonym,good,1
beneficiary,synonym,donor,1
benefit,synonym,gain,
benefit,synonym,profit,
benefit,synonym,welfare,2
benevolent,similar,generous,3
benevolent,similar,kind,2
benevolent,synonym,charitable,2
benevolent,synonym,kindly,2
benign,antonym,malign,1
benign,similar,kind,3
benign,similar,kindly,2
best,antonym,worse,1
best,similar,champion,1
best,similar,first,1
best,similar,fore,1
best,similar,optimal,1
best,synonym,better,2
bet,similar,play,2
bet,synonym,bank,3
bet,synonym,calculate,3
bet,synonym,count,3
bet,synonym,depend,3
bet,synonym,look,3
bet,synonym,play,2
bet,synonym,reckon,3
bet,synonym,rely,3
bet,synonym,swear,3
beta,similar,important,2
betray,similar,sell,2
betray,synonym,deceive,
betray,synonym,fail,3
betray,synonym,sell,2
betray,synonym,wander,
better,antonym,worse,1
better,similar,fine,1
better,synonym,amend,
better,synonym,best,3
better,synonym,improve,
beware,synonym,mind,1
bewilder,synonym,amaze,1
bewilder,synonym,baffle,1
bewilder,synonym,beat,1
bewilder,synonym,get,1
bewilder,synonym,gravel,1
bewilder,synonym,pose,1
bewilder,synonym,puzzle,1
bewilder,synonym,stick,1
bewilder,synonym,throw,2
bias,synonym,diagonal,2
bias,synonym,prejudice,1
bicycle,synonym,bike,1
bicycle,synonym,cycle,1
bicycle,synonym,pedal,2
bicycle,synonym,wheel,1
bid,synonym,command,1
bid,synonym,conjure,
bid,synonym,play,2
bid,synonym,tender,3
big,antonym,little,1
big,antonym,small,
big,similar,ample,1
big,similar,broad,1
big,similar,cosmic,1
big,similar,deep,1
big,similar,double,1
big,similar,enormous,1
big,similar,epic,1
big,similar,extensive,1
big,similar,giant,1
big,similar,gigantic,1
big,similar,grand,1
big,similar,great,1
big,similar,huge,1
big,similar,immense,1
big,similar,important,2
big,similar,intense,3
big,similar,large,1
big,similar,massive,1
big,similar,plump,1
big,similar,super,1
big,similar,tremendous,1
big,similar,vast,1
big,similar,wide,1
big,synonym,adult,
big,synonym,bad,3
big,synonym,handsome,
big,synonym,large,1
big,synonym,prominent,
bike,synonym,bicycle,2
bike,synonym,cycle,2
bike,synonym,pedal,3
bike,synonym,wheel,2
bilateral,similar,mutual,2
bilateral,similar,reciprocal,2
bill,synonym,account,2
bill,synonym,measure,1
bill,synonym,note,3
bill,synonym,poster,
billion,synonym,million,2
binary,similar,multiple,2
bind,similar,adhere,1
bind,similar,cleave,1
bind,similar,cling,1
bind,similar,stick,1
bind,synonym,adhere,1
bind,synonym,attach,2
bind,synonym,bandage,
bind,synonym,bond,1
bind,synonym,bounce,
bind,synonym,confine,
bind,synonym,jump,
bind,synonym,leap,
bind,synonym,oblige,
bind,synonym,restrict,
bind,synonym,stick,1
bind,synonym,tie,2
biography,synonym,life,1
bird,synonym,chicken,3
bird,synonym,doll,3
bird,synonym,shuttle,
bird,synonym,skirt,3
bird,synonym,snort,
birth,antonym,death,1
birth,synonym,bear,
birth,synonym,renaissance,
bit,synonym,chip,2
bit,synonym,flake,2
bit,synonym,minute,3
bit,synonym,moment,3
bit,synonym,number,
bit,synonym,routine,
bit,synonym,scrap,2
bit,synonym,second,3
bit,synonym,seconds,3
bit,synonym,spot,1
bite,similar,burn,2
bite,synonym,burn,2
bite,synonym,snack,
bite,synonym,sting,2
bitter,similar,intolerable,2
bitter,similar,pleasant,3
bitter,synonym,acid,3
bizarre,synonym,eccentric,1
black,antonym,white,1
black,similar,angry,3
black,synonym,bleak,
black,synonym,fatal,
black,synonym,grim,
black,synonym,sinister,
blade,synonym,steel,
blade,synonym,sword,
blame,synonym,charge,3
blame,synonym,damn,
blame,synonym,fault,1
blame,synonym,pick,2
blame,synonym,rap,
bland,synonym,flat,1
bland,synonym,smooth,3
blank,similar,empty,1
blank,synonym,clean,1
blank,synonym,utter,
blank,synonym,white,1
blanket,synonym,broad,
blanket,synonym,cover,1
blanket,synonym,extensive,
blanket,synonym,mantle,2
blanket,synonym,wide,
blast,synonym,attack,
blast,synonym,bang,2
blast,synonym,blow,3
blast,synonym,clap,2
blast,synonym,shoot,
blast,synonym,smash,
blatant,synonym,conspicuous,1
blaze,synonym,glare,
blaze,synonym,hell,2
bleak,similar,cold,3
bleak,synonym,bare,2
bleak,synonym,barren,2
bleak,synonym,black,1
bleak,synonym,dim,1
bleak,synonym,raw,3
bleak,synonym,stark,2
blend,similar,fit,2
blend,similar,go,2
blend,synonym,combine,3
blend,synonym,flux,3
blend,synonym,fuse,3
blend,synonym,go,2
blend,synonym,merge,3
blend,synonym,mingle,1
blend,synonym,mix,3
bless,antonym,curse,1
bless,synonym,sign,3
blind,similar,rational,3
blind,synonym,screen,
blink,synonym,flash,3
blink,synonym,wink,1
bloc,synonym,axis,1
block,synonym,blockade,
block,synonym,cube,3
block,synonym,embarrass,
block,synonym,forget,
block,synonym,halt,
block,synonym,hinder,
block,synonym,impede,
block,synonym,obstruct,
block,synonym,stop,
blockade,synonym,block,3
blockade,synonym,circle,1
blockade,synonym,embarrass,3
blockade,synonym,hinder,3
blockade,synonym,obstruct,3
blonde,similar,fair,1
blood,synonym,lineage,
blood,synonym,rake,3
blood,synonym,rip,3
bloom,synonym,blossom,1
bloom,synonym,blush,
bloom,synonym,flower,1
bloom,synonym,pants,
bloom,synonym,peak,
blossom,synonym,bloom,1
blossom,synonym,flower,1
blossom,synonym,flush,2
blossom,synonym,peak,2
blossom,synonym,prime,2
blot,similar,stain,2
blot,synonym,smear,3
blot,synonym,spot,2
blow,synonym,blast,
blow,synonym,boast,
blow,synonym,bump,
blow,synonym,coke,
blow,synonym,drift,
blow,synonym,float,
blow,synonym,snow,
blow,synonym,spoil,
blow,synonym,stink,
blue,similar,northern,2
blue,synonym,dismal,
blue,synonym,down,3
blue,synonym,grim,3
blue,synonym,low,3
blue,synonym,naughty,
blueprint,synonym,design,1
blueprint,synonym,draft,3
blueprint,synonym,pattern,1
bluff,synonym,bold,
bluff,synonym,sheer,
blunt,similar,direct,3
blunt,similar,dull,2
blunt,synonym,stark,
blur,antonym,focus,3
blush,synonym,bloom,1
blush,synonym,flush,1
blush,synonym,paint,2
blush,synonym,roses,1
blush,synonym,rouge,2
board,synonym,plank,2
boarder,synonym,lodge,1
boast,synonym,blow,1
boast,synonym,feature,2
boast,synonym,gas,1
boast,synonym,sport,2
boast,synonym,tout,1
body,synonym,consistency,
body,synonym,trunk,
boil,antonym,freeze,1
boil,synonym,churn,
bold,similar,brave,1
bold,similar,conspicuous,2
bold,similar,rash,1
bold,similar,reckless,1
bold,similar,steep,3
bold,synonym,bluff,3
bold,synonym,sheer,3
bolster,synonym,pad,3
bomb,synonym,bombard,
bomb,synonym,submarine,
bomb,synonym,wedge,
bombard,synonym,bomb,3
bond,synonym,alliance,3
bond,synonym,bail,
bond,synonym,bind,
bond,synonym,hamper,
bond,synonym,stick,
bone,synonym,cram,
bone,synonym,ivory,3
bone,synonym,pearl,3
bonus,synonym,incentive,2
book,synonym,brochure,
book,synonym,folder,
book,synonym,leaflet,
book,synonym,pamphlet,
book,synonym,record,3
book,synonym,script,
book,synonym,volume,2
booking,synonym,reserve,2
boom,synonym,flourish,
boom,synonym,roar,1
boom,synonym,smash,
boom,synonym,thrive,
boom,synonym,thunder,1
boost,synonym,advance,3
boost,synonym,encourage,3
boost,synonym,further,3
boost,synonym,hike,1
boost,synonym,promote,3
boot,synonym,bang,3
boot,synonym,charge,3
boot,synonym,flush,3
boot,synonym,kick,3
boot,synonym,rush,3
boot,synonym,thrill,3
boot,synonym,trunk,2
booth,synonym,stall,2
border,synonym,adjoin,
border,synonym,edge,3
border,synonym,margin,2
border,synonym,moulding,
border,synonym,perimeter,2
border,synonym,surround,
boring,synonym,dead,1
boring,synonym,drill,2
boring,synonym,dull,1
boring,synonym,slow,1
boring,synonym,weary,1
born,similar,intelligent,2
borrow,antonym,lend,1
borrow,synonym,adopt,2
boss,synonym,chief,1
boss,synonym,knob,
botany,synonym,flora,1
botany,synonym,vegetation,1
both,similar,some,1
bother,synonym,annoy,2
bother,synonym,devil,2
bother,synonym,fuss,
bother,synonym,gravel,2
bother,synonym,irritate,2
bother,synonym,nuisance,
bother,synonym,rag,2
bother,synonym,trouble,1
bottom,antonym,side,
bottom,antonym,top,
bottom,synonym,ass,3
bottom,synonym,bed,
bottom,synonym,behind,3
bottom,synonym,bum,3
bottom,synonym,bun,3
bottom,synonym,butt,3
bottom,synonym,can,3
bottom,synonym,penetrate,
bottom,synonym,rear,3
bottom,synonym,seat,3
bottom,synonym,stern,3
bottom,synonym,tail,3
bounce,antonym,clear,
bounce,synonym,bind,1
bounce,synonym,rebound,1
bounce,synonym,spring,1
boundary,synonym,bounds,1
boundary,synonym,edge,2
boundary,synonym,limit,3
bounds,synonym,boundary,1
bourgeois,similar,capitalist,1
bourgeois,synonym,conservative,2
bout,synonym,round,1
bout,synonym,turn,1
bow,synonym,arc,
bow,synonym,crouch,
bow,synonym,defer,3
bow,synonym,fore,
bow,synonym,stoop,
bow,synonym,submit,3
bowel,synonym,gut,1
bowel,synonym,intestine,1
bowl,synonym,arena,
bowl,synonym,stadium,
boy,antonym,girl,1
boy,synonym,son,3
brace,synonym,pair,
brace,synonym,poise,1
brace,synonym,steady,2
braid,synonym,lace,3
braid,synonym,twist,1
brain,synonym,genius,
brain,synonym,head,3
brain,synonym,mind,3
brain,synonym,wit,2
branch,synonym,arm,1
branch,synonym,fork,
branch,synonym,leg,3
brand,synonym,denounce,
brand,synonym,make,2
brand,synonym,steel,
brand,synonym,sword,
brass,synonym,administration,3
brass,synonym,nerve,
brass,synonym,plaque,
brave,similar,bold,2
brave,similar,desperate,1
brave,similar,game,1
brave,synonym,endure,
brave,synonym,gay,3
brave,synonym,weather,
breach,synonym,break,3
breach,synonym,offend,
breach,synonym,violate,
bread,synonym,cabbage,2
bread,synonym,dough,2
bread,synonym,lettuce,2
bread,synonym,loot,2
bread,synonym,scratch,2
bread,synonym,sugar,2
breadth,synonym,comprehensive,1
break,antonym,keep,
break,antonym,make,
break,antonym,repair,
break,similar,die,3
break,similar,fail,3
break,similar,go,3
break,synonym,bankrupt,
break,synonym,breach,
break,synonym,burst,
break,synonym,bust,
break,synonym,cease,
break,synonym,collapse,
break,synonym,crack,
break,synonym,disclose,
break,synonym,expose,
break,synonym,fracture,
break,synonym,interrupt,1
break,synonym,offend,
break,synonym,pause,
break,synonym,quit,
break,synonym,relegate,
break,synonym,reveal,
break,synonym,ruin,
break,synonym,separate,2
break,synonym,smash,
break,synonym,split,
break,synonym,stop,
break,synonym,violate,
breast,synonym,chest,1
breath,synonym,hint,
breathe,synonym,emit,
breed,similar,brood,2
breed,similar,cover,2
breed,similar,hatch,2
breed,similar,incubate,2
breed,synonym,cover,2
breed,synonym,spawn,1
breeze,synonym,air,1
breeze,synonym,picnic,2
breeze,synonym,snap,2
bribe,synonym,buy,1
bribe,synonym,corrupt,1
bribe,synonym,graft,
bridge,synonym,span,1
brief,similar,short,1
bright,antonym,dull,1
bright,similar,blind,1
bright,similar,brilliant,1
bright,similar,glossy,1
bright,similar,intelligent,3
bright,similar,luminous,1
bright,similar,silver,1
bright,similar,sleek,1
bright,similar,slick,1
bright,synonym,brilliant,2
bright,synonym,smart,3
bright,synonym,vivid,2
brilliant,similar,intelligent,2
brilliant,similar,superior,1
brilliant,synonym,bright,
brilliant,synonym,magnificent,3
brilliant,synonym,splendid,3
brilliant,synonym,superb,1
brilliant,synonym,vivid,
brim,synonym,lip,1
brim,synonym,rim,1
bring,similar,act,3
bring,similar,convey,1
bring,similar,fetch,1
bring,similar,get,1
bring,similar,work,3
bring,synonym,add,
bring,synonym,contribute,
bring,synonym,convey,1
bring,synonym,fetch,
bring,synonym,institute,
bring,synonym,lend,
bring,synonym,play,3
bring,synonym,take,1
bring,synonym,work,3
brink,synonym,threshold,1
brink,synonym,verge,1
brisk,similar,active,3
brisk,synonym,alert,1
brisk,synonym,fresh,2
brisk,synonym,lively,1
brisk,synonym,merry,1
bristle,synonym,abound,3
bristle,synonym,burst,3
broad,similar,comprehensive,2
broad,similar,deep,1
broad,similar,general,3
broad,synonym,blanket,2
broad,synonym,extensive,2
broad,synonym,liberal,
broad,synonym,specific,3
broad,synonym,tolerant,
broad,synonym,wide,1
broadcast,similar,circulate,3
broadcast,similar,spread,3
broadcast,synonym,air,1
broadcast,synonym,beam,1
broadcast,synonym,circulate,3
broadcast,synonym,diffuse,3
broadcast,synonym,disperse,3
broadcast,synonym,disseminate,3
broadcast,synonym,distribute,3
broadcast,synonym,programme,
broadcast,synonym,propagate,3
broadcast,synonym,send,1
broadcast,synonym,spread,3
broadcast,synonym,transmit,1
brochure,synonym,book,1
brochure,synonym,folder,1
brochure,synonym,leaflet,1
brochure,synonym,pamphlet,1
broker,synonym,agent,1
broker,synonym,factor,1
brood,synonym,dwell,2
brood,synonym,hover,3
brood,synonym,incubate,
brood,synonym,loom,3
brood,synonym,stew,
brother,antonym,sister,1
brother,synonym,comrade,3
brother,synonym,union,
brow,synonym,eyebrow,2
brow,synonym,forehead,1
brownie,synonym,elf,1
browse,synonym,graze,
browse,synonym,surf,
bruise,synonym,hurt,3
bruise,synonym,injure,3
bruise,synonym,offend,3
bruise,synonym,spite,3
bruise,synonym,wound,3
brush,similar,sweep,2
brush,synonym,sweep,
brute,similar,humane,1
brute,synonym,animal,3
brute,synonym,beast,2
brute,synonym,creature,3
brute,synonym,cruel,
brute,synonym,savage,2
brute,synonym,vicious,
brute,synonym,wolf,2
bubble,synonym,champagne,
buck,synonym,dollar,2
buck,synonym,horse,3
buckle,synonym,clasp,1
buckle,synonym,crumple,2
buckle,synonym,heave,3
buckle,synonym,warp,3
buddy,synonym,pal,1
buffer,synonym,pilot,3
buffet,synonym,counter,1
bug,synonym,intercept,
bug,synonym,tease,
build,synonym,anatomy,
build,synonym,construct,1
build,synonym,establish,3
build,synonym,figure,
build,synonym,flesh,
build,synonym,frame,
build,synonym,make,1
build,synonym,progress,2
build,synonym,shape,
bulge,synonym,bag,3
bulge,synonym,bump,1
bulge,synonym,prominence,1
bulge,synonym,swell,1
bulk,synonym,majority,1
bulk,synonym,mass,2
bulk,synonym,volume,2
bull,antonym,bear,
bull,synonym,cop,
bull,synonym,copper,
bullet,synonym,heat,3
bullet,synonym,slug,1
bullet,synonym,smoke,3
bully,synonym,keen,
bully,synonym,swell,
bully,synonym,tough,1
bum,synonym,ass,
bum,synonym,behind,
bum,synonym,bottom,
bum,synonym,cheap,
bum,synonym,crumb,1
bum,synonym,loaf,
bum,synonym,rat,1
bum,synonym,seat,
bum,synonym,stern,
bum,synonym,stink,1
bump,synonym,blow,3
bump,synonym,bulge,2
bump,synonym,encounter,
bump,synonym,find,
bump,synonym,knock,
bump,synonym,prominence,2
bump,synonym,relegate,
bump,synonym,slap,
bump,synonym,swell,2
bun,synonym,ass,
bun,synonym,behind,
bun,synonym,bottom,
bun,synonym,roll,1
bun,synonym,seat,
bun,synonym,stern,
bunch,synonym,clump,1
bunch,synonym,cluster,1
bunch,synonym,crew,2
bunch,synonym,crowd,2
bunch,synonym,gang,2
bunch,synonym,lot,3
bundle,synonym,cluster,
bundle,synonym,pack,
bundle,synonym,packet,1
bundle,synonym,parcel,1
bundle,synonym,pile,3
bungalow,synonym,cottage,1
bunker,synonym,trap,1
burden,synonym,core,3
burden,synonym,effect,3
burden,synonym,essence,3
burden,synonym,load,1
bureau,synonym,agency,1
bureau,synonym,authority,1
bureau,synonym,chest,2
bureau,synonym,office,1
burn,similar,fire,3
burn,similar,incinerate,1
burn,synonym,bite,
burn,synonym,fire,1
burn,synonym,glow,2
burn,synonym,incinerate,
burrow,synonym,tunnel,1
burst,synonym,abound,
burst,synonym,break,2
burst,synonym,bristle,
burst,synonym,erupt,2
burst,synonym,explode,3
burst,synonym,explosion,
burst,synonym,split,1
bury,synonym,forget,
bury,synonym,immerse,
bury,synonym,swallow,
bus,synonym,coach,1
bus,synonym,heap,
bush,synonym,scrub,3
bush,synonym,shrub,1
business,synonym,concern,1
business,synonym,job,3
business,synonym,line,3
business,synonym,occupation,3
business,synonym,patronage,
bust,similar,break,1
bust,similar,wear,1
bust,synonym,break,1
bust,synonym,flop,
bust,synonym,raid,2
bust,synonym,snap,3
bust,synonym,tear,3
bustle,synonym,fuss,2
bustle,synonym,stir,2
busy,antonym,idle,1
busy,similar,fancy,2
busy,synonym,occupy,
but,synonym,just,1
but,synonym,only,1
butcher,synonym,massacre,
butcher,synonym,slaughter,3
butt,synonym,adjoin,
butt,synonym,ass,
butt,synonym,behind,
butt,synonym,bottom,
butt,synonym,cigarette,
butt,synonym,goat,3
butt,synonym,seat,
butt,synonym,stern,
butterfly,synonym,flirt,
button,synonym,push,2
buy,antonym,sell,1
buy,similar,purchase,3
buy,synonym,bargain,
buy,synonym,bribe,2
buy,synonym,corrupt,2
buy,synonym,purchase,1
buzz,synonym,bell,
by,synonym,aside,2
by,synonym,away,2
by,synonym,past,1
cab,synonym,hack,3
cab,synonym,taxi,3
cabbage,synonym,bread,2
cabbage,synonym,dough,2
cabbage,synonym,lettuce,2
cabbage,synonym,loot,2
cabbage,synonym,scratch,2
cabbage,synonym,sneak,
cabbage,synonym,sugar,2
cabinet,synonym,locker,3
cable,synonym,line,2
cable,synonym,telegraph,
cake,synonym,bar,1
calculate,synonym,account,3
calculate,synonym,bet,
calculate,synonym,depend,
calculate,synonym,estimate,2
calculate,synonym,figure,1
calculate,synonym,forecast,2
calculate,synonym,reckon,1
calculate,synonym,rely,
call,similar,address,1
call,similar,name,2
call,synonym,cry,
call,synonym,name,1
call,synonym,predict,
call,synonym,promise,
call,synonym,ring,3
call,synonym,scream,
call,synonym,shout,
call,synonym,telephone,3
call,synonym,visit,
call,synonym,yell,
calm,antonym,agitate,
calm,similar,quiet,2
calm,similar,smooth,2
calm,similar,still,2
calm,similar,tranquil,2
calm,synonym,serene,1
calm,synonym,tranquil,1
camp,synonym,tent,
campaign,synonym,agitate,
campaign,synonym,candidate,
campaign,synonym,cause,2
campaign,synonym,crusade,2
campaign,synonym,drive,2
campaign,synonym,effort,2
campaign,synonym,nominee,
campaign,synonym,run,1
can,synonym,ass,
can,synonym,behind,
can,synonym,bottom,
can,synonym,displace,
can,synonym,pot,
can,synonym,sack,
can,synonym,seat,
can,synonym,stern,
can,synonym,throne,
can,synonym,tin,1
can,synonym,toilet,
canal,synonym,channel,2
canal,synonym,duct,2
cancel,synonym,delete,
cancel,synonym,offset,2
cancel,synonym,scratch,1
cancel,synonym,scrub,1
candidate,synonym,campaign,1
candidate,synonym,nominee,1
candidate,synonym,prospect,2
candy,synonym,glaze,2
cans,synonym,tin,1
cap,synonym,ceiling,
cap,synonym,hood,
cap,synonym,jacket,
capable,similar,able,1
capable,similar,confident,1
capable,similar,susceptible,2
capable,synonym,able,
capable,synonym,open,2
capable,synonym,subject,2
capacity,synonym,content,3
cape,synonym,mantle,2
capitalism,antonym,socialism,1
capitalist,similar,bourgeois,2
capitalist,similar,individual,2
caption,synonym,legend,3
captive,synonym,intent,
captive,synonym,prison,1
capture,synonym,appropriated,
capture,synonym,catch,2
capture,synonym,charm,2
capture,synonym,conquer,
capture,synonym,enchant,2
capture,synonym,entrance,2
capture,synonym,fascinate,2
capture,synonym,get,3
capture,synonym,seize,
capture,synonym,seizure,
car,synonym,automobile,1
car,synonym,machine,1
caravan,synonym,train,1
caravan,synonym,van,2
carbohydrate,synonym,sugar,1
card,synonym,menu,
card,synonym,poster,
card,synonym,wit,
cardboard,similar,artificial,1
cardboard,similar,real,1
cardinal,synonym,fundamental,
care,synonym,aid,1
care,synonym,attention,1
care,synonym,caution,2
care,synonym,concern,3
care,synonym,fear,3
care,synonym,handle,
care,synonym,like,
care,synonym,manage,
care,synonym,precaution,2
care,synonym,wish,
care,synonym,worry,
career,synonym,vocation,1
cargo,synonym,freight,1
cargo,synonym,load,1
cargo,synonym,ship,1
carnival,synonym,circus,2
carnival,synonym,fair,3
carpet,synonym,rug,1
carriage,synonym,coach,1
carriage,synonym,posture,3
carriage,synonym,rig,2
carry,similar,convey,3
carry,similar,express,3
carry,synonym,acquit,
carry,synonym,act,
carry,synonym,behave,
carry,synonym,channel,3
carry,synonym,conduct,3
carry,synonym,contain,
carry,synonym,convey,3
carry,synonym,deport,
carry,synonym,express,
carry,synonym,pack,2
carry,synonym,persuade,
carry,synonym,sway,
carry,synonym,take,2
carry,synonym,transmit,3
carry,synonym,transport,1
cart,synonym,drag,3
cart,synonym,haul,3
cartel,synonym,combine,1
cartel,synonym,trust,1
cartoon,synonym,sketch,1
cartridge,synonym,magazine,2
cascade,synonym,shower,3
case,synonym,cause,3
case,synonym,event,2
case,synonym,example,1
case,synonym,instance,1
case,synonym,suit,3
case,synonym,type,
cash,antonym,credit,2
cast,synonym,drift,
cast,synonym,hurl,
cast,synonym,mould,2
cast,synonym,put,
cast,synonym,ramble,
cast,synonym,roam,
cast,synonym,rove,
cast,synonym,shed,
cast,synonym,stamp,3
cast,synonym,throw,
cast,synonym,vomit,
cast,synonym,wander,
castle,synonym,palace,1
casual,similar,informal,3
casual,synonym,every,3
cat,synonym,guy,2
cat,synonym,vomit,
catastrophe,synonym,disaster,1
catastrophe,synonym,tragedy,1
catch,synonym,arrest,
catch,synonym,capture,
catch,synonym,enchant,
catch,synonym,fascinate,
catch,synonym,get,3
catch,synonym,grab,
catch,synonym,overhear,
catch,synonym,overtake,
catch,synonym,watch,
category,synonym,class,1
category,synonym,classification,
category,synonym,family,1
cater,synonym,provide,1
cater,synonym,supply,1
cattle,synonym,cow,1
cause,synonym,campaign,3
cause,synonym,case,
cause,synonym,crusade,3
cause,synonym,drive,3
cause,synonym,effort,3
cause,synonym,ground,2
cause,synonym,induce,
cause,synonym,reason,2
cause,synonym,stimulate,
cause,synonym,suit,
caution,synonym,care,1
caution,synonym,cautious,1
caution,synonym,precaution,3
cautious,similar,moderate,2
cautious,synonym,caution,
cautious,synonym,conservative,2
cavalry,synonym,horse,1
cave,synonym,undermine,2
cavity,synonym,pit,1
cease,synonym,break,1
cease,synonym,end,2
cease,synonym,finish,2
cease,synonym,quit,1
cease,synonym,stop,1
cease,synonym,terminate,2
ceiling,synonym,cap,3
ceiling,synonym,roof,3
celebrate,synonym,keep,1
celebrate,synonym,observe,1
celebrity,synonym,fame,2
celebrity,synonym,renown,2
cellar,synonym,basement,1
censor,synonym,ban,1
cent,synonym,penny,2
centre,synonym,concentrate,
centre,synonym,essence,
centre,synonym,eye,1
centre,synonym,focus,
centre,synonym,heart,1
centre,synonym,mall,
centre,synonym,meat,
centre,synonym,middle,1
centre,synonym,point,2
centre,synonym,substance,
century,synonym,hundred,2
cereal,synonym,grain,2
certain,similar,confident,2
certain,similar,definite,1
certain,similar,positive,2
certain,similar,sure,3
certain,synonym,sure,2
certificate,synonym,credentials,1
certify,synonym,demonstrate,1
certify,synonym,endorse,
certify,synonym,evidence,1
certify,synonym,licence,3
certify,synonym,manifest,1
chain,synonym,strand,
chair,synonym,chairman,3
chair,synonym,president,3
chair,synonym,professor,2
chaired,synonym,chairman,1
chaired,synonym,lead,2
chaired,synonym,moderate,2
chairman,synonym,chair,2
chairman,synonym,chaired,2
chairman,synonym,president,
chalk,synonym,glass,3
chalk,synonym,ice,3
chalk,synonym,trash,3
challenge,synonym,dispute,
challenge,synonym,rival,
champagne,synonym,bubble,1
champion,synonym,ace,
champion,synonym,friend,3
champion,synonym,genius,
champion,synonym,hero,2
champion,synonym,patronage,
champion,synonym,protagonist,3
champion,synonym,sensation,
champion,synonym,star,
champion,synonym,wizard,
chance,synonym,adventure,
chance,synonym,encounter,
chance,synonym,find,
chance,synonym,fortune,2
chance,synonym,gamble,
chance,synonym,hazard,2
chance,synonym,luck,2
chance,synonym,opportunity,1
chance,synonym,prospect,
chancellor,synonym,premier,1
change,antonym,stay,2
change,synonym,alter,1
change,synonym,modify,1
change,synonym,switch,
change,synonym,vary,3
channel,synonym,canal,
channel,synonym,carry,
channel,synonym,duct,
channel,synonym,groove,3
channel,synonym,transmit,
chant,synonym,tone,3
chaotic,similar,wild,2
chap,synonym,crack,2
chap,synonym,fellow,1
chap,synonym,gentleman,1
chap,synonym,lad,1
character,synonym,fibre,3
character,synonym,graph,
character,synonym,quality,2
character,synonym,role,
character,synonym,type,
characteristic,synonym,feature,1
charge,antonym,discharge,
charge,synonym,accuse,
charge,synonym,agitate,
charge,synonym,appoint,
charge,synonym,blame,
charge,synonym,boot,
charge,synonym,complaint,2
charge,synonym,mission,
charge,synonym,rouse,
charge,synonym,thrill,
charitable,similar,benevolent,2
charitable,similar,kind,3
charitable,synonym,benevolent,3
charitable,synonym,kindly,3
charm,synonym,appeal,1
charm,synonym,capture,
charm,synonym,enchant,
charm,synonym,fascinate,
charm,synonym,spell,2
chart,synonym,graph,1
charter,synonym,hire,3
charter,synonym,lease,3
charter,synonym,rent,3
chase,synonym,dog,1
chase,synonym,pursuit,
chase,synonym,tag,1
chase,synonym,tail,1
chase,synonym,track,1
chase,synonym,trail,1
chat,synonym,chatter,1
chat,synonym,gossip,1
chat,synonym,jaw,1
chat,synonym,visit,1
chatter,synonym,chat,
chatter,synonym,click,
cheap,antonym,expensive,1
cheap,similar,inferior,3
cheap,synonym,bum,3
cheap,synonym,expensive,1
cheap,synonym,flash,2
cheap,synonym,loud,2
cheap,synonym,punk,3
cheat,synonym,chess,
cheat,synonym,jockey,2
cheat,synonym,screw,2
cheat,synonym,shaft,2
cheat,synonym,wander,
check,similar,ascertain,3
check,similar,control,3
check,similar,determine,3
check,similar,learn,3
check,similar,mark,1
check,similar,see,3
check,similar,tick,1
check,similar,verify,3
check,similar,watch,3
check,synonym,agree,
check,synonym,arrest,
check,synonym,ascertain,3
check,synonym,assure,3
check,synonym,cheque,
check,synonym,contain,
check,synonym,control,3
check,synonym,correspond,
check,synonym,crack,
check,synonym,curb,
check,synonym,ensure,3
check,synonym,handicap,
check,synonym,hitch,
check,synonym,insure,3
check,synonym,see,3
check,synonym,tab,
check,synonym,tally,
check,synonym,tick,
cheek,synonym,nerve,
cheer,antonym,complain,
cheer,synonym,create,1
cheer,synonym,urge,
chemist,synonym,drug,2
chemist,synonym,pharmacy,2
cheque,synonym,check,1
cherish,synonym,treasure,1
cherry,synonym,red,
cherry,synonym,scarlet,
chess,synonym,cheat,1
chest,synonym,breast,3
chest,synonym,bureau,
chew,synonym,jaw,1
chew,synonym,plug,2
chicken,synonym,bird,
chicken,synonym,doll,
chicken,synonym,yellow,
chief,similar,important,1
chief,synonym,boss,3
chief,synonym,head,2
chief,synonym,main,1
chief,synonym,master,1
chief,synonym,primary,1
chief,synonym,principal,1
child,antonym,parent,2
child,synonym,baby,3
child,synonym,fry,1
child,synonym,kid,1
child,synonym,kidding,1
child,synonym,minor,1
chill,synonym,chilli,
chill,synonym,ice,1
chill,synonym,quiver,2
chill,synonym,shiver,2
chill,synonym,shudder,2
chill,synonym,thrill,2
chilli,synonym,chill,1
chip,synonym,bit,1
chip,synonym,flake,1
chip,synonym,scrap,1
chocolate,synonym,cocoa,1
chocolate,synonym,coffee,3
choice,synonym,alternative,3
choice,synonym,option,2
choice,synonym,pick,1
choice,synonym,prime,
choice,synonym,select,
choke,synonym,congest,
choke,synonym,die,
choke,synonym,expire,
choke,synonym,fret,2
choke,synonym,gag,2
choke,synonym,perish,
choke,synonym,stifle,
choose,synonym,opt,2
choose,synonym,prefer,2
choose,synonym,select,1
choose,synonym,take,1
chop,synonym,hack,
chore,synonym,job,1
chore,synonym,task,1
chorus,synonym,refrain,3
chronic,antonym,acute,1
chronic,similar,long,2
chronic,similar,usual,3
chronicle,synonym,account,1
chronicle,synonym,history,1
chronicle,synonym,story,1
chuck,synonym,ditch,2
chuck,synonym,pat,3
chuck,synonym,toss,1
chuck,synonym,vomit,
chunk,synonym,ball,1
chunk,synonym,clump,1
chunk,synonym,lump,1
churn,synonym,boil,2
cigarette,synonym,butt,1
cinema,synonym,film,1
circle,synonym,band,2
circle,synonym,blockade,
circle,synonym,lot,2
circle,synonym,rope,
circle,synonym,set,2
circuit,synonym,tour,2
circulate,similar,broadcast,1
circulate,similar,diffuse,1
circulate,similar,disperse,1
circulate,similar,disseminate,1
circulate,similar,distribute,1
circulate,similar,propagate,1
circulate,similar,spread,1
circulate,synonym,broadcast,2
circulate,synonym,diffuse,2
circulate,synonym,disperse,2
circulate,synonym,disseminate,2
circulate,synonym,distribute,2
circulate,synonym,propagate,2
circulate,synonym,spread,1
circumstance,synonym,condition,3
circumstance,synonym,context,2
circumstance,synonym,destiny,
circumstance,synonym,fate,
circumstance,synonym,luck,
circus,synonym,carnival,3
cite,synonym,advertise,1
cite,synonym,mention,1
cite,synonym,name,1
cite,synonym,quote,
cite,synonym,refer,1
cite,synonym,summon,
citizen,synonym,people,
civic,synonym,civil,2
civil,similar,civilian,1
civil,synonym,civic,
civil,synonym,polite,2
civilian,antonym,military,2
civilian,similar,civil,2
civilise,synonym,cultivate,1
civilise,synonym,educate,1
civilise,synonym,school,1
civilise,synonym,train,1
claim,similar,take,2
clamp,synonym,clinch,3
clan,synonym,kin,1
clan,synonym,tribe,1
clap,synonym,acclaim,3
clap,synonym,applaud,3
clap,synonym,blast,
clap,synonym,spit,3
clash,synonym,collide,
clash,synonym,crash,1
clash,synonym,friction,2
clasp,synonym,buckle,
clasp,synonym,clench,2
clasp,synonym,clutch,2
clasp,synonym,grasp,2
clasp,synonym,grip,2
clasp,synonym,hold,2
class,synonym,category,1
class,synonym,classify,
class,synonym,course,2
class,synonym,family,1
class,synonym,form,2
class,synonym,grade,2
classic,similar,superior,3
classic,similar,typical,2
classification,synonym,category,1
classification,synonym,compartment,1
classify,synonym,class,1
classify,synonym,relegate,3
classify,synonym,separate,1
classify,synonym,sort,1
clause,synonym,article,2
claw,synonym,hook,2
clay,synonym,corpse,3
clay,synonym,mud,2
clay,synonym,stiff,3
clean,antonym,dirty,1
clean,similar,fresh,1
clean,similar,pure,3
clean,synonym,blank,
clean,synonym,cleanse,
clean,synonym,clear,2
clean,synonym,dirty,
clean,synonym,light,3
clean,synonym,neat,
cleanse,synonym,clean,1
clear,antonym,bounce,
clear,similar,broad,1
clear,similar,distinct,1
clear,similar,subtle,1
clear,similar,vivid,1
clear,synonym,acquit,
clear,synonym,authorise,
clear,synonym,clean,
clear,synonym,earn,
clear,synonym,enlighten,
clear,synonym,illuminate,
clear,synonym,open,3
clear,synonym,realise,
clear,synonym,sack,
clear,synonym,solve,
cleave,similar,adhere,3
cleave,similar,bind,3
cleave,similar,bond,3
cleave,similar,split,2
cleave,similar,stick,3
cleave,synonym,adhere,3
cleave,synonym,cling,3
cleave,synonym,split,1
cleave,synonym,stick,3
clench,synonym,clasp,
clench,synonym,clinch,1
clench,synonym,clutch,
clench,synonym,grip,
clever,similar,intelligent,2
clever,similar,smart,1
clever,synonym,apt,2
click,synonym,chatter,3
click,synonym,penetrate,
click,synonym,snap,1
click,synonym,tick,2
client,synonym,customer,2
client,synonym,guest,3
client,synonym,node,3
cliff,synonym,drop,1
climate,synonym,mood,2
climax,synonym,culminate,
climb,synonym,ascend,1
climb,synonym,ascent,
climb,synonym,mount,1
climb,synonym,rise,3
climb,synonym,wax,3
clinch,synonym,clamp,
clinch,synonym,clench,2
clinch,synonym,hug,
cling,similar,adhere,1
cling,similar,bind,1
cling,similar,bond,1
cling,similar,stick,1
cling,synonym,adhere,1
cling,synonym,cleave,1
cling,synonym,hang,3
cling,synonym,stick,1
clip,synonym,curtail,
clip,synonym,magazine,1
clip,synonym,prune,
clip,synonym,time,2
clip,synonym,trot,
cloak,synonym,mask,3
clock,synonym,time,2
clog,synonym,congest,
close,antonym,distant,
close,antonym,open,1
close,similar,shut,1
close,synonym,conclusion,
close,synonym,fold,3
close,synonym,last,
close,synonym,lasted,
close,synonym,near,
close,synonym,shut,1
closed,antonym,open,1
closed,synonym,shut,3
closet,synonym,cupboard,1
closet,synonym,press,3
closet,synonym,wardrobe,3
cloth,synonym,fabric,1
cloth,synonym,material,1
cloth,synonym,textile,1
clothes,synonym,dress,1
cloud,synonym,mist,
cloud,synonym,swarm,
clown,synonym,comedy,
club,synonym,guild,2
club,synonym,lodge,2
club,synonym,nightclub,
club,synonym,nine,1
club,synonym,order,2
club,synonym,society,2
clue,synonym,cue,2
clue,synonym,hint,1
clump,synonym,ball,2
clump,synonym,bunch,1
clump,synonym,chunk,2
clump,synonym,cluster,1
clump,synonym,lump,2
clump,synonym,thump,3
clumsy,similar,awkward,1
clumsy,synonym,apt,2
clumsy,synonym,awkward,2
cluster,synonym,bunch,1
cluster,synonym,bundle,3
cluster,synonym,clump,1
cluster,synonym,flock,2
clutch,synonym,batch,
clutch,synonym,clasp,1
clutch,synonym,clench,1
clutch,synonym,grasp,1
clutch,synonym,grip,1
clutch,synonym,hold,1
clutch,synonym,seize,
coach,synonym,bus,
coach,synonym,carriage,3
coach,synonym,tutor,2
coalition,synonym,alliance,1
coalition,synonym,fuse,2
coarse,antonym,fine,1
coarse,similar,inferior,3
coarse,similar,loose,1
coarse,similar,open,1
coarse,synonym,common,2
coarse,synonym,harsh,1
cock,synonym,hammer,3
cock,synonym,shaft,1
cock,synonym,tool,1
cocoa,synonym,chocolate,1
coerce,synonym,force,1
coerce,synonym,pressure,1
coerce,synonym,squeeze,1
coffee,synonym,chocolate,
coherent,similar,rational,2
coherent,synonym,consistent,1
coil,synonym,curl,2
coil,synonym,roll,2
coil,synonym,scroll,2
coil,synonym,spiral,1
coin,synonym,mint,3
coin,synonym,strike,3
coke,synonym,blow,2
coke,synonym,snow,2
cold,antonym,hot,1
cold,similar,arctic,1
cold,similar,bleak,1
cold,similar,crisp,1
cold,similar,polar,1
cold,similar,raw,1
collaborate,similar,cooperate,2
collaborate,synonym,cooperate,1
collapse,similar,abandon,1
collapse,similar,burst,1
collapse,synonym,break,1
collapse,synonym,crash,
collapse,synonym,crumble,
collapse,synonym,crumple,
collapse,synonym,founded,1
collapse,synonym,give,1
collar,synonym,apprehend,
collar,synonym,arrest,
collar,synonym,cop,
collar,synonym,leash,
colleague,synonym,fellow,2
collect,synonym,accumulate,1
collect,synonym,compile,1
collect,synonym,gather,3
collide,synonym,clash,1
collide,synonym,jar,1
collision,synonym,hit,1
colony,synonym,dependency,
column,synonym,pillar,
column,synonym,tower,
combat,synonym,battle,3
combat,synonym,fight,2
combat,synonym,scrap,2
combine,synonym,blend,
combine,synonym,cartel,
combine,synonym,compound,2
combine,synonym,fuse,
combine,synonym,merge,
combine,synonym,mix,
combine,synonym,unite,1
come,antonym,go,1
come,similar,get,2
come,synonym,arrive,2
come,synonym,descend,
come,synonym,get,2
come,synonym,hail,
come,synonym,occur,
comedy,antonym,tragedy,1
comedy,synonym,clown,2
comedy,synonym,comic,
comedy,synonym,fun,2
comfort,synonym,console,3
comfort,synonym,ease,
comfort,synonym,quilt,
comfort,synonym,soothe,
comic,synonym,comedy,3
command,synonym,bid,1
command,synonym,require,
commemorate,synonym,mark,1
commemorate,synonym,remember,2
commence,similar,begin,1
commence,synonym,begin,1
commence,synonym,get,1
commence,synonym,start,1
commend,synonym,recommend,
comment,synonym,gossip,3
comment,synonym,input,1
comment,synonym,notice,
comment,synonym,remark,1
commentator,synonym,review,2
commission,synonym,committee,1
commission,synonym,mission,
commit,similar,give,3
commit,similar,sacrifice,3
commit,synonym,confide,
commit,synonym,dedicate,3
commit,synonym,devote,3
commit,synonym,give,3
commit,synonym,invest,
commit,synonym,perpetrate,1
commit,synonym,pull,1
committee,synonym,commission,1
commodity,synonym,good,1
common,antonym,individual,1
common,similar,average,2
common,similar,communal,1
common,similar,frequent,2
common,similar,general,2
common,similar,ordinary,2
common,similar,popular,2
common,similar,public,1
common,similar,standard,2
common,synonym,coarse,
common,synonym,mutual,3
common,synonym,park,
common,synonym,usual,
commonplace,similar,ordinary,1
commonplace,similar,original,3
commonplace,synonym,stock,3
commonwealth,synonym,country,2
commonwealth,synonym,democracy,
commonwealth,synonym,land,2
commonwealth,synonym,nation,2
commonwealth,synonym,republic,
commonwealth,synonym,state,2
communal,similar,common,1
communicate,synonym,convey,3
communicate,synonym,pass,1
communicate,synonym,transmit,3
compact,antonym,loose,
compact,synonym,compress,
compact,synonym,covenant,2
compact,synonym,crunch,
compact,synonym,pack,
compact,synonym,summary,
companion,synonym,associate,1
companion,synonym,company,
companion,synonym,comrade,1
companion,synonym,familiar,1
companion,synonym,fellow,1
companion,synonym,society,
company,synonym,companion,3
company,synonym,fellow,3
company,synonym,party,
company,synonym,society,3
comparative,synonym,relative,2
comparative,synonym,relatives,2
compare,synonym,equate,3
compartment,synonym,classification,
compass,synonym,apprehend,
compass,synonym,comprehend,
compass,synonym,grasp,3
compass,synonym,orbit,2
compass,synonym,range,2
compass,synonym,reach,2
compass,synonym,scope,2
compassion,synonym,pity,2
compel,synonym,oblige,1
compensate,similar,cover,3
compensate,similar,insure,3
compensate,similar,underwrite,3
compensate,synonym,correct,1
compensate,synonym,cover,3
compensate,synonym,repair,2
compete,synonym,contend,1
competent,similar,able,1
competent,similar,adequate,2
competent,similar,capable,1
competent,similar,effective,1
competent,similar,efficient,1
competent,similar,equal,2
competition,synonym,contest,2
competition,synonym,rival,3
compile,synonym,accumulate,1
compile,synonym,collect,1
compile,synonym,compose,2
complacent,similar,content,1
complacent,similar,contented,1
complain,antonym,cheer,1
complain,synonym,kick,1
complain,synonym,plain,1
complain,synonym,plains,1
complaint,synonym,ail,1
complaint,synonym,charge,
complaint,synonym,ill,1
complaint,synonym,plaintiff,
complete,similar,absolute,1
complete,similar,all,1
complete,similar,blank,1
complete,similar,clean,1
complete,similar,dead,1
complete,similar,full,1
complete,similar,good,1
complete,similar,hearty,1
complete,similar,perfect,2
complete,similar,rank,1
complete,similar,sheer,1
complete,similar,sound,1
complete,similar,thorough,1
complete,similar,total,1
complete,similar,utter,1
complete,synonym,discharge,
complete,synonym,finish,
complete,synonym,over,
complete,synonym,perfect,
complete,synonym,pure,
complete,synonym,thorough,
complete,synonym,utter,
complex,antonym,simple,1
complex,antonym,simplicity,
complex,similar,composite,1
complex,similar,compound,1
complex,similar,intricate,1
complex,similar,thick,1
complex,synonym,composite,3
complicate,synonym,elaborate,2
complicate,synonym,refine,2
compliment,synonym,congratulate,2
comply,similar,adopt,1
comply,similar,follow,1
comply,synonym,follow,1
component,synonym,element,1
component,synonym,factor,1
component,synonym,ingredient,1
component,synonym,part,2
component,synonym,portion,2
compose,synonym,compile,
compose,synonym,pen,3
compose,synonym,write,2
composite,similar,complex,1
composite,synonym,complex,3
compound,antonym,simple,
compound,synonym,combine,
comprehend,similar,address,3
comprehend,similar,cover,3
comprehend,similar,deal,3
comprehend,similar,handle,3
comprehend,similar,plough,3
comprehend,similar,treat,3
comprehend,synonym,apprehend,1
comprehend,synonym,compass,1
comprehend,synonym,cover,3
comprehend,synonym,dig,1
comprehend,synonym,embrace,3
comprehend,synonym,encompass,3
comprehend,synonym,grasp,1
comprehend,synonym,perceive,2
comprehensive,similar,blanket,1
comprehensive,similar,broad,1
comprehensive,similar,extensive,1
comprehensive,similar,general,1
comprehensive,similar,inclusive,2
comprehensive,similar,large,1
comprehensive,similar,super,1
comprehensive,similar,umbrella,1
comprehensive,similar,wide,1
comprehensive,synonym,breadth,
compress,synonym,compact,2
compress,synonym,contract,3
compress,synonym,contraction,
compress,synonym,press,3
compress,synonym,squeeze,3
comprise,synonym,be,3
comprise,synonym,consist,1
comprise,synonym,constitute,3
comprise,synonym,contain,2
comprise,synonym,incorporate,2
comprise,synonym,represent,3
compulsory,synonym,mandatory,1
computer,synonym,estimate,2
comrade,synonym,associate,1
comrade,synonym,brother,2
comrade,synonym,companion,1
comrade,synonym,familiar,1
comrade,synonym,fellow,1
con,antonym,profession,1
con,synonym,convict,2
con,synonym,inmate,2
con,synonym,learn,
con,synonym,sting,3
conceal,synonym,hide,1
concede,synonym,confess,1
concede,synonym,grant,2
concede,synonym,yield,2
conceive,synonym,believe,2
conceive,synonym,consider,2
conceive,synonym,think,2
concentrate,synonym,centre,2
concentrate,synonym,condense,
concentrate,synonym,focus,2
concept,synonym,construct,1
concern,synonym,business,
concern,synonym,care,2
concern,synonym,fear,2
concern,synonym,refer,
concern,synonym,relate,
concession,synonym,grant,1
concession,synonym,yield,2
conclude,synonym,reason,1
conclude,synonym,resolve,3
conclusion,synonym,close,3
conclusion,synonym,decision,1
conclusion,synonym,finish,3
conclusion,synonym,last,3
conclusion,synonym,lasted,3
conclusive,similar,definitive,1
concrete,antonym,abstract,1
concrete,similar,objective,1
concrete,similar,real,1
concrete,similar,solid,2
concrete,similar,tangible,1
concurrent,synonym,simultaneous,1
condemn,synonym,doom,
condemn,synonym,sentencing,
condense,similar,distil,3
condense,synonym,concentrate,2
condense,synonym,digest,2
condense,synonym,distil,1
condition,synonym,circumstance,
condition,synonym,specify,
condition,synonym,status,1
condition,synonym,stipulate,
condition,synonym,term,
condition,synonym,weather,
condom,synonym,rubber,1
condom,synonym,safe,1
conduct,synonym,acquit,
conduct,synonym,act,
conduct,synonym,behave,
conduct,synonym,behaviour,
conduct,synonym,carry,
conduct,synonym,deal,1
conduct,synonym,deport,
conduct,synonym,direct,2
conduct,synonym,guide,3
conduct,synonym,lead,2
conduct,synonym,take,3
conduct,synonym,transmit,
confederate,synonym,alliance,
confederate,synonym,conspiracy,
confer,synonym,consult,1
confess,synonym,concede,2
confide,synonym,commit,2
confide,synonym,trust,2
confidence,synonym,authority,1
confident,similar,capable,3
confident,similar,certain,2
confident,similar,positive,1
confident,similar,sure,2
confident,synonym,positive,2
confidential,similar,close,3
confidential,similar,private,1
confidential,synonym,secret,2
confine,antonym,free,
confine,synonym,bind,1
confine,synonym,constrain,
confine,synonym,detain,
confine,synonym,enclose,3
confine,synonym,limit,1
confine,synonym,restrain,
confine,synonym,restrict,1
confirm,synonym,affirm,1
confirm,synonym,support,1
confirm,synonym,sustain,1
confiscate,synonym,attach,1
confiscate,synonym,seize,1
conflict,synonym,battle,1
conflict,synonym,difference,
conflict,synonym,dispute,
conflict,synonym,fight,3
conflict,synonym,infringe,
conflict,synonym,struggle,1
conform,antonym,deviate,1
conform,synonym,adapt,2
conform,synonym,adjust,2
confront,antonym,avoid,2
confront,similar,face,2
confront,similar,present,2
confront,synonym,face,1
confront,synonym,present,3
confuse,similar,blur,1
confuse,similar,fox,3
confuse,similar,obscure,1
confuse,similar,throw,3
confuse,synonym,fox,2
confuse,synonym,throw,2
congest,synonym,choke,1
congest,synonym,clog,1
congest,synonym,foul,1
conglomerate,synonym,accumulate,3
conglomerate,synonym,aggregate,
conglomerate,synonym,empire,2
conglomerate,synonym,gather,3
congratulate,synonym,compliment,1
congratulate,synonym,plume,3
congratulate,synonym,pride,3
conjunction,synonym,junction,2
conjure,similar,evoke,1
conjure,similar,provoke,1
conjure,synonym,arouse,1
conjure,synonym,bid,2
conjure,synonym,conspire,3
conjure,synonym,evoke,1
conjure,synonym,invoke,1
conjure,synonym,press,2
conjure,synonym,raise,1
conjure,synonym,stir,1
connect,antonym,disconnect,1
connect,synonym,associate,2
connect,synonym,join,3
connect,synonym,link,1
connect,synonym,relate,2
connect,synonym,tie,1
connect,synonym,unite,3
conquer,synonym,appropriate,2
conquer,synonym,appropriated,2
conquer,synonym,capture,2
conquer,synonym,seize,2
conquer,synonym,subdue,1
conquer,synonym,suppress,1
conscious,similar,aware,3
consecutive,synonym,serial,2
consecutive,synonym,straight,3
consent,synonym,accept,2
consequence,synonym,aftermath,2
consequence,synonym,effect,1
consequence,synonym,event,1
consequence,synonym,import,3
consequence,synonym,issue,1
consequence,synonym,moment,3
consequence,synonym,outcome,1
consequence,synonym,result,1
consequent,similar,subsequent,1
consequent,synonym,incidental,1
conservative,antonym,liberal,1
conservative,similar,moderate,3
conservative,similar,right,2
conservative,synonym,bourgeois,
conservative,synonym,cautious,3
conserve,antonym,waste,3
conserve,synonym,husband,3
conserve,synonym,maintain,2
conserve,synonym,preserve,2
consider,similar,construe,1
consider,similar,debate,2
consider,similar,deliberate,2
consider,similar,interpret,1
consider,similar,see,1
consider,synonym,believe,
consider,synonym,conceive,
consider,synonym,count,
consider,synonym,deal,3
consider,synonym,deliberated,
consider,synonym,reckon,1
consider,synonym,regard,1
consider,synonym,see,1
consider,synonym,study,2
consider,synonym,take,3
consider,synonym,think,
consider,synonym,view,1
consider,synonym,weigh,
considerable,similar,good,1
considerable,similar,significant,1
considerable,similar,substantial,1
considerable,similar,tidy,1
consist,synonym,comprise,
consist,synonym,dwell,1
consist,synonym,lie,1
consistency,synonym,body,1
consistency,synonym,substance,1
consistent,synonym,coherent,3
console,synonym,comfort,1
console,synonym,soothe,1
consortium,synonym,pool,1
consortium,synonym,syndicate,1
conspicuous,similar,big,1
conspicuous,similar,bold,1
conspicuous,similar,gross,1
conspicuous,similar,large,1
conspicuous,similar,prominent,1
conspicuous,similar,rank,1
conspicuous,similar,salient,1
conspicuous,similar,spectacular,1
conspicuous,synonym,blatant,2
conspiracy,synonym,confederate,1
conspire,synonym,conjure,1
constable,synonym,police,
constant,synonym,perpetual,3
constitute,synonym,appoint,2
constitute,synonym,be,1
constitute,synonym,comprise,1
constitute,synonym,establish,
constitute,synonym,form,3
constitute,synonym,founded,
constitute,synonym,institute,
constitute,synonym,make,3
constitute,synonym,name,2
constitute,synonym,nominate,2
constitute,synonym,represent,1
constitution,synonym,formation,2
constitution,synonym,makeup,3
constrain,synonym,confine,2
constrain,synonym,enforce,1
constrain,synonym,hold,2
constrain,synonym,impose,1
constrain,synonym,restrain,2
construct,similar,build,1
construct,synonym,build,1
construct,synonym,concept,
construct,synonym,fabricate,2
construct,synonym,make,1
construct,synonym,manufacture,2
construct,synonym,restore,
construe,similar,consider,1
construe,similar,reckon,1
construe,similar,regard,1
construe,similar,see,1
construe,similar,view,1
construe,synonym,interpret,1
construe,synonym,see,1
consult,synonym,confer,3
consult,synonym,refer,2
consume,synonym,demolish,1
consume,synonym,deplete,
consume,synonym,down,1
consume,synonym,have,2
consume,synonym,take,2
consume,synonym,waste,3
consumption,synonym,expenditure,
consumption,synonym,intake,1
consumption,synonym,use,3
contact,synonym,adjoin,
contact,synonym,liaison,
contain,similar,hold,2
contain,similar,take,2
contain,synonym,arrest,
contain,synonym,bear,2
contain,synonym,carry,2
contain,synonym,check,3
contain,synonym,comprise,1
contain,synonym,control,3
contain,synonym,curb,3
contain,synonym,hold,2
contain,synonym,incorporate,1
contain,synonym,moderate,3
contaminate,synonym,foul,1
contaminate,synonym,pollute,1
contemplate,synonym,meditate,3
contemplate,synonym,muse,
contemplate,synonym,ponder,
contemplate,synonym,reflect,
contemplate,synonym,speculate,
contemplate,synonym,study,3
contemporary,similar,current,2
contemporary,similar,modern,1
contempt,synonym,despite,1
contempt,synonym,disdain,1
contempt,synonym,scorn,1
contend,synonym,argue,2
contend,synonym,compete,
contend,synonym,contest,3
contend,synonym,cope,
contend,synonym,debate,2
contend,synonym,fence,2
contend,synonym,fight,
contend,synonym,manage,
content,antonym,discontent,
content,synonym,capacity,
content,synonym,contented,
content,synonym,message,3
content,synonym,subject,
content,synonym,substance,3
contented,antonym,discontent,1
contented,similar,complacent,1
contented,synonym,content,1
contest,synonym,competition,1
contest,synonym,contend,3
contest,synonym,dissident,
context,synonym,circumstance,2
contingent,similar,certain,3
contingent,similar,possible,1
continue,similar,keep,3
continue,similar,preserve,1
continue,similar,proceed,3
continue,similar,uphold,1
continue,synonym,cover,
continue,synonym,extend,
continue,synonym,keep,1
continue,synonym,preserve,3
continue,synonym,proceed,1
continue,synonym,remain,
continue,synonym,retain,
continue,synonym,uphold,3
contour,synonym,form,2
contour,synonym,shape,2
contract,antonym,expand,
contract,synonym,compress,
contraction,antonym,expansion,
contraction,synonym,compress,2
contradict,synonym,oppose,3
contrary,similar,different,1
contrary,synonym,adverse,
contrary,synonym,perverse,3
contrast,synonym,line,3
contribute,synonym,add,1
contribute,synonym,bring,1
contribute,synonym,give,2
contribute,synonym,lead,3
contribute,synonym,lend,1
control,synonym,accountant,
control,synonym,ascertain,
control,synonym,check,
control,synonym,contain,
control,synonym,dominance,
control,synonym,ensure,
control,synonym,insure,
control,synonym,operate,
control,synonym,restrict,
control,synonym,verify,
controversy,synonym,dispute,1
controversy,synonym,tilt,1
convenience,synonym,appliance,
convention,synonym,formula,2
convention,synonym,normal,2
convention,synonym,pattern,2
convention,synonym,rule,2
converge,antonym,diverge,1
converge,similar,adjoin,1
converge,similar,contact,1
converge,similar,meet,1
converge,similar,touch,1
converge,synonym,meet,1
conversion,synonym,transition,1
convert,synonym,convince,
convey,similar,carry,2
convey,similar,channel,2
convey,similar,conduct,2
convey,similar,transmit,2
convey,synonym,bring,
convey,synonym,carry,2
convey,synonym,communicate,3
convey,synonym,express,2
convey,synonym,fetch,
convey,synonym,transmit,3
convict,antonym,acquit,1
convict,synonym,con,2
convict,synonym,inmate,2
convict,synonym,sentence,
convict,synonym,sentencing,
convince,synonym,convert,1
cook,similar,make,2
cook,synonym,fix,2
cook,synonym,make,2
cook,synonym,manipulate,
cook,synonym,prepare,2
cook,synonym,ready,2
cool,antonym,heat,
cool,antonym,warm,1
cool,similar,cold,3
cool,synonym,fine,
cool,synonym,ok,
cool,synonym,poise,
cooperate,similar,collaborate,1
cooperate,synonym,collaborate,1
coordinate,synonym,organize,1
cop,synonym,apprehend,3
cop,synonym,arrest,3
cop,synonym,bull,1
cop,synonym,collar,3
cop,synonym,copper,1
cop,synonym,hook,2
cop,synonym,nail,3
cop,synonym,pig,1
cope,synonym,contend,1
cope,synonym,deal,1
cope,synonym,manage,1
copper,synonym,bull,3
copper,synonym,cop,3
copper,synonym,pig,3
copy,synonym,imitate,
copy,synonym,replicate,
copy,synonym,simulate,
copy,synonym,transcript,1
core,synonym,burden,
core,synonym,essence,
core,synonym,meat,
core,synonym,nucleus,1
core,synonym,substance,
corner,synonym,niche,
corner,synonym,recess,
corner,synonym,recession,
corner,synonym,tree,
corporal,similar,material,3
corporal,similar,physical,2
corporal,synonym,corporate,3
corporal,synonym,incarnate,3
corporate,similar,joint,3
corporate,similar,material,2
corporate,synonym,corporal,2
corporate,synonym,incarnate,2
corpse,synonym,clay,1
corpse,synonym,stiff,1
corpus,synonym,principal,1
correct,similar,accurate,1
correct,similar,exact,1
correct,similar,precise,1
correct,similar,proper,2
correct,similar,straight,1
correct,synonym,adjust,
correct,synonym,compensate,
correct,synonym,right,1
correct,synonym,wrong,
correspond,similar,accord,1
correspond,similar,agree,1
correspond,similar,check,1
correspond,synonym,agree,1
correspond,synonym,check,1
correspond,synonym,equate,2
correspond,synonym,fit,1
correspond,synonym,match,1
correspond,synonym,represent,
correspond,synonym,tally,1
correspondent,similar,similar,3
correspondent,synonym,analogous,3
corrode,similar,eat,2
corrode,similar,rust,1
corrode,synonym,eat,1
corrode,synonym,rust,1
corrupt,similar,dirty,1
corrupt,similar,dishonest,1
corrupt,similar,perfect,3
corrupt,similar,perverse,1
corrupt,synonym,bribe,
corrupt,synonym,buy,
corrupt,synonym,dishonest,
corrupt,synonym,spoil,
corrupt,synonym,subvert,
cosmetic,similar,aesthetic,2
cosmic,similar,big,2
cosmic,similar,large,2
cost,synonym,price,2
cost,synonym,toll,3
cosy,similar,close,1
cosy,synonym,informal,3
cosy,synonym,intimate,3
cottage,synonym,bungalow,1
couch,synonym,lounge,1
couch,synonym,put,
couch,synonym,sofa,1
counsel,synonym,advise,3
counsel,synonym,advocate,1
counsel,synonym,direction,2
counsel,synonym,guide,2
count,synonym,bet,
count,synonym,consider,3
count,synonym,depend,
count,synonym,matter,2
count,synonym,narrate,
count,synonym,number,1
count,synonym,rely,
count,synonym,tell,
count,synonym,weigh,2
counter,synonym,anticipate,
counter,synonym,buffet,
counter,synonym,foresee,
counter,synonym,retort,
counterpart,synonym,twin,2
country,synonym,area,
country,synonym,commonwealth,1
country,synonym,land,1
country,synonym,nation,1
country,synonym,state,1
couple,synonym,match,2
couple,synonym,mate,2
couple,synonym,pair,
couple,synonym,union,
coupon,synonym,voucher,1
course,synonym,class,1
course,synonym,flow,
course,synonym,grade,
course,synonym,line,2
course,synonym,track,
course,synonym,trend,3
court,synonym,courtyard,
court,synonym,solicit,
court,synonym,tribunal,1
court,synonym,woo,
courtyard,synonym,court,1
covenant,synonym,compact,1
cover,synonym,blanket,
cover,synonym,breed,
cover,synonym,compensate,
cover,synonym,comprehend,
cover,synonym,continue,3
cover,synonym,cross,
cover,synonym,deal,
cover,synonym,disclose,
cover,synonym,embrace,
cover,synonym,encompass,
cover,synonym,expose,
cover,synonym,extend,3
cover,synonym,handle,
cover,synonym,hide,
cover,synonym,incubate,
cover,synonym,insure,
cover,synonym,reveal,
cover,synonym,traverse,
cover,synonym,underwrite,
covert,antonym,overt,1
covert,similar,black,1
covert,similar,secret,1
cow,synonym,cattle,
crack,similar,check,1
crack,synonym,break,1
crack,synonym,chap,
crack,synonym,check,1
crack,synonym,fling,
crack,synonym,fracture,
crack,synonym,gap,
crack,synonym,snap,3
crack,synonym,super,
crack,synonym,whirl,
craft,synonym,trade,1
cram,similar,jam,2
cram,similar,ram,2
cram,synonym,bone,3
cram,synonym,drum,3
cram,synonym,jam,1
cram,synonym,ram,1
cramp,synonym,hamper,
crash,synonym,clash,1
crash,synonym,collapse,3
crash,synonym,wreck,2
crave,synonym,lust,1
crave,synonym,starve,1
crave,synonym,thirst,1
crawl,synonym,creep,1
crazy,similar,practical,2
crazy,similar,sane,1
crazy,synonym,mad,1
crazy,synonym,sick,1
creak,synonym,screech,1
creak,synonym,squeak,1
creak,synonym,whine,1
cream,synonym,lick,
cream,synonym,pick,1
crease,synonym,bend,1
crease,synonym,fold,1
crease,synonym,line,2
crease,synonym,seam,2
crease,synonym,wrinkle,2
create,synonym,cheer,
create,synonym,make,1
create,synonym,produce,
create,synonym,renovate,
create,synonym,revive,
creature,synonym,animal,1
creature,synonym,beast,1
creature,synonym,brute,1
creature,synonym,puppet,3
creature,synonym,tool,3
credentials,synonym,certificate,1
credible,antonym,incredible,1
credible,similar,likely,1
credit,antonym,cash,
credit,synonym,accredit,
credit,synonym,recognition,1
creep,synonym,crawl,1
creep,synonym,mouse,2
creep,synonym,sneak,2
crest,synonym,crown,2
crest,synonym,peak,2
crest,synonym,summit,2
crest,synonym,tip,2
crest,synonym,top,2
crew,synonym,bunch,3
crew,synonym,crowd,3
crew,synonym,gang,2
criminal,similar,guilty,3
criminal,similar,wrong,2
criminal,synonym,crook,1
criminal,synonym,outlaw,1
criminal,synonym,vicious,2
crisp,similar,cold,3
crisp,similar,distinct,1
crisp,similar,tender,2
crisp,synonym,sharp,1
criteria,synonym,measure,1
criteria,synonym,standard,1
criticise,antonym,praise,
criticise,synonym,knock,1
criticism,synonym,critique,2
critique,synonym,criticism,2
critique,synonym,review,1
crook,synonym,bend,2
crook,synonym,criminal,1
crook,synonym,outlaw,1
crook,synonym,turn,2
crook,synonym,twist,2
crop,synonym,cultivate,
crop,synonym,graze,
crop,synonym,harvest,1
crop,synonym,pasture,
crop,synonym,prune,
cross,synonym,baffle,3
cross,synonym,cover,1
cross,synonym,foil,3
cross,synonym,frustrate,3
cross,synonym,hybrid,
cross,synonym,intersect,2
cross,synonym,span,
cross,synonym,spoil,3
cross,synonym,thwart,3
cross,synonym,track,1
cross,synonym,traverse,1
crouch,synonym,bend,2
crouch,synonym,bow,2
crouch,synonym,squat,3
crouch,synonym,stoop,2
crowd,synonym,bunch,2
crowd,synonym,crew,2
crowd,synonym,gang,2
crowd,synonym,herd,3
crown,synonym,crest,
crown,synonym,jacket,
crown,synonym,poll,
crown,synonym,summit,
crown,synonym,top,
crucial,similar,decisive,1
crucial,similar,important,3
crucial,similar,material,2
crucial,similar,polar,1
crucial,synonym,essential,3
crucial,synonym,important,1
crude,similar,decent,2
crude,synonym,gross,2
crude,synonym,oil,
crude,synonym,petroleum,
crude,synonym,primitive,
crude,synonym,rough,1
crude,synonym,stark,
cruel,similar,humane,1
cruel,synonym,brute,1
cruel,synonym,savage,1
cruel,synonym,vicious,1
cruise,synonym,sail,1
crumb,synonym,bum,2
crumb,synonym,rat,2
crumb,synonym,stink,2
crumble,synonym,collapse,1
crumble,synonym,crumple,1
crumble,synonym,decay,3
crumble,synonym,tumble,1
crumple,similar,draw,3
crumple,synonym,buckle,2
crumple,synonym,collapse,1
crumple,synonym,crumble,1
crumple,synonym,knit,3
crumple,synonym,tumble,1
crunch,synonym,compact,3
crunch,synonym,crush,3
crunch,synonym,grind,
crusade,similar,advertise,2
crusade,similar,promote,2
crusade,similar,push,2
crusade,synonym,agitate,2
crusade,synonym,campaign,1
crusade,synonym,cause,1
crusade,synonym,drive,1
crusade,synonym,effort,1
crusade,synonym,fight,2
crusade,synonym,press,2
crusade,synonym,push,2
crush,similar,beat,3
crush,similar,reach,3
crush,synonym,beat,3
crush,synonym,crunch,
crush,synonym,jam,
crush,synonym,mash,2
crush,synonym,oppress,1
crush,synonym,shell,3
crush,synonym,squash,2
crush,synonym,squeeze,2
crush,synonym,suppress,1
crust,synonym,gall,3
cry,antonym,laugh,2
cry,similar,call,1
cry,similar,exclaim,1
cry,similar,scream,3
cry,similar,shout,1
cry,similar,yell,3
cry,synonym,call,1
cry,synonym,exclaim,3
cry,synonym,scream,1
cry,synonym,shout,1
cry,synonym,weep,2
cry,synonym,yell,1
cub,synonym,lad,2
cub,synonym,son,2
cube,synonym,block,2
cube,synonym,dice,
cue,synonym,clue,2
cue,synonym,prompt,
cue,synonym,remind,
culminate,synonym,climax,1
cult,synonym,rage,2
cultivate,similar,work,1
cultivate,synonym,civilise,2
cultivate,synonym,crop,1
cultivate,synonym,educate,2
cultivate,synonym,foster,
cultivate,synonym,further,
cultivate,synonym,school,2
cultivate,synonym,tame,3
cultivate,synonym,train,2
cultivate,synonym,work,1
culture,synonym,polish,
cupboard,synonym,closet,1
curb,synonym,check,3
curb,synonym,contain,
curb,synonym,curtail,
curb,synonym,restrict,
cure,synonym,heal,1
cure,synonym,remedy,
cure,synonym,therapeutic,
curious,similar,strange,1
curious,similar,usual,1
curious,synonym,odd,1
curious,synonym,peculiar,1
curious,synonym,singular,1
curl,synonym,coil,1
curl,synonym,curve,3
curl,synonym,roll,1
curl,synonym,scroll,1
current,similar,actual,1
current,similar,contemporary,1
current,similar,incumbent,1
current,similar,late,1
current,similar,live,1
current,similar,ongoing,1
current,similar,underway,1
current,synonym,stream,3
curriculum,synonym,programme,1
curse,antonym,bless,
curse,synonym,oath,1
curse,synonym,swear,
curtail,synonym,clip,2
curtail,synonym,curb,1
curtail,synonym,restrict,1
curtain,synonym,drape,1
curtain,synonym,mantle,1
curve,synonym,curl,
curve,synonym,cut,
curve,synonym,wind,
cushion,synonym,shock,1
custody,synonym,detention,1
custody,synonym,hand,3
custody,synonym,hold,1
custom,synonym,tradition,2
custom,synonym,usage,1
customer,synonym,client,1
cut,synonym,curve,3
cut,synonym,dilute,
cut,synonym,disregard,
cut,synonym,edit,
cut,synonym,hack,
cut,synonym,ignore,
cut,synonym,prune,
cut,synonym,reduce,2
cut,synonym,sheer,3
cut,synonym,skip,
cut,synonym,slice,
cut,synonym,tailor,
cut,synonym,trend,3
cut,synonym,trim,2
cute,synonym,precious,2
cycle,synonym,bicycle,
cycle,synonym,bike,
cycle,synonym,pedal,
cycle,synonym,rhythm,1
cycle,synonym,round,1
dad,synonym,pa,1
dad,synonym,papa,1
dad,synonym,pop,1
damage,synonym,harm,1
damage,synonym,hurt,3
damage,synonym,price,
damn,synonym,blame,2
damp,similar,wet,1
damp,synonym,dull,3
damp,synonym,moist,1
damp,synonym,muffle,3
damp,synonym,mute,3
damp,synonym,stifle,
danger,synonym,hazard,
danger,synonym,jeopardy,
danger,synonym,peril,2
danger,synonym,risk,2
dangle,synonym,drop,1
dangle,synonym,swing,1
dare,synonym,defy,3
dare,synonym,presume,1
dark,antonym,light,1
dark,similar,black,1
dark,similar,dim,1
dark,similar,twilight,1
dark,synonym,dismal,
dark,synonym,night,
dark,synonym,obscure,
dark,synonym,shadow,
dark,synonym,sinister,
darling,synonym,baby,2
darling,synonym,beloved,2
darling,synonym,dear,2
darling,synonym,favourite,1
darling,synonym,honey,2
darling,synonym,love,2
darling,synonym,pet,1
dart,synonym,flutter,
dash,synonym,daunt,
dash,synonym,scare,
dash,synonym,smash,
dash,synonym,sprint,2
dash,synonym,style,1
date,synonym,escort,2
daughter,antonym,son,1
daughter,synonym,girl,1
daunt,synonym,dash,1
daunt,synonym,scare,1
dawn,synonym,morning,1
dawn,synonym,penetrate,
day,antonym,night,
day,synonym,noon,
dead,antonym,alive,1
dead,antonym,live,2
dead,similar,asleep,1
dead,similar,cold,1
dead,similar,deceased,1
dead,similar,extinct,2
dead,similar,late,1
dead,similar,out,2
dead,similar,viable,1
dead,synonym,beat,3
dead,synonym,boring,
dead,synonym,lethal,
dead,synonym,mortal,
dead,synonym,numb,
dead,synonym,utterly,
deaf,synonym,indifferent,2
deal,similar,comprehend,1
deal,similar,cover,1
deal,similar,embrace,1
deal,similar,encompass,1
deal,similar,handle,1
deal,similar,treat,1
deal,synonym,address,1
deal,synonym,administer,
deal,synonym,allot,
deal,synonym,bargain,
deal,synonym,batch,
deal,synonym,conduct,
deal,synonym,consider,2
deal,synonym,cope,
deal,synonym,cover,1
deal,synonym,dispense,
deal,synonym,distribute,
deal,synonym,flock,
deal,synonym,handle,1
deal,synonym,heap,
deal,synonym,lot,
deal,synonym,manage,
deal,synonym,mass,
deal,synonym,mint,
deal,synonym,mountain,
deal,synonym,pile,
deal,synonym,plenty,
deal,synonym,plough,1
deal,synonym,raft,
deal,synonym,stack,
deal,synonym,take,2
deal,synonym,treat,1
dear,similar,close,2
dear,similar,sincere,3
dear,synonym,beloved,1
dear,synonym,darling,1
dear,synonym,earnest,3
dear,synonym,good,2
dear,synonym,honey,
dear,synonym,lamb,
dear,synonym,love,
dear,synonym,near,2
death,antonym,birth,1
death,synonym,deceased,1
death,synonym,demise,
death,synonym,destruction,
debate,synonym,argue,
debate,synonym,contend,
debate,synonym,deliberated,
debate,synonym,dispute,2
debris,synonym,dust,1
debris,synonym,junk,1
debris,synonym,rubble,1
debut,synonym,entry,1
debut,synonym,veil,1
decade,synonym,ten,2
decay,synonym,crumble,
decay,synonym,decline,2
decay,synonym,disintegrate,
deceased,similar,dead,1
deceased,synonym,asleep,1
deceased,synonym,death,
deceive,synonym,betray,2
deceive,synonym,delude,1
decent,similar,proper,2
decent,synonym,nice,1
decent,synonym,satisfactory,
deception,synonym,illusion,3
deception,synonym,magic,3
deception,synonym,trick,3
decide,synonym,determine,1
decide,synonym,resolve,2
decide,synonym,settle,2
decision,synonym,conclusion,1
decisive,similar,definite,2
decisive,similar,fatal,1
deck,synonym,adorn,
deck,synonym,decorate,
declare,synonym,announce,2
decline,similar,disdain,2
decline,similar,reject,2
decline,similar,scorn,2
decline,synonym,decay,
decline,synonym,refuse,2
decline,synonym,reject,2
decline,synonym,wane,
decorate,similar,ornament,1
decorate,synonym,adorn,1
decorate,synonym,deck,2
decorate,synonym,grace,1
decorate,synonym,ornament,1
decrease,antonym,increase,1
decrease,synonym,diminish,1
decrease,synonym,fall,1
decree,synonym,order,1
decree,synonym,rule,3
dedicate,similar,give,1
dedicate,similar,sacrifice,1
dedicate,synonym,commit,1
dedicate,synonym,devote,1
dedicate,synonym,give,1
deduct,synonym,derive,3
deduct,synonym,infer,3
deduct,synonym,withhold,2
deed,synonym,act,2
deed,synonym,title,1
deem,similar,hold,1
deem,synonym,hold,1
deep,antonym,shallow,1
deep,similar,heavy,1
deep,similar,profound,1
deep,similar,sound,1
deep,synonym,trench,
defeat,antonym,victory,3
defeat,synonym,kill,2
defeat,synonym,overcome,1
defect,synonym,fault,3
defect,synonym,flaw,3
defect,synonym,mar,
defect,synonym,shortcoming,2
defected,synonym,desert,1
defected,synonym,shortcoming,3
defence,antonym,offence,2
defend,antonym,attack,2
defend,antonym,prosecute,
defend,similar,hold,3
defend,synonym,fight,
defend,synonym,guard,3
defend,synonym,hold,3
defend,synonym,oppose,
defend,synonym,support,1
defendant,antonym,plaintiff,1
defendant,synonym,suspect,1
defer,synonym,bow,2
defer,synonym,postpone,1
defer,synonym,submit,2
defer,synonym,table,1
deficiency,synonym,adequacy,2
deficiency,synonym,lack,1
deficiency,synonym,want,1
deficit,antonym,lead,3
define,synonym,fix,
define,synonym,set,
define,synonym,specify,1
definite,similar,certain,1
definite,similar,decisive,1
definite,similar,distinct,1
definitive,similar,conclusive,3
definitive,similar,explicit,1
definitive,similar,standard,2
definitive,synonym,authoritative,2
definitive,synonym,equivocal,1
deflect,synonym,avert,1
deflect,synonym,avoid,1
deflect,synonym,bend,2
deflect,synonym,distract,
deform,similar,wrench,2
deform,synonym,bend,3
deform,synonym,distort,2
deform,synonym,flex,3
deform,synonym,turn,3
deform,synonym,twist,3
defy,synonym,dare,3
defy,synonym,hold,1
defy,synonym,refuse,2
defy,synonym,resist,2
defy,synonym,withstand,1
degenerate,similar,immoral,1
degenerate,synonym,deteriorate,3
degenerate,synonym,deviant,2
degenerate,synonym,deviate,2
degenerate,synonym,drop,3
degenerate,synonym,fast,1
degrade,synonym,disgrace,2
degree,synonym,grade,1
degree,synonym,level,1
degree,synonym,point,2
degree,synonym,stage,2
delay,antonym,rush,1
delay,synonym,detain,1
delay,synonym,stay,3
delegate,synonym,assign,3
delegate,synonym,designate,3
delete,synonym,cancel,1
delete,synonym,edit,3
delete,synonym,erase,2
deliberate,synonym,intent,3
deliberated,similar,consider,1
deliberated,similar,study,1
deliberated,synonym,consider,1
deliberated,synonym,debate,1
delicate,antonym,rugged,1
delicate,similar,exquisite,1
delicate,similar,fragile,1
delicate,similar,pastel,1
delicate,similar,tender,1
delicate,synonym,fragile,3
delicate,synonym,frail,3
delight,similar,please,1
delight,synonym,enchant,3
delight,synonym,enjoy,2
delight,synonym,joy,
delight,synonym,please,1
delight,synonym,pleasure,
delight,synonym,revel,2
delight,synonym,transport,3
delinquent,similar,guilty,2
delinquent,similar,negligent,3
deliver,synonym,bear,
deliver,synonym,deport,
deliver,synonym,present,1
deliver,synonym,redeem,
deliver,synonym,render,3
deliver,synonym,rescue,
deliver,synonym,surrender,
delude,synonym,deceive,1
demand,antonym,supply,2
demand,synonym,necessitate,
demand,synonym,need,
demand,synonym,require,
demise,synonym,death,1
democracy,synonym,commonwealth,2
democracy,synonym,republic,2
demolish,synonym,consume,3
demolish,synonym,destroy,
demolish,synonym,down,3
demon,synonym,devil,1
demon,synonym,monster,2
demonstrate,synonym,certify,3
demonstrate,synonym,establish,2
demonstrate,synonym,evidence,3
demonstrate,synonym,exhibit,1
demonstrate,synonym,manifest,3
demonstrate,synonym,present,1
demonstrate,synonym,presented,1
demonstrate,synonym,prove,2
demonstrate,synonym,show,1
denote,similar,refer,1
denote,synonym,announce,3
denote,synonym,refer,2
denounce,synonym,brand,2
denounce,synonym,mark,2
dense,similar,heavy,3
dense,similar,thick,1
dense,synonym,dumb,
dense,synonym,heavy,1
dense,synonym,slow,
dense,synonym,thick,2
dent,synonym,scratch,2
dent,synonym,slit,2
deny,antonym,admit,1
deny,antonym,allow,
deny,synonym,traverse,
depart,antonym,stay,
depart,synonym,deviate,2
depart,synonym,diverge,2
depart,synonym,go,1
depart,synonym,part,3
depart,synonym,quit,
depart,synonym,start,3
depart,synonym,vary,2
department,synonym,section,1
departure,synonym,difference,2
departure,synonym,exit,3
departure,synonym,loss,3
departure,synonym,release,3
depend,synonym,bank,2
depend,synonym,bet,2
depend,synonym,calculate,2
depend,synonym,count,2
depend,synonym,look,2
depend,synonym,reckon,2
depend,synonym,rely,2
depend,synonym,swear,2
dependence,synonym,addict,2
dependence,synonym,dependency,1
dependency,synonym,addict,2
dependency,synonym,colony,3
dependency,synonym,dependence,1
depict,synonym,describe,2
depict,synonym,draw,2
depict,synonym,picture,1
depict,synonym,portray,3
depict,synonym,render,1
depict,synonym,show,1
deplete,synonym,consume,1
deplete,synonym,eat,1
deplete,synonym,exhaust,1
deplete,synonym,use,1
deport,similar,act,3
deport,similar,play,3
deport,similar,pretend,3
deport,synonym,acquit,3
deport,synonym,act,3
deport,synonym,bear,3
deport,synonym,behave,3
deport,synonym,carry,3
deport,synonym,conduct,3
deport,synonym,deliver,1
deport,synonym,do,3
deport,synonym,exile,2
deposit,antonym,withdraw,
deposit,synonym,deposition,3
deposit,synonym,sediment,1
deposit,synonym,stick,
deposition,synonym,deposit,1
depot,synonym,store,2
depot,synonym,terminal,1
depress,synonym,dismay,1
depress,synonym,lower,3
deprive,antonym,enrich,3
deprive,synonym,impoverish,3
deprive,synonym,strip,1
deputy,synonym,lieutenant,2
deregulate,antonym,regulate,1
derive,similar,come,3
derive,similar,descend,3
derive,synonym,deduct,1
derive,synonym,descend,
derive,synonym,gain,2
derive,synonym,infer,1
descend,antonym,ascend,1
descend,similar,come,2
descend,similar,derive,2
descend,similar,hail,2
descend,synonym,come,2
descend,synonym,derive,2
descend,synonym,fall,1
descent,antonym,ascent,
descent,synonym,extract,2
descent,synonym,fall,1
descent,synonym,lineage,
descent,synonym,origin,2
describe,similar,draw,3
describe,synonym,account,2
describe,synonym,depict,1
describe,synonym,draw,1
describe,synonym,line,3
describe,synonym,report,2
describe,synonym,trace,3
desert,synonym,abandon,3
desert,synonym,defected,
deserve,synonym,merit,1
design,synonym,architect,
design,synonym,blueprint,3
design,synonym,intent,
design,synonym,pattern,3
design,synonym,plan,2
design,synonym,planed,
design,synonym,purpose,
designate,synonym,assign,2
designate,synonym,delegate,2
designate,synonym,doom,
designate,synonym,indicate,3
designate,synonym,intend,
designate,synonym,point,3
designate,synonym,show,3
desire,synonym,hope,
desire,synonym,want,
despair,antonym,hope,2
despatch,synonym,discharge,
despatch,synonym,expedition,3
despatch,synonym,murder,
despatch,synonym,slay,
desperate,similar,safe,3
desperate,synonym,dire,
despise,synonym,disdain,1
despise,synonym,scorn,1
despite,synonym,contempt,1
despite,synonym,disdain,1
despite,synonym,scorn,1
dessert,synonym,sweet,1
destination,synonym,address,3
destination,synonym,finish,1
destination,synonym,goal,1
destiny,synonym,circumstance,3
destiny,synonym,fate,1
destiny,synonym,fortune,3
destiny,synonym,lot,3
destiny,synonym,luck,3
destiny,synonym,portion,3
destroy,synonym,demolish,3
destroy,synonym,ruin,2
destruction,synonym,death,3
destruction,synonym,end,3
detach,antonym,attach,1
detail,synonym,item,1
detail,synonym,particular,2
detail,synonym,point,1
detain,synonym,confine,1
detain,synonym,delay,2
detain,synonym,stay,2
detect,similar,discover,1
detect,similar,find,1
detect,synonym,discover,1
detect,synonym,find,1
detect,synonym,notice,1
detect,synonym,observe,1
detention,synonym,custody,1
detention,synonym,hold,1
deter,synonym,discourage,1
deteriorate,synonym,degenerate,2
deteriorate,synonym,drop,2
determine,similar,ascertain,1
determine,similar,check,1
determine,similar,discover,1
determine,similar,find,1
determine,similar,learn,1
determine,similar,see,1
determine,similar,watch,1
determine,synonym,ascertain,1
determine,synonym,decide,
determine,synonym,find,1
determine,synonym,fix,
determine,synonym,influence,2
determine,synonym,mould,2
determine,synonym,regulate,2
determine,synonym,set,3
determine,synonym,settle,
determine,synonym,shape,2
determine,synonym,specify,
detriment,synonym,hurt,1
devastate,synonym,waste,1
develop,similar,acquire,3
develop,similar,evolve,1
develop,similar,get,3
develop,similar,grow,3
develop,similar,produce,3
develop,synonym,acquire,3
develop,synonym,arise,
develop,synonym,educate,
develop,synonym,evolve,2
develop,synonym,originate,
deviant,similar,abnormal,1
deviant,synonym,degenerate,2
deviant,synonym,deviate,1
deviate,antonym,conform,2
deviate,synonym,degenerate,
deviate,synonym,depart,2
deviate,synonym,deviant,
deviate,synonym,diverge,2
deviate,synonym,divert,1
deviate,synonym,vary,2
device,synonym,twist,3
devil,synonym,annoy,
devil,synonym,bother,
devil,synonym,demon,1
devil,synonym,gravel,
devil,synonym,irritate,
devil,synonym,mischief,
devise,synonym,forge,1
devise,synonym,invent,1
devise,synonym,organize,2
devise,synonym,prepare,2
devote,similar,give,1
devote,similar,sacrifice,1
devote,synonym,commit,1
devote,synonym,dedicate,1
devote,synonym,give,1
devote,synonym,pay,2
diagnose,synonym,name,1
diagnostic,similar,characteristic,2
diagonal,synonym,bias,
diagram,synonym,plot,2
dialect,synonym,accent,1
diary,synonym,journal,1
diary,synonym,journalist,
dice,synonym,cube,2
dice,synonym,die,1
dictate,synonym,order,1
dictate,synonym,prescribe,1
die,similar,break,1
die,similar,choke,2
die,similar,exit,2
die,similar,expire,2
die,similar,fail,1
die,similar,go,1
die,similar,pass,2
die,similar,perish,2
die,synonym,choke,1
die,synonym,dice,
die,synonym,exit,1
die,synonym,expire,1
die,synonym,go,1
die,synonym,pass,1
die,synonym,perish,1
differ,antonym,equal,1
differ,synonym,disagree,2
differ,synonym,dissent,2
difference,synonym,conflict,3
difference,synonym,departure,2
difference,synonym,dispute,3
difference,synonym,remainder,
different,antonym,same,1
different,similar,assorted,1
different,similar,contrary,1
different,similar,distinct,1
different,similar,diverse,1
different,similar,opposite,1
different,similar,other,2
different,similar,polar,1
different,similar,several,1
different,similar,usual,3
different,similar,various,1
differentiate,antonym,integrate,3
differentiate,similar,mark,2
differentiate,synonym,distinguish,1
differentiate,synonym,mark,2
differentiate,synonym,separate,1
differentiate,synonym,tell,1
difficult,antonym,easy,1
difficult,similar,ambitious,1
difficult,similar,awkward,1
difficult,similar,delicate,1
difficult,similar,elusive,1
difficult,similar,nasty,1
difficult,similar,rough,1
difficult,similar,rugged,1
difficult,similar,serious,1
difficult,similar,sticky,1
difficult,similar,tall,1
difficult,similar,tight,1
difficult,similar,tough,1
difficult,synonym,hard,1
diffuse,similar,circulate,3
diffuse,similar,spread,3
diffuse,synonym,broadcast,3
diffuse,synonym,circulate,3
diffuse,synonym,disperse,3
diffuse,synonym,disseminate,3
diffuse,synonym,distribute,3
diffuse,synonym,penetrate,2
diffuse,synonym,propagate,3
diffuse,synonym,riddle,2
diffuse,synonym,spread,1
dig,synonym,apprehend,
dig,synonym,barb,
dig,synonym,comprehend,
dig,synonym,grasp,
dig,synonym,grind,3
dig,synonym,labour,3
dig,synonym,poke,
dig,synonym,prod,
dig,synonym,shaft,
dig,synonym,stab,
digest,synonym,abide,
digest,synonym,condense,
digest,synonym,endure,
digest,synonym,suffer,
digest,synonym,tolerate,
digit,synonym,figure,1
digit,synonym,finger,2
diligent,antonym,negligent,2
diligent,similar,patient,1
dilute,similar,cut,3
dilute,similar,extend,2
dilute,similar,stretch,2
dilute,similar,thin,3
dilute,similar,weak,3
dilute,similar,white,3
dilute,synonym,cut,1
dilute,synonym,load,2
dilute,synonym,reduce,1
dilute,synonym,stretch,2
dilute,synonym,thin,1
dim,synonym,bleak,
dim,synonym,dip,1
dim,synonym,dumb,
dim,synonym,faint,
dim,synonym,slow,
dim,synonym,vague,
dimension,synonym,attribute,2
dimension,synonym,property,2
dimension,synonym,proportion,
diminish,synonym,decrease,1
diminish,synonym,fall,1
dip,synonym,dim,
dip,synonym,plunge,1
dire,synonym,awful,2
dire,synonym,desperate,1
dire,synonym,dread,2
dire,synonym,dreadful,2
dire,synonym,horrific,2
dire,synonym,terrible,2
direct,antonym,alternate,
direct,antonym,indirect,1
direct,similar,bluff,3
direct,similar,blunt,3
direct,similar,brute,3
direct,similar,immediate,2
direct,similar,plain,3
direct,similar,square,3
direct,similar,straight,3
direct,similar,straightforward,1
direct,similar,through,1
direct,synonym,aim,
direct,synonym,conduct,
direct,synonym,exact,
direct,synonym,lead,
direct,synonym,mediate,2
direct,synonym,organize,
direct,synonym,send,
direct,synonym,steer,
direct,synonym,straight,
direct,synonym,take,
directed,similar,oriented,1
direction,synonym,counsel,
direction,synonym,way,1
dirty,antonym,clean,1
dirty,similar,awful,3
dirty,similar,black,1
dirty,similar,blue,2
dirty,similar,foul,1
dirty,similar,nasty,1
dirty,similar,obscene,2
dirty,synonym,clean,1
dirty,synonym,foul,
disabled,synonym,handicap,2
disadvantage,antonym,advantage,1
disagree,antonym,agree,1
disagree,synonym,differ,1
disagree,synonym,dissent,1
disappear,antonym,appear,1
disappear,synonym,vanish,1
disapprove,antonym,approve,1
disapprove,synonym,reject,2
disarm,antonym,arm,1
disaster,synonym,catastrophe,1
disaster,synonym,tragedy,2
disc,synonym,record,1
discard,synonym,dispose,1
discard,synonym,fling,1
discard,synonym,toss,1
discern,synonym,distinguish,1
discern,synonym,recognize,1
discern,synonym,spot,1
discharge,antonym,charge,
discharge,antonym,enlist,
discharge,synonym,acquit,
discharge,synonym,arc,
discharge,synonym,complete,1
discharge,synonym,despatch,1
discharge,synonym,free,3
discipline,synonym,field,1
discipline,synonym,study,1
discipline,synonym,subject,1
disclose,similar,break,1
disclose,synonym,break,1
disclose,synonym,cover,1
disclose,synonym,discover,1
disclose,synonym,expose,1
disclose,synonym,reveal,1
disclose,synonym,wrap,1
disconnect,antonym,connect,2
disconnect,synonym,gulf,3
disconnect,synonym,plug,1
discontent,antonym,content,2
discontent,antonym,contented,
discontent,similar,rested,3
discount,synonym,dismiss,
discount,synonym,disregard,
discount,synonym,ignore,
discourage,antonym,encourage,2
discourage,similar,warn,3
discourage,synonym,deter,1
discourage,synonym,warn,3
discourse,synonym,discuss,
discourse,synonym,sermon,2
discover,similar,ascertain,3
discover,similar,detect,3
discover,similar,determine,3
discover,similar,find,1
discover,similar,notice,3
discover,similar,observe,3
discover,similar,see,2
discover,similar,witness,2
discover,synonym,attain,
discover,synonym,detect,1
discover,synonym,disclose,
discover,synonym,expose,
discover,synonym,find,1
discover,synonym,hear,2
discover,synonym,learn,2
discover,synonym,notice,1
discover,synonym,observe,1
discover,synonym,reveal,
discover,synonym,see,2
discredit,synonym,disgrace,2
discreet,similar,prudent,3
discrete,similar,separate,1
discrete,synonym,distinct,1
discriminate,synonym,separate,2
discuss,synonym,discourse,1
disdain,synonym,contempt,1
disdain,synonym,despise,3
disdain,synonym,despite,1
disdain,synonym,patronage,2
disdain,synonym,scorn,1
disgrace,synonym,degrade,3
disgrace,synonym,discredit,
disgrace,synonym,shame,1
disgust,synonym,repel,2
disgust,synonym,revolt,2
dish,synonym,beauty,
dish,synonym,peach,
dishonest,antonym,honest,1
dishonest,similar,corrupt,2
dishonest,similar,false,1
dishonest,synonym,corrupt,2
disintegrate,antonym,integrate,1
disintegrate,similar,decay,2
disintegrate,synonym,decay,3
dislike,antonym,like,1
dismal,synonym,blue,1
dismal,synonym,dark,1
dismal,synonym,grim,1
dismal,synonym,sorry,1
dismantle,synonym,level,1
dismantle,synonym,strip,3
dismay,synonym,alarm,2
dismay,synonym,appal,
dismay,synonym,depress,3
dismiss,similar,drop,3
dismiss,synonym,discount,1
dismiss,synonym,displace,
dismiss,synonym,disregard,1
dismiss,synonym,drop,3
dismiss,synonym,ignore,1
dismiss,synonym,sack,
disorder,antonym,order,2
disorder,synonym,distract,
disorder,synonym,upset,1
dispense,synonym,administer,1
dispense,synonym,allot,1
dispense,synonym,deal,1
dispense,synonym,distribute,1
dispense,synonym,lot,1
disperse,synonym,broadcast,
disperse,synonym,circulate,
disperse,synonym,diffuse,
disperse,synonym,disseminate,
disperse,synonym,dot,1
disperse,synonym,dust,1
disperse,synonym,scatter,1
disperse,synonym,sprinkle,1
displace,synonym,can,3
displace,synonym,dismiss,3
displace,synonym,fire,3
displace,synonym,move,
displace,synonym,sack,3
displace,synonym,terminate,3
display,synonym,exhibit,1
display,synonym,expose,1
display,synonym,show,3
dispose,synonym,discard,2
dispose,synonym,fling,2
dispose,synonym,incline,3
dispose,synonym,toss,2
disposition,synonym,incline,3
disposition,synonym,temperament,1
disproportion,antonym,proportion,1
disproportion,synonym,balance,1
dispute,synonym,challenge,3
dispute,synonym,conflict,1
dispute,synonym,controversy,
dispute,synonym,debate,
dispute,synonym,difference,1
dispute,synonym,quarrel,
disqualify,antonym,qualify,1
disqualify,synonym,fit,1
disregard,synonym,cut,1
disregard,synonym,discount,2
disregard,synonym,dismiss,2
disregard,synonym,ignore,1
disregard,synonym,neglect,3
disrupt,synonym,interrupt,1
dissatisfy,antonym,satisfy,1
disseminate,similar,circulate,1
disseminate,similar,spread,1
disseminate,synonym,broadcast,1
disseminate,synonym,circulate,1
disseminate,synonym,diffuse,1
disseminate,synonym,disperse,1
disseminate,synonym,distribute,1
disseminate,synonym,propagate,1
disseminate,synonym,spread,1
dissent,synonym,differ,
dissent,synonym,disagree,
dissent,synonym,dissident,
dissent,synonym,objected,3
dissent,synonym,protest,3
dissent,synonym,resist,
dissident,similar,negative,3
dissident,similar,orthodox,2
dissident,synonym,contest,1
dissident,synonym,dissent,1
dissident,synonym,objected,1
dissident,synonym,protest,1
dissolve,synonym,melt,
dissolve,synonym,resolve,2
distance,synonym,length,3
distant,antonym,close,1
distant,similar,adjacent,1
distant,similar,deep,1
distant,similar,extreme,1
distant,synonym,remote,2
distil,similar,condense,1
distil,similar,extract,3
distil,similar,purify,3
distil,synonym,condense,1
distil,synonym,extract,2
distil,synonym,purify,
distinct,similar,clear,2
distinct,similar,crisp,2
distinct,similar,different,1
distinct,similar,separate,3
distinct,similar,sharp,2
distinct,synonym,discrete,3
distinct,synonym,typical,
distinguish,similar,mark,3
distinguish,synonym,differentiate,1
distinguish,synonym,discern,2
distinguish,synonym,mark,3
distinguish,synonym,recognize,2
distinguish,synonym,separate,1
distinguish,synonym,spot,2
distinguish,synonym,tell,1
distort,similar,wrench,3
distort,synonym,deform,3
distort,synonym,twine,2
distort,synonym,twist,2
distort,synonym,warp,1
distract,synonym,deflect,1
distract,synonym,disorder,2
distract,synonym,trouble,2
distress,synonym,hurt,1
distribute,synonym,administer,1
distribute,synonym,allot,1
distribute,synonym,broadcast,
distribute,synonym,circulate,
distribute,synonym,deal,1
distribute,synonym,diffuse,
distribute,synonym,dispense,1
distribute,synonym,disseminate,
distribute,synonym,lot,1
distribute,synonym,spread,2
district,synonym,territory,1
district,synonym,zone,2
distrust,antonym,trust,1
distrust,synonym,suspect,1
distrust,synonym,suspicion,2
disturb,synonym,agitate,2
disturb,synonym,interrupt,
disturb,synonym,touch,3
disturb,synonym,trouble,1
disturb,synonym,upset,1
ditch,synonym,chuck,2
ditch,synonym,dump,3
dive,similar,dump,1
dive,similar,plunge,1
dive,synonym,plunge,1
diverge,antonym,converge,1
diverge,synonym,depart,
diverge,synonym,deviate,
diverge,synonym,vary,
diverse,similar,different,1
diverse,synonym,various,2
diversify,synonym,radiate,2
diversion,synonym,recreation,1
divert,synonym,amuse,3
divert,synonym,deviate,1
divide,antonym,multiply,2
divide,antonym,unite,1
divide,synonym,fraction,2
divide,synonym,separate,1
divide,synonym,split,1
division,synonym,part,2
division,synonym,section,2
dizzy,similar,ill,1
dizzy,similar,sick,1
dizzy,synonym,silly,2
do,similar,make,1
do,synonym,acquit,
do,synonym,act,
do,synonym,bash,
do,synonym,behave,
do,synonym,deport,
do,synonym,execute,2
do,synonym,make,1
do,synonym,perform,2
do,synonym,practise,
do,synonym,suffice,
dock,synonym,pier,3
doctor,synonym,fix,
doctor,synonym,mend,
doctor,synonym,physician,1
doctor,synonym,repair,
doctrine,synonym,philosophy,1
document,synonym,paper,1
documentary,similar,real,3
dodge,synonym,evade,
dodge,synonym,fox,
dodge,synonym,scheme,3
dog,synonym,chase,
dog,synonym,heel,
dog,synonym,hound,
doll,synonym,bird,2
doll,synonym,chicken,2
doll,synonym,skirt,2
dollar,synonym,buck,2
domain,synonym,area,1
domain,synonym,arena,1
domain,synonym,field,1
domain,synonym,land,2
domain,synonym,orbit,1
domain,synonym,sphere,1
domain,synonym,world,
dome,synonym,attic,2
dome,synonym,bean,2
domestic,antonym,foreign,1
domestic,similar,home,1
domestic,similar,interior,1
domestic,similar,internal,1
domestic,similar,municipal,1
dominance,synonym,authority,
dominance,synonym,control,2
dominance,synonym,lateral,1
dominant,antonym,subordinate,1
dominant,similar,frequent,3
dominant,similar,paramount,1
dominant,similar,predominant,1
dominant,similar,sovereign,1
dominant,similar,superior,1
dominant,similar,supreme,1
dominant,synonym,predominant,3
dominant,synonym,prevalent,3
dominate,synonym,eclipse,
dominate,synonym,master,3
dominate,synonym,prevail,1
dominate,synonym,reign,1
dominate,synonym,rule,1
donor,synonym,beneficiary,
doom,synonym,condemn,3
doom,synonym,designate,2
doom,synonym,fate,2
doom,synonym,sentence,3
doom,synonym,sentencing,3
door,synonym,threshold,2
dormitory,synonym,hall,1
dose,synonym,acid,
dose,synonym,dot,
dose,synonym,drug,
dot,synonym,acid,3
dot,synonym,disperse,
dot,synonym,dose,3
dot,synonym,point,1
dot,synonym,sprinkle,
double,antonym,single,
double,similar,multiple,1
double,synonym,dual,1
double,synonym,duplicate,
double,synonym,repeat,
double,synonym,replicate,
double,synonym,twofold,1
doubt,synonym,question,2
doubt,synonym,sceptic,
dough,synonym,bread,2
dough,synonym,cabbage,2
dough,synonym,lettuce,2
dough,synonym,loot,2
dough,synonym,scratch,2
dough,synonym,sugar,2
dove,antonym,hawk,2
down,antonym,up,1
down,antonym,upwards,
down,synonym,blue,
down,synonym,consume,
down,synonym,demolish,
down,synonym,refine,
dozen,similar,cardinal,2
dozen,synonym,twelve,1
draft,synonym,blueprint,
draft,synonym,enlist,
draft,synonym,gulp,
drag,synonym,cart,2
drag,synonym,haul,2
drag,synonym,sweep,3
drag,synonym,tangle,3
drama,synonym,play,1
drama,synonym,theatre,
drape,synonym,curtain,1
drape,synonym,mantle,1
draw,similar,pull,1
draw,synonym,attract,
draw,synonym,depict,
draw,synonym,describe,3
draw,synonym,haul,
draw,synonym,line,3
draw,synonym,pull,1
draw,synonym,reap,2
draw,synonym,tie,
draw,synonym,trace,3
drawer,synonym,pants,
drawer,synonym,shorts,
dread,synonym,awful,3
dread,synonym,dire,3
dread,synonym,dreadful,3
dread,synonym,fear,2
dread,synonym,horrific,3
dread,synonym,terrible,3
dreadful,similar,bad,2
dreadful,synonym,awful,1
dreadful,synonym,dire,1
dreadful,synonym,dread,1
dreadful,synonym,horrific,1
dreadful,synonym,terrible,1
dream,synonym,ambition,3
dress,synonym,clothes,3
dress,synonym,garment,
dress,synonym,prune,
drift,similar,cast,2
drift,similar,err,3
drift,similar,float,1
drift,similar,ramble,2
drift,similar,range,2
drift,similar,roam,2
drift,similar,roll,2
drift,similar,rove,2
drift,similar,stray,2
drift,similar,wander,2
drift,synonym,blow,1
drift,synonym,cast,3
drift,synonym,err,2
drift,synonym,float,1
drift,synonym,impetus,
drift,synonym,ramble,3
drift,synonym,range,3
drift,synonym,roam,3
drift,synonym,roll,3
drift,synonym,rove,3
drift,synonym,stray,2
drift,synonym,trend,
drift,synonym,wander,3
drill,synonym,boring,
drill,synonym,exercise,3
drill,synonym,practise,
drink,synonym,pledge,
drink,synonym,salute,
drip,synonym,trickle,1
drive,similar,ride,1
drive,similar,take,1
drive,synonym,aim,
drive,synonym,campaign,
drive,synonym,cause,
drive,synonym,crusade,
drive,synonym,motor,2
drive,synonym,repel,
drop,similar,sink,1
drop,synonym,bead,
drop,synonym,cliff,
drop,synonym,dangle,
drop,synonym,degenerate,
drop,synonym,deteriorate,
drop,synonym,dismiss,
drop,synonym,felled,
drop,synonym,neglect,
drop,synonym,omit,
drop,synonym,overlook,
drop,synonym,pearl,
drop,synonym,shed,
drop,synonym,sink,
drop,synonym,spend,
drop,synonym,throw,
drown,synonym,overwhelm,1
drown,synonym,submerge,1
drug,synonym,chemist,
drug,synonym,dose,2
drum,synonym,barrel,3
drum,synonym,cram,
dry,antonym,sweet,
dry,antonym,wet,1
dry,synonym,wry,2
dual,similar,multiple,1
dual,similar,plural,3
dual,synonym,double,1
dual,synonym,twofold,2
dub,synonym,knight,3
dub,synonym,nickname,1
dubious,similar,certain,1
dubious,similar,sure,1
duck,synonym,evade,
duct,synonym,canal,1
duct,synonym,channel,1
due,similar,collect,1
due,similar,delinquent,1
dull,antonym,bright,2
dull,antonym,lively,1
dull,antonym,sharp,
dull,similar,flat,2
dull,similar,heavy,1
dull,similar,mat,2
dull,similar,soft,2
dull,synonym,boring,
dull,synonym,damp,
dull,synonym,dumb,
dull,synonym,muffle,
dull,synonym,mute,3
dull,synonym,slow,
dull,synonym,soft,3
dumb,similar,stupid,1
dumb,synonym,dense,1
dumb,synonym,dim,1
dumb,synonym,dull,1
dumb,synonym,mute,
dumb,synonym,slow,1
dump,synonym,ditch,2
duplicate,synonym,double,1
duplicate,synonym,parallel,2
duplicate,synonym,repeat,1
duplicate,synonym,replicate,1
duplicate,synonym,twin,2
durable,similar,long,1
duration,synonym,length,3
dusk,synonym,fall,1
dusk,synonym,twilight,1
dust,synonym,debris,2
dust,synonym,disperse,
dust,synonym,junk,2
dust,synonym,rubble,2
dust,synonym,sprinkle,
duty,synonym,tariff,3
dwell,synonym,brood,1
dwell,synonym,consist,2
dwell,synonym,inhabit,3
dwell,synonym,lie,2
dwell,synonym,live,3
dye,synonym,stain,3
dynamic,synonym,active,3
each,similar,all,1
eager,similar,anxious,1
eager,similar,hot,1
eager,similar,impatient,1
eager,synonym,zeal,
early,antonym,late,1
early,antonym,middle,1
early,similar,advance,1
early,similar,beforehand,1
early,similar,crude,2
early,similar,new,2
early,similar,past,3
early,similar,premature,1
early,similar,previous,1
early,similar,primitive,2
early,similar,rude,2
early,similar,wee,1
early,similar,young,2
early,synonym,former,3
early,synonym,other,3
earn,similar,clear,1
earn,similar,make,1
earn,similar,net,1
earn,similar,sack,1
earn,synonym,clear,1
earn,synonym,gain,1
earn,synonym,make,1
earn,synonym,realise,1
earn,synonym,win,2
earnest,similar,serious,1
earnest,similar,sincere,2
earnest,synonym,dear,2
earnest,synonym,sincere,1
earnest,synonym,solemn,1
earth,synonym,ground,1
earth,synonym,land,2
ease,synonym,alleviate,
ease,synonym,comfort,2
ease,synonym,facilitate,
ease,synonym,relief,3
ease,synonym,rest,
ease,synonym,simplicity,1
east,antonym,west,
eastern,antonym,western,2
eastern,similar,east,1
easy,antonym,difficult,1
easy,similar,casual,1
easy,similar,clean,1
easy,similar,elementary,1
easy,similar,simple,1
easy,similar,smooth,1
easy,similar,soft,1
eat,similar,feed,1
eat,synonym,corrode,
eat,synonym,deplete,
eat,synonym,feed,3
eccentric,synonym,bizarre,1
eccentric,synonym,flake,3
eccentric,synonym,type,
echo,synonym,recall,3
echo,synonym,repeat,1
echo,synonym,ring,2
eclipse,synonym,dominate,2
ecstasy,synonym,go,3
ecstasy,synonym,transport,1
edge,synonym,adjoin,
edge,synonym,border,1
edge,synonym,boundary,2
edge,synonym,inch,
edit,similar,contract,3
edit,similar,cut,3
edit,similar,reduce,3
edit,synonym,cut,3
edit,synonym,delete,
edition,synonym,version,
educate,similar,develop,2
educate,similar,groom,2
educate,similar,prepare,2
educate,similar,train,2
educate,synonym,civilise,3
educate,synonym,cultivate,3
educate,synonym,develop,2
educate,synonym,prepare,2
educate,synonym,school,3
educate,synonym,train,2
eerie,similar,strange,2
eerie,similar,usual,2
effect,synonym,burden,
effect,synonym,consequence,1
effect,synonym,essence,
effect,synonym,event,1
effect,synonym,impression,2
effect,synonym,issue,1
effect,synonym,outcome,1
effect,synonym,result,1
effective,similar,competent,2
effective,synonym,efficient,2
efficient,similar,competent,2
efficient,synonym,effective,2
effort,synonym,attempt,1
effort,synonym,campaign,
effort,synonym,cause,
effort,synonym,crusade,
effort,synonym,endeavour,1
effort,synonym,exploit,3
effort,synonym,feat,3
effort,synonym,sweat,2
effort,synonym,try,1
egg,synonym,ball,3
egg,synonym,nut,3
ego,synonym,self,2
eight,similar,cardinal,3
elaborate,similar,fancy,1
elaborate,synonym,complicate,
elaborate,synonym,enlarge,3
elaborate,synonym,expand,3
elaborate,synonym,refine,
elastic,similar,flexible,1
elastic,similar,live,1
elastic,similar,lively,1
elastic,similar,plastic,1
elastic,similar,stretch,1
elastic,synonym,flexible,2
elder,similar,senior,1
elder,synonym,old,1
elder,synonym,senior,2
eldest,similar,first,1
elect,synonym,elite,
electric,similar,tense,2
elegant,similar,exquisite,1
elegant,similar,fine,1
elegant,similar,gracious,2
element,synonym,component,1
element,synonym,factor,1
element,synonym,ingredient,1
elementary,similar,basic,3
elementary,similar,easy,1
elementary,synonym,primary,3
elementary,synonym,simple,1
elevate,synonym,advance,1
elevate,synonym,lift,2
elevate,synonym,promote,1
elevate,synonym,raise,1
elevate,synonym,upgrade,1
eleven,similar,cardinal,3
elf,synonym,brownie,1
elicit,synonym,arouse,1
elicit,synonym,evoke,1
elicit,synonym,extract,2
elicit,synonym,fire,1
elicit,synonym,provoke,1
elicit,synonym,raise,1
eligible,similar,legal,1
eligible,similar,worth,1
eliminate,synonym,eradicate,3
elite,similar,select,2
elite,synonym,elect,2
eloquent,similar,articulate,1
eloquent,synonym,fluent,1
eloquent,synonym,silver,1
elusive,synonym,subtle,3
embark,synonym,enter,2
embark,synonym,ship,1
embark,synonym,venture,3
embarrass,synonym,block,2
embarrass,synonym,blockade,2
embarrass,synonym,hinder,2
embarrass,synonym,obstruct,2
embed,synonym,implant,1
embed,synonym,plant,1
embody,synonym,be,2
embody,synonym,incarnate,1
embrace,similar,address,1
embrace,similar,cover,1
embrace,similar,deal,1
embrace,similar,handle,1
embrace,similar,plough,1
embrace,similar,treat,1
embrace,synonym,adopt,3
embrace,synonym,comprehend,1
embrace,synonym,cover,1
embrace,synonym,encompass,1
embrace,synonym,hug,2
embrace,synonym,squeeze,2
embroider,synonym,pad,2
emerge,synonym,issue,2
emergency,synonym,pinch,1
emigrate,antonym,immigrate,1
eminent,similar,high,2
eminent,similar,superior,1
eminent,synonym,high,1
emit,antonym,absorb,2
emit,synonym,breathe,1
emit,synonym,utter,3
emphasis,synonym,accent,1
emphasis,synonym,stress,
emphasise,synonym,accent,2
emphasise,synonym,punctuate,2
emphasise,synonym,stress,2
emphasise,synonym,underline,1
empire,synonym,conglomerate,
empirical,antonym,theoretical,1
empirical,similar,false,1
employ,similar,apply,1
employ,similar,practise,1
employ,similar,use,1
employ,synonym,apply,1
employ,synonym,engage,2
employ,synonym,exercise,
employ,synonym,hire,2
employ,synonym,usage,
employ,synonym,use,1
employ,synonym,utilise,1
empower,synonym,authorise,1
empower,synonym,endow,2
empower,synonym,gift,2
empower,synonym,invest,2
empty,antonym,fill,
empty,antonym,full,1
empty,similar,bare,1
empty,similar,blank,1
empty,similar,clean,1
empty,similar,hungry,3
empty,similar,vacant,1
empty,similar,void,1
empty,similar,white,1
empty,synonym,abandon,
empty,synonym,hollow,2
enchant,synonym,capture,2
enchant,synonym,catch,2
enchant,synonym,charm,2
enchant,synonym,delight,1
enchant,synonym,entrance,2
enchant,synonym,fascinate,2
enchant,synonym,glamour,3
enchant,synonym,transport,1
enchant,synonym,witch,3
enclose,synonym,confine,2
enclose,synonym,insert,
enclose,synonym,introduce,
enclose,synonym,wrap,1
encompass,similar,address,1
encompass,similar,cover,1
encompass,similar,deal,1
encompass,similar,handle,1
encompass,similar,plough,1
encompass,similar,treat,1
encompass,synonym,comprehend,1
encompass,synonym,cover,1
encompass,synonym,embrace,1
encounter,similar,assemble,1
encounter,similar,gather,1
encounter,similar,meet,1
encounter,synonym,bump,2
encounter,synonym,chance,2
encounter,synonym,find,2
encounter,synonym,happen,2
encounter,synonym,meet,1
encounter,synonym,see,1
encourage,antonym,discourage,2
encourage,synonym,advance,1
encourage,synonym,boost,1
encourage,synonym,further,1
encourage,synonym,promote,1
end,antonym,begin,
end,antonym,middle,2
end,synonym,cease,
end,synonym,destruction,
end,synonym,finish,
end,synonym,goal,
end,synonym,last,3
end,synonym,remnant,
end,synonym,terminal,1
end,synonym,terminate,
endeavour,synonym,attempt,2
endeavour,synonym,effort,2
endeavour,synonym,enterprise,1
endeavour,synonym,strive,3
endeavour,synonym,try,2
endorse,similar,back,1
endorse,similar,second,1
endorse,similar,support,2
endorse,synonym,back,1
endorse,synonym,certify,3
endorse,synonym,second,2
endorse,synonym,support,1
endow,synonym,empower,1
endow,synonym,gift,1
endow,synonym,invest,1
endure,similar,ache,1
endure,similar,be,3
endure,similar,exist,3
endure,similar,hurt,1
endure,similar,live,3
endure,similar,subsist,3
endure,similar,suffer,1
endure,similar,survive,3
endure,synonym,abide,1
endure,synonym,bear,1
endure,synonym,brave,2
endure,synonym,digest,1
endure,synonym,go,3
endure,synonym,last,3
endure,synonym,lasted,3
endure,synonym,live,3
endure,synonym,persist,
endure,synonym,prevail,
endure,synonym,stand,1
endure,synonym,stomach,1
endure,synonym,suffer,1
endure,synonym,support,1
endure,synonym,survive,3
endure,synonym,tolerate,1
endure,synonym,weather,2
enemy,synonym,foe,2
energy,synonym,push,3
energy,synonym,vitality,
energy,synonym,zip,2
enforce,antonym,exempt,1
enforce,synonym,apply,1
enforce,synonym,constrain,2
enforce,synonym,implement,1
enforce,synonym,impose,2
engage,synonym,absorb,2
engage,synonym,employ,3
engage,synonym,enlist,
engage,synonym,hire,3
engage,synonym,lock,
engage,synonym,occupy,2
engage,synonym,plight,
engage,synonym,prosecute,1
engage,synonym,pursue,1
engage,synonym,wage,
engine,synonym,locomotive,3
engineer,synonym,organize,
engineer,synonym,technology,1
engrave,similar,etch,1
engrave,synonym,etch,3
engrave,synonym,grave,1
engrave,synonym,inscribe,1
engrave,synonym,scratch,1
enhance,synonym,heighten,1
enhance,synonym,raise,1
enjoy,antonym,suffer,
enjoy,synonym,delight,
enjoy,synonym,love,3
enjoy,synonym,relish,1
enjoy,synonym,revel,
enjoy,synonym,savour,1
enlarge,synonym,elaborate,
enlarge,synonym,magnify,2
enlighten,synonym,clear,3
enlighten,synonym,illuminate,3
enlist,antonym,discharge,3
enlist,synonym,draft,3
enlist,synonym,engage,2
enormous,similar,big,1
enormous,similar,large,1
enormous,synonym,tremendous,1
enough,similar,sufficient,2
enough,synonym,adequate,2
enough,synonym,plenty,3
enquire,similar,ask,1
enquire,synonym,ask,1
enquire,synonym,inquire,1
enquire,synonym,investigate,2
enquire,synonym,wonder,3
enrich,antonym,deprive,1
enrich,antonym,impoverish,2
enrol,synonym,enter,1
enrol,synonym,inscribe,1
enrol,synonym,raise,1
enrol,synonym,recruit,1
ensue,synonym,result,1
ensure,similar,ascertain,2
ensure,similar,check,2
ensure,similar,control,2
ensure,similar,determine,2
ensure,similar,guarantee,1
ensure,similar,learn,2
ensure,similar,mark,2
ensure,similar,see,2
ensure,similar,tick,2
ensure,similar,verify,2
ensure,similar,watch,2
ensure,synonym,ascertain,2
ensure,synonym,assure,1
ensure,synonym,check,2
ensure,synonym,control,2
ensure,synonym,guarantee,1
ensure,synonym,insure,1
ensure,synonym,secure,1
ensure,synonym,see,2
entail,synonym,implicate,2
entail,synonym,imply,1
entail,synonym,mean,1
enter,antonym,exit,1
enter,synonym,embark,
enter,synonym,enrol,3
enter,synonym,inscribe,3
enter,synonym,insert,
enter,synonym,participate,2
enter,synonym,raise,3
enter,synonym,recruit,3
enterprise,synonym,endeavour,1
entertain,synonym,bear,3
entertain,synonym,harbor,3
entertain,synonym,hold,3
entertain,synonym,nurse,3
enthusiastic,similar,crazy,1
enthusiastic,similar,evangelical,1
enthusiastic,similar,warm,1
enthusiastic,similar,wild,1
entice,synonym,lure,1
entice,synonym,tempt,1
entire,similar,smooth,3
entire,similar,whole,1
entire,synonym,full,1
entire,synonym,intact,2
entire,synonym,integral,2
entire,synonym,total,1
entitle,synonym,gentle,3
entitle,synonym,title,2
entrance,synonym,capture,
entrance,synonym,enchant,
entrance,synonym,entry,1
entrance,synonym,fascinate,
entrench,synonym,trench,2
entry,synonym,debut,2
entry,synonym,entrance,
entry,synonym,submission,
entry,synonym,veil,2
environment,synonym,surround,2
epic,similar,big,1
epic,similar,large,1
episode,synonym,sequence,
equal,antonym,differ,
equal,similar,capable,2
equal,similar,close,1
equal,similar,competent,2
equal,similar,coordinate,1
equal,similar,equivalent,1
equal,similar,even,1
equal,similar,level,1
equal,similar,tight,1
equal,synonym,adequate,2
equal,synonym,equate,
equal,synonym,equation,
equal,synonym,match,3
equal,synonym,par,
equal,synonym,peer,3
equal,synonym,peered,3
equal,synonym,rival,
equal,synonym,unique,
equate,similar,equal,3
equate,similar,match,3
equate,similar,rival,3
equate,similar,touch,3
equate,synonym,compare,1
equate,synonym,correspond,2
equate,synonym,equal,3
equate,synonym,match,3
equation,synonym,equal,2
equation,synonym,par,2
equilibrium,synonym,balance,3
equitable,similar,fair,1
equitable,similar,honest,1
equitable,synonym,just,1
equivalent,similar,equal,3
equivocal,similar,conclusive,3
equivocal,similar,double,1
equivocal,synonym,ambiguous,1
equivocal,synonym,definitive,
eradicate,synonym,eliminate,1
erase,antonym,record,3
erase,synonym,delete,3
erect,similar,rear,3
erect,similar,straight,3
erect,synonym,raise,1
erect,synonym,rear,1
erect,synonym,upright,3
erect,synonym,vertical,3
erode,synonym,fret,2
err,similar,cast,2
err,similar,drift,2
err,similar,ramble,2
err,similar,range,2
err,similar,roam,2
err,similar,roll,2
err,similar,rove,2
err,similar,stray,2
err,similar,wander,2
err,synonym,drift,2
err,synonym,mistake,1
err,synonym,slip,1
err,synonym,stray,2
error,synonym,fault,1
error,synonym,mistake,1
erupt,similar,burn,3
erupt,synonym,burst,
erupt,synonym,flare,2
erupt,synonym,ignite,3
escape,synonym,miss,2
escape,synonym,run,
escort,synonym,date,
escort,synonym,see,2
essay,synonym,attempt,3
essay,synonym,seek,3
essay,synonym,try,3
essence,synonym,burden,3
essence,synonym,centre,1
essence,synonym,core,1
essence,synonym,effect,3
essence,synonym,heart,1
essence,synonym,in,1
essence,synonym,meat,1
essence,synonym,perfume,
essence,synonym,substance,1
essence,synonym,sum,1
essential,similar,important,3
essential,similar,must,2
essential,similar,necessary,1
essential,similar,organic,2
essential,similar,staple,2
essential,similar,substantial,2
essential,similar,substantive,2
essential,similar,virtual,2
essential,similar,vital,2
essential,synonym,crucial,3
essential,synonym,incidental,
essential,synonym,indispensable,1
essential,synonym,necessary,
essential,synonym,necessity,
essential,synonym,requisite,
essential,synonym,substantive,
establish,antonym,abolish,1
establish,synonym,build,
establish,synonym,constitute,2
establish,synonym,demonstrate,3
establish,synonym,find,1
establish,synonym,founded,1
establish,synonym,install,
establish,synonym,institute,2
establish,synonym,launch,1
establish,synonym,plant,2
establish,synonym,prove,3
establish,synonym,reinstate,
establish,synonym,show,3
estate,synonym,acre,2
estate,synonym,land,2
esteem,synonym,regard,1
esteem,synonym,respect,1
estimate,synonym,approximate,1
estimate,synonym,calculate,2
estimate,synonym,computer,
estimate,synonym,figure,2
estimate,synonym,forecast,2
estimate,synonym,gauge,1
estimate,synonym,guess,1
estimate,synonym,idea,3
estimate,synonym,judge,1
estimate,synonym,reckon,2
etch,synonym,engrave,3
eternal,similar,long,2
eternal,similar,permanent,1
eternal,synonym,perpetual,1
eternity,synonym,time,2
ethical,similar,right,3
ethnic,similar,religious,2
ethnic,similar,social,1
ethnic,synonym,pagan,2
evade,synonym,dodge,1
evade,synonym,duck,1
evade,synonym,hedge,1
evade,synonym,skirt,1
evaluate,similar,assess,1
evaluate,synonym,appraise,1
evaluate,synonym,assess,1
evaluate,synonym,judge,2
evaluate,synonym,measure,1
evaluate,synonym,value,1
evangelical,similar,enthusiastic,3
eve,synonym,even,3
eve,synonym,evening,3
even,antonym,odd,
even,synonym,eve,
even,synonym,evening,
even,synonym,still,3
even,synonym,yet,3
evening,synonym,eve,1
evening,synonym,even,1
event,synonym,case,2
event,synonym,consequence,
event,synonym,effect,
event,synonym,outcome,
event,synonym,result,
ever,antonym,never,2
ever,synonym,always,2
every,similar,all,1
every,synonym,casual,
every,synonym,mundane,
evidence,synonym,certify,
evidence,synonym,demonstrate,
evidence,synonym,ground,1
evidence,synonym,manifest,
evidence,synonym,prove,
evidence,synonym,show,
evidence,synonym,testify,
evident,similar,obvious,1
evident,synonym,apparent,1
evident,synonym,manifest,1
evident,synonym,patent,1
evident,synonym,plain,1
evil,antonym,good,1
evil,antonym,goods,
evil,similar,bad,1
evil,similar,black,1
evil,similar,dark,1
evil,similar,holy,1
evil,similar,sinister,1
evil,similar,ugly,1
evil,similar,wicked,2
evil,similar,worth,1
evil,synonym,malign,3
evil,synonym,vicious,2
evoke,similar,arouse,2
evoke,similar,conjure,2
evoke,similar,invoke,2
evoke,similar,raise,2
evoke,similar,stir,2
evoke,synonym,arouse,1
evoke,synonym,conjure,
evoke,synonym,elicit,1
evoke,synonym,extract,3
evoke,synonym,fire,1
evoke,synonym,invoke,
evoke,synonym,provoke,1
evoke,synonym,raise,1
evolve,similar,acquire,3
evolve,similar,develop,1
evolve,similar,get,3
evolve,similar,grow,3
evolve,similar,produce,3
evolve,synonym,acquire,3
evolve,synonym,develop,1
exacerbate,synonym,aggravate,1
exacerbate,synonym,exasperate,1
exact,similar,absolute,3
exact,similar,correct,2
exact,similar,direct,1
exact,similar,literal,1
exact,similar,perfect,1
exact,similar,right,2
exact,similar,strict,1
exact,synonym,accurate,2
exact,synonym,direct,3
exact,synonym,precise,2
exaggerate,synonym,amplify,1
exaggerate,synonym,magnify,1
exam,synonym,test,1
examine,synonym,analyse,1
examine,synonym,probe,3
examine,synonym,see,2
examine,synonym,study,1
examine,synonym,try,
example,synonym,case,
example,synonym,exemplar,3
example,synonym,instance,1
example,synonym,lesson,
example,synonym,model,2
exasperate,synonym,aggravate,1
exasperate,synonym,exacerbate,1
excavate,similar,locate,2
exceed,synonym,pass,2
exceed,synonym,surpass,1
exceed,synonym,top,2
exceed,synonym,transcend,1
excel,synonym,surpass,1
excellent,similar,superior,1
excellent,synonym,mean,1
excellent,synonym,splendid,1
except,synonym,exclude,2
except,synonym,omit,2
exception,synonym,exclusion,1
excess,synonym,extra,
excess,synonym,redundant,
excess,synonym,spare,
excess,synonym,surplus,1
exchange,synonym,interchange,3
exchange,synonym,switch,
excise,synonym,scratch,2
excise,synonym,strike,2
excite,synonym,agitate,
excite,synonym,rouse,
excite,synonym,stimulate,2
excite,synonym,stir,3
exclaim,similar,call,1
exclaim,similar,cry,1
exclaim,similar,scream,1
exclaim,similar,shout,1
exclaim,similar,yell,1
exclaim,synonym,cry,1
exclaim,synonym,proclaim,2
exclaim,synonym,shout,1
exclude,antonym,admit,2
exclude,antonym,include,1
exclude,synonym,except,1
exclude,synonym,omit,1
exclude,synonym,shut,2
exclusion,antonym,inclusion,1
exclusion,synonym,exception,3
exclusive,antonym,inclusive,2
exclusive,similar,alone,2
exclusive,similar,in,2
exclusive,similar,inside,2
exclusive,similar,only,2
exclusive,similar,select,2
exclusive,synonym,scoop,
exclusive,synonym,single,3
exclusive,synonym,sole,1
excursion,synonym,expedition,1
excursion,synonym,outing,1
excuse,synonym,apology,3
excuse,synonym,explain,
execute,similar,implement,3
execute,synonym,accomplish,3
execute,synonym,act,3
execute,synonym,do,
execute,synonym,fulfil,3
execute,synonym,perform,
executive,synonym,administrator,3
exemplar,synonym,example,1
exemplar,synonym,model,1
exemplify,synonym,illustrate,2
exemplify,synonym,instance,2
exemplify,synonym,represent,1
exempt,antonym,enforce,3
exempt,similar,immune,1
exempt,synonym,free,3
exempt,synonym,relieve,3
exercise,synonym,drill,3
exercise,synonym,employ,2
exercise,synonym,exert,
exercise,synonym,practise,
exercise,synonym,usage,2
exercise,synonym,use,2
exert,synonym,exercise,1
exert,synonym,maintain,2
exert,synonym,wield,2
exhaust,synonym,beat,3
exhaust,synonym,deplete,
exhaust,synonym,fume,1
exhibit,synonym,demonstrate,3
exhibit,synonym,display,2
exhibit,synonym,expose,2
exhibit,synonym,present,3
exhibit,synonym,presented,3
exhibit,synonym,show,3
exhilarate,synonym,thrill,1
exile,synonym,deport,
exile,synonym,transport,3
exist,similar,endure,2
exist,similar,go,2
exist,similar,last,2
exist,similar,live,2
exist,similar,survive,2
exist,synonym,be,1
exist,synonym,live,2
exist,synonym,subsist,2
exist,synonym,survive,2
exit,antonym,enter,
exit,synonym,departure,2
exit,synonym,die,
exit,synonym,expire,
exit,synonym,issue,1
exit,synonym,loss,2
exit,synonym,outlet,1
exit,synonym,perish,
exit,synonym,release,2
exotic,similar,foreign,1
exotic,similar,strange,1
exotic,similar,usual,2
exotic,synonym,alien,1
expand,antonym,contract,1
expand,synonym,amplify,
expand,synonym,elaborate,
expand,synonym,flourish,
expand,synonym,inflate,
expand,synonym,thrive,
expanse,synonym,area,2
expanse,synonym,sweep,1
expansion,antonym,contraction,1
expect,similar,anticipate,3
expect,similar,await,1
expect,similar,look,1
expect,similar,wait,1
expect,synonym,anticipate,1
expect,synonym,ask,2
expect,synonym,await,3
expect,synonym,look,3
expect,synonym,require,2
expect,synonym,wait,3
expedition,synonym,despatch,
expedition,synonym,excursion,
expedition,synonym,outing,
expel,synonym,oust,2
expenditure,synonym,consumption,3
expensive,antonym,cheap,1
expensive,similar,dear,1
expensive,synonym,cheap,
experience,synonym,feel,
experience,synonym,have,
expert,synonym,amateur,
expert,synonym,expertise,
expert,synonym,good,2
expert,synonym,technical,3
expertise,synonym,expert,1
expire,similar,break,2
expire,similar,die,2
expire,similar,fail,2
expire,similar,go,2
expire,synonym,choke,2
expire,synonym,die,2
expire,synonym,exit,2
expire,synonym,go,2
expire,synonym,pass,2
expire,synonym,perish,2
explain,synonym,excuse,3
explicable,synonym,incomprehensible,
explicit,antonym,implicit,1
explicit,similar,definitive,1
explicit,similar,equivocal,1
explicit,similar,express,1
explicit,similar,graphic,1
explicit,similar,literal,2
explode,synonym,burst,2
exploit,similar,work,1
exploit,synonym,effort,
exploit,synonym,feat,
exploit,synonym,tap,2
exploit,synonym,work,1
explore,synonym,research,1
explore,synonym,search,1
explosion,synonym,burst,2
export,antonym,import,1
expose,similar,break,2
expose,synonym,break,2
expose,synonym,cover,2
expose,synonym,disclose,2
expose,synonym,discover,2
expose,synonym,display,3
expose,synonym,exhibit,3
expose,synonym,reveal,2
expose,synonym,wrap,2
express,antonym,local,
express,similar,carry,3
express,similar,channel,3
express,similar,conduct,3
express,similar,convey,3
express,similar,transmit,3
express,synonym,carry,3
express,synonym,convey,3
express,synonym,show,1
express,synonym,utter,2
exquisite,similar,delicate,3
exquisite,similar,elegant,2
exquisite,similar,intense,1
exquisite,synonym,keen,1
extend,similar,cover,3
extend,similar,expand,1
extend,similar,range,2
extend,similar,run,2
extend,synonym,continue,3
extend,synonym,cover,3
extend,synonym,go,2
extend,synonym,lead,2
extend,synonym,pass,2
extend,synonym,prolong,
extend,synonym,run,2
extend,synonym,stretch,
extension,synonym,annex,
extensive,antonym,intense,3
extensive,similar,big,1
extensive,similar,comprehensive,2
extensive,similar,large,1
extensive,synonym,blanket,2
extensive,synonym,broad,2
extensive,synonym,wide,2
exterior,antonym,interior,3
exterior,similar,out,3
external,antonym,internal,1
external,similar,foreign,3
external,synonym,international,3
extinct,antonym,active,2
extinct,similar,dead,1
extinct,synonym,out,3
extra,similar,necessary,1
extra,synonym,excess,1
extra,synonym,redundant,1
extra,synonym,spare,1
extra,synonym,special,2
extra,synonym,surplus,1
extract,similar,draw,3
extract,similar,pull,3
extract,synonym,descent,
extract,synonym,distil,
extract,synonym,elicit,
extract,synonym,evoke,
extract,synonym,origin,
extract,synonym,pull,3
extraordinary,antonym,ordinary,1
extraordinary,similar,awful,1
extraordinary,similar,common,1
extraordinary,similar,fantastic,1
extraordinary,similar,grand,1
extraordinary,similar,great,1
extraordinary,similar,moderate,2
extraordinary,similar,one,1
extraordinary,similar,rare,1
extraordinary,similar,right,1
extraordinary,similar,singular,1
extraordinary,similar,some,1
extraordinary,similar,special,1
extraordinary,similar,terrible,1
extraordinary,similar,terrific,1
extraordinary,similar,tremendous,1
extraordinary,similar,usual,3
extreme,similar,intense,1
extreme,similar,moderate,2
extreme,synonym,radical,
eye,synonym,centre,
eye,synonym,loop,
eye,synonym,middle,
eye,synonym,optic,1
eyebrow,synonym,brow,1
fabric,synonym,cloth,1
fabric,synonym,framework,2
fabric,synonym,material,1
fabric,synonym,textile,1
fabricate,synonym,construct,1
fabricate,synonym,invent,2
fabricate,synonym,manufacture,1
fabulous,similar,incredible,3
fabulous,similar,real,2
face,synonym,aspect,2
face,synonym,confront,
face,synonym,grimace,
face,synonym,lining,
face,synonym,look,2
face,synonym,nerve,
facet,synonym,aspect,1
facilitate,synonym,alleviate,1
facilitate,synonym,ease,1
facilitate,synonym,help,2
factor,synonym,broker,
factor,synonym,component,2
factor,synonym,element,2
factor,synonym,gene,
factor,synonym,ingredient,2
factory,synonym,mill,1
factual,similar,real,1
factual,synonym,actual,1
faculty,synonym,module,1
faculty,synonym,staff,2
fade,synonym,fleet,3
fade,synonym,melt,1
fade,synonym,pass,3
fade,synonym,wither,2
fail,antonym,manage,
fail,antonym,pass,
fail,antonym,succeed,2
fail,synonym,betray,3
fail,synonym,neglect,1
failure,antonym,success,2
faint,similar,distinct,2
faint,similar,weak,3
faint,synonym,dim,2
faint,synonym,feeble,3
faint,synonym,vague,2
faint,synonym,weak,1
fair,antonym,foul,
fair,similar,clean,1
fair,similar,moderate,2
fair,synonym,average,
fair,synonym,carnival,
fair,synonym,just,1
fairy,synonym,queen,2
faith,synonym,fidelity,
faith,synonym,religion,1
faith,synonym,trust,2
fake,similar,artificial,2
fake,similar,real,2
fake,synonym,bastard,1
fake,synonym,false,2
fake,synonym,forge,
fake,synonym,fraud,
fake,synonym,manipulate,
fall,antonym,rise,2
fall,similar,precipitate,1
fall,synonym,accrue,
fall,synonym,autumn,
fall,synonym,decrease,
fall,synonym,descend,2
fall,synonym,descent,
fall,synonym,diminish,
fall,synonym,dusk,
fall,synonym,pin,
fall,synonym,precipitate,
fall,synonym,twilight,
fall,synonym,vanish,
false,antonym,true,1
false,similar,correct,2
false,similar,true,1
false,similar,wrong,2
false,synonym,fake,
falter,synonym,stumble,3
falter,synonym,waver,1
fame,synonym,celebrity,1
fame,synonym,renown,1
familiar,antonym,strange,2
familiar,similar,common,2
familiar,similar,every,2
familiar,similar,garden,2
familiar,similar,old,1
familiar,similar,usual,2
familiar,synonym,companion,
familiar,synonym,comrade,
familiar,synonym,fellow,
family,synonym,category,3
family,synonym,class,3
family,synonym,folk,
family,synonym,home,1
family,synonym,house,1
family,synonym,household,1
family,synonym,kin,
family,synonym,mob,
family,synonym,syndicate,
fan,synonym,love,3
fancy,antonym,plain,
fancy,antonym,plains,
fancy,similar,realise,1
fancy,similar,see,1
fancy,similar,understand,1
fancy,synonym,fantasy,3
fancy,synonym,figure,1
fancy,synonym,illusion,3
fancy,synonym,image,1
fancy,synonym,partiality,
fancy,synonym,picture,1
fancy,synonym,project,1
fancy,synonym,see,1
fantastic,similar,extraordinary,2
fantastic,similar,real,3
fantastic,similar,strange,1
fantastic,similar,usual,1
fantastic,synonym,grand,2
fantastic,synonym,terrific,2
fantastic,synonym,tremendous,2
fantastic,synonym,wild,3
fantasy,synonym,fancy,3
fantasy,synonym,illusion,3
far,antonym,near,
fare,synonym,menu,1
fare,synonym,transport,2
farewell,synonym,leave,2
farewell,synonym,part,2
farm,synonym,agriculture,
fascinate,synonym,capture,3
fascinate,synonym,catch,3
fascinate,synonym,charm,3
fascinate,synonym,enchant,3
fascinate,synonym,entrance,3
fascinate,synonym,grip,2
fascinate,synonym,intrigue,1
fashion,synonym,manner,1
fashion,synonym,mode,1
fashion,synonym,style,1
fashion,synonym,way,1
fast,antonym,slow,1
fast,similar,express,1
fast,similar,fleet,1
fast,similar,hot,1
fast,similar,immediate,1
fast,similar,instant,1
fast,similar,prompt,1
fast,similar,quick,1
fast,similar,rapid,1
fast,similar,smart,1
fast,similar,swift,1
fast,synonym,degenerate,
fast,synonym,loyal,
fast,synonym,quick,
fasten,synonym,fix,1
fasten,synonym,secure,1
fat,antonym,thin,1
fat,similar,gross,1
fat,similar,heavy,1
fat,similar,obese,1
fat,similar,overweight,1
fat,similar,plump,1
fat,similar,stout,1
fat,similar,thick,2
fatal,similar,dead,1
fatal,similar,decisive,2
fatal,similar,fortunate,3
fatal,similar,lethal,1
fatal,similar,mortal,1
fatal,similar,terminal,1
fatal,synonym,black,3
fate,synonym,circumstance,3
fate,synonym,destiny,1
fate,synonym,doom,
fate,synonym,fortune,3
fate,synonym,lot,3
fate,synonym,luck,3
fate,synonym,portion,3
father,antonym,mother,1
fatigue,synonym,tire,1
fatigue,synonym,weary,
fault,synonym,blame,
fault,synonym,defect,2
fault,synonym,error,1
fault,synonym,flaw,2
fault,synonym,fracture,
fault,synonym,mistake,1
favour,synonym,prefer,
favourite,similar,popular,1
favourite,synonym,darling,
favourite,synonym,pet,2
fear,synonym,awe,3
fear,synonym,care,2
fear,synonym,concern,2
fear,synonym,dread,
fear,synonym,fright,1
fear,synonym,revere,3
feasible,similar,possible,1
feasible,synonym,viable,1
feast,synonym,banquet,1
feast,synonym,spread,3
feat,synonym,effort,1
feat,synonym,exploit,1
feature,synonym,boast,
feature,synonym,characteristic,1
feature,synonym,have,
fee,synonym,tip,3
feeble,similar,frail,3
feeble,similar,weak,1
feeble,synonym,faint,2
feeble,synonym,weak,3
feed,antonym,starve,2
feed,synonym,eat,
feed,synonym,flow,
feed,synonym,give,2
feed,synonym,prey,
feel,similar,find,2
feel,similar,rule,2
feel,synonym,experience,1
feel,synonym,find,2
feel,synonym,flavour,
feel,synonym,sense,3
feel,synonym,spirit,
felled,similar,fly,2
felled,similar,vanish,2
felled,synonym,drop,1
felled,synonym,fly,2
felled,synonym,vanish,2
fellow,synonym,associate,2
fellow,synonym,chap,1
fellow,synonym,colleague,3
fellow,synonym,companion,2
fellow,synonym,company,
fellow,synonym,comrade,2
fellow,synonym,familiar,2
fellow,synonym,gentleman,1
fellow,synonym,lad,1
fellow,synonym,society,
female,antonym,male,1
female,similar,feminine,2
feminine,antonym,masculine,1
feminine,similar,fair,1
feminine,similar,female,1
feminine,similar,maiden,1
fence,synonym,argue,
fence,synonym,contend,
fend,similar,stand,2
fend,synonym,resist,2
fend,synonym,stand,2
fertile,antonym,sterile,1
fertile,similar,rank,1
fertile,synonym,sterile,
festive,synonym,gay,1
festive,synonym,merry,1
fetch,similar,bring,1
fetch,similar,convey,1
fetch,similar,take,1
fetch,synonym,bring,1
fetch,synonym,convey,1
fetch,synonym,get,1
few,antonym,many,2
few,antonym,more,
few,antonym,most,
fibre,synonym,character,3
fiddle,synonym,monkey,
fiddle,synonym,violin,1
fidelity,synonym,faith,2
field,synonym,arena,
field,synonym,discipline,
field,synonym,domain,
field,synonym,orbit,
field,synonym,plains,
field,synonym,sphere,
field,synonym,subject,
field,synonym,theatre,
fierce,similar,intense,2
fierce,similar,violent,1
fierce,synonym,furious,1
fierce,synonym,savage,1
fierce,synonym,violent,2
fiery,similar,hot,2
fight,synonym,agitate,
fight,synonym,battle,
fight,synonym,combat,
fight,synonym,conflict,
fight,synonym,contend,1
fight,synonym,crusade,
fight,synonym,defend,2
fight,synonym,oppose,2
fight,synonym,struggle,1
figure,antonym,ground,
figure,synonym,anatomy,2
figure,synonym,build,2
figure,synonym,calculate,
figure,synonym,digit,3
figure,synonym,estimate,
figure,synonym,fancy,
figure,synonym,flesh,2
figure,synonym,forecast,
figure,synonym,form,2
figure,synonym,frame,2
figure,synonym,number,
figure,synonym,pattern,
figure,synonym,reckon,
figure,synonym,shape,2
file,synonym,register,
fill,antonym,empty,1
fill,synonym,fulfil,
fill,synonym,occupy,3
fill,synonym,satisfy,
film,synonym,cinema,2
film,synonym,flick,1
film,synonym,movie,1
film,synonym,picture,1
filter,synonym,strain,3
filter,synonym,trickle,
filth,synonym,grease,2
filth,synonym,soil,2
filth,synonym,stain,2
fin,synonym,five,1
final,similar,closed,1
final,similar,ultimate,2
final,synonym,last,1
final,synonym,net,2
final,synonym,terminal,1
find,antonym,lose,3
find,similar,discover,2
find,similar,recover,3
find,similar,regain,3
find,similar,retrieve,3
find,synonym,ascertain,
find,synonym,bump,1
find,synonym,chance,1
find,synonym,detect,2
find,synonym,determine,
find,synonym,discover,2
find,synonym,encounter,1
find,synonym,establish,
find,synonym,feel,
find,synonym,happen,1
find,synonym,incur,
find,synonym,institute,
find,synonym,launch,
find,synonym,notice,2
find,synonym,observe,2
find,synonym,obtain,
find,synonym,receive,
find,synonym,recover,
find,synonym,regain,3
find,synonym,retrieve,
find,synonym,see,
fine,antonym,coarse,
fine,similar,precise,2
fine,similar,satisfactory,1
fine,similar,thin,3
fine,synonym,alright,
fine,synonym,cool,1
fine,synonym,ok,1
finger,synonym,digit,2
finish,antonym,start,
finish,synonym,cease,3
finish,synonym,complete,1
finish,synonym,conclusion,
finish,synonym,destination,
finish,synonym,end,3
finish,synonym,goal,
finish,synonym,last,
finish,synonym,lasted,
finish,synonym,polish,
finish,synonym,stop,3
finish,synonym,terminate,3
finite,antonym,infinite,1
finite,similar,permanent,1
fire,antonym,hire,
fire,synonym,arouse,
fire,synonym,attack,
fire,synonym,burn,
fire,synonym,displace,
fire,synonym,elicit,
fire,synonym,evoke,
fire,synonym,flame,3
fire,synonym,fuel,
fire,synonym,provoke,
fire,synonym,sack,
firearm,synonym,piece,1
firm,synonym,house,1
firm,synonym,loyal,
firm,synonym,resolution,
firm,synonym,steady,
firms,synonym,house,1
first,antonym,last,
first,antonym,lasted,
first,antonym,second,
first,antonym,seconds,
first,synonym,maiden,
first,synonym,offset,3
first,synonym,outset,3
first,synonym,start,3
fish,synonym,angle,3
fit,similar,blend,2
fit,similar,go,2
fit,synonym,accommodate,1
fit,synonym,agree,
fit,synonym,correspond,
fit,synonym,disqualify,
fit,synonym,fulfil,
fit,synonym,go,2
fit,synonym,satisfy,
fit,synonym,suit,1
fit,synonym,tally,
five,synonym,fin,1
fix,synonym,cook,
fix,synonym,define,3
fix,synonym,determine,3
fix,synonym,doctor,1
fix,synonym,fasten,2
fix,synonym,jam,
fix,synonym,limit,3
fix,synonym,mend,1
fix,synonym,mess,
fix,synonym,pickle,
fix,synonym,prepare,
fix,synonym,repair,1
fix,synonym,restore,1
fix,synonym,secure,2
fix,synonym,set,3
fix,synonym,specify,3
fixture,synonym,regular,2
flag,synonym,sag,
flake,synonym,bit,3
flake,synonym,chip,3
flake,synonym,eccentric,2
flake,synonym,peel,
flake,synonym,scrap,3
flame,synonym,fire,1
flame,synonym,flare,2
flank,synonym,wing,1
flap,synonym,flutter,3
flap,synonym,fuss,2
flare,synonym,erupt,
flare,synonym,flame,
flare,synonym,flash,3
flash,synonym,blink,
flash,synonym,cheap,
flash,synonym,flare,
flash,synonym,loud,
flash,synonym,wink,
flat,antonym,sharp,
flat,synonym,apartment,
flat,synonym,bland,
flat,synonym,straight,
flavour,synonym,feel,1
flavour,synonym,look,1
flavour,synonym,relish,3
flavour,synonym,savour,3
flavour,synonym,seasoning,
flavour,synonym,smack,3
flavour,synonym,smell,1
flavour,synonym,spirit,1
flavour,synonym,tone,1
flaw,synonym,defect,1
flaw,synonym,fault,1
flee,synonym,fly,1
fleet,synonym,fade,
fleet,synonym,flutter,
fleet,synonym,swift,
fleeting,similar,short,1
flesh,synonym,anatomy,2
flesh,synonym,build,2
flesh,synonym,figure,2
flesh,synonym,form,2
flesh,synonym,frame,2
flesh,synonym,shape,2
flex,synonym,bend,3
flex,synonym,deform,
flex,synonym,twist,
flexible,synonym,elastic,3
flexible,synonym,rigid,
flexible,synonym,sturdy,
flick,synonym,film,3
flick,synonym,flip,
flick,synonym,movie,3
flick,synonym,picture,3
flicker,synonym,flutter,3
flicker,synonym,glint,1
flicker,synonym,spark,1
flicker,synonym,waver,3
fling,synonym,crack,1
fling,synonym,discard,
fling,synonym,dispose,
fling,synonym,go,1
fling,synonym,offer,1
fling,synonym,pass,1
fling,synonym,whirl,1
flip,synonym,flick,3
flip,synonym,leaf,3
flip,synonym,sky,
flip,synonym,switch,2
flip,synonym,throw,2
flip,synonym,thumb,3
flip,synonym,toss,1
flip,synonym,twitch,
flirt,similar,play,2
flirt,synonym,butterfly,1
flirt,synonym,mash,1
flirt,synonym,play,2
flirt,synonym,romance,1
flirt,synonym,tease,3
flirt,synonym,toy,2
float,antonym,sink,2
float,similar,drift,1
float,similar,swim,3
float,synonym,blow,1
float,synonym,drift,1
float,synonym,swim,2
flock,synonym,batch,3
flock,synonym,cluster,
flock,synonym,deal,3
flock,synonym,hat,3
flock,synonym,heap,3
flock,synonym,lot,3
flock,synonym,mass,3
flock,synonym,mess,3
flock,synonym,mint,3
flock,synonym,mountain,3
flock,synonym,pile,3
flock,synonym,plenty,3
flock,synonym,pot,3
flock,synonym,raft,3
flock,synonym,sight,3
flock,synonym,stack,3
floor,synonym,base,3
floor,synonym,level,2
floor,synonym,story,2
flop,synonym,bust,3
flora,synonym,botany,1
flora,synonym,plant,2
flora,synonym,vegetation,1
flourish,synonym,boom,1
flourish,synonym,expand,1
flourish,synonym,prosper,2
flourish,synonym,thrive,1
flourish,synonym,wave,3
flow,synonym,course,2
flow,synonym,feed,2
flow,synonym,flux,1
flow,synonym,run,2
flow,synonym,stream,
flower,synonym,bloom,2
flower,synonym,blossom,2
flower,synonym,flush,3
flower,synonym,peak,3
flower,synonym,prime,3
fluctuate,similar,waver,1
fluctuate,synonym,waver,2
fluent,similar,articulate,2
fluent,synonym,eloquent,2
fluent,synonym,fluid,1
fluent,synonym,liquid,1
fluent,synonym,silver,2
fluent,synonym,smooth,1
fluff,synonym,spoil,
fluid,synonym,fluent,
fluid,synonym,stable,3
fluorescent,similar,light,1
flush,synonym,affluent,
flush,synonym,blossom,
flush,synonym,blush,1
flush,synonym,boot,
flush,synonym,flower,
flush,synonym,peak,
flush,synonym,thrill,
flutter,synonym,dart,1
flutter,synonym,flap,
flutter,synonym,fleet,1
flutter,synonym,flicker,2
flutter,synonym,quiver,2
flutter,synonym,waver,2
flux,synonym,blend,
flux,synonym,flow,
flux,synonym,fuse,
flux,synonym,merge,
flux,synonym,mix,
fly,synonym,felled,
fly,synonym,flee,
fly,synonym,pilot,3
fly,synonym,vanish,
fly,synonym,wing,1
foam,synonym,sparkle,3
focus,antonym,blur,2
focus,synonym,centre,1
focus,synonym,concentrate,1
focus,synonym,stress,
foe,antonym,friend,2
foe,synonym,enemy,1
fog,synonym,mist,
foil,synonym,baffle,
foil,synonym,cross,
foil,synonym,frustrate,
foil,synonym,thwart,
fold,synonym,close,3
fold,synonym,crease,
fold,synonym,stretch,
folder,synonym,book,1
folder,synonym,brochure,1
folder,synonym,leaflet,1
folder,synonym,pamphlet,1
foliage,synonym,leaf,1
folk,synonym,family,3
folk,synonym,september,3
folk,synonym,tribe,2
follow,antonym,precede,1
follow,synonym,accompany,
follow,synonym,adopt,
follow,synonym,comply,
follow,synonym,pursue,
follow,synonym,succeed,
follow,synonym,trace,
follow,synonym,watch,
folly,synonym,fool,1
fond,synonym,tender,1
food,synonym,nutrient,1
fool,synonym,folly,
fool,synonym,mark,2
fool,synonym,mug,2
foot,antonym,head,3
foot,synonym,base,
foot,synonym,foundation,
foot,synonym,infantry,
foot,synonym,pedestrian,
footing,synonym,basis,2
footing,synonym,ground,2
footing,synonym,term,1
forbid,antonym,permit,1
forbid,synonym,preclude,2
forbid,synonym,prevent,2
forbid,synonym,prohibit,1
forbid,synonym,veto,1
force,synonym,coerce,
force,synonym,personnel,
force,synonym,push,
force,synonym,squeeze,
force,synonym,strength,3
force,synonym,violence,
fore,synonym,bow,1
fore,synonym,forward,3
fore,synonym,stem,1
forecast,synonym,calculate,2
forecast,synonym,estimate,3
forecast,synonym,figure,3
forecast,synonym,predict,
forecast,synonym,reckon,3
forehead,synonym,brow,1
foreign,antonym,domestic,1
foreign,antonym,native,2
foreign,similar,abroad,1
foreign,similar,alien,2
foreign,similar,exotic,2
foreign,similar,external,1
foreign,similar,international,1
foreign,similar,overseas,1
foreign,synonym,alien,3
foreign,synonym,strange,2
foresee,synonym,anticipate,1
foresee,synonym,counter,3
forest,synonym,timber,2
forest,synonym,wood,1
forge,similar,hammer,1
forge,synonym,devise,3
forge,synonym,fake,2
forge,synonym,hammer,1
forge,synonym,invent,3
forget,antonym,mind,3
forget,antonym,remember,1
forget,synonym,block,2
forget,synonym,bury,1
forgo,synonym,precede,2
forgo,synonym,relinquish,1
forgo,synonym,waive,1
fork,synonym,branch,2
form,synonym,anatomy,
form,synonym,class,
form,synonym,constitute,
form,synonym,contour,
form,synonym,figure,
form,synonym,flesh,
form,synonym,frame,
form,synonym,grade,
form,synonym,kind,2
form,synonym,organize,
form,synonym,pattern,3
form,synonym,phase,
form,synonym,shape,3
form,synonym,sort,2
form,synonym,variety,2
formal,antonym,informal,1
formal,similar,dress,1
formal,similar,literary,3
formal,similar,nominal,1
formal,similar,official,2
formal,similar,positive,1
formal,similar,stiff,1
format,synonym,arrange,3
formation,synonym,constitution,3
formation,synonym,shape,2
former,antonym,latter,1
former,similar,past,2
former,synonym,early,
former,synonym,late,3
former,synonym,old,2
former,synonym,other,
former,synonym,previous,3
former,synonym,some,2
formula,synonym,convention,
formula,synonym,recipe,2
formula,synonym,rule,
fort,synonym,fortify,
fort,synonym,fortress,2
fort,synonym,garrison,1
forth,synonym,away,1
forth,synonym,forward,2
forth,synonym,off,1
forth,synonym,onwards,2
forthcoming,similar,available,3
forthcoming,similar,future,2
fortify,synonym,arm,3
fortify,synonym,fort,2
fortress,synonym,fort,1
fortunate,similar,good,1
fortunate,similar,happy,1
fortunate,similar,miraculous,1
fortunate,similar,well,1
fortune,synonym,chance,1
fortune,synonym,destiny,
fortune,synonym,fate,
fortune,synonym,hazard,1
fortune,synonym,luck,1
forum,synonym,assembly,2
forward,antonym,reverse,
forward,synonym,ahead,3
forward,synonym,fore,
forward,synonym,forth,2
forward,synonym,onwards,2
foster,synonym,cultivate,1
foster,synonym,further,1
foster,synonym,nurture,3
foul,antonym,fair,
foul,similar,fair,3
foul,synonym,congest,
foul,synonym,contaminate,
foul,synonym,dirty,3
foul,synonym,nasty,
foul,synonym,pollute,
foul,synonym,wicked,1
foundation,synonym,base,3
foundation,synonym,basis,
foundation,synonym,foot,3
foundation,synonym,structure,3
founded,synonym,base,3
founded,synonym,collapse,
founded,synonym,constitute,2
founded,synonym,establish,1
founded,synonym,ground,3
founded,synonym,institute,2
founded,synonym,launch,1
founded,synonym,plant,2
fountain,synonym,jet,3
fountain,synonym,spring,2
four,similar,cardinal,3
four,synonym,quarter,
four,synonym,quartet,1
fox,synonym,confuse,
fox,synonym,dodge,2
fraction,synonym,divide,
fracture,synonym,break,1
fracture,synonym,crack,3
fracture,synonym,fault,2
fracture,synonym,shift,2
fragile,similar,delicate,2
fragile,similar,important,3
fragile,similar,significant,3
fragile,synonym,delicate,1
fragile,synonym,frail,1
fragile,synonym,slight,3
fragile,synonym,thin,3
fragrant,similar,sweet,1
frail,antonym,robust,1
frail,similar,feeble,1
frail,similar,human,2
frail,similar,weak,1
frail,synonym,delicate,3
frail,synonym,fragile,3
frail,synonym,perfect,2
frail,synonym,weak,2
frame,synonym,anatomy,3
frame,synonym,build,3
frame,synonym,figure,3
frame,synonym,flesh,3
frame,synonym,form,3
frame,synonym,framework,
frame,synonym,put,
frame,synonym,shape,3
frame,synonym,skeleton,
framework,synonym,fabric,2
framework,synonym,frame,3
framework,synonym,model,1
frantic,similar,wild,2
frantic,synonym,mad,2
fraud,synonym,fake,2
fray,synonym,fret,3
fray,synonym,rub,3
fray,synonym,scratch,3
freak,synonym,addict,2
freak,synonym,junk,2
freak,synonym,monster,1
freak,synonym,nut,2
free,antonym,confine,
free,antonym,obstruct,
free,similar,autonomous,1
free,similar,available,1
free,similar,clear,1
free,similar,independent,1
free,similar,loose,1
free,similar,sovereign,1
free,synonym,barren,
free,synonym,discharge,
free,synonym,exempt,
free,synonym,liberate,
free,synonym,release,
free,synonym,relieve,
free,synonym,relinquish,
free,synonym,resign,
free,synonym,rid,
free,synonym,spare,
freelance,synonym,independent,1
freeze,antonym,boil,2
freeze,synonym,frost,
freight,synonym,cargo,1
freight,synonym,load,1
freight,synonym,ship,1
frenzy,synonym,fury,1
frequent,similar,common,2
frequent,similar,dominant,1
frequent,similar,predominant,1
frequent,similar,prevalent,1
frequent,similar,regular,1
frequent,similar,steady,1
frequent,synonym,haunt,
frequent,synonym,shop,3
frequent,synonym,sponsor,3
fresh,similar,crisp,1
fresh,similar,good,1
fresh,similar,hot,1
fresh,similar,new,2
fresh,similar,strong,1
fresh,similar,warm,1
fresh,synonym,brisk,3
fresh,synonym,new,
fresh,synonym,novel,
fret,synonym,choke,
fret,synonym,erode,
fret,synonym,fray,
fret,synonym,fuss,1
fret,synonym,rub,
fret,synonym,scratch,
fret,synonym,stew,
fret,synonym,sweat,
friction,synonym,clash,1
friend,antonym,foe,2
friend,antonym,hostile,
friend,synonym,ally,2
friend,synonym,champion,
friend,synonym,protagonist,
fright,synonym,fear,2
fright,synonym,scare,1
fringe,synonym,periphery,1
front,antonym,back,
front,antonym,rear,1
front,synonym,presence,
frost,synonym,freeze,2
frown,synonym,lower,1
frown,synonym,scowl,2
fruit,synonym,yield,2
frustrate,synonym,baffle,1
frustrate,synonym,cross,1
frustrate,synonym,foil,1
frustrate,synonym,rag,2
frustrate,synonym,spoil,1
frustrate,synonym,thwart,1
frustrate,synonym,torment,2
fry,synonym,child,
fry,synonym,kid,
fry,synonym,kidding,
fuel,synonym,fire,3
fulfil,similar,implement,1
fulfil,synonym,accomplish,1
fulfil,synonym,act,1
fulfil,synonym,execute,1
fulfil,synonym,fill,2
fulfil,synonym,fit,2
fulfil,synonym,meet,2
fulfil,synonym,satisfy,2
full,antonym,empty,1
full,antonym,thin,
full,similar,complete,3
full,similar,heavy,1
full,similar,instinct,1
full,similar,laden,1
full,similar,pregnant,1
full,similar,stuffed,1
full,similar,whole,2
full,synonym,entire,2
full,synonym,good,
full,synonym,total,2
fumble,synonym,spoil,
fume,synonym,exhaust,
fume,synonym,smoke,1
fun,synonym,comedy,
fun,synonym,play,2
fun,synonym,sport,2
function,synonym,affair,
function,synonym,map,1
function,synonym,occasion,
function,synonym,office,3
function,synonym,operate,
function,synonym,part,3
function,synonym,procedure,
function,synonym,purpose,2
function,synonym,role,2
function,synonym,routine,
function,synonym,serve,
function,synonym,use,2
fund,synonym,stock,2
fund,synonym,store,2
fundamental,similar,basic,2
fundamental,similar,important,1
fundamental,similar,significant,3
fundamental,synonym,cardinal,1
fundamental,synonym,key,1
fundamental,synonym,profound,3
furious,similar,angry,2
furious,similar,violent,1
furious,synonym,angry,3
furious,synonym,fierce,1
furious,synonym,mad,2
furious,synonym,savage,1
furious,synonym,wild,3
furnish,synonym,offer,1
furnish,synonym,provide,1
furnish,synonym,render,1
furnish,synonym,supply,1
further,similar,far,1
further,synonym,advance,3
further,synonym,boost,3
further,synonym,cultivate,2
further,synonym,encourage,3
further,synonym,foster,2
further,synonym,promote,3
furthermore,synonym,moreover,1
fury,synonym,frenzy,2
fury,synonym,rage,1
fury,synonym,violence,3
fuse,synonym,blend,3
fuse,synonym,coalition,
fuse,synonym,combine,3
fuse,synonym,flux,3
fuse,synonym,merge,3
fuse,synonym,mix,3
fuss,synonym,bother,2
fuss,synonym,bustle,
fuss,synonym,flap,1
fuss,synonym,fret,
fuss,synonym,trouble,2
futile,synonym,vain,2
future,antonym,past,1
future,antonym,present,
future,antonym,presented,
future,synonym,next,
gag,synonym,choke,
gag,synonym,joke,1
gag,synonym,laugh,1
gain,antonym,loss,
gain,antonym,reduce,
gain,synonym,acquire,2
gain,synonym,benefit,3
gain,synonym,derive,1
gain,synonym,earn,
gain,synonym,increase,
gain,synonym,profit,3
gain,synonym,reach,
gain,synonym,realise,
gain,synonym,win,2
gall,synonym,crust,
gallon,synonym,girl,1
gamble,synonym,adventure,3
gamble,synonym,chance,3
gamble,synonym,hazard,3
gamble,synonym,risk,3
game,synonym,plot,
gang,synonym,bunch,2
gang,synonym,crew,2
gang,synonym,crowd,2
gang,synonym,mob,1
gang,synonym,pack,1
gang,synonym,ring,1
gap,synonym,crack,3
gap,synonym,spread,1
gape,synonym,yawn,2
garbage,synonym,refuse,1
garbage,synonym,scrap,1
garlic,synonym,ail,2
garment,similar,dress,2
garment,synonym,dress,2
garrison,synonym,fort,1
gas,synonym,boast,
gas,synonym,petrol,3
gasp,synonym,heave,2
gasp,synonym,pant,1
gasp,synonym,puff,2
gather,antonym,spread,1
gather,similar,encounter,2
gather,similar,meet,2
gather,similar,see,2
gather,synonym,accumulate,3
gather,synonym,assemble,2
gather,synonym,collect,1
gather,synonym,conglomerate,3
gather,synonym,meet,2
gather,synonym,tuck,
gauge,synonym,approximate,
gauge,synonym,estimate,
gauge,synonym,guess,
gay,synonym,brave,
gay,synonym,festive,
gay,synonym,homosexual,
gay,synonym,jolly,2
gay,synonym,merry,2
gaze,synonym,regard,1
gaze,synonym,stare,2
gear,synonym,train,2
gem,synonym,jewel,3
gem,synonym,stone,2
gem,synonym,treasure,1
gender,synonym,sex,2
gene,synonym,factor,1
general,antonym,local,
general,antonym,particular,
general,antonym,specific,1
general,similar,broad,1
general,similar,common,3
general,similar,gross,1
general,similar,overall,1
general,similar,specific,1
generals,antonym,local,
generals,antonym,particular,3
generals,antonym,specific,3
generate,similar,establish,2
generate,similar,give,2
generate,similar,yield,2
generate,synonym,give,2
generate,synonym,render,2
generate,synonym,return,2
generate,synonym,yield,2
generation,synonym,genesis,
generator,synonym,author,3
generator,synonym,source,3
generous,similar,ample,3
generous,similar,benevolent,1
generous,similar,big,1
generous,similar,handsome,1
generous,similar,large,2
generous,similar,lavish,1
generous,similar,liberal,1
generous,similar,self,1
generous,similar,spare,1
genesis,synonym,generation,1
genius,synonym,ace,3
genius,synonym,brain,1
genius,synonym,champion,3
genius,synonym,sensation,3
genius,synonym,star,3
genius,synonym,wizard,3
genius,synonym,wonder,1
gentle,similar,kind,2
gentle,similar,mild,1
gentle,similar,soft,3
gentle,synonym,entitle,
gentle,synonym,soft,1
gentleman,synonym,chap,
gentleman,synonym,fellow,
gentleman,synonym,lad,
gentleman,synonym,man,2
genuine,similar,authentic,1
genuine,similar,good,1
genuine,similar,honest,1
genuine,similar,sincere,2
genuine,similar,true,3
genuine,synonym,actual,3
genuine,synonym,literal,3
genuine,synonym,real,3
genuine,synonym,true,2
gesture,synonym,motion,2
get,similar,find,1
get,similar,incur,1
get,similar,obtain,1
get,similar,receive,1
get,synonym,acquire,1
get,synonym,aim,
get,synonym,amaze,
get,synonym,arrest,
get,synonym,arrive,
get,synonym,baffle,
get,synonym,become,2
get,synonym,begin,
get,synonym,bewilder,
get,synonym,capture,
get,synonym,catch,
get,synonym,come,
get,synonym,commence,
get,synonym,fetch,
get,synonym,go,2
get,synonym,have,3
get,synonym,incur,
get,synonym,induce,
get,synonym,let,3
get,synonym,make,
get,synonym,obtain,
get,synonym,puzzle,
get,synonym,receive,
get,synonym,start,
get,synonym,stimulate,
get,synonym,suffer,
get,synonym,sustain,
ghost,synonym,haunt,
ghost,synonym,obsess,
ghost,synonym,shade,1
ghost,synonym,spectre,1
giant,similar,big,1
giant,similar,large,1
giant,synonym,monster,
giant,synonym,whale,
gift,synonym,empower,
gift,synonym,endow,
gift,synonym,invest,
gift,synonym,talent,2
gig,synonym,lance,2
gig,synonym,spear,2
gigantic,similar,big,1
gigantic,similar,large,1
girl,antonym,boy,2
girl,synonym,daughter,3
girl,synonym,gallon,
girl,synonym,miss,1
give,antonym,take,3
give,similar,afford,1
give,similar,yield,1
give,synonym,afford,2
give,synonym,collapse,
give,synonym,commit,
give,synonym,contribute,
give,synonym,dedicate,
give,synonym,devote,
give,synonym,feed,
give,synonym,generate,
give,synonym,hold,
give,synonym,pay,
give,synonym,yield,2
glad,antonym,sad,1
glad,similar,grateful,3
glad,similar,willing,2
glad,synonym,happy,2
glamour,synonym,enchant,2
glamour,synonym,witch,2
glance,synonym,glimpse,1
glance,synonym,glint,2
glare,synonym,blaze,1
glass,synonym,chalk,
glaze,synonym,candy,
gleam,synonym,glint,3
gleam,synonym,glisten,3
gleam,synonym,glitter,3
gleam,synonym,glow,1
gleam,synonym,shine,3
glimpse,synonym,glance,1
glint,synonym,flicker,1
glint,synonym,glance,
glint,synonym,gleam,3
glint,synonym,glisten,3
glint,synonym,glitter,3
glint,synonym,shine,3
glint,synonym,spark,1
glisten,synonym,gleam,1
glisten,synonym,glint,1
glisten,synonym,glitter,1
glisten,synonym,shine,1
glisten,synonym,sparkle,2
glitter,synonym,gleam,3
glitter,synonym,glint,3
glitter,synonym,glisten,1
glitter,synonym,shine,3
glitter,synonym,sparkle,1
global,similar,international,1
global,similar,round,2
global,synonym,world,1
globe,synonym,ball,1
glory,synonym,aura,3
gloss,synonym,polish,3
glossy,similar,bright,3
glossy,similar,sincere,1
glossy,synonym,slick,
glow,synonym,burn,
glow,synonym,gleam,
glow,synonym,radiance,
glue,synonym,gum,1
glue,synonym,paste,2
go,antonym,come,3
go,similar,displace,1
go,similar,move,1
go,synonym,become,
go,synonym,belong,
go,synonym,blend,
go,synonym,depart,3
go,synonym,die,
go,synonym,ecstasy,
go,synonym,endure,
go,synonym,expire,
go,synonym,extend,
go,synonym,fit,
go,synonym,fling,
go,synonym,get,
go,synonym,lasted,
go,synonym,live,
go,synonym,move,1
go,synonym,operate,
go,synonym,perish,
go,synonym,proceed,2
go,synonym,rifle,
go,synonym,run,
go,synonym,survive,
go,synonym,tour,
go,synonym,travel,1
go,synonym,whirl,
goal,synonym,destination,2
goal,synonym,end,1
goal,synonym,finish,2
goat,synonym,butt,2
god,synonym,idol,3
gold,synonym,amber,2
good,antonym,bad,1
good,antonym,evil,3
good,similar,ample,2
good,similar,bully,1
good,similar,decent,1
good,similar,great,1
good,similar,green,1
good,similar,hot,1
good,similar,keen,1
good,similar,neat,1
good,similar,old,1
good,similar,satisfactory,1
good,similar,solid,1
good,similar,superb,1
good,similar,swell,1
good,similar,white,3
good,synonym,beneficial,
good,synonym,commodity,
good,synonym,dear,
good,synonym,expert,
good,synonym,full,2
good,synonym,ripe,
good,synonym,tidy,
good,synonym,upright,
good,synonym,well,
goods,antonym,bad,3
goods,antonym,evil,2
gossip,synonym,chat,
gossip,synonym,comment,2
gothic,similar,strange,2
gothic,similar,usual,2
gothic,synonym,medieval,1
govern,synonym,order,1
govern,synonym,regulate,1
govern,synonym,rule,3
gown,synonym,robe,
grab,similar,catch,1
grab,synonym,catch,1
grace,synonym,adorn,
grace,synonym,decorate,
grace,synonym,ornament,
gracious,similar,elegant,1
gracious,similar,kind,2
gracious,similar,polite,3
gracious,synonym,nice,3
grade,synonym,class,1
grade,synonym,course,1
grade,synonym,degree,
grade,synonym,form,1
grade,synonym,level,2
grade,synonym,tier,2
gradual,antonym,steep,3
gradual,antonym,sudden,2
gradual,similar,easy,3
gradual,similar,gentle,3
graft,synonym,bribe,2
graft,synonym,transplant,1
grain,synonym,cereal,2
grand,similar,noble,2
grand,similar,rich,3
grand,synonym,august,2
grand,synonym,fantastic,
grand,synonym,lush,3
grand,synonym,terrific,
grand,synonym,thou,
grand,synonym,thousand,
grand,synonym,tremendous,
grant,similar,allow,1
grant,similar,let,1
grant,similar,permit,1
grant,synonym,allot,
grant,synonym,allow,1
grant,synonym,award,2
grant,synonym,concede,3
grant,synonym,concession,
grant,synonym,yield,3
graph,synonym,character,3
graph,synonym,chart,2
graphic,similar,explicit,2
graphic,synonym,vivid,
grasp,synonym,apprehend,2
grasp,synonym,clasp,
grasp,synonym,clutch,
grasp,synonym,compass,2
grasp,synonym,comprehend,2
grasp,synonym,dig,2
grasp,synonym,grip,
grasp,synonym,hold,3
grass,synonym,pasture,3
grass,synonym,weed,
grate,synonym,grind,
grate,synonym,scrape,
grateful,similar,glad,1
grateful,similar,pleasant,2
gratify,synonym,indulge,2
gratify,synonym,satisfy,1
grave,synonym,engrave,
grave,synonym,inscribe,
grave,synonym,sculpt,
grave,synonym,serious,
grave,synonym,sober,
grave,synonym,solemn,
grave,synonym,tomb,2
gravel,synonym,amaze,
gravel,synonym,annoy,2
gravel,synonym,baffle,
gravel,synonym,bewilder,
gravel,synonym,bother,2
gravel,synonym,devil,2
gravel,synonym,irritate,2
gravel,synonym,puzzle,
gravel,synonym,rag,2
graze,similar,browse,3
graze,similar,crop,1
graze,similar,pasture,1
graze,similar,range,1
graze,synonym,browse,1
graze,synonym,crop,1
graze,synonym,pasture,1
graze,synonym,range,1
grease,synonym,filth,2
grease,synonym,soil,2
grease,synonym,stain,2
great,similar,big,1
great,similar,extraordinary,3
great,similar,important,2
great,similar,large,1
great,synonym,keen,
great,synonym,sterling,
great,synonym,swell,
green,antonym,ripe,
green,similar,good,1
green,synonym,park,
greet,synonym,recognize,1
grey,similar,neutral,1
grey,similar,old,2
grey,similar,southern,3
grief,synonym,sorrow,2
grievance,synonym,grudge,1
grievance,synonym,score,1
grieve,synonym,sorrow,1
grim,synonym,black,3
grim,synonym,blue,
grim,synonym,dismal,
grim,synonym,relentless,1
grim,synonym,sick,2
grim,synonym,stern,1
grimace,synonym,face,1
grin,synonym,smile,2
grind,synonym,crunch,1
grind,synonym,dig,3
grind,synonym,grate,2
grind,synonym,labour,3
grind,synonym,mill,
grip,synonym,bag,3
grip,synonym,clasp,1
grip,synonym,clench,1
grip,synonym,clutch,1
grip,synonym,fascinate,
grip,synonym,grasp,1
grip,synonym,handle,2
grip,synonym,hold,1
grit,synonym,gut,2
grit,synonym,sand,2
groan,synonym,moan,1
grocer,synonym,market,
groove,synonym,channel,1
gross,antonym,net,1
gross,antonym,nets,
gross,similar,fat,3
gross,similar,general,2
gross,similar,overall,1
gross,synonym,crude,
gross,synonym,perfect,
gross,synonym,pure,
gross,synonym,revenue,
gross,synonym,thorough,
gross,synonym,utter,
ground,antonym,figure,
ground,synonym,background,
ground,synonym,basis,
ground,synonym,cause,
ground,synonym,earth,1
ground,synonym,evidence,
ground,synonym,footing,
ground,synonym,founded,
ground,synonym,land,1
ground,synonym,occasion,2
ground,synonym,reason,2
ground,synonym,soil,
ground,synonym,yard,
ground,synonym,yards,
group,synonym,radical,2
grove,synonym,orchard,2
grove,synonym,plantation,2
grow,similar,turn,1
grow,synonym,acquire,
grow,synonym,arise,
grow,synonym,originate,
grow,synonym,turn,1
growl,synonym,grumble,2
growl,synonym,rumble,2
grudge,synonym,grievance,1
grudge,synonym,score,1
grudge,synonym,stew,2
grumble,synonym,growl,3
grumble,synonym,murmur,2
grumble,synonym,mutter,2
grumble,synonym,rumble,3
guarantee,similar,assure,1
guarantee,similar,ensure,1
guarantee,similar,insure,1
guarantee,similar,secure,1
guarantee,synonym,assure,2
guarantee,synonym,ensure,2
guarantee,synonym,insure,2
guarantee,synonym,secure,2
guarantee,synonym,undertake,3
guarantee,synonym,warranty,
guard,synonym,defend,
guard,synonym,precaution,
guerilla,synonym,insurgent,1
guess,synonym,approximate,3
guess,synonym,estimate,3
guess,synonym,gauge,3
guess,synonym,hazard,2
guess,synonym,hypothesis,
guess,synonym,imagine,1
guess,synonym,judge,3
guess,synonym,pretend,2
guess,synonym,reckon,1
guess,synonym,suppose,1
guess,synonym,think,1
guess,synonym,venture,2
guest,synonym,client,3
guest,synonym,node,3
guide,synonym,conduct,
guide,synonym,counsel,
guide,synonym,lead,
guide,synonym,scout,
guide,synonym,steer,
guide,synonym,take,
guide,synonym,usher,1
guild,synonym,club,1
guild,synonym,lodge,1
guild,synonym,order,1
guild,synonym,society,1
guilty,antonym,innocent,1
guilty,similar,ashamed,2
guilty,similar,criminal,1
guilty,similar,delinquent,1
guilty,synonym,innocent,
gulf,synonym,disconnect,2
gulp,synonym,draft,3
gum,synonym,glue,
gum,synonym,mumble,
gun,synonym,artillery,2
gut,synonym,bowel,1
gut,synonym,grit,
gut,synonym,intestine,1
gut,synonym,sand,
gutter,synonym,sewer,2
gutter,synonym,toilet,2
guy,synonym,cat,1
guy,synonym,rib,3
guy,synonym,roast,3
habit,synonym,use,2
hack,synonym,cab,
hack,synonym,chop,1
hack,synonym,cut,2
hack,synonym,taxi,
hail,similar,come,2
hail,similar,derive,2
hail,similar,descend,2
hail,synonym,acclaim,1
hail,synonym,come,2
hail,synonym,herald,1
half,antonym,whole,
hall,synonym,dormitory,
hall,synonym,lobby,2
hall,synonym,mansion,
hall,synonym,room,2
halt,synonym,arrest,1
halt,synonym,block,3
halt,synonym,hitch,
halt,synonym,hold,1
halt,synonym,stop,2
hammer,synonym,cock,1
hammer,synonym,forge,
hammer,synonym,pounding,
hamper,synonym,bond,1
hamper,synonym,cramp,3
hamper,synonym,hinder,
hamper,synonym,strangle,3
hand,synonym,custody,
hand,synonym,paw,1
hand,synonym,script,3
handicap,synonym,check,3
handicap,synonym,disabled,1
handicap,synonym,hinder,
handle,similar,address,2
handle,similar,comprehend,3
handle,similar,cover,2
handle,similar,deal,2
handle,similar,embrace,3
handle,similar,encompass,3
handle,similar,plough,2
handle,similar,treat,2
handle,synonym,address,3
handle,synonym,care,1
handle,synonym,cover,3
handle,synonym,deal,1
handle,synonym,grip,
handle,synonym,manage,1
handle,synonym,plough,3
handle,synonym,spoil,
handle,synonym,treat,2
handle,synonym,wield,
handsome,similar,generous,2
handsome,synonym,big,2
handsome,synonym,liberal,2
hang,synonym,cling,
happen,synonym,encounter,
happen,synonym,find,
happen,synonym,materialize,
happen,synonym,occur,1
happen,synonym,pass,1
happy,similar,bright,1
happy,similar,fortunate,2
happy,similar,willing,3
happy,synonym,glad,3
harass,synonym,plague,1
harass,synonym,provoke,1
harbor,synonym,bear,3
harbor,synonym,entertain,3
harbor,synonym,hold,3
harbor,synonym,nurse,3
hard,antonym,soft,2
hard,similar,ambitious,1
hard,similar,awkward,1
hard,similar,delicate,1
hard,similar,elusive,1
hard,similar,erect,3
hard,similar,firm,3
hard,similar,nasty,1
hard,similar,rough,1
hard,similar,rugged,1
hard,similar,serious,1
hard,similar,set,3
hard,similar,shrewd,2
hard,similar,solid,3
hard,similar,sticky,1
hard,similar,tall,1
hard,similar,tight,1
hard,similar,tough,1
hard,synonym,difficult,1
hard,synonym,hardly,
hard,synonym,severe,
hardly,synonym,hard,3
hardly,synonym,just,1
hardly,synonym,scarce,1
hardware,antonym,software,3
hare,synonym,rabbit,2
harm,synonym,damage,2
harm,synonym,hurt,1
harm,synonym,trauma,1
harness,synonym,rein,
harness,synonym,tackle,3
harsh,similar,loose,3
harsh,similar,open,3
harsh,similar,pleasant,1
harsh,synonym,coarse,3
harsh,synonym,rough,1
harvest,synonym,crop,1
harvest,synonym,reap,
haste,synonym,hurry,1
haste,synonym,rush,2
hat,synonym,batch,
hat,synonym,flock,
hat,synonym,heap,
hat,synonym,lid,1
hat,synonym,lot,
hat,synonym,mass,
hat,synonym,mint,
hat,synonym,mountain,
hat,synonym,pile,
hat,synonym,plenty,
hat,synonym,raft,
hat,synonym,stack,
hatch,synonym,incubate,
hate,antonym,love,1
hate,synonym,hatred,3
hatred,synonym,hate,1
haul,synonym,cart,1
haul,synonym,drag,1
haul,synonym,draw,3
haunt,synonym,frequent,3
haunt,synonym,ghost,2
haunt,synonym,obsess,2
haunt,synonym,resort,
haunt,synonym,stalk,1
have,antonym,lack,2
have,antonym,miss,2
have,similar,feature,1
have,similar,hold,2
have,similar,own,2
have,similar,possess,2
have,synonym,accept,
have,synonym,bear,
have,synonym,consume,
have,synonym,experience,3
have,synonym,feature,2
have,synonym,get,3
have,synonym,hold,1
have,synonym,induce,
have,synonym,own,
have,synonym,possess,
have,synonym,receive,3
have,synonym,stimulate,
have,synonym,suffer,
have,synonym,sustain,
hawk,antonym,dove,2
hazard,synonym,adventure,
hazard,synonym,chance,2
hazard,synonym,danger,1
hazard,synonym,fortune,2
hazard,synonym,gamble,
hazard,synonym,guess,
hazard,synonym,jeopardy,1
hazard,synonym,luck,2
hazard,synonym,peril,1
hazard,synonym,risk,1
head,antonym,foot,
head,antonym,rear,
head,antonym,tail,
head,synonym,brain,3
head,synonym,chief,
head,synonym,mind,3
head,synonym,principal,
head,synonym,question,
head,synonym,steer,
heal,synonym,cure,3
heal,synonym,mend,1
heap,synonym,batch,2
heap,synonym,bus,3
heap,synonym,deal,2
heap,synonym,flock,2
heap,synonym,hat,2
heap,synonym,lot,2
heap,synonym,mass,2
heap,synonym,mess,2
heap,synonym,mint,2
heap,synonym,mound,1
heap,synonym,mountain,2
heap,synonym,pile,1
heap,synonym,plenty,2
heap,synonym,pot,2
heap,synonym,raft,2
heap,synonym,sight,2
heap,synonym,stack,2
hear,similar,find,2
hear,similar,see,2
hear,similar,witness,2
hear,synonym,discover,2
hear,synonym,learn,2
hear,synonym,listen,
hear,synonym,see,2
hear,synonym,try,3
heart,synonym,affection,
heart,synonym,centre,
heart,synonym,essence,
heart,synonym,meat,
heart,synonym,middle,
heart,synonym,nerve,3
heart,synonym,pump,2
heart,synonym,substance,
heart,synonym,tick,2
hearty,similar,warm,1
hearty,synonym,solid,2
hearty,synonym,square,2
hearty,synonym,substantial,2
heat,antonym,cool,
heat,synonym,bullet,
heat,synonym,ignite,
heat,synonym,passion,
heat,synonym,wake,
heave,synonym,buckle,
heave,synonym,gasp,
heave,synonym,surge,3
heaven,synonym,paradise,1
heavy,antonym,light,1
heavy,similar,dense,1
heavy,similar,harsh,2
heavy,similar,massive,1
heavy,synonym,dense,
heavy,synonym,overweight,
hedge,synonym,evade,
heed,synonym,listen,1
heed,synonym,mind,1
heed,synonym,regard,2
heel,synonym,dog,3
heel,synonym,hound,3
height,synonym,altitude,
height,synonym,peak,2
height,synonym,stature,3
height,synonym,summit,2
height,synonym,top,2
heighten,synonym,enhance,3
heighten,synonym,raise,3
heighten,synonym,rise,1
heir,synonym,succession,2
hell,synonym,blaze,2
hello,synonym,howdy,1
help,synonym,aid,1
help,synonym,assist,1
help,synonym,facilitate,3
hence,synonym,so,1
hence,synonym,therefore,1
hence,synonym,thus,1
herald,synonym,acclaim,
herald,synonym,announce,3
herald,synonym,hail,
herald,synonym,predecessor,2
herald,synonym,trumpet,1
herd,synonym,crowd,
here,antonym,there,1
hero,synonym,champion,3
hero,synonym,submarine,
hero,synonym,wedge,
hesitant,similar,decisive,1
hesitate,synonym,pause,2
hesitate,synonym,waver,1
heterosexual,antonym,homosexual,1
heterosexual,similar,straight,1
heterosexual,synonym,straight,2
hide,antonym,show,1
hide,synonym,conceal,1
hide,synonym,cover,3
hide,synonym,shroud,3
hide,synonym,skin,
hide,synonym,veil,
high,antonym,low,1
high,similar,broad,1
high,similar,eminent,2
high,similar,full,1
high,similar,graduate,1
high,similar,last,1
high,similar,steep,2
high,similar,superior,3
high,similar,upper,2
high,synonym,eminent,3
hijack,synonym,pirate,1
hike,synonym,boost,2
hike,synonym,raise,3
hike,synonym,rise,2
hill,synonym,mound,2
hinder,synonym,block,2
hinder,synonym,blockade,2
hinder,synonym,embarrass,2
hinder,synonym,hamper,3
hinder,synonym,handicap,3
hinder,synonym,impede,1
hinder,synonym,obstruct,2
hint,synonym,breath,1
hint,synonym,clue,2
hint,synonym,pinch,3
hint,synonym,suggest,
hint,synonym,tip,
hint,synonym,touch,3
hire,antonym,fire,1
hire,synonym,charter,2
hire,synonym,employ,1
hire,synonym,engage,1
hire,synonym,lease,2
hire,synonym,rent,2
hire,synonym,take,3
hiss,synonym,snort,
history,synonym,account,2
history,synonym,chronicle,2
history,synonym,story,2
hit,antonym,miss,2
hit,similar,strike,2
hit,synonym,attain,
hit,synonym,collision,
hit,synonym,murder,
hit,synonym,reach,
hit,synonym,shoot,
hit,synonym,slay,
hit,synonym,strike,2
hit,synonym,stumble,
hitch,synonym,arrest,2
hitch,synonym,check,2
hitch,synonym,halt,2
hitch,synonym,limp,
hitch,synonym,rub,3
hitch,synonym,snag,3
hitch,synonym,stay,2
hitch,synonym,stop,2
hitch,synonym,tour,1
hobby,synonym,pursuit,1
hobby,synonym,sideline,1
hoist,synonym,lift,1
hoist,synonym,wind,1
hold,synonym,agree,
hold,synonym,apply,
hold,synonym,bear,
hold,synonym,clasp,
hold,synonym,clutch,
hold,synonym,constrain,
hold,synonym,contain,
hold,synonym,custody,
hold,synonym,deem,
hold,synonym,defend,
hold,synonym,defy,
hold,synonym,detention,
hold,synonym,entertain,
hold,synonym,give,3
hold,synonym,grasp,
hold,synonym,grip,
hold,synonym,halt,
hold,synonym,harbor,
hold,synonym,have,3
hold,synonym,keep,1
hold,synonym,maintain,1
hold,synonym,make,3
hold,synonym,oblige,
hold,synonym,obtain,
hold,synonym,prevail,
hold,synonym,restrain,
hold,synonym,retain,
hold,synonym,throw,3
hold,synonym,withstand,
hole,synonym,jam,
hole,synonym,mess,
hole,synonym,pickle,
holiday,synonym,vacation,1
hollow,antonym,solid,1
hollow,synonym,empty,3
holy,similar,sacred,1
holy,synonym,wicked,
home,antonym,away,
home,synonym,family,
home,synonym,household,
home,synonym,interior,
home,synonym,internal,
home,synonym,place,1
home,synonym,plate,
homogeneous,similar,consistent,1
homogeneous,similar,solid,1
homogeneous,similar,uniform,1
homosexual,antonym,heterosexual,2
homosexual,similar,gay,2
homosexual,similar,lesbian,2
homosexual,synonym,gay,1
homosexual,synonym,man,
honest,antonym,dishonest,1
honest,similar,sincere,2
honest,synonym,true,3
honey,synonym,baby,2
honey,synonym,beloved,2
honey,synonym,darling,2
honey,synonym,dear,2
honey,synonym,love,2
honour,synonym,award,2
hood,synonym,cap,2
hood,synonym,punk,1
hood,synonym,tough,1
hook,synonym,addict,
hook,synonym,bait,
hook,synonym,claw,
hook,synonym,cop,
hook,synonym,lure,
hook,synonym,pluck,2
hook,synonym,plume,2
hook,synonym,rob,2
hook,synonym,sneak,
hook,synonym,soak,2
hook,synonym,solicit,
hop,synonym,skip,1
hope,antonym,despair,2
hope,synonym,desire,1
hope,synonym,trust,1
horizon,synonym,view,2
horizontal,antonym,vertical,1
horizontal,similar,flat,1
horizontal,similar,level,1
horn,synonym,trump,
horn,synonym,trumpet,
horrible,synonym,horrified,1
horrible,synonym,ugly,1
horrific,synonym,awful,2
horrific,synonym,dire,2
horrific,synonym,dread,2
horrific,synonym,dreadful,2
horrific,synonym,terrible,2
horrified,similar,afraid,1
horrified,synonym,horrible,
horse,synonym,buck,
horse,synonym,cavalry,3
horse,synonym,knight,
host,antonym,parasite,3
host,synonym,legion,2
hostile,antonym,friend,
hostile,similar,aggressive,1
hostile,similar,bitter,1
hostile,similar,dirty,1
hostile,similar,ill,1
hostile,similar,opponent,1
hostile,similar,rival,1
hot,antonym,cold,1
hot,similar,fiery,1
hot,similar,sensual,3
hot,similar,thermal,1
hot,similar,tropics,1
hot,similar,violent,2
hot,similar,warm,1
hot,similar,white,1
hound,synonym,dog,2
hound,synonym,heel,2
hound,synonym,hunt,3
hound,synonym,trace,3
house,synonym,family,
house,synonym,firm,2
house,synonym,firms,2
house,synonym,household,
house,synonym,mansion,
house,synonym,theatre,
household,synonym,family,1
household,synonym,home,1
household,synonym,house,1
hover,synonym,brood,
hover,synonym,linger,2
hover,synonym,loom,
hover,synonym,oscillate,1
hover,synonym,vibrate,1
howdy,synonym,hello,1
however,synonym,nevertheless,1
however,synonym,nonetheless,1
however,synonym,notwithstanding,1
however,synonym,still,1
however,synonym,yet,1
howl,synonym,roar,1
howl,synonym,wail,1
hug,synonym,clinch,1
hug,synonym,embrace,2
hug,synonym,squeeze,1
huge,similar,big,1
huge,similar,large,1
huge,synonym,immense,1
huge,synonym,vast,1
human,similar,frail,3
human,similar,perfect,3
human,similar,weak,3
human,synonym,humane,
human,synonym,humanitarian,
human,synonym,man,
humane,similar,human,2
humane,similar,humanitarian,2
humane,synonym,human,1
humanitarian,similar,humane,1
humanitarian,synonym,human,1
humanities,synonym,art,1
humble,antonym,proud,2
humble,similar,inferior,1
humble,similar,low,2
humble,similar,mild,2
humble,similar,modest,2
humble,synonym,humiliate,
humble,synonym,low,1
humble,synonym,modest,1
humble,synonym,small,1
humid,similar,wet,1
humiliate,synonym,humble,1
humour,synonym,mood,1
humour,synonym,temper,1
humour,synonym,wit,2
hunch,synonym,intuition,1
hunch,synonym,suspicion,1
hundred,similar,cardinal,2
hundred,synonym,century,1
hungry,similar,empty,1
hunt,similar,run,1
hunt,synonym,hound,2
hunt,synonym,run,1
hunt,synonym,search,
hunt,synonym,trace,2
hurdle,synonym,vault,3
hurl,synonym,cast,1
hurl,synonym,throw,3
hurl,synonym,thrust,2
hurry,synonym,haste,1
hurry,synonym,rush,3
hurry,synonym,speed,
hurry,synonym,zip,
hurt,synonym,ache,1
hurt,synonym,anguish,3
hurt,synonym,bruise,
hurt,synonym,damage,
hurt,synonym,detriment,
hurt,synonym,distress,
hurt,synonym,harm,
hurt,synonym,injure,
hurt,synonym,pain,3
hurt,synonym,smart,1
hurt,synonym,spite,
hurt,synonym,trauma,
husband,antonym,wife,1
husband,synonym,conserve,2
hush,similar,quiet,3
hush,synonym,silence,3
hush,synonym,still,1
hybrid,synonym,cross,3
hype,synonym,plug,1
hypothesis,synonym,guess,3
hypothesis,synonym,possible,2
hypothesis,synonym,theory,2
hypothetical,similar,theoretical,1
i,similar,cardinal,2
i,synonym,one,2
ice,synonym,chalk,
ice,synonym,chill,
ice,synonym,sparkle,3
icon,synonym,image,2
icon,synonym,picture,2
idea,synonym,estimate,
idea,synonym,mind,2
idea,synonym,theme,
ideal,similar,abstract,2
ideal,similar,perfect,1
ideal,synonym,saint,
identical,similar,same,1
identical,synonym,very,2
identify,synonym,name,2
identify,synonym,place,1
identity,synonym,individual,1
ideological,similar,abstract,2
idiot,synonym,retard,1
idle,antonym,busy,1
idle,antonym,run,
idle,antonym,work,
idle,similar,active,3
idle,similar,lazy,1
idle,synonym,wild,2
idol,synonym,god,1
ignite,similar,burn,2
ignite,synonym,erupt,2
ignite,synonym,heat,3
ignite,synonym,inflame,3
ignite,synonym,light,1
ignite,synonym,wake,3
ignore,antonym,notice,3
ignore,synonym,cut,1
ignore,synonym,discount,2
ignore,synonym,dismiss,2
ignore,synonym,disregard,1
ill,antonym,well,1
ill,antonym,wells,
ill,similar,bad,3
ill,similar,dizzy,1
ill,similar,faint,1
ill,similar,green,1
ill,similar,light,1
ill,similar,poor,1
ill,similar,sick,1
ill,similar,upset,1
ill,synonym,complaint,
ill,synonym,ominous,
ill,synonym,sick,1
illuminate,synonym,clear,2
illuminate,synonym,enlighten,2
illuminate,synonym,light,1
illusion,synonym,deception,
illusion,synonym,fancy,2
illusion,synonym,fantasy,2
illusion,synonym,magic,
illustrate,synonym,exemplify,1
illustrate,synonym,instance,1
image,synonym,fancy,
image,synonym,icon,3
image,synonym,paradigm,
image,synonym,picture,3
image,synonym,prototype,
imagine,synonym,guess,2
imagine,synonym,reckon,2
imagine,synonym,suppose,2
imagine,synonym,think,2
imitate,synonym,copy,1
imitate,synonym,simulate,1
immediate,antonym,mediate,3
immediate,similar,close,2
immediate,similar,direct,3
immediate,similar,mediate,3
immediate,similar,present,1
immense,similar,big,1
immense,similar,large,1
immense,synonym,huge,1
immense,synonym,vast,1
immerse,similar,plunge,2
immerse,synonym,absorb,2
immerse,synonym,bury,3
immerse,synonym,plunge,1
immerse,synonym,steep,2
immerse,synonym,swallow,3
immigrate,antonym,emigrate,3
imminent,similar,close,1
imminent,synonym,impending,1
immoral,antonym,moral,1
immoral,similar,degenerate,1
immoral,similar,fast,1
immoral,similar,wrong,2
immoral,synonym,base,2
immune,similar,exempt,2
immune,similar,susceptible,3
impact,synonym,affect,
impact,synonym,shock,
impair,synonym,mar,2
impair,synonym,spoil,2
impatient,antonym,patient,1
impatient,antonym,patients,
impatient,similar,eager,2
impeach,synonym,accuse,3
impede,synonym,block,2
impede,synonym,hinder,1
impede,synonym,jam,2
impede,synonym,obstruct,2
impending,similar,close,1
impending,synonym,imminent,1
imperative,similar,desperate,1
imperative,similar,instant,1
imperative,similar,urgent,1
imperial,synonym,purple,
impetus,synonym,drift,1
impetus,synonym,impulse,2
implant,synonym,embed,2
implant,synonym,plant,2
implement,similar,accomplish,3
implement,similar,act,3
implement,similar,execute,3
implement,similar,fulfil,3
implement,synonym,apply,2
implement,synonym,enforce,2
implicate,synonym,entail,2
implicit,antonym,explicit,1
implicit,similar,absolute,2
implicit,similar,inherent,1
implicit,similar,silent,1
implicit,similar,utter,1
imply,synonym,entail,3
imply,synonym,involve,
imply,synonym,mean,3
import,antonym,export,1
import,synonym,consequence,
import,synonym,significance,3
import,synonym,spell,
important,similar,beta,1
important,similar,big,1
important,similar,cardinal,1
important,similar,chief,1
important,similar,crucial,1
important,similar,decisive,3
important,similar,essential,1
important,similar,fundamental,1
important,similar,grand,1
important,similar,grave,1
important,similar,great,1
important,similar,heavy,1
important,similar,key,1
important,similar,large,2
important,similar,main,1
important,similar,master,1
important,similar,polar,3
important,similar,primary,1
important,similar,principal,1
important,similar,profound,2
important,similar,serious,1
important,synonym,authoritative,
important,synonym,crucial,3
important,synonym,significant,2
impose,synonym,constrain,1
impose,synonym,enforce,1
impose,synonym,inflict,2
impose,synonym,levy,3
impose,synonym,visit,2
impoverish,antonym,enrich,1
impoverish,synonym,deprive,2
impress,similar,hit,1
impress,similar,move,1
impress,similar,prompt,1
impress,similar,propel,1
impress,similar,strike,1
impress,synonym,affect,1
impress,synonym,move,1
impress,synonym,strike,1
impression,synonym,belief,1
impression,synonym,effect,2
impression,synonym,imprint,
impression,synonym,notion,1
impression,synonym,opinion,1
impression,synonym,picture,3
impression,synonym,stamp,
imprint,synonym,impression,2
improve,similar,amend,2
improve,similar,better,1
improve,synonym,amend,1
improve,synonym,better,1
impulse,synonym,impetus,
impulse,synonym,momentum,
impulse,synonym,pulse,
impulse,synonym,urge,1
in,synonym,essence,
in,synonym,inch,1
in,synonym,interior,
in,synonym,meat,
in,synonym,substance,
inaugurate,synonym,introduce,3
incarnate,similar,material,3
incarnate,synonym,corporal,3
incarnate,synonym,corporate,3
incarnate,synonym,embody,2
incentive,synonym,bonus,2
incentive,synonym,motive,1
inch,synonym,edge,3
inch,synonym,in,1
incident,synonym,incidental,
incidental,antonym,basic,1
incidental,similar,essential,2
incidental,similar,subsequent,3
incidental,synonym,consequent,3
incidental,synonym,essential,2
incidental,synonym,incident,1
incinerate,similar,burn,1
incinerate,similar,fire,2
incinerate,synonym,burn,2
incline,synonym,dispose,
incline,synonym,disposition,
incline,synonym,lean,3
incline,synonym,list,
incline,synonym,ramp,2
incline,synonym,run,3
incline,synonym,side,1
incline,synonym,slope,1
incline,synonym,tend,3
include,antonym,exclude,1
include,synonym,admit,
inclusion,antonym,exclusion,1
inclusive,antonym,exclusive,1
inclusive,similar,comprehensive,1
incomprehensible,similar,accountable,1
incomprehensible,similar,dark,2
incomprehensible,similar,deep,1
incomprehensible,similar,intelligible,2
incomprehensible,similar,missed,2
incomprehensible,similar,obscure,2
incomprehensible,synonym,explicable,1
incorporate,synonym,comprise,2
incorporate,synonym,contain,2
incorporate,synonym,integrate,1
increase,antonym,decrease,1
increase,synonym,gain,3
increase,synonym,increment,
incredible,antonym,credible,1
incredible,similar,fabulous,1
incredible,similar,tall,1
increment,synonym,increase,1
incubate,similar,breed,2
incubate,similar,cover,2
incubate,similar,hatch,2
incubate,synonym,brood,2
incubate,synonym,cover,2
incubate,synonym,hatch,2
incumbent,similar,current,3
incumbent,similar,necessary,2
incur,similar,acquire,2
incur,similar,get,2
incur,synonym,find,2
incur,synonym,get,2
incur,synonym,obtain,2
incur,synonym,receive,2
indeed,synonym,so,1
independent,similar,autonomous,1
independent,similar,free,2
independent,similar,separate,1
independent,synonym,autonomous,2
independent,synonym,freelance,
independent,synonym,main,3
independent,synonym,sovereign,2
index,synonym,power,3
indicate,synonym,argue,
indicate,synonym,designate,2
indicate,synonym,point,1
indicate,synonym,show,2
indicate,synonym,signal,1
indifferent,synonym,deaf,3
indifferent,synonym,neutral,
indigenous,similar,native,1
indignant,similar,angry,1
indirect,antonym,direct,2
indirect,similar,mediate,1
indirect,similar,squint,2
indirect,similar,winding,2
indispensable,similar,necessary,2
indispensable,similar,vital,1
indispensable,synonym,essential,2
individual,antonym,common,3
individual,similar,respective,3
individual,similar,several,3
individual,similar,singular,3
individual,similar,various,3
individual,synonym,identity,
individual,synonym,mortal,1
individual,synonym,person,1
individual,synonym,private,
individual,synonym,single,3
individual,synonym,soul,1
induce,synonym,cause,2
induce,synonym,get,2
induce,synonym,have,2
induce,synonym,make,2
induce,synonym,rush,3
induce,synonym,stimulate,2
induct,synonym,initiate,2
induct,synonym,invest,1
induct,synonym,seat,1
indulge,synonym,gratify,2
industry,synonym,manufacture,2
inevitable,similar,fatal,1
inevitable,similar,necessary,1
infant,synonym,babe,1
infant,synonym,baby,1
infantry,synonym,foot,1
infer,synonym,deduct,1
infer,synonym,derive,1
inferior,antonym,superior,1
inferior,similar,bad,2
inferior,similar,base,2
inferior,similar,bum,2
inferior,similar,bush,2
inferior,similar,cheap,2
inferior,similar,coarse,2
inferior,similar,common,2
inferior,similar,humble,1
inferior,similar,indifferent,1
inferior,similar,less,2
inferior,similar,low,1
inferior,similar,miserable,2
inferior,similar,modest,1
inferior,similar,punk,2
inferior,similar,small,1
inferior,similar,utility,2
infiltrate,synonym,penetrate,2
infinite,antonym,finite,1
infinite,synonym,myriad,3
infinite,synonym,space,
inflame,synonym,ignite,
inflame,synonym,wake,
inflate,synonym,amplify,1
inflate,synonym,expand,1
inflict,synonym,impose,1
inflict,synonym,visit,1
influence,synonym,determine,
influence,synonym,regulate,
informal,antonym,formal,1
informal,similar,casual,1
informal,similar,common,3
informal,similar,every,1
informal,similar,official,2
informal,synonym,cosy,
informal,synonym,intimate,
informal,synonym,loose,2
infrastructure,synonym,base,2
infrastructure,synonym,structure,1
infringe,synonym,conflict,1
infuse,similar,steep,3
ingredient,synonym,component,2
ingredient,synonym,element,2
ingredient,synonym,factor,2
inhabit,synonym,dwell,1
inhabit,synonym,live,1
inhale,synonym,inspire,2
inherent,similar,implicit,2
inherent,similar,intrinsic,1
inherent,synonym,integral,1
inhibit,synonym,suppress,3
initial,similar,first,1
initiate,synonym,induct,3
initiate,synonym,novice,
initiate,synonym,originate,1
initiate,synonym,pioneer,2
initiate,synonym,start,1
inject,similar,shoot,1
inject,synonym,shoot,1
injure,synonym,bruise,2
injure,synonym,hurt,2
injure,synonym,offend,2
injure,synonym,spite,2
injure,synonym,wound,1
inland,similar,interior,2
inmate,synonym,con,3
inmate,synonym,convict,3
inn,synonym,lodge,1
innocence,synonym,nature,1
innocent,antonym,guilty,1
innocent,similar,clear,1
innocent,synonym,barren,
innocent,synonym,guilty,1
innovate,synonym,introduce,1
innovative,similar,original,2
innovative,synonym,modern,1
input,synonym,comment,2
input,synonym,remark,2
input,synonym,stimulus,3
inquire,similar,ask,1
inquire,synonym,ask,1
inquire,synonym,enquire,1
inquire,synonym,investigate,3
inquire,synonym,wonder,2
inscribe,similar,engrave,1
inscribe,similar,etch,1
inscribe,synonym,engrave,1
inscribe,synonym,enrol,2
inscribe,synonym,enter,2
inscribe,synonym,grave,1
inscribe,synonym,raise,2
inscribe,synonym,recruit,2
inscribe,synonym,scratch,1
inscription,synonym,letter,1
insect,synonym,worm,2
insert,synonym,enclose,2
insert,synonym,enter,1
insert,synonym,introduce,1
insert,synonym,tuck,3
inside,antonym,out,
inside,similar,wrong,3
inside,synonym,interior,1
inside,synonym,within,
insist,synonym,assert,3
inspect,synonym,audit,3
inspect,synonym,visit,2
inspire,synonym,animate,1
inspire,synonym,inhale,
inspire,synonym,prompt,3
inspire,synonym,urge,
install,synonym,establish,3
instance,synonym,case,1
instance,synonym,example,1
instance,synonym,exemplify,3
instance,synonym,illustrate,3
instant,similar,fast,1
instant,similar,imperative,3
instant,similar,present,2
instant,synonym,minute,
instant,synonym,moment,
instant,synonym,wink,
instead,synonym,rather,2
instinct,similar,full,2
institute,synonym,bring,3
institute,synonym,constitute,2
institute,synonym,establish,2
institute,synonym,find,2
institute,synonym,founded,2
institute,synonym,plant,2
institution,synonym,asylum,
instruct,synonym,learn,1
instruct,synonym,teach,1
instrument,synonym,tool,2
insulate,synonym,isolate,2
insult,synonym,abuse,1
insure,similar,ascertain,1
insure,similar,check,1
insure,similar,compensate,3
insure,similar,control,1
insure,similar,cover,3
insure,similar,determine,1
insure,similar,guarantee,2
insure,similar,learn,1
insure,similar,mark,1
insure,similar,see,1
insure,similar,tick,1
insure,similar,verify,1
insure,similar,watch,1
insure,synonym,ascertain,1
insure,synonym,assure,1
insure,synonym,check,1
insure,synonym,control,1
insure,synonym,cover,3
insure,synonym,ensure,1
insure,synonym,guarantee,2
insure,synonym,secure,2
insure,synonym,see,1
insure,synonym,underwrite,3
insurgent,synonym,guerilla,3
insurgent,synonym,rebel,2
intact,similar,whole,1
intact,synonym,entire,1
intact,synonym,integral,1
intake,synonym,consumption,1
integral,similar,intrinsic,1
integral,similar,whole,2
integral,synonym,entire,2
integral,synonym,inherent,1
integral,synonym,intact,2
integrate,antonym,differentiate,
integrate,antonym,disintegrate,1
integrate,synonym,incorporate,1
integrate,synonym,mix,2
integrity,synonym,unity,1
intellect,synonym,intellectual,3
intellect,synonym,mind,1
intellect,synonym,reason,2
intellectual,similar,good,2
intellectual,similar,mental,1
intellectual,similar,rational,2
intellectual,similar,serious,2
intellectual,similar,sophisticated,2
intellectual,synonym,intellect,
intellectual,synonym,rational,1
intelligence,synonym,news,
intelligence,synonym,word,
intelligent,similar,apt,1
intelligent,similar,born,1
intelligent,similar,bright,1
intelligent,similar,brilliant,1
intelligent,similar,clever,1
intelligent,similar,quick,1
intelligent,similar,ready,1
intelligent,similar,sensible,3
intelligent,similar,smart,1
intelligent,similar,sophisticated,2
intelligent,synonym,sound,3
intelligent,synonym,stupid,
intelligible,similar,incomprehensible,1
intend,synonym,designate,2
intend,synonym,mean,1
intend,synonym,signify,
intend,synonym,specify,2
intend,synonym,think,1
intense,antonym,extensive,
intense,antonym,mild,1
intense,similar,bad,1
intense,similar,big,1
intense,similar,brute,1
intense,similar,cold,1
intense,similar,deep,1
intense,similar,exquisite,1
intense,similar,extreme,1
intense,similar,fierce,1
intense,similar,keen,1
intense,similar,main,1
intense,similar,profound,1
intense,similar,pure,3
intense,similar,severe,1
intense,similar,sharp,2
intense,similar,smart,1
intense,similar,strong,1
intense,similar,terrible,1
intense,similar,terrific,1
intense,similar,thick,1
intense,similar,violent,1
intense,similar,wicked,1
intense,similar,wild,1
intense,synonym,acute,2
intense,synonym,vivid,3
intent,similar,attentive,3
intent,synonym,aim,1
intent,synonym,captive,3
intent,synonym,deliberate,
intent,synonym,design,1
intent,synonym,purport,2
intent,synonym,purpose,1
intent,synonym,spirit,2
intercept,synonym,bug,2
intercept,synonym,stop,1
intercept,synonym,tap,2
interchange,synonym,exchange,3
interest,antonym,bear,
interest,synonym,sake,2
interest,synonym,stake,
interfere,synonym,intervene,2
interim,similar,permanent,1
interim,similar,temporary,1
interim,synonym,lag,2
interim,synonym,meantime,2
interim,synonym,meanwhile,2
interior,antonym,exterior,1
interior,similar,domestic,2
interior,similar,in,3
interior,similar,inside,1
interior,synonym,home,2
interior,synonym,in,3
interior,synonym,inside,
interior,synonym,internal,2
intermediate,antonym,terminal,1
intermediate,similar,grey,1
intermediate,similar,junior,1
intermediate,similar,mediate,1
intermediate,similar,middle,1
intermediate,similar,moderate,2
intermediate,synonym,arbitrate,
intermediate,synonym,average,2
intermediate,synonym,mediate,
intermediate,synonym,medium,2
internal,antonym,external,1
internal,similar,domestic,3
internal,similar,in,1
internal,similar,interior,1
internal,similar,intrinsic,1
internal,synonym,home,3
internal,synonym,interior,3
international,similar,foreign,2
international,similar,global,1
international,similar,multinational,1
international,similar,world,1
international,synonym,external,2
internet,synonym,net,1
internet,synonym,nets,1
interpret,similar,consider,1
interpret,similar,reckon,1
interpret,similar,regard,1
interpret,similar,see,1
interpret,similar,view,1
interpret,synonym,construe,1
interpret,synonym,render,3
interpret,synonym,see,1
interpret,synonym,translate,
interpret,synonym,understand,
interrogate,synonym,question,2
interrupt,synonym,break,
interrupt,synonym,disrupt,1
interrupt,synonym,disturb,2
intersect,synonym,cross,1
intervene,synonym,interfere,1
interview,synonym,audience,2
interview,synonym,question,3
intestine,synonym,bowel,1
intestine,synonym,gut,1
intimate,similar,close,1
intimate,synonym,cosy,3
intimate,synonym,informal,3
intimate,synonym,private,2
intimate,synonym,suggest,
intolerable,similar,bitter,1
intolerable,similar,possible,1
intolerable,synonym,adequate,
intricate,similar,complex,1
intrigue,synonym,fascinate,3
intrinsic,similar,in,1
intrinsic,similar,inherent,1
intrinsic,similar,integral,1
intrinsic,similar,internal,1
intrinsic,similar,intimate,1
introduce,similar,acquaint,1
introduce,synonym,acquaint,1
introduce,synonym,enclose,3
introduce,synonym,inaugurate,
introduce,synonym,innovate,2
introduce,synonym,insert,3
introduce,synonym,premise,
introduce,synonym,present,1
intrude,synonym,nose,3
intrude,synonym,poke,3
intrusion,synonym,invasion,1
intuition,synonym,hunch,2
intuition,synonym,suspicion,2
intuitive,similar,spontaneous,1
invade,synonym,occupy,1
invasion,synonym,intrusion,2
invent,synonym,devise,1
invent,synonym,fabricate,2
invent,synonym,forge,1
invent,synonym,manufacture,2
inventory,synonym,stock,2
invert,synonym,reverse,2
invest,synonym,adorn,3
invest,synonym,commit,1
invest,synonym,empower,2
invest,synonym,endow,2
invest,synonym,gift,2
invest,synonym,induct,
invest,synonym,place,1
invest,synonym,put,1
invest,synonym,vest,
investigate,synonym,enquire,2
investigate,synonym,inquire,2
invite,synonym,tempt,3
invoke,similar,evoke,1
invoke,similar,provoke,1
invoke,synonym,appeal,2
invoke,synonym,arouse,1
invoke,synonym,conjure,1
invoke,synonym,evoke,1
invoke,synonym,raise,1
invoke,synonym,stir,1
involuntary,antonym,voluntary,1
involuntary,similar,automatic,2
involuntary,similar,conscious,1
involuntary,similar,reflex,2
involuntary,similar,willing,1
involve,synonym,affect,1
involve,synonym,imply,3
involve,synonym,necessitate,
involve,synonym,need,
involve,synonym,regard,1
involve,synonym,require,
ironed,similar,smooth,1
irony,synonym,satire,1
irrigate,synonym,water,1
irritable,similar,sensitive,2
irritate,antonym,soothe,2
irritate,synonym,annoy,1
irritate,synonym,bother,1
irritate,synonym,devil,1
irritate,synonym,gravel,1
irritate,synonym,rag,1
isolate,synonym,insulate,1
issue,antonym,recall,
issue,synonym,consequence,
issue,synonym,effect,
issue,synonym,emerge,
issue,synonym,exit,
issue,synonym,matter,3
issue,synonym,number,2
issue,synonym,offspring,
issue,synonym,outcome,
issue,synonym,outlet,
issue,synonym,publication,
issue,synonym,publish,
issue,synonym,result,
issue,synonym,subject,3
issue,synonym,topic,3
issue,synonym,yield,
itch,synonym,rub,
itch,synonym,scratch,
itch,synonym,urge,2
item,synonym,detail,2
item,synonym,particular,2
item,synonym,point,1
item,synonym,token,
ivory,synonym,bone,2
ivory,synonym,pearl,2
jacket,synonym,cap,3
jacket,synonym,crown,3
jail,synonym,jug,2
jail,synonym,lag,2
jam,synonym,cram,
jam,synonym,crush,3
jam,synonym,fix,2
jam,synonym,hole,2
jam,synonym,impede,
jam,synonym,mess,2
jam,synonym,obstruct,
jam,synonym,pickle,2
jam,synonym,press,3
jar,synonym,collide,
jar,synonym,jolt,3
jar,synonym,shock,3
jaw,synonym,chat,
jaw,synonym,chew,
jazz,synonym,no,1
jazz,synonym,screw,
jazz,synonym,wind,1
jeopardy,synonym,danger,1
jeopardy,synonym,hazard,1
jeopardy,synonym,peril,1
jeopardy,synonym,risk,1
jerk,synonym,jolt,2
jerk,synonym,tug,
jerk,synonym,twitch,
jerk,synonym,yank,
jet,synonym,fountain,
jewel,synonym,gem,1
job,synonym,business,1
job,synonym,chore,2
job,synonym,line,1
job,synonym,occupation,1
job,synonym,problem,
job,synonym,task,2
jockey,synonym,cheat,3
jockey,synonym,screw,3
jockey,synonym,shaft,3
jog,synonym,nudge,
jog,synonym,ramble,1
jog,synonym,trot,
join,synonym,connect,
join,synonym,junction,
join,synonym,retort,
joint,antonym,separate,1
joint,similar,corporate,1
joint,synonym,articulate,
joint,synonym,junction,
joint,synonym,roast,
joke,synonym,gag,1
joke,synonym,laugh,1
joke,synonym,trick,3
jolly,synonym,gay,
jolly,synonym,kidding,
jolly,synonym,merry,
jolly,synonym,pretty,1
jolly,synonym,somewhat,1
jolt,synonym,jar,1
jolt,synonym,jerk,2
jolt,synonym,shock,1
journal,synonym,diary,1
journalist,synonym,diary,2
journey,similar,travel,2
journey,synonym,travel,2
joy,antonym,sorrow,1
joy,synonym,delight,2
joy,synonym,pleasure,2
judge,synonym,approximate,
judge,synonym,estimate,
judge,synonym,evaluate,
judge,synonym,guess,
judge,synonym,justice,1
judge,synonym,mind,
judge,synonym,pronounce,
judge,synonym,try,
judicial,similar,legal,1
judiciary,synonym,bench,1
jug,synonym,jail,3
jug,synonym,lag,3
jump,synonym,bind,1
jump,synonym,leap,1
jump,synonym,parachute,
jump,synonym,skip,
jump,synonym,spring,1
jump,synonym,start,2
jump,synonym,startle,2
junction,synonym,conjunction,2
junction,synonym,join,3
junction,synonym,joint,3
junior,antonym,senior,1
junior,similar,intermediate,2
junior,similar,low,1
junior,similar,mature,3
junior,similar,minor,1
junior,similar,petty,1
junior,similar,young,1
junk,synonym,addict,
junk,synonym,debris,1
junk,synonym,dust,1
junk,synonym,freak,
junk,synonym,rubble,1
junk,synonym,scrap,3
junk,synonym,trash,3
jury,synonym,panel,2
just,synonym,but,1
just,synonym,equitable,
just,synonym,fair,
just,synonym,hardly,
just,synonym,only,1
just,synonym,scarce,
just,synonym,upright,
justice,synonym,judge,3
justly,synonym,right,2
juvenile,antonym,adult,3
juvenile,similar,mature,2
juvenile,synonym,adolescent,2
keen,similar,good,3
keen,similar,intense,2
keen,synonym,acute,1
keen,synonym,bully,3
keen,synonym,exquisite,2
keen,synonym,great,3
keen,synonym,lament,
keen,synonym,neat,3
keen,synonym,old,3
keen,synonym,sharp,1
keen,synonym,swell,3
keep,antonym,break,
keep,antonym,lose,3
keep,similar,continue,2
keep,similar,preserve,2
keep,similar,save,3
keep,similar,uphold,2
keep,synonym,celebrate,
keep,synonym,continue,2
keep,synonym,hold,1
keep,synonym,maintain,1
keep,synonym,prevent,
keep,synonym,proceed,2
keep,synonym,retain,
key,synonym,fundamental,
kick,synonym,beef,
kick,synonym,boot,
kick,synonym,complain,
kick,synonym,plains,
kick,synonym,thrill,
kid,synonym,child,1
kid,synonym,fry,1
kid,synonym,minor,1
kidding,synonym,child,3
kidding,synonym,fry,3
kidding,synonym,jolly,2
kidding,synonym,minor,3
kidnap,synonym,abduct,1
kidnap,synonym,snatch,1
kill,synonym,defeat,2
kin,synonym,akin,3
kin,synonym,clan,2
kin,synonym,family,1
kin,synonym,tribe,2
kind,antonym,kindly,2
kind,similar,benevolent,2
kind,similar,benign,2
kind,similar,charitable,2
kind,similar,gentle,2
kind,similar,gracious,2
kind,similar,kindly,2
kind,synonym,form,1
kind,synonym,sort,1
kind,synonym,tolerant,
kind,synonym,variety,1
kindly,antonym,kind,
kindly,similar,benign,3
kindly,similar,kind,2
kindly,synonym,benevolent,2
kindly,synonym,charitable,2
king,antonym,queen,1
king,synonym,baron,2
king,synonym,power,2
king,synonym,realm,
kiss,synonym,mug,
kit,synonym,outfit,2
knee,synonym,stifle,2
knife,synonym,stab,
knife,synonym,tongue,3
knight,synonym,dub,3
knight,synonym,horse,2
knit,similar,draw,3
knit,synonym,crumple,3
knit,synonym,plains,
knob,synonym,boss,1
knob,synonym,node,3
knock,synonym,bash,
knock,synonym,bump,3
knock,synonym,criticise,
knock,synonym,roast,
knot,synonym,tangle,
know,synonym,recognize,
know,synonym,screw,
label,synonym,mark,
label,synonym,pronounce,
labour,synonym,dig,
labour,synonym,grind,
labour,synonym,project,
labour,synonym,task,
lace,similar,twine,3
lace,synonym,braid,
lace,synonym,twine,3
lack,antonym,have,2
lack,synonym,deficiency,1
lack,synonym,miss,2
lack,synonym,want,1
lad,synonym,chap,1
lad,synonym,cub,2
lad,synonym,fellow,1
lad,synonym,gentleman,1
lad,synonym,son,2
ladder,synonym,run,3
laden,similar,full,3
laden,synonym,load,2
lady,synonym,madam,2
lag,synonym,interim,2
lag,synonym,jail,
lag,synonym,jug,
lag,synonym,meantime,2
lag,synonym,meanwhile,2
lag,synonym,retard,1
lamb,synonym,dear,3
lament,synonym,keen,1
lament,synonym,wail,3
lance,synonym,gig,2
lance,synonym,shaft,1
lance,synonym,spear,1
land,synonym,commonwealth,
land,synonym,country,
land,synonym,domain,3
land,synonym,earth,
land,synonym,estate,
land,synonym,ground,2
land,synonym,nation,
land,synonym,realm,
land,synonym,soil,2
language,synonym,lyric,3
language,synonym,speech,2
language,synonym,terminology,
language,synonym,word,3
lap,synonym,lick,
lap,synonym,overlap,
lapse,synonym,sink,
large,antonym,small,1
large,similar,ample,1
large,similar,big,1
large,similar,broad,1
large,similar,cosmic,1
large,similar,deep,1
large,similar,double,1
large,similar,enormous,1
large,similar,epic,1
large,similar,extensive,1
large,similar,giant,1
large,similar,gigantic,1
large,similar,grand,1
large,similar,great,1
large,similar,huge,1
large,similar,immense,1
large,similar,important,2
large,similar,massive,1
large,similar,plump,1
large,similar,significant,2
large,similar,super,1
large,similar,tremendous,1
large,similar,vast,1
large,similar,wide,1
large,synonym,big,1
large,synonym,prominent,
lash,synonym,slash,1
lash,synonym,strap,1
lash,synonym,whip,1
last,antonym,first,
last,synonym,close,1
last,synonym,conclusion,1
last,synonym,end,
last,synonym,endure,
last,synonym,final,
last,synonym,finish,1
last,synonym,live,
last,synonym,survive,
lasted,antonym,first,
lasted,similar,be,2
lasted,similar,exist,2
lasted,similar,live,2
lasted,similar,subsist,2
lasted,similar,survive,2
lasted,synonym,close,3
lasted,synonym,conclusion,3
lasted,synonym,endure,1
lasted,synonym,finish,3
lasted,synonym,go,2
lasted,synonym,live,2
lasted,synonym,survive,2
late,antonym,early,1
late,antonym,middle,1
late,similar,past,3
late,similar,ripe,1
late,synonym,former,
late,synonym,previous,
late,synonym,recent,3
latent,similar,active,2
latent,similar,possible,1
latent,similar,potential,1
lateral,similar,side,1
lateral,synonym,dominance,
latitude,synonym,parallel,3
latter,antonym,former,1
laugh,antonym,cry,1
laugh,synonym,gag,
laugh,synonym,joke,
laugh,synonym,laughter,2
laughter,synonym,laugh,1
launch,synonym,establish,1
launch,synonym,find,1
launch,synonym,founded,1
laundry,synonym,wash,1
lavish,similar,generous,1
lavish,similar,rich,2
lavish,synonym,shower,3
lavish,synonym,spare,1
law,synonym,anarchy,
law,synonym,police,
lawyer,synonym,attorney,1
lay,synonym,place,1
lay,synonym,pose,1
lay,synonym,position,1
lay,synonym,put,1
lay,synonym,set,1
layer,synonym,bed,1
layer,synonym,level,3
lazy,similar,idle,2
lazy,similar,slow,1
lead,antonym,deficit,
lead,similar,leave,2
lead,synonym,chaired,
lead,synonym,conduct,1
lead,synonym,contribute,
lead,synonym,direct,1
lead,synonym,extend,
lead,synonym,guide,1
lead,synonym,leash,
lead,synonym,leave,2
lead,synonym,result,2
lead,synonym,run,
lead,synonym,take,1
lead,synonym,tip,
lead,synonym,track,
lead,synonym,trail,
leaf,synonym,flip,
leaf,synonym,foliage,1
leaflet,synonym,book,3
leaflet,synonym,brochure,3
leaflet,synonym,folder,3
leaflet,synonym,pamphlet,3
lean,antonym,rich,
lean,synonym,angle,1
lean,synonym,incline,3
lean,synonym,list,
lean,synonym,run,3
lean,synonym,tend,3
lean,synonym,thin,
lean,synonym,tilt,1
lean,synonym,tip,1
leap,synonym,bind,1
leap,synonym,jump,1
leap,synonym,spring,1
learn,similar,find,2
learn,similar,see,2
learn,similar,witness,2
learn,synonym,acquire,1
learn,synonym,ascertain,
learn,synonym,con,3
learn,synonym,discover,2
learn,synonym,hear,2
learn,synonym,instruct,
learn,synonym,see,2
learn,synonym,teach,
lease,synonym,charter,
lease,synonym,hire,
lease,synonym,rent,1
leash,synonym,collar,3
leash,synonym,lead,1
leash,synonym,three,2
leash,synonym,trinity,2
leash,synonym,trio,2
least,antonym,most,2
leave,antonym,arrive,1
leave,similar,depart,1
leave,similar,exit,1
leave,similar,forget,2
leave,similar,lead,3
leave,similar,result,3
leave,synonym,farewell,
leave,synonym,lead,
lecture,synonym,speech,2
lecture,synonym,talk,1
ledge,synonym,shelf,1
left,antonym,right,1
left,antonym,rights,
left,similar,near,1
left,similar,port,1
left,synonym,odd,2
leg,synonym,branch,
legal,similar,judicial,1
legal,similar,legitimate,1
legal,similar,statute,1
legal,similar,valid,3
legal,synonym,sound,3
legend,synonym,caption,2
legion,synonym,host,1
legion,synonym,numerous,
legislate,synonym,pass,1
legitimate,similar,true,1
legitimate,similar,valid,2
legitimate,synonym,outlaw,
lend,antonym,borrow,2
lend,synonym,add,1
lend,synonym,bring,1
lend,synonym,contribute,1
lend,synonym,loan,2
length,synonym,distance,
length,synonym,duration,2
lesbian,similar,homosexual,1
lesion,synonym,wound,2
less,antonym,more,1
less,similar,few,3
less,similar,inferior,2
lesson,synonym,example,2
lesson,synonym,moral,3
let,antonym,prevent,1
let,similar,allow,3
let,similar,grant,3
let,synonym,allow,1
let,synonym,get,
let,synonym,permit,1
lethal,similar,fatal,1
lethal,synonym,dead,1
letter,synonym,inscription,
lettuce,synonym,bread,1
lettuce,synonym,cabbage,1
lettuce,synonym,dough,1
lettuce,synonym,loot,1
lettuce,synonym,scratch,1
lettuce,synonym,sugar,1
level,antonym,raise,
level,synonym,degree,1
level,synonym,dismantle,
level,synonym,floor,
level,synonym,grade,1
level,synonym,layer,
level,synonym,point,3
level,synonym,stage,3
level,synonym,story,
level,synonym,tier,2
levy,synonym,impose,3
levy,synonym,recruit,
liable,similar,exempt,2
liable,similar,likely,1
liable,similar,susceptible,3
liable,synonym,apt,1
liaison,synonym,affair,1
liaison,synonym,contact,2
liaison,synonym,link,2
liberal,antonym,conservative,3
liberal,similar,left,2
liberal,synonym,broad,1
liberal,synonym,handsome,
liberal,synonym,tolerant,1
liberate,synonym,free,2
liberate,synonym,loose,2
liberate,synonym,release,2
liberty,synonym,autonomy,1
licence,synonym,certify,
licence,synonym,permission,
licence,synonym,permit,3
lick,similar,thrash,1
lick,synonym,bat,1
lick,synonym,cream,1
lick,synonym,lap,2
lick,synonym,punch,
lick,synonym,solve,3
lick,synonym,thrash,1
lick,synonym,work,3
lid,synonym,hat,3
lie,antonym,sit,2
lie,antonym,stand,2
lie,similar,rest,1
lie,synonym,consist,3
lie,synonym,dwell,3
lieutenant,synonym,deputy,3
life,synonym,biography,
lift,synonym,elevate,1
lift,synonym,hoist,
lift,synonym,raise,1
lift,synonym,repeal,
lift,synonym,rise,
lift,synonym,rustle,
lift,synonym,sneak,
light,antonym,dark,
light,antonym,heavy,
light,synonym,clean,
light,synonym,ignite,
light,synonym,illuminate,
light,synonym,lightly,
light,synonym,literature,
light,synonym,scant,
light,synonym,sparkle,
light,synonym,weak,
lightly,synonym,light,2
like,antonym,dislike,
like,synonym,alike,
like,synonym,care,3
like,synonym,same,
like,synonym,similar,
like,synonym,wish,3
likely,similar,apt,1
likely,similar,credible,3
likely,similar,liable,1
likely,synonym,potential,2
likely,synonym,probably,
likewise,synonym,alike,3
likewise,synonym,also,2
likewise,synonym,too,2
limb,synonym,arm,
limit,synonym,boundary,1
limit,synonym,confine,
limit,synonym,fix,
limit,synonym,restrict,
limit,synonym,set,
limit,synonym,specify,
limp,synonym,hitch,1
line,synonym,business,
line,synonym,cable,
line,synonym,contrast,
line,synonym,course,
line,synonym,crease,
line,synonym,describe,
line,synonym,draw,
line,synonym,job,
line,synonym,lineage,
line,synonym,melody,
line,synonym,note,
line,synonym,occupation,
line,synonym,pipeline,
line,synonym,seam,
line,synonym,strain,
line,synonym,trace,
line,synonym,tune,
line,synonym,wrinkle,
lineage,synonym,blood,1
lineage,synonym,descent,1
lineage,synonym,line,1
lineage,synonym,origin,1
lineage,synonym,parent,1
lineage,synonym,stock,1
liner,synonym,lining,2
linger,antonym,rush,
linger,synonym,hover,
linger,synonym,loaf,2
linger,synonym,lounge,2
linger,synonym,lurk,2
lining,synonym,face,3
lining,synonym,liner,1
link,synonym,associate,
link,synonym,connect,
link,synonym,liaison,
link,synonym,relate,
link,synonym,tie,2
lip,synonym,brim,
lip,synonym,mouth,3
liquid,antonym,solid,
liquid,synonym,fluent,
liquidate,synonym,waste,1
liquor,synonym,spirit,1
list,synonym,incline,2
list,synonym,lean,2
list,synonym,name,3
list,synonym,tilt,2
listen,synonym,hear,2
listen,synonym,heed,3
listen,synonym,mind,3
literal,similar,exact,3
literal,similar,true,2
literal,synonym,actual,2
literal,synonym,genuine,2
literal,synonym,real,2
literary,similar,formal,3
literature,synonym,light,2
litigate,similar,act,1
litigate,similar,process,1
litigate,synonym,act,2
litigate,synonym,process,2
little,antonym,big,1
little,antonym,much,2
little,similar,less,1
little,similar,mature,3
little,similar,micro,1
little,similar,miniature,1
little,similar,minute,1
little,similar,significant,1
little,similar,slender,1
little,similar,slim,1
little,similar,small,1
little,similar,tiny,1
little,similar,wee,1
little,similar,young,3
little,synonym,petty,
little,synonym,short,
little,synonym,slight,2
little,synonym,small,1
little,synonym,trivial,
live,antonym,dead,
live,similar,be,3
live,similar,exist,3
live,similar,subsist,3
live,similar,survive,3
live,synonym,alive,
live,synonym,dwell,1
live,synonym,endure,3
live,synonym,exist,
live,synonym,go,3
live,synonym,inhabit,1
live,synonym,last,3
live,synonym,lasted,3
live,synonym,subsist,
live,synonym,survive,3
lively,antonym,dull,1
lively,similar,alive,1
lively,similar,live,1
lively,similar,warm,1
lively,synonym,alert,3
lively,synonym,brisk,3
lively,synonym,merry,3
lively,synonym,vital,
load,synonym,burden,1
load,synonym,cargo,3
load,synonym,dilute,
load,synonym,freight,3
load,synonym,laden,
load,synonym,ship,3
loaf,synonym,bum,3
loaf,synonym,linger,
loaf,synonym,lurk,
loan,synonym,lend,3
lobby,synonym,hall,1
lobby,synonym,room,1
local,antonym,express,
local,antonym,general,3
local,antonym,generals,
locality,synonym,neighbour,1
locality,synonym,vicinity,1
locate,similar,excavate,1
locate,synonym,place,3
locate,synonym,site,3
lock,synonym,engage,2
lock,synonym,mesh,2
lock,synonym,operate,2
locker,synonym,cabinet,1
locomotive,synonym,engine,1
locus,synonym,venue,1
lodge,synonym,boarder,
lodge,synonym,club,1
lodge,synonym,guild,1
lodge,synonym,inn,
lodge,synonym,order,1
lodge,synonym,society,1
lodge,synonym,stick,
loft,synonym,attic,2
loft,synonym,throw,
lone,similar,single,3
lone,similar,social,2
lone,synonym,alone,1
lone,synonym,only,3
lone,synonym,sole,3
lone,synonym,solitary,1
long,antonym,short,1
long,similar,chronic,1
long,similar,durable,1
long,similar,eternal,1
long,similar,far,2
long,similar,overnight,1
long,similar,perennial,1
long,similar,stretch,2
long,similar,tall,3
long,synonym,yearn,
look,synonym,appear,2
look,synonym,attend,
look,synonym,await,
look,synonym,bet,
look,synonym,depend,
look,synonym,expect,
look,synonym,face,
look,synonym,flavour,
look,synonym,rely,
look,synonym,seem,2
look,synonym,spirit,
look,synonym,wait,
loom,synonym,brood,3
loom,synonym,hover,3
loom,synonym,tower,2
loop,synonym,eye,1
loose,antonym,compact,1
loose,antonym,tight,3
loose,similar,light,1
loose,synonym,informal,
loose,synonym,liberate,
loose,synonym,relax,
loose,synonym,release,
loot,synonym,bread,2
loot,synonym,cabbage,2
loot,synonym,dough,2
loot,synonym,lettuce,2
loot,synonym,prize,1
loot,synonym,rifle,
loot,synonym,scratch,2
loot,synonym,sugar,2
lord,synonym,master,1
lord,synonym,noble,2
lose,antonym,find,
lose,antonym,keep,1
lose,antonym,profit,
lose,antonym,win,2
lose,synonym,miss,
loss,antonym,gain,
loss,synonym,departure,
loss,synonym,exit,
lot,synonym,administer,
lot,synonym,allot,
lot,synonym,band,3
lot,synonym,batch,1
lot,synonym,bunch,
lot,synonym,circle,3
lot,synonym,deal,1
lot,synonym,destiny,
lot,synonym,dispense,
lot,synonym,distribute,
lot,synonym,fate,
lot,synonym,flock,1
lot,synonym,hat,1
lot,synonym,heap,1
lot,synonym,luck,
lot,synonym,mass,1
lot,synonym,mess,1
lot,synonym,mint,1
lot,synonym,mountain,1
lot,synonym,pile,1
lot,synonym,plenty,1
lot,synonym,pot,1
lot,synonym,raft,1
lot,synonym,set,3
lot,synonym,sight,1
lot,synonym,stack,1
loud,antonym,soft,1
loud,similar,big,1
loud,similar,deaf,1
loud,similar,vocal,1
loud,synonym,aloud,
loud,synonym,cheap,2
loud,synonym,flash,2
lounge,synonym,couch,1
lounge,synonym,linger,
lounge,synonym,lurk,
lounge,synonym,sofa,1
love,antonym,hate,1
love,synonym,baby,3
love,synonym,beloved,3
love,synonym,darling,3
love,synonym,dear,3
love,synonym,enjoy,
love,synonym,fan,
love,synonym,honey,3
love,synonym,passion,2
love,synonym,screw,
low,antonym,high,1
low,similar,deep,2
low,similar,down,1
low,similar,soft,3
low,similar,squat,2
low,similar,under,2
low,synonym,blue,
low,synonym,humble,
low,synonym,miserable,
low,synonym,petty,
lower,antonym,raise,1
lower,antonym,upper,
lower,synonym,depress,
lower,synonym,frown,1
loyal,synonym,fast,3
loyal,synonym,firm,3
luck,synonym,chance,2
luck,synonym,circumstance,1
luck,synonym,destiny,1
luck,synonym,fate,1
luck,synonym,fortune,1
luck,synonym,hazard,2
luck,synonym,lot,1
luck,synonym,portion,1
luggage,synonym,bag,1
lumber,synonym,pound,3
lumber,synonym,timber,1
luminous,similar,bright,1
lump,synonym,ball,1
lump,synonym,chunk,1
lump,synonym,clump,1
lump,synonym,puff,2
lump,synonym,swell,2
lurch,synonym,pitch,3
lurch,synonym,stagger,1
lurch,synonym,stumble,1
lure,synonym,bait,3
lure,synonym,entice,1
lure,synonym,hook,3
lure,synonym,tempt,1
lurk,synonym,ambush,3
lurk,synonym,linger,2
lurk,synonym,loaf,2
lurk,synonym,lounge,2
lush,similar,abundant,1
lush,similar,rich,3
lush,synonym,grand,3
lust,synonym,crave,3
lust,synonym,starve,3
lust,synonym,thirst,3
lyric,synonym,language,1
lyric,synonym,word,1
machine,synonym,automobile,
machine,synonym,car,
machine,synonym,mechanic,
mad,similar,angry,1
mad,similar,sane,2
mad,similar,wild,3
mad,synonym,crazy,2
mad,synonym,frantic,3
mad,synonym,furious,
mad,synonym,sick,2
mad,synonym,sore,1
madam,synonym,lady,1
magazine,synonym,cartridge,
magazine,synonym,clip,
magic,synonym,deception,2
magic,synonym,illusion,2
magic,synonym,trick,2
magic,synonym,wizard,3
magnificent,synonym,brilliant,1
magnificent,synonym,splendid,1
magnify,synonym,amplify,1
magnify,synonym,enlarge,3
magnify,synonym,exaggerate,2
maid,synonym,maiden,2
maiden,similar,open,3
maiden,synonym,first,3
maiden,synonym,maid,1
mail,synonym,post,2
mail,synonym,send,
main,similar,important,1
main,similar,intense,3
main,synonym,chief,1
main,synonym,independent,2
main,synonym,master,1
main,synonym,primary,1
main,synonym,principal,1
maintain,synonym,assert,
maintain,synonym,conserve,2
maintain,synonym,exert,
maintain,synonym,hold,1
maintain,synonym,keep,1
maintain,synonym,preserve,2
maintain,synonym,sustain,3
maintain,synonym,uphold,
maintain,synonym,wield,
major,antonym,minor,1
major,similar,better,3
major,similar,star,1
majority,synonym,bulk,1
make,antonym,break,
make,synonym,brand,
make,synonym,build,
make,synonym,constitute,
make,synonym,construct,
make,synonym,cook,
make,synonym,create,3
make,synonym,do,1
make,synonym,earn,
make,synonym,get,2
make,synonym,hold,
make,synonym,induce,
make,synonym,nominate,
make,synonym,prepare,
make,synonym,produce,
make,synonym,reach,
make,synonym,realise,
make,synonym,seduce,
make,synonym,stimulate,
makeup,synonym,constitution,3
male,antonym,female,1
male,similar,masculine,2
malign,antonym,benign,2
malign,synonym,evil,3
mall,synonym,centre,2
mama,synonym,mum,1
man,antonym,woman,1
man,synonym,gentleman,
man,synonym,homosexual,3
man,synonym,human,3
man,synonym,mankind,
manage,antonym,fail,1
manage,synonym,care,2
manage,synonym,contend,3
manage,synonym,cope,3
manage,synonym,deal,2
manage,synonym,handle,2
manage,synonym,oversee,
manage,synonym,supervise,
manage,synonym,wield,
mandate,synonym,mandatory,2
mandatory,synonym,compulsory,1
mandatory,synonym,mandate,3
manifest,synonym,apparent,
manifest,synonym,certify,1
manifest,synonym,demonstrate,1
manifest,synonym,evidence,1
manifest,synonym,evident,
manifest,synonym,plain,
manipulate,synonym,cook,3
manipulate,synonym,fake,3
mankind,synonym,man,1
mankind,synonym,world,1
manner,synonym,fashion,1
manner,synonym,mode,1
manner,synonym,style,1
manner,synonym,way,1
mansion,synonym,hall,2
mansion,synonym,house,1
mansion,synonym,sign,1
mantle,synonym,blanket,3
mantle,synonym,cape,
mantle,synonym,curtain,
mantle,synonym,drape,
manual,antonym,automatic,
manufacture,synonym,construct,1
manufacture,synonym,fabricate,1
manufacture,synonym,industry,
manufacture,synonym,invent,2
manuscript,synonym,ms,1
many,antonym,few,1
many,similar,legion,1
many,similar,numerous,1
many,similar,some,1
map,synonym,function,2
mar,synonym,defect,3
mar,synonym,impair,1
mar,synonym,spoil,1
march,synonym,adjoin,
marched,synonym,process,1
margin,synonym,border,1
margin,synonym,perimeter,1
marine,synonym,maritime,2
maritime,synonym,marine,1
mark,similar,differentiate,2
mark,similar,distinguish,2
mark,synonym,commemorate,
mark,synonym,denounce,
mark,synonym,differentiate,3
mark,synonym,distinguish,3
mark,synonym,fool,
mark,synonym,label,1
mark,synonym,mug,
mark,synonym,notice,
mark,synonym,punctuate,
mark,synonym,scar,
mark,synonym,score,
mark,synonym,sign,
mark,synonym,tag,1
mark,synonym,target,
market,synonym,grocer,3
market,synonym,vendor,
marry,similar,cuff,1
marry,similar,tie,1
marry,similar,wed,1
marry,synonym,tie,2
marry,synonym,wed,1
marshal,synonym,mobilise,
martial,similar,military,1
marvel,synonym,wonder,1
masculine,antonym,feminine,1
masculine,similar,male,2
mash,synonym,crush,3
mash,synonym,flirt,
mash,synonym,squash,3
mash,synonym,squeeze,3
mash,synonym,wolf,
mask,synonym,cloak,
mass,synonym,batch,2
mass,synonym,bulk,
mass,synonym,deal,2
mass,synonym,flock,2
mass,synonym,hat,2
mass,synonym,heap,2
mass,synonym,lot,2
mass,synonym,mess,2
mass,synonym,mint,2
mass,synonym,mountain,2
mass,synonym,multitude,
mass,synonym,pile,2
mass,synonym,plenty,2
mass,synonym,pot,2
mass,synonym,raft,2
mass,synonym,sight,2
mass,synonym,stack,2
mass,synonym,volume,
massacre,synonym,butcher,1
massacre,synonym,slaughter,1
massive,similar,big,1
massive,similar,large,1
massive,similar,solid,2
master,synonym,chief,
master,synonym,dominate,
master,synonym,lord,2
master,synonym,main,
master,synonym,overcome,
master,synonym,primary,
master,synonym,principal,
master,synonym,superior,3
mat,synonym,raft,
match,synonym,agree,
match,synonym,correspond,
match,synonym,couple,
match,synonym,equal,
match,synonym,equate,
match,synonym,peer,
match,synonym,peered,
match,synonym,rival,
match,synonym,tally,
mate,synonym,couple,
mate,synonym,partner,
mate,synonym,spouse,
mate,synonym,union,
material,synonym,cloth,3
material,synonym,fabric,3
material,synonym,stuff,1
material,synonym,substantial,
material,synonym,textile,3
materialize,synonym,happen,1
matter,synonym,affair,1
matter,synonym,count,
matter,synonym,issue,2
matter,synonym,subject,2
matter,synonym,thing,1
matter,synonym,topic,2
mature,similar,adult,3
mature,similar,big,3
mature,similar,prime,3
mature,similar,ripe,1
mature,synonym,ripe,
mature,synonym,young,
maximise,antonym,minimise,2
maximum,antonym,minimum,1
maximum,similar,supreme,1
maximum,synonym,soap,
maybe,synonym,perhaps,1
maze,synonym,snarl,2
maze,synonym,tangle,2
mean,similar,signify,3
mean,synonym,average,
mean,synonym,entail,2
mean,synonym,excellent,
mean,synonym,imply,2
mean,synonym,intend,1
mean,synonym,signify,3
mean,synonym,splendid,
meantime,synonym,interim,1
meantime,synonym,lag,1
meantime,synonym,meanwhile,1
meanwhile,synonym,interim,3
meanwhile,synonym,lag,3
meanwhile,synonym,meantime,2
measure,synonym,amount,
measure,synonym,appraise,
measure,synonym,assess,
measure,synonym,bill,
measure,synonym,criteria,
measure,synonym,evaluate,
measure,synonym,metre,
measure,synonym,quantify,2
measure,synonym,quantity,
measure,synonym,standard,
measure,synonym,step,
meat,synonym,centre,3
meat,synonym,core,3
meat,synonym,essence,3
meat,synonym,heart,3
meat,synonym,in,3
meat,synonym,substance,3
meat,synonym,sum,3
mechanic,synonym,machine,1
mechanic,synonym,mechanism,
mechanism,synonym,mechanic,2
medal,synonym,palm,1
medal,synonym,ribbon,1
median,similar,normal,2
median,synonym,average,2
mediate,antonym,immediate,3
mediate,similar,indirect,3
mediate,synonym,arbitrate,1
mediate,synonym,direct,
mediate,synonym,intermediate,1
medical,antonym,surgical,2
medication,synonym,medicine,1
medicine,synonym,medication,2
medieval,similar,past,3
medieval,synonym,gothic,2
meditate,synonym,contemplate,1
meditate,synonym,muse,1
meditate,synonym,ponder,1
meditate,synonym,reflect,1
meditate,synonym,speculate,1
meditate,synonym,study,2
medium,similar,moderate,1
medium,synonym,average,1
medium,synonym,intermediate,1
meet,similar,adjoin,3
meet,similar,assemble,1
meet,similar,contact,3
meet,similar,gather,1
meet,similar,touch,3
meet,synonym,adjoin,
meet,synonym,assemble,
meet,synonym,converge,3
meet,synonym,encounter,1
meet,synonym,fulfil,
meet,synonym,gather,
meet,synonym,satisfy,
meet,synonym,see,1
melancholy,similar,sad,1
melody,synonym,air,1
melody,synonym,line,1
melody,synonym,strain,1
melody,synonym,tune,1
melt,similar,bleed,1
melt,similar,run,1
melt,synonym,dissolve,2
melt,synonym,fade,
melt,synonym,run,1
member,synonym,penis,
memo,synonym,memorandum,1
memorandum,synonym,memo,1
memory,synonym,monument,
memory,synonym,retention,3
memory,synonym,store,
menace,synonym,peril,3
menace,synonym,threat,1
mend,synonym,doctor,1
mend,synonym,fix,1
mend,synonym,heal,2
mend,synonym,patch,3
mend,synonym,repair,1
mend,synonym,restore,1
mental,antonym,physical,1
mental,similar,intellectual,1
mental,similar,moral,1
mental,similar,psychic,1
mental,similar,rational,1
mention,synonym,advertise,1
mention,synonym,cite,1
mention,synonym,name,1
mention,synonym,note,2
mention,synonym,observe,2
mention,synonym,refer,1
mention,synonym,remark,2
menu,synonym,card,1
menu,synonym,fare,
merchandise,synonym,product,1
merchandise,synonym,trade,3
mere,similar,plain,2
mere,synonym,bare,2
mere,synonym,simple,2
merge,synonym,blend,2
merge,synonym,combine,2
merge,synonym,flux,2
merge,synonym,fuse,2
merge,synonym,mix,2
merge,synonym,unify,1
merge,synonym,unite,1
merit,synonym,deserve,3
merit,synonym,virtue,1
merry,synonym,alert,3
merry,synonym,brisk,3
merry,synonym,festive,2
merry,synonym,gay,1
merry,synonym,jolly,1
merry,synonym,lively,3
mesh,synonym,lock,
mesh,synonym,network,
mess,synonym,batch,
mess,synonym,fix,2
mess,synonym,flock,
mess,synonym,heap,
mess,synonym,hole,2
mess,synonym,jam,2
mess,synonym,lot,
mess,synonym,mass,
mess,synonym,mint,
mess,synonym,mountain,
mess,synonym,pickle,2
mess,synonym,pile,
mess,synonym,plenty,
mess,synonym,raft,
mess,synonym,stack,
message,synonym,content,2
message,synonym,substance,2
metaphysic,similar,theoretical,3
meticulous,similar,precise,1
metre,synonym,beat,2
metre,synonym,measure,2
metre,synonym,time,3
micro,similar,little,1
micro,similar,small,1
middle,antonym,early,
middle,antonym,end,2
middle,antonym,late,
middle,synonym,centre,1
middle,synonym,eye,1
middle,synonym,heart,1
midst,synonym,thick,1
might,synonym,power,1
mighty,synonym,right,2
mild,antonym,intense,1
mild,similar,gentle,1
mild,similar,humble,2
mild,similar,moderate,1
mild,similar,soft,1
mild,synonym,modest,2
mild,synonym,soft,3
militant,similar,aggressive,3
military,antonym,civilian,3
military,similar,martial,2
militia,synonym,reserve,1
mill,synonym,factory,1
mill,synonym,grind,3
million,similar,cardinal,3
million,synonym,billion,2
mince,synonym,moderate,1
mind,antonym,forget,
mind,synonym,beware,
mind,synonym,brain,1
mind,synonym,head,1
mind,synonym,heed,
mind,synonym,idea,
mind,synonym,intellect,
mind,synonym,judge,3
mind,synonym,listen,
mineral,similar,organic,3
mingle,synonym,blend,
mingle,synonym,mix,1
mingle,synonym,unify,1
miniature,similar,little,1
miniature,similar,small,1
miniature,synonym,toy,3
minimal,similar,nominal,1
minimal,similar,token,1
minimal,synonym,minimum,1
minimise,antonym,maximise,2
minimise,synonym,understate,1
minimum,antonym,maximum,1
minimum,similar,nominal,1
minimum,similar,token,1
minimum,synonym,minimal,1
minister,synonym,pastor,1
minor,antonym,major,1
minor,similar,peanut,1
minor,similar,significant,1
minor,synonym,child,
minor,synonym,kid,
minor,synonym,kidding,
minor,synonym,small,
mint,synonym,batch,1
mint,synonym,coin,
mint,synonym,deal,1
mint,synonym,flock,1
mint,synonym,hat,1
mint,synonym,heap,1
mint,synonym,lot,1
mint,synonym,mass,1
mint,synonym,mess,1
mint,synonym,mountain,1
mint,synonym,pile,1
mint,synonym,plenty,1
mint,synonym,pot,1
mint,synonym,raft,1
mint,synonym,sight,1
mint,synonym,stack,1
minus,antonym,plus,2
minus,similar,negative,2
minus,synonym,negative,3
minute,synonym,bit,2
minute,synonym,instant,3
minute,synonym,moment,2
minute,synonym,second,2
minute,synonym,seconds,2
miraculous,similar,fortunate,2
mischief,synonym,devil,1
miserable,similar,fortunate,2
miserable,similar,happy,1
miserable,synonym,low,3
miserable,synonym,pathetic,2
miserable,synonym,poor,2
misery,synonym,wretch,1
miss,antonym,attend,3
miss,antonym,have,
miss,antonym,hit,
miss,synonym,escape,
miss,synonym,girl,
miss,synonym,lack,
miss,synonym,lose,1
miss,synonym,neglect,
miss,synonym,omit,
miss,synonym,overlook,
missed,similar,incomprehensible,1
missed,synonym,absent,
mission,synonym,charge,3
mission,synonym,commission,3
mist,synonym,cloud,3
mist,synonym,fog,3
mist,synonym,obscure,3
mistake,synonym,err,
mistake,synonym,error,1
mistake,synonym,fault,1
mix,synonym,blend,1
mix,synonym,combine,1
mix,synonym,flux,1
mix,synonym,fuse,1
mix,synonym,integrate,2
mix,synonym,merge,1
mix,synonym,mingle,
mix,synonym,shuffle,
mix,synonym,unify,
mixture,synonym,variety,3
moan,synonym,groan,1
mob,synonym,family,2
mob,synonym,gang,3
mob,synonym,pack,3
mob,synonym,ring,3
mob,synonym,syndicate,2
mobile,similar,versatile,2
mobilise,synonym,marshal,3
mobilise,synonym,rally,1
mobilise,synonym,summon,3
mode,synonym,fashion,1
mode,synonym,manner,1
mode,synonym,mood,
mode,synonym,style,1
mode,synonym,way,1
model,synonym,example,
model,synonym,exemplar,
model,synonym,framework,1
model,synonym,moulding,
model,synonym,pose,
model,synonym,simulate,
moderate,similar,average,1
moderate,similar,cautious,1
moderate,similar,conservative,1
moderate,similar,fair,1
moderate,similar,indifferent,1
moderate,similar,intermediate,1
moderate,similar,medium,1
moderate,similar,mild,2
moderate,similar,minimal,1
moderate,similar,modest,1
moderate,similar,small,1
moderate,synonym,chaired,
moderate,synonym,contain,
moderate,synonym,mince,
moderate,synonym,tame,
modern,similar,contemporary,1
modern,synonym,innovative,
modest,similar,moderate,2
modest,synonym,humble,
modest,synonym,mild,
modest,synonym,small,2
modify,synonym,alter,3
modify,synonym,change,3
modify,synonym,qualify,2
module,synonym,faculty,1
moist,similar,wet,1
moist,synonym,damp,1
moisture,synonym,wet,1
mole,synonym,spy,3
molecule,synonym,atom,2
molecule,synonym,particle,2
moment,synonym,bit,2
moment,synonym,consequence,
moment,synonym,instant,1
moment,synonym,minute,1
moment,synonym,second,1
moment,synonym,seconds,2
momentum,synonym,impulse,1
monarch,synonym,sovereign,1
monitor,synonym,supervise,
monkey,synonym,fiddle,3
monster,synonym,demon,
monster,synonym,freak,3
monster,synonym,giant,2
monument,synonym,memory,1
mood,synonym,climate,2
mood,synonym,humour,1
mood,synonym,mode,3
mood,synonym,temper,1
mop,synonym,mow,3
moral,antonym,immoral,1
moral,similar,clean,1
moral,similar,mental,2
moral,synonym,lesson,3
more,antonym,few,2
more,antonym,less,1
moreover,synonym,furthermore,1
morning,synonym,dawn,3
morning,synonym,noon,1
mortal,synonym,dead,2
mortal,synonym,individual,
mortal,synonym,person,
mortal,synonym,soul,
most,antonym,few,1
most,antonym,least,2
most,synonym,almost,
most,synonym,very,
mother,antonym,father,1
motif,synonym,motive,1
motif,synonym,theme,3
motion,synonym,gesture,1
motion,synonym,move,3
motive,synonym,incentive,
motive,synonym,motif,2
motive,synonym,need,1
motor,similar,drive,3
motor,similar,take,3
motor,synonym,drive,3
mould,synonym,cast,2
mould,synonym,determine,
mould,synonym,moulding,
mould,synonym,regulate,
mould,synonym,stamp,2
moulding,synonym,border,2
moulding,synonym,model,3
moulding,synonym,mould,3
mound,synonym,heap,3
mound,synonym,hill,1
mound,synonym,pile,3
mount,synonym,climb,2
mount,synonym,mountain,
mount,synonym,rise,2
mount,synonym,wax,2
mountain,synonym,batch,2
mountain,synonym,deal,2
mountain,synonym,flock,2
mountain,synonym,hat,2
mountain,synonym,heap,2
mountain,synonym,lot,2
mountain,synonym,mass,2
mountain,synonym,mess,2
mountain,synonym,mint,2
mountain,synonym,mount,1
mountain,synonym,pile,2
mountain,synonym,plenty,2
mountain,synonym,pot,2
mountain,synonym,raft,2
mountain,synonym,sight,2
mountain,synonym,stack,2
mouse,synonym,creep,
mouse,synonym,sneak,
mouth,synonym,lip,
mouth,synonym,speak,
mouth,synonym,talk,
move,antonym,stay,
move,similar,displace,1
move,similar,go,2
move,similar,travel,2
move,synonym,act,
move,synonym,displace,2
move,synonym,go,1
move,synonym,impress,
move,synonym,motion,
move,synonym,proceed,
move,synonym,prompt,
move,synonym,propel,
move,synonym,strike,
move,synonym,travel,1
movie,synonym,film,1
movie,synonym,flick,1
movie,synonym,picture,1
mow,synonym,mop,2
ms,synonym,manuscript,1
much,antonym,little,2
much,similar,such,2
much,synonym,often,
mud,synonym,clay,1
muffle,synonym,damp,2
muffle,synonym,dull,2
muffle,synonym,mute,2
muffle,synonym,repress,1
muffle,synonym,stifle,1
muffle,synonym,strangle,1
mug,synonym,fool,2
mug,synonym,kiss,3
mug,synonym,mark,2
multinational,similar,international,1
multiple,antonym,single,1
multiple,similar,aggregate,1
multiple,similar,binary,1
multiple,similar,double,1
multiple,similar,dual,1
multiple,similar,triple,1
multiple,similar,twofold,1
multiply,antonym,divide,1
multiply,synonym,reproduce,
multitude,synonym,battalion,1
multitude,synonym,mass,3
multitude,synonym,pack,1
multitude,synonym,people,3
multitude,synonym,plural,1
mum,synonym,mama,2
mum,synonym,silent,
mumble,synonym,gum,2
mumble,synonym,mutter,1
mundane,similar,ordinary,1
mundane,similar,secular,2
mundane,similar,temporal,2
mundane,synonym,every,1
mundane,synonym,routine,1
municipal,similar,domestic,2
murder,synonym,despatch,2
murder,synonym,hit,2
murder,synonym,off,2
murder,synonym,remove,2
murder,synonym,slay,2
murmur,synonym,grumble,
murmur,synonym,mutter,1
muse,synonym,contemplate,2
muse,synonym,meditate,2
muse,synonym,ponder,2
muse,synonym,reflect,2
muse,synonym,speculate,2
muster,synonym,rally,1
muster,synonym,summon,1
mute,synonym,damp,
mute,synonym,dull,
mute,synonym,dumb,2
mute,synonym,muffle,
mute,synonym,silence,
mute,synonym,silent,1
mutter,synonym,grumble,2
mutter,synonym,mumble,1
mutter,synonym,murmur,2
mutual,similar,bilateral,2
mutual,synonym,common,1
mutual,synonym,reciprocal,2
myriad,synonym,infinite,3
mystery,synonym,secret,1
mystic,synonym,secret,1
nail,synonym,apprehend,
nail,synonym,arrest,
nail,synonym,cop,
nail,synonym,pinpoint,
nail,synonym,smash,
naive,antonym,sophisticated,1
naive,similar,green,1
naive,similar,innocent,1
naive,similar,simple,1
naive,similar,sophisticated,1
naive,synonym,primitive,2
naked,synonym,bare,1
naked,synonym,nude,1
name,synonym,appoint,
name,synonym,call,
name,synonym,cite,
name,synonym,constitute,
name,synonym,diagnose,
name,synonym,identify,
name,synonym,list,
name,synonym,mention,
name,synonym,nominate,
name,synonym,refer,
nanny,synonym,nurse,1
nap,synonym,pile,3
nap,synonym,sleep,1
narrate,synonym,count,2
narrate,synonym,recite,2
narrate,synonym,tell,2
narrow,antonym,wide,1
narrow,similar,liberal,3
narrow,similar,petty,3
narrow,similar,slender,1
narrow,similar,strait,1
narrow,similar,thin,1
narrow,similar,tolerant,3
nasty,antonym,nice,1
nasty,similar,difficult,2
nasty,similar,dirty,1
nasty,similar,hard,2
nasty,similar,mean,1
nasty,synonym,awful,1
nasty,synonym,foul,3
nasty,synonym,tight,2
nation,synonym,commonwealth,1
nation,synonym,country,1
nation,synonym,land,1
nation,synonym,patriot,
nation,synonym,state,1
native,antonym,foreign,1
native,similar,domestic,1
native,similar,indigenous,1
nature,synonym,innocence,
naughty,similar,bad,2
naughty,synonym,blue,1
navigate,synonym,pilot,2
navigate,synonym,sail,1
navigate,synonym,voyage,1
near,antonym,far,2
near,similar,adjacent,2
near,similar,approach,1
near,similar,hot,2
near,similar,left,3
near,similar,warm,2
near,synonym,almost,
near,synonym,approach,1
near,synonym,close,2
near,synonym,dear,
neat,similar,tidy,1
neat,synonym,clean,3
neat,synonym,keen,
neat,synonym,swell,
necessary,similar,essential,1
necessary,similar,incumbent,1
necessary,similar,indispensable,1
necessary,similar,inevitable,2
necessary,similar,requisite,1
necessary,synonym,essential,3
necessary,synonym,necessity,3
necessary,synonym,requisite,3
necessitate,similar,claim,1
necessitate,similar,exact,1
necessitate,similar,take,1
necessitate,synonym,ask,1
necessitate,synonym,demand,1
necessitate,synonym,involve,1
necessitate,synonym,need,1
necessitate,synonym,require,1
necessitate,synonym,take,1
necessity,synonym,essential,2
necessity,synonym,necessary,2
necessity,synonym,requisite,2
need,similar,claim,1
need,similar,exact,1
need,similar,take,1
need,synonym,ask,1
need,synonym,demand,1
need,synonym,involve,1
need,synonym,motive,
need,synonym,necessitate,1
need,synonym,require,1
need,synonym,take,1
need,synonym,want,2
negative,antonym,neutral,1
negative,antonym,positive,1
negative,similar,bad,3
negative,similar,counter,1
negative,similar,dissident,2
negative,similar,perverse,1
negative,synonym,minus,
negative,synonym,veto,
neglect,synonym,disregard,
neglect,synonym,drop,1
neglect,synonym,fail,2
neglect,synonym,miss,1
neglect,synonym,omit,1
neglect,synonym,overlook,1
negligent,antonym,diligent,1
negligent,similar,attentive,1
negligent,similar,delinquent,1
negligent,similar,slack,1
neighbour,synonym,locality,
neighbour,synonym,vicinity,
neither,similar,complete,1
nephew,antonym,niece,1
nerve,synonym,brass,3
nerve,synonym,cheek,3
nerve,synonym,face,3
nerve,synonym,heart,2
nervous,similar,tense,1
nervous,synonym,anxious,2
net,antonym,gross,
net,synonym,final,
net,synonym,internet,1
net,synonym,network,
net,synonym,profit,3
net,synonym,sack,
nets,antonym,gross,
nets,synonym,internet,1
nets,synonym,profit,3
network,synonym,mesh,3
network,synonym,net,3
network,synonym,web,1
neutral,antonym,negative,
neutral,antonym,positive,
neutral,similar,objective,1
neutral,synonym,indifferent,2
never,antonym,ever,1
nevertheless,synonym,however,1
nevertheless,synonym,nonetheless,1
nevertheless,synonym,notwithstanding,1
nevertheless,synonym,still,1
nevertheless,synonym,yet,1
new,antonym,old,1
new,similar,fresh,1
new,similar,hot,1
new,similar,novel,1
new,similar,original,3
new,similar,radical,1
new,similar,recent,1
new,similar,virgin,1
new,similar,young,1
new,synonym,fresh,3
new,synonym,novel,3
new,synonym,young,
news,synonym,intelligence,1
news,synonym,word,1
newspaper,synonym,paper,1
next,similar,close,2
next,synonym,adjacent,2
next,synonym,future,3
nice,antonym,nasty,1
nice,similar,good,1
nice,similar,pleasant,1
nice,similar,precise,3
nice,synonym,decent,2
nice,synonym,gracious,
niche,synonym,corner,2
niche,synonym,recess,2
niche,synonym,recession,2
nickname,synonym,dub,3
niece,antonym,nephew,1
night,antonym,day,1
night,synonym,dark,1
nightclub,synonym,club,1
nine,synonym,club,2
no,antonym,all,2
no,antonym,some,2
no,antonym,yes,1
no,similar,none,2
no,similar,zero,2
no,synonym,jazz,
no,synonym,void,
no,synonym,zero,
no,synonym,zip,
noble,similar,august,2
noble,similar,blue,2
noble,similar,gentle,2
noble,similar,grand,2
noble,similar,imperial,2
noble,similar,purple,2
noble,similar,rare,3
noble,similar,royal,2
noble,synonym,lord,
node,synonym,client,
node,synonym,guest,
node,synonym,knob,2
noise,synonym,racket,2
nominal,antonym,real,
nominal,similar,minimal,2
nominal,similar,minimum,2
nominal,synonym,token,2
nominate,synonym,appoint,
nominate,synonym,constitute,
nominate,synonym,make,3
nominate,synonym,name,3
nominate,synonym,propose,2
nominee,synonym,campaign,1
nominee,synonym,candidate,1
none,similar,no,3
nonetheless,synonym,however,1
nonetheless,synonym,nevertheless,1
nonetheless,synonym,notwithstanding,1
nonetheless,synonym,still,1
nonetheless,synonym,yet,1
nonsense,synonym,absurd,
nonsense,synonym,ridiculous,
noon,synonym,day,1
noon,synonym,morning,
norm,synonym,average,2
normal,antonym,abnormal,1
normal,similar,average,1
normal,similar,mean,1
normal,similar,median,1
normal,similar,regular,1
normal,similar,typical,1
normal,synonym,convention,
normal,synonym,rule,
north,antonym,south,
northern,antonym,southern,1
northern,similar,blue,1
northern,similar,north,2
nose,synonym,intrude,
nose,synonym,poke,
nose,synonym,wind,
notch,synonym,pass,2
note,synonym,bill,
note,synonym,line,2
note,synonym,mention,
note,synonym,notice,
note,synonym,observe,
note,synonym,remark,
note,synonym,tone,3
notice,antonym,ignore,2
notice,similar,discover,1
notice,similar,find,1
notice,synonym,acknowledge,
notice,synonym,comment,3
notice,synonym,detect,1
notice,synonym,discover,1
notice,synonym,find,1
notice,synonym,mark,2
notice,synonym,note,2
notice,synonym,observe,1
notice,synonym,poster,
notice,synonym,remark,3
notify,synonym,advise,1
notion,synonym,belief,1
notion,synonym,impression,1
notion,synonym,opinion,1
notwithstanding,synonym,however,1
notwithstanding,synonym,nevertheless,1
notwithstanding,synonym,nonetheless,1
notwithstanding,synonym,still,1
notwithstanding,synonym,yet,1
nought,synonym,zero,1
nought,synonym,zip,
nourish,synonym,nurture,1
nourish,synonym,sustain,1
novel,similar,original,3
novel,synonym,fresh,3
novel,synonym,new,3
novice,synonym,initiate,2
now,synonym,nowadays,2
now,synonym,today,2
nowadays,synonym,now,1
nowadays,synonym,present,2
nowadays,synonym,today,1
nucleus,synonym,core,3
nude,synonym,bare,1
nude,synonym,naked,1
nudge,synonym,jog,1
nudge,synonym,prod,2
nuisance,synonym,bother,2
nuisance,synonym,pain,2
numb,similar,afraid,3
numb,similar,sensitive,2
numb,synonym,asleep,1
numb,synonym,dead,2
number,synonym,act,3
number,synonym,bit,3
number,synonym,count,
number,synonym,figure,1
number,synonym,issue,
number,synonym,routine,3
number,synonym,turn,3
numeric,antonym,verbal,
numerous,similar,many,1
numerous,synonym,legion,1
nurse,synonym,bear,
nurse,synonym,entertain,
nurse,synonym,harbor,
nurse,synonym,nanny,2
nurture,synonym,foster,1
nurture,synonym,nourish,3
nurture,synonym,parent,2
nurture,synonym,raise,2
nurture,synonym,rear,2
nurture,synonym,sustain,3
nut,synonym,addict,
nut,synonym,egg,
nut,synonym,freak,
nutrient,synonym,food,1
oath,synonym,curse,1
obese,similar,fat,1
object,synonym,aim,2
object,synonym,objective,2
object,synonym,target,2
objected,synonym,dissent,
objected,synonym,dissident,
objected,synonym,protest,
objective,antonym,subjective,3
objective,similar,neutral,3
objective,synonym,aim,1
objective,synonym,object,1
objective,synonym,target,1
oblige,synonym,accommodate,3
oblige,synonym,bind,2
oblige,synonym,compel,1
oblige,synonym,hold,2
obscene,similar,decent,1
obscene,similar,dirty,3
obscure,similar,clear,1
obscure,similar,incomprehensible,2
obscure,synonym,dark,2
obscure,synonym,mist,
obscure,synonym,vague,1
obscure,synonym,veil,
observe,similar,discover,1
observe,similar,find,1
observe,synonym,celebrate,
observe,synonym,detect,1
observe,synonym,discover,1
observe,synonym,find,1
observe,synonym,mention,2
observe,synonym,note,2
observe,synonym,notice,1
observe,synonym,remark,2
observe,synonym,watch,
obsess,synonym,ghost,1
obsess,synonym,haunt,1
obstruct,antonym,free,2
obstruct,similar,bar,3
obstruct,similar,block,3
obstruct,similar,blockade,3
obstruct,similar,stop,3
obstruct,synonym,block,1
obstruct,synonym,blockade,1
obstruct,synonym,embarrass,1
obstruct,synonym,hinder,1
obstruct,synonym,impede,2
obstruct,synonym,jam,2
obtain,similar,acquire,2
obtain,similar,get,2
obtain,synonym,find,2
obtain,synonym,get,2
obtain,synonym,hold,3
obtain,synonym,incur,2
obtain,synonym,prevail,3
obtain,synonym,receive,2
obvious,similar,apparent,1
obvious,similar,evident,1
obvious,similar,manifest,1
obvious,similar,patent,1
obvious,similar,plain,1
obvious,similar,transparent,1
occasion,synonym,affair,2
occasion,synonym,function,2
occasion,synonym,ground,3
occasion,synonym,reason,3
occupation,synonym,business,1
occupation,synonym,job,1
occupation,synonym,line,1
occupy,synonym,busy,1
occupy,synonym,engage,
occupy,synonym,fill,3
occupy,synonym,invade,
occupy,synonym,reside,2
occupy,synonym,take,
occur,synonym,come,2
occur,synonym,happen,1
occur,synonym,pass,1
ocean,synonym,sea,2
odd,antonym,even,1
odd,similar,exact,3
odd,similar,usual,2
odd,synonym,curious,
odd,synonym,left,
odd,synonym,peculiar,
odd,synonym,singular,
odour,synonym,aroma,2
odour,synonym,scent,2
odour,synonym,smell,1
off,antonym,on,
off,synonym,away,1
off,synonym,forth,1
off,synonym,murder,
off,synonym,slay,
offence,antonym,defence,2
offend,synonym,appal,3
offend,synonym,breach,2
offend,synonym,break,2
offend,synonym,bruise,
offend,synonym,injure,
offend,synonym,outrage,3
offend,synonym,shock,3
offend,synonym,spite,
offend,synonym,violate,2
offer,synonym,fling,
offer,synonym,furnish,1
offer,synonym,provide,1
offer,synonym,render,1
offer,synonym,supply,1
offer,synonym,volunteer,3
offer,synonym,whirl,
office,synonym,agency,2
office,synonym,authority,2
office,synonym,bureau,2
office,synonym,function,3
office,synonym,part,3
office,synonym,post,
office,synonym,role,3
official,similar,formal,1
offset,synonym,cancel,2
offset,synonym,first,
offset,synonym,outset,
offspring,synonym,issue,1
offspring,synonym,young,3
often,synonym,much,2
oil,synonym,crude,3
oil,synonym,petroleum,3
oil,synonym,tanker,
ok,similar,satisfactory,1
ok,synonym,cool,1
ok,synonym,fine,1
old,antonym,new,2
old,antonym,young,1
old,similar,ancient,1
old,similar,antique,2
old,similar,dark,1
old,similar,elder,1
old,similar,familiar,3
old,similar,grey,1
old,similar,senior,1
old,similar,yellow,2
old,synonym,elder,
old,synonym,former,
old,synonym,keen,
old,synonym,previous,
old,synonym,senior,
old,synonym,swell,
ominous,synonym,ill,2
ominous,synonym,sinister,1
omission,synonym,skip,1
omit,synonym,drop,2
omit,synonym,except,1
omit,synonym,exclude,1
omit,synonym,miss,2
omit,synonym,neglect,2
omit,synonym,overlook,2
on,antonym,off,1
on,synonym,along,3
one,similar,cardinal,3
one,synonym,ace,1
one,synonym,i,3
one,synonym,single,1
one,synonym,unity,1
ongoing,similar,current,1
only,similar,exclusive,2
only,similar,single,1
only,synonym,alone,2
only,synonym,but,3
only,synonym,just,3
only,synonym,lone,1
only,synonym,sole,1
only,synonym,solitary,1
onset,synonym,attack,2
onwards,synonym,ahead,1
onwards,synonym,forth,
onwards,synonym,forward,1
open,antonym,close,
open,antonym,closed,2
open,antonym,shut,1
open,synonym,capable,
open,synonym,clear,
open,synonym,overt,
open,synonym,receptive,
operate,similar,control,3
operate,similar,master,3
operate,similar,run,2
operate,similar,work,2
operate,synonym,control,3
operate,synonym,function,2
operate,synonym,go,2
operate,synonym,lock,
operate,synonym,run,1
operate,synonym,work,2
opinion,synonym,belief,
opinion,synonym,impression,
opinion,synonym,notion,
opinion,synonym,persuasion,1
opinion,synonym,sentiment,1
opinion,synonym,view,1
opponent,similar,hostile,3
opponent,synonym,adversary,2
opponent,synonym,opposite,1
opportune,similar,good,1
opportune,similar,right,1
opportune,similar,ripe,1
opportunity,synonym,chance,1
oppose,synonym,contradict,
oppose,synonym,defend,2
oppose,synonym,fight,2
oppose,synonym,react,
opposite,antonym,alternate,2
opposite,similar,other,1
opposite,synonym,opponent,
opposite,synonym,polar,
oppress,synonym,crush,1
oppress,synonym,persecute,2
oppress,synonym,suppress,1
opt,synonym,choose,1
opt,synonym,prefer,1
optic,synonym,eye,3
optic,synonym,visual,2
optimal,similar,best,1
option,synonym,alternative,2
option,synonym,choice,2
option,synonym,pick,3
oracle,synonym,prophet,1
orbit,synonym,area,2
orbit,synonym,arena,2
orbit,synonym,compass,3
orbit,synonym,domain,2
orbit,synonym,field,2
orbit,synonym,range,3
orbit,synonym,reach,3
orbit,synonym,revolve,
orbit,synonym,scope,3
orbit,synonym,sphere,2
orchard,synonym,grove,1
orchard,synonym,plantation,1
order,antonym,disorder,3
order,synonym,club,
order,synonym,decree,
order,synonym,dictate,
order,synonym,govern,
order,synonym,guild,
order,synonym,lodge,
order,synonym,prescribe,
order,synonym,regulate,
order,synonym,society,
ordinary,antonym,extraordinary,1
ordinary,similar,average,1
ordinary,similar,common,1
ordinary,similar,commonplace,1
ordinary,similar,every,1
ordinary,similar,fair,1
ordinary,similar,indifferent,1
ordinary,similar,mundane,1
ordinary,similar,routine,1
ordinary,synonym,average,2
organize,synonym,coordinate,
organize,synonym,devise,
organize,synonym,direct,3
organize,synonym,engineer,3
organize,synonym,form,1
orient,synonym,point,2
orient,synonym,tailor,
oriented,similar,directed,1
oriented,similar,familiar,1
origin,synonym,descent,2
origin,synonym,extract,2
origin,synonym,lineage,
origin,synonym,root,1
origin,synonym,source,1
original,similar,first,1
original,similar,fresh,3
original,similar,innovative,3
original,similar,new,3
original,similar,novel,3
original,similar,primary,2
originate,similar,develop,1
originate,synonym,arise,1
originate,synonym,develop,1
originate,synonym,grow,1
originate,synonym,initiate,2
originate,synonym,rise,1
originate,synonym,start,2
ornament,similar,adorn,3
ornament,similar,decorate,3
ornament,similar,grace,3
ornament,synonym,adorn,2
ornament,synonym,decorate,2
ornament,synonym,grace,2
oscillate,synonym,hover,1
oscillate,synonym,vibrate,1
ostensible,similar,superficial,1
ostensible,synonym,apparent,1
other,antonym,same,1
other,similar,another,1
other,similar,different,1
other,similar,new,1
other,similar,opposite,1
other,similar,otherwise,1
other,similar,past,2
other,synonym,early,3
other,synonym,former,3
otherwise,similar,other,3
oust,synonym,expel,1
out,antonym,inside,
out,antonym,safe,
out,synonym,away,3
out,synonym,extinct,
outcome,synonym,consequence,2
outcome,synonym,effect,2
outcome,synonym,event,2
outcome,synonym,issue,2
outcome,synonym,result,1
outfit,synonym,kit,3
outfit,synonym,rig,2
outing,synonym,excursion,1
outing,synonym,expedition,1
outing,synonym,picnic,2
outlaw,similar,legal,3
outlaw,synonym,criminal,1
outlaw,synonym,crook,1
outlaw,synonym,legitimate,3
outlet,synonym,exit,3
outlet,synonym,issue,3
outline,synonym,abstract,2
outline,synonym,scheme,3
outlook,synonym,prospect,2
output,synonym,yield,2
outrage,synonym,appal,
outrage,synonym,offend,
outrage,synonym,scandal,3
outset,synonym,first,1
outset,synonym,offset,1
outset,synonym,start,1
oval,similar,round,1
over,synonym,complete,2
over,synonym,too,
overall,similar,general,1
overall,similar,gross,2
overcome,synonym,defeat,1
overcome,synonym,master,2
overcome,synonym,overtake,3
overcome,synonym,overwhelm,3
overcome,synonym,subdue,2
overhaul,synonym,overtake,3
overhaul,synonym,pass,3
overhaul,synonym,service,1
overhead,antonym,surface,
overhear,similar,catch,1
overhear,similar,get,1
overhear,synonym,catch,1
overlap,synonym,lap,3
overlook,synonym,drop,3
overlook,synonym,miss,3
overlook,synonym,neglect,3
overlook,synonym,omit,3
overnight,similar,long,3
override,synonym,overthrow,3
override,synonym,reverse,3
overseas,similar,foreign,3
overseas,synonym,abroad,2
oversee,synonym,manage,1
oversee,synonym,supervise,1
overt,antonym,covert,1
overt,similar,bald,1
overt,similar,naked,1
overt,similar,raw,1
overt,similar,visible,1
overt,synonym,open,1
overtake,similar,catch,1
overtake,similar,make,1
overtake,synonym,catch,1
overtake,synonym,overcome,3
overtake,synonym,overhaul,2
overtake,synonym,overwhelm,3
overtake,synonym,pass,2
overthrow,synonym,override,2
overthrow,synonym,reverse,2
overthrow,synonym,subvert,1
overweight,similar,fat,1
overweight,synonym,heavy,1
overweight,synonym,stout,2
overwhelm,synonym,drown,3
overwhelm,synonym,overcome,1
overwhelm,synonym,overtake,1
overwhelm,synonym,submerge,3
own,similar,feature,2
own,similar,have,2
own,synonym,have,2
own,synonym,possess,2
pa,synonym,dad,1
pa,synonym,papa,1
pa,synonym,pop,1
pace,synonym,rate,3
pace,synonym,step,2
pace,synonym,stride,2
pace,synonym,yard,
pace,synonym,yards,
pack,similar,compact,3
pack,synonym,battalion,
pack,synonym,bundle,3
pack,synonym,carry,
pack,synonym,compact,3
pack,synonym,gang,
pack,synonym,mob,
pack,synonym,multitude,
packet,synonym,bundle,1
packet,synonym,parcel,1
pact,synonym,accord,1
pact,synonym,treaty,1
pad,synonym,bolster,
pad,synonym,embroider,
pad,synonym,tablet,1
paddle,synonym,toddle,
pagan,similar,religious,1
pagan,synonym,ethnic,1
pain,antonym,pleasure,2
pain,synonym,ail,
pain,synonym,hurt,
pain,synonym,nuisance,
paint,synonym,blush,
paint,synonym,pigment,
paint,synonym,rouge,
pair,synonym,brace,1
pair,synonym,couple,2
pair,synonym,span,2
pair,synonym,union,
pal,synonym,buddy,1
palace,synonym,castle,1
pale,similar,light,1
pale,similar,weak,2
pale,synonym,sick,2
pale,synonym,wan,2
palm,synonym,medal,
palm,synonym,ribbon,
pamphlet,synonym,book,1
pamphlet,synonym,brochure,1
pamphlet,synonym,folder,1
pamphlet,synonym,leaflet,1
pamphlet,synonym,tract,2
panel,synonym,jury,2
panic,synonym,scare,2
panic,synonym,terror,1
pant,synonym,gasp,3
pant,synonym,trousers,2
pants,synonym,bloom,1
pants,synonym,drawer,1
papa,synonym,dad,1
papa,synonym,pa,1
papa,synonym,pop,1
paper,synonym,document,
paper,synonym,newspaper,3
paper,synonym,report,2
paper,synonym,theme,2
par,synonym,equal,2
par,synonym,equation,2
parachute,synonym,jump,2
paradigm,synonym,image,2
paradigm,synonym,prototype,2
paradise,synonym,heaven,1
parallel,synonym,duplicate,
parallel,synonym,latitude,
parallel,synonym,twin,
parallel,synonym,unique,
paramount,similar,dominant,1
paramount,synonym,predominant,1
parasite,antonym,host,1
parasite,synonym,sponge,2
parcel,synonym,bundle,
parcel,synonym,packet,
parcel,synonym,portion,2
parcel,synonym,share,2
parcel,synonym,tract,3
pardon,synonym,amnesty,2
parent,antonym,child,1
parent,synonym,lineage,
parent,synonym,nurture,3
parent,synonym,raise,3
parent,synonym,rear,3
park,synonym,common,2
park,synonym,green,2
parliament,synonym,seven,2
part,synonym,component,1
part,synonym,depart,
part,synonym,division,
part,synonym,farewell,
part,synonym,function,
part,synonym,office,
part,synonym,piece,3
part,synonym,portion,1
part,synonym,region,
part,synonym,role,
part,synonym,split,
part,synonym,start,
partiality,synonym,fancy,1
partiality,synonym,partisan,2
participate,synonym,enter,2
particle,synonym,atom,1
particle,synonym,molecule,1
particular,antonym,general,
particular,antonym,generals,
particular,antonym,universe,
particular,similar,common,3
particular,similar,specific,1
particular,synonym,detail,
particular,synonym,item,
particular,synonym,peculiar,1
particular,synonym,special,1
partisan,synonym,partiality,
partner,synonym,mate,1
partner,synonym,spouse,1
party,synonym,company,3
pass,antonym,fail,
pass,synonym,authorise,
pass,synonym,communicate,
pass,synonym,die,
pass,synonym,exceed,
pass,synonym,expire,
pass,synonym,extend,
pass,synonym,fade,
pass,synonym,fling,
pass,synonym,happen,
pass,synonym,legislate,3
pass,synonym,notch,
pass,synonym,occur,
pass,synonym,overhaul,
pass,synonym,overtake,
pass,synonym,passport,
pass,synonym,perish,
pass,synonym,run,
pass,synonym,sink,
pass,synonym,spend,
pass,synonym,strait,
pass,synonym,surpass,2
pass,synonym,transcend,
pass,synonym,whirl,
passage,synonym,transit,
passage,synonym,transition,1
passion,synonym,heat,2
passion,synonym,love,
passion,synonym,rage,3
passive,antonym,active,1
passive,similar,violent,2
passive,synonym,active,1
passport,synonym,pass,1
past,antonym,future,1
past,antonym,present,1
past,antonym,presented,
past,similar,ago,1
past,similar,ancient,1
past,similar,early,1
past,similar,former,1
past,similar,last,1
past,similar,late,1
past,similar,medieval,1
past,similar,old,1
past,similar,other,1
past,similar,previous,1
past,similar,recent,1
past,similar,some,1
past,similar,then,1
past,synonym,by,
paste,synonym,glue,
pastel,similar,delicate,1
pastel,similar,light,2
pastor,synonym,minister,1
pastoral,similar,rural,3
pasture,similar,browse,3
pasture,similar,crop,3
pasture,similar,graze,3
pasture,similar,range,3
pasture,synonym,crop,3
pasture,synonym,grass,2
pasture,synonym,graze,3
pat,synonym,chuck,3
pat,synonym,rap,1
pat,synonym,tap,1
patch,synonym,bandage,
patch,synonym,mend,
patch,synonym,plot,2
patch,synonym,spot,1
patch,synonym,while,
patent,synonym,apparent,
patent,synonym,evident,
patent,synonym,plain,
path,synonym,route,3
path,synonym,track,
path,synonym,way,1
pathetic,similar,fortunate,1
pathetic,synonym,miserable,1
pathetic,synonym,poor,1
pathetic,synonym,ridiculous,3
pathetic,synonym,silly,3
patient,antonym,impatient,3
patient,similar,diligent,3
patient,similar,tolerant,3
patients,antonym,impatient,3
patients,similar,diligent,3
patients,similar,tolerant,3
patio,synonym,terrace,1
patriot,synonym,nation,1
patrol,synonym,police,
patron,synonym,sponsor,3
patronage,synonym,back,1
patronage,synonym,business,2
patronage,synonym,champion,1
patronage,synonym,disdain,3
patronage,synonym,trade,
pattern,synonym,blueprint,
pattern,synonym,convention,
pattern,synonym,design,3
pattern,synonym,figure,3
pattern,synonym,form,1
pattern,synonym,rule,
pattern,synonym,shape,1
pause,synonym,break,2
pause,synonym,hesitate,1
paw,synonym,hand,2
pay,synonym,devote,
pay,synonym,give,2
pay,synonym,salary,
pay,synonym,wage,
peace,antonym,war,1
peach,synonym,beauty,2
peach,synonym,dish,2
peak,synonym,bloom,2
peak,synonym,blossom,2
peak,synonym,crest,
peak,synonym,flower,2
peak,synonym,flush,2
peak,synonym,height,3
peak,synonym,prime,2
peak,synonym,summit,3
peak,synonym,top,3
pearl,synonym,bead,3
pearl,synonym,bone,2
pearl,synonym,drop,3
pearl,synonym,ivory,2
peasant,synonym,province,1
peculiar,similar,specific,2
peculiar,similar,strange,1
peculiar,similar,usual,1
peculiar,synonym,curious,1
peculiar,synonym,odd,1
peculiar,synonym,particular,2
peculiar,synonym,singular,1
peculiar,synonym,special,2
pedal,synonym,bicycle,3
pedal,synonym,bike,3
pedal,synonym,cycle,3
pedal,synonym,wheel,3
pedestrian,synonym,foot,1
peel,similar,strip,3
peel,synonym,flake,2
peel,synonym,skin,1
peel,synonym,strip,3
peer,synonym,equal,1
peer,synonym,match,1
peered,synonym,equal,2
peered,synonym,match,2
peg,synonym,pin,2
peg,synonym,stick,3
pen,synonym,compose,
pen,synonym,write,
penalty,antonym,reward,3
penetrate,synonym,bottom,2
penetrate,synonym,click,3
penetrate,synonym,dawn,3
penetrate,synonym,diffuse,
penetrate,synonym,infiltrate,
penis,synonym,member,1
penny,synonym,cent,2
people,synonym,citizen,2
people,synonym,multitude,
perceive,synonym,comprehend,1
perch,synonym,pole,2
perch,synonym,rod,2
perennial,antonym,annual,1
perennial,similar,long,2
perfect,similar,clean,1
perfect,similar,clear,1
perfect,similar,cold,1
perfect,similar,complete,1
perfect,similar,down,1
perfect,similar,exact,3
perfect,similar,ideal,1
perfect,similar,mint,1
perfect,synonym,complete,2
perfect,synonym,frail,
perfect,synonym,gross,2
perfect,synonym,pure,2
perfect,synonym,stark,2
perfect,synonym,thorough,2
perfect,synonym,utter,2
perform,synonym,do,1
perform,synonym,execute,1
perfume,synonym,aroma,1
perfume,synonym,essence,2
perfume,synonym,scent,1
perhaps,synonym,maybe,1
peril,synonym,danger,1
peril,synonym,hazard,1
peril,synonym,jeopardy,1
peril,synonym,menace,
peril,synonym,risk,1
perimeter,synonym,border,1
perimeter,synonym,margin,1
periphery,synonym,fringe,1
perish,similar,break,1
perish,similar,die,1
perish,similar,fail,1
perish,similar,go,1
perish,synonym,choke,1
perish,synonym,die,1
perish,synonym,exit,1
perish,synonym,expire,1
perish,synonym,go,1
perish,synonym,pass,1
permanent,similar,eternal,1
permanent,similar,perpetual,1
permanent,synonym,temporary,
permission,synonym,licence,2
permission,synonym,permit,2
permit,antonym,forbid,1
permit,similar,allow,1
permit,similar,grant,1
permit,synonym,allow,1
permit,synonym,let,1
permit,synonym,licence,
permit,synonym,permission,
permit,synonym,tolerate,3
perpetrate,synonym,commit,1
perpetrate,synonym,pull,1
perpetual,similar,permanent,1
perpetual,synonym,constant,2
perpetual,synonym,eternal,1
persecute,synonym,oppress,1
persist,similar,run,1
persist,synonym,endure,1
persist,synonym,prevail,1
persist,synonym,remain,3
persist,synonym,run,1
persist,synonym,stay,3
persist,synonym,stick,3
person,synonym,individual,1
person,synonym,mortal,1
person,synonym,soul,1
personnel,synonym,force,1
perspective,synonym,position,1
perspective,synonym,view,1
persuade,similar,carry,1
persuade,synonym,carry,1
persuade,synonym,sway,1
persuasion,synonym,opinion,2
persuasion,synonym,sentiment,2
persuasion,synonym,view,2
perverse,similar,corrupt,3
perverse,similar,negative,1
perverse,synonym,contrary,2
pest,synonym,plague,1
pet,synonym,darling,2
pet,synonym,favourite,2
petition,synonym,request,1
petrol,synonym,gas,1
petroleum,synonym,crude,1
petroleum,synonym,oil,1
petty,similar,important,2
petty,similar,junior,1
petty,similar,narrow,3
petty,synonym,little,2
petty,synonym,low,1
petty,synonym,trivial,2
pharmacy,synonym,chemist,
phase,synonym,form,2
phase,synonym,stage,1
philosophy,synonym,doctrine,1
photograph,similar,film,2
photograph,similar,shoot,2
photograph,similar,take,2
photograph,synonym,picture,1
photograph,synonym,shoot,2
photograph,synonym,snap,2
phrase,synonym,articulate,
physical,antonym,mental,1
physical,similar,animal,1
physical,similar,corporal,1
physical,similar,material,1
physical,similar,physiological,1
physical,similar,sensual,1
physician,synonym,doctor,1
physiological,similar,physical,2
piano,synonym,soft,3
pick,synonym,blame,3
pick,synonym,choice,
pick,synonym,cream,
pick,synonym,option,
pick,synonym,pluck,2
pick,synonym,unravel,
picket,synonym,scout,1
picket,synonym,spot,1
picket,synonym,watch,1
pickle,synonym,fix,2
pickle,synonym,hole,2
pickle,synonym,jam,2
pickle,synonym,mess,2
picnic,synonym,breeze,2
picnic,synonym,outing,1
picnic,synonym,snap,2
picture,synonym,depict,
picture,synonym,fancy,
picture,synonym,film,
picture,synonym,flick,
picture,synonym,icon,1
picture,synonym,image,1
picture,synonym,impression,3
picture,synonym,movie,
picture,synonym,photograph,
picture,synonym,video,
piece,synonym,assemble,
piece,synonym,firearm,
piece,synonym,part,2
piece,synonym,slice,
piece,synonym,while,
pier,synonym,dock,1
pig,synonym,cop,
pig,synonym,copper,
pigment,synonym,paint,3
pile,synonym,batch,2
pile,synonym,bundle,3
pile,synonym,deal,2
pile,synonym,flock,2
pile,synonym,hat,2
pile,synonym,heap,1
pile,synonym,lot,2
pile,synonym,mass,2
pile,synonym,mess,2
pile,synonym,mint,2
pile,synonym,mound,1
pile,synonym,mountain,2
pile,synonym,nap,
pile,synonym,plenty,2
pile,synonym,pot,2
pile,synonym,raft,2
pile,synonym,sight,2
pile,synonym,stack,2
pill,synonym,tab,2
pill,synonym,tablet,2
pillar,synonym,column,2
pillar,synonym,tower,2
pillow,synonym,rest,2
pilot,synonym,buffer,
pilot,synonym,fly,
pilot,synonym,navigate,
pin,synonym,fall,2
pin,synonym,peg,3
pin,synonym,pivot,
pinch,synonym,emergency,
pinch,synonym,hint,3
pinch,synonym,sneak,
pinch,synonym,touch,3
pine,synonym,ache,3
pine,synonym,yearn,3
pine,synonym,yen,3
pinpoint,synonym,nail,1
pioneer,synonym,initiate,
pipe,synonym,shriek,
pipe,synonym,tube,3
pipeline,synonym,line,2
pirate,synonym,hijack,
pit,synonym,cavity,1
pit,synonym,quarry,
pit,synonym,scar,
pit,synonym,stone,3
pitch,synonym,lurch,
pitch,synonym,sky,
pitch,synonym,slope,
pitch,synonym,tilt,
pitch,synonym,toss,
pity,synonym,compassion,3
pity,synonym,shame,2
pivot,synonym,pin,3
place,synonym,home,
place,synonym,identify,
place,synonym,invest,
place,synonym,lay,
place,synonym,locate,
place,synonym,position,
place,synonym,post,
place,synonym,property,2
place,synonym,put,
place,synonym,seat,
place,synonym,set,
place,synonym,spot,1
place,synonym,station,
plague,synonym,harass,
plague,synonym,pest,1
plain,antonym,fancy,2
plain,similar,austere,2
plain,similar,bare,2
plain,similar,dry,2
plain,similar,literal,2
plain,similar,mere,2
plain,similar,obvious,1
plain,similar,severe,2
plain,similar,simple,2
plain,similar,stark,2
plain,similar,stern,2
plain,similar,trim,2
plain,synonym,apparent,1
plain,synonym,complain,
plain,synonym,evident,1
plain,synonym,manifest,1
plain,synonym,patent,1
plain,synonym,sheer,
plains,antonym,fancy,
plains,synonym,complain,3
plains,synonym,field,1
plains,synonym,kick,3
plains,synonym,knit,2
plaintiff,antonym,defendant,1
plaintiff,synonym,complaint,1
plan,synonym,design,2
plan,synonym,programme,1
plan,synonym,provision,
plane,synonym,sheet,2
plane,synonym,skim,
planed,synonym,design,3
planed,synonym,project,3
planet,synonym,satellite,2
plank,synonym,board,1
plant,synonym,embed,
plant,synonym,establish,
plant,synonym,flora,2
plant,synonym,founded,
plant,synonym,implant,
plant,synonym,institute,
plantation,synonym,grove,2
plantation,synonym,orchard,2
plaque,synonym,brass,2
plastic,similar,elastic,3
plate,synonym,home,1
platform,synonym,programme,2
plausible,similar,pat,1
plausible,similar,sincere,2
plausible,similar,slick,1
play,similar,encounter,1
play,similar,meet,1
play,synonym,act,
play,synonym,bet,
play,synonym,bid,
play,synonym,bring,
play,synonym,drama,
play,synonym,flirt,
play,synonym,fun,
play,synonym,shimmer,
pleasant,similar,grateful,1
pleasant,similar,nice,2
please,similar,delight,3
please,synonym,delight,1
pleasure,antonym,pain,1
pleasure,synonym,delight,2
pleasure,synonym,joy,2
pledge,synonym,drink,3
pledge,synonym,plight,1
pledge,synonym,salute,3
pledge,synonym,subscribe,2
pledge,synonym,toast,3
plenty,synonym,batch,2
plenty,synonym,deal,2
plenty,synonym,enough,3
plenty,synonym,flock,2
plenty,synonym,hat,2
plenty,synonym,heap,2
plenty,synonym,lot,2
plenty,synonym,mass,2
plenty,synonym,mess,2
plenty,synonym,mint,2
plenty,synonym,mountain,2
plenty,synonym,pile,2
plenty,synonym,pot,2
plenty,synonym,raft,2
plenty,synonym,sight,2
plenty,synonym,stack,2
plight,synonym,engage,3
plight,synonym,pledge,
plot,synonym,diagram,
plot,synonym,game,1
plot,synonym,patch,2
plough,synonym,deal,
plough,synonym,handle,
plough,synonym,turn,2
pluck,synonym,hook,3
pluck,synonym,pick,
pluck,synonym,plume,3
pluck,synonym,rob,3
pluck,synonym,roll,2
pluck,synonym,soak,3
plug,synonym,chew,
plug,synonym,disconnect,
plug,synonym,hype,
plug,synonym,punch,3
plug,synonym,secure,1
plume,synonym,congratulate,
plume,synonym,hook,
plume,synonym,pluck,
plume,synonym,rob,
plume,synonym,soak,
plump,similar,fat,1
plunge,similar,dump,2
plunge,similar,launch,3
plunge,synonym,dip,
plunge,synonym,dive,2
plunge,synonym,immerse,1
plural,antonym,singular,1
plural,similar,dual,3
plural,synonym,battalion,
plural,synonym,multitude,
plus,antonym,minus,3
plus,similar,positive,3
plus,synonym,asset,1
plus,synonym,positive,
pocket,synonym,sack,2
pocket,synonym,sacks,2
pocket,synonym,scoop,
poet,synonym,verse,
point,synonym,arrow,
point,synonym,centre,
point,synonym,degree,
point,synonym,designate,
point,synonym,detail,
point,synonym,dot,
point,synonym,indicate,
point,synonym,item,
point,synonym,level,
point,synonym,orient,
point,synonym,spot,
point,synonym,stage,
point,synonym,steer,
poise,synonym,brace,
poise,synonym,cool,3
poke,synonym,dig,1
poke,synonym,intrude,2
poke,synonym,nose,2
poke,synonym,prod,1
poke,synonym,punch,
poke,synonym,sacks,
poke,synonym,stab,1
poke,synonym,thump,
poke,synonym,trailer,
polar,similar,different,2
polar,synonym,arctic,
polar,synonym,opposite,2
pole,synonym,perch,3
pole,synonym,rod,3
pole,synonym,terminal,
police,synonym,constable,1
police,synonym,law,1
police,synonym,patrol,2
polish,synonym,culture,2
polish,synonym,finish,2
polish,synonym,gloss,1
polish,synonym,refine,
polite,similar,gracious,1
polite,similar,nice,1
polite,synonym,civil,3
poll,synonym,crown,3
pollute,synonym,contaminate,1
pollute,synonym,foul,1
pond,synonym,pool,1
ponder,synonym,contemplate,1
ponder,synonym,meditate,1
ponder,synonym,muse,1
ponder,synonym,reflect,1
ponder,synonym,speculate,1
pony,synonym,trot,3
pool,synonym,consortium,
pool,synonym,pond,2
pool,synonym,syndicate,
poor,antonym,rich,2
poor,similar,bust,2
poor,similar,fortunate,1
poor,similar,mean,3
poor,synonym,miserable,1
poor,synonym,pathetic,1
pop,synonym,dad,1
pop,synonym,pa,1
pop,synonym,papa,1
pop,synonym,soda,2
popular,similar,common,3
popular,similar,favourite,1
popular,similar,hot,1
population,synonym,universe,3
portion,synonym,allot,
portion,synonym,assign,
portion,synonym,component,1
portion,synonym,destiny,
portion,synonym,fate,
portion,synonym,luck,
portion,synonym,parcel,3
portion,synonym,part,1
portion,synonym,share,3
portray,synonym,depict,2
pose,synonym,amaze,
pose,synonym,baffle,
pose,synonym,bewilder,
pose,synonym,lay,
pose,synonym,model,2
pose,synonym,posture,2
pose,synonym,present,1
pose,synonym,put,
pose,synonym,puzzle,
pose,synonym,set,
pose,synonym,sit,2
position,synonym,attitude,
position,synonym,lay,
position,synonym,perspective,3
position,synonym,place,1
position,synonym,post,
position,synonym,posture,
position,synonym,put,
position,synonym,set,
position,synonym,situation,
position,synonym,stance,
position,synonym,status,
position,synonym,view,3
positive,antonym,negative,1
positive,antonym,neutral,1
positive,similar,certain,2
positive,similar,sure,2
positive,synonym,confident,2
positive,synonym,plus,3
possess,similar,feature,2
possess,similar,have,2
possess,synonym,have,2
possess,synonym,own,2
possess,synonym,reclaim,
possible,similar,contingent,1
possible,similar,feasible,1
possible,similar,latent,2
possible,similar,viable,1
possible,synonym,hypothesis,
possible,synonym,potential,2
possible,synonym,theory,
post,synonym,mail,
post,synonym,office,3
post,synonym,place,3
post,synonym,position,3
post,synonym,poster,
post,synonym,send,
post,synonym,situation,3
post,synonym,stake,
post,synonym,station,1
poster,synonym,bill,1
poster,synonym,card,1
poster,synonym,notice,1
poster,synonym,post,1
postpone,synonym,defer,1
postpone,synonym,table,1
posture,synonym,attitude,1
posture,synonym,carriage,2
posture,synonym,pose,
posture,synonym,position,1
posture,synonym,stance,3
posture,synonym,strength,
pot,synonym,batch,
pot,synonym,can,2
pot,synonym,flock,
pot,synonym,heap,
pot,synonym,lot,
pot,synonym,mass,
pot,synonym,mint,
pot,synonym,mountain,
pot,synonym,pile,
pot,synonym,plenty,
pot,synonym,raft,
pot,synonym,stack,
pot,synonym,stool,2
pot,synonym,throne,2
pot,synonym,toilet,2
pot,synonym,weed,
potent,synonym,stiff,3
potent,synonym,strong,2
potential,antonym,actual,1
potential,similar,latent,1
potential,synonym,likely,2
potential,synonym,possible,1
pound,synonym,lumber,
pound,synonym,pounding,
pound,synonym,ram,
pound,synonym,thump,
pounding,synonym,hammer,3
pounding,synonym,pound,3
pounding,synonym,throb,2
pour,synonym,stream,2
pour,synonym,swarm,2
poverty,antonym,wealth,1
power,synonym,baron,
power,synonym,index,
power,synonym,king,
power,synonym,might,
practical,similar,pragmatic,1
practical,similar,real,2
practical,synonym,pragmatic,2
practical,synonym,virtual,3
practise,synonym,do,2
practise,synonym,drill,3
practise,synonym,exercise,2
practise,synonym,rehearse,1
pragmatic,similar,practical,1
pragmatic,similar,real,3
pragmatic,synonym,practical,3
praise,antonym,criticise,3
pray,synonym,beg,2
preach,synonym,advocate,2
precarious,similar,safe,2
precarious,synonym,stable,1
precaution,synonym,care,3
precaution,synonym,caution,3
precaution,synonym,guard,1
precede,antonym,follow,
precede,antonym,succeed,3
precede,synonym,forgo,1
precede,synonym,premise,
precious,similar,worth,3
precious,synonym,cute,
precious,synonym,very,
precipitate,similar,fall,3
precipitate,synonym,fall,3
precise,similar,correct,2
precise,similar,dead,1
precise,similar,fine,1
precise,similar,meticulous,1
precise,similar,nice,1
precise,similar,right,2
precise,similar,very,1
precise,synonym,accurate,2
precise,synonym,exact,2
preclude,synonym,forbid,1
preclude,synonym,prevent,1
predecessor,synonym,herald,2
predict,synonym,anticipate,1
predict,synonym,call,1
predict,synonym,forecast,2
predict,synonym,promise,1
predominant,similar,dominant,2
predominant,similar,frequent,1
predominant,synonym,dominant,1
predominant,synonym,paramount,2
predominant,synonym,prevalent,1
prefer,synonym,choose,2
prefer,synonym,favour,3
prefer,synonym,opt,2
pregnant,similar,big,1
pregnant,similar,full,3
pregnant,similar,great,1
pregnant,similar,heavy,1
pregnant,similar,large,1
pregnant,synonym,significant,2
prejudice,synonym,bias,1
premature,similar,early,2
premature,synonym,previous,2
premier,synonym,chancellor,2
premier,synonym,premiere,3
premier,synonym,prime,
premiere,synonym,premier,2
premise,synonym,assumption,1
premise,synonym,introduce,3
premise,synonym,precede,3
prepare,similar,make,2
prepare,synonym,cook,2
prepare,synonym,devise,
prepare,synonym,educate,
prepare,synonym,fix,1
prepare,synonym,make,2
prepare,synonym,ready,1
prepare,synonym,set,1
prescribe,synonym,dictate,1
prescribe,synonym,order,1
presence,antonym,absence,1
presence,synonym,front,2
present,antonym,absent,2
present,antonym,future,1
present,antonym,past,1
present,similar,here,2
present,similar,immediate,1
present,similar,instant,1
present,synonym,acquaint,
present,synonym,confront,
present,synonym,deliver,
present,synonym,demonstrate,
present,synonym,exhibit,
present,synonym,introduce,
present,synonym,nowadays,3
present,synonym,pose,
present,synonym,show,
presented,antonym,absent,
presented,antonym,future,
presented,antonym,past,
presented,synonym,demonstrate,1
presented,synonym,exhibit,1
presented,synonym,represent,2
presented,synonym,show,1
presented,synonym,stage,3
preserve,similar,continue,1
preserve,similar,keep,1
preserve,similar,proceed,1
preserve,synonym,conserve,2
preserve,synonym,continue,1
preserve,synonym,maintain,2
preserve,synonym,save,3
preserve,synonym,uphold,1
presidency,synonym,administration,1
president,synonym,chair,3
president,synonym,chairman,3
press,synonym,agitate,
press,synonym,closet,
press,synonym,compress,
press,synonym,conjure,
press,synonym,crusade,
press,synonym,jam,
press,synonym,pressure,
press,synonym,urge,2
press,synonym,wardrobe,
press,synonym,weigh,3
pressure,synonym,coerce,
pressure,synonym,press,3
presume,synonym,assume,1
presume,synonym,dare,2
presuppose,synonym,suppose,1
pretend,similar,acquit,2
pretend,similar,act,2
pretend,similar,bear,2
pretend,similar,behave,2
pretend,similar,carry,2
pretend,similar,conduct,2
pretend,similar,deport,2
pretend,similar,do,2
pretend,similar,make,1
pretend,synonym,act,2
pretend,synonym,affect,1
pretend,synonym,guess,
pretty,similar,bad,2
pretty,synonym,jolly,3
pretty,synonym,somewhat,3
prevail,similar,run,3
prevail,synonym,dominate,1
prevail,synonym,endure,3
prevail,synonym,hold,2
prevail,synonym,obtain,2
prevail,synonym,persist,3
prevail,synonym,reign,1
prevail,synonym,rule,1
prevail,synonym,run,3
prevail,synonym,triumph,
prevalent,similar,frequent,1
prevalent,synonym,dominant,1
prevalent,synonym,predominant,1
prevent,antonym,let,2
prevent,similar,keep,2
prevent,synonym,forbid,1
prevent,synonym,keep,2
prevent,synonym,preclude,1
preview,synonym,trailer,1
previous,similar,early,3
previous,similar,past,2
previous,synonym,former,2
previous,synonym,late,2
previous,synonym,old,1
previous,synonym,premature,3
prey,synonym,feed,3
prey,synonym,quarry,1
prey,synonym,target,1
price,synonym,cost,1
price,synonym,damage,2
price,synonym,term,2
price,synonym,toll,3
pride,synonym,congratulate,
primary,similar,capital,1
primary,similar,direct,1
primary,similar,important,3
primary,similar,original,1
primary,similar,particular,1
primary,similar,special,1
primary,synonym,chief,3
primary,synonym,elementary,
primary,synonym,main,3
primary,synonym,master,3
primary,synonym,principal,3
prime,similar,first,1
prime,similar,superior,3
prime,synonym,blossom,
prime,synonym,choice,3
prime,synonym,flower,
prime,synonym,peak,
prime,synonym,premier,1
prime,synonym,prize,3
prime,synonym,quality,3
prime,synonym,select,3
primitive,similar,early,1
primitive,synonym,crude,1
primitive,synonym,naive,
primitive,synonym,rude,1
principal,similar,important,1
principal,synonym,chief,1
principal,synonym,corpus,
principal,synonym,head,3
principal,synonym,main,1
principal,synonym,master,1
principal,synonym,primary,1
principle,synonym,rationale,
principle,synonym,rule,1
print,synonym,publish,1
prison,synonym,captive,
privacy,synonym,secrecy,2
private,antonym,public,1
private,similar,close,1
private,similar,confidential,1
private,similar,secret,1
private,synonym,individual,3
private,synonym,intimate,2
prize,synonym,appreciate,
prize,synonym,award,1
prize,synonym,loot,2
prize,synonym,prime,
prize,synonym,select,
prize,synonym,trophy,3
probably,synonym,likely,1
probe,synonym,examine,
problem,synonym,job,1
problem,synonym,trouble,3
procedure,synonym,function,3
procedure,synonym,process,1
procedure,synonym,routine,3
proceed,similar,continue,2
proceed,similar,preserve,2
proceed,similar,uphold,2
proceed,synonym,continue,1
proceed,synonym,go,3
proceed,synonym,keep,
proceed,synonym,move,3
process,synonym,litigate,
process,synonym,marched,
process,synonym,procedure,1
process,synonym,treat,
procession,synonym,advance,3
procession,synonym,progress,3
procession,synonym,rise,1
proclaim,synonym,exclaim,2
procure,synonym,secure,1
prod,synonym,dig,3
prod,synonym,nudge,1
prod,synonym,poke,3
prod,synonym,spur,
prod,synonym,stab,3
produce,similar,create,2
produce,similar,make,2
produce,synonym,acquire,
produce,synonym,create,2
produce,synonym,make,2
product,synonym,merchandise,1
profession,antonym,amateur,
profession,antonym,con,
professor,synonym,chair,
profit,antonym,lose,
profit,synonym,benefit,3
profit,synonym,gain,2
profit,synonym,net,1
profit,synonym,nets,1
profound,antonym,superficial,1
profound,similar,deep,1
profound,similar,important,3
profound,similar,intense,2
profound,similar,significant,3
profound,synonym,fundamental,3
programme,synonym,broadcast,3
programme,synonym,curriculum,2
programme,synonym,plan,
programme,synonym,platform,
progress,antonym,regress,
progress,synonym,advance,1
progress,synonym,build,
progress,synonym,procession,2
prohibit,synonym,forbid,1
prohibit,synonym,veto,1
project,synonym,fancy,
project,synonym,labour,1
project,synonym,planed,
project,synonym,propose,
project,synonym,task,1
prolong,similar,carry,1
prolong,similar,extend,1
prolong,synonym,extend,1
prolong,synonym,sustain,2
prominence,synonym,bulge,3
prominence,synonym,bump,3
prominence,synonym,swell,3
prominent,similar,conspicuous,1
prominent,synonym,big,2
prominent,synonym,large,2
prominent,synonym,salient,1
prominent,synonym,spectacular,1
promise,synonym,anticipate,3
promise,synonym,assure,1
promise,synonym,call,3
promise,synonym,predict,3
promote,similar,agitate,3
promote,similar,campaign,3
promote,similar,crusade,3
promote,similar,fight,3
promote,similar,press,3
promote,similar,push,3
promote,synonym,advance,1
promote,synonym,advertise,3
promote,synonym,boost,1
promote,synonym,elevate,2
promote,synonym,encourage,1
promote,synonym,further,1
promote,synonym,push,3
promote,synonym,raise,2
promote,synonym,upgrade,2
prompt,similar,affect,1
prompt,similar,impress,1
prompt,similar,move,1
prompt,similar,strike,1
prompt,synonym,cue,3
prompt,synonym,inspire,2
prompt,synonym,move,1
prompt,synonym,propel,1
prompt,synonym,remind,3
pronounce,synonym,articulate,1
pronounce,synonym,judge,2
pronounce,synonym,label,2
pronounce,synonym,say,1
prop,synonym,property,2
propagate,synonym,broadcast,
propagate,synonym,circulate,
propagate,synonym,diffuse,
propagate,synonym,disseminate,
propagate,synonym,spread,
propel,similar,affect,2
propel,similar,impress,2
propel,similar,move,2
propel,similar,strike,2
propel,synonym,move,2
propel,synonym,prompt,2
proper,similar,correct,1
proper,similar,decent,1
proper,similar,real,2
proper,similar,right,1
proper,similar,specific,3
proper,synonym,wrong,
property,synonym,attribute,
property,synonym,dimension,
property,synonym,place,3
property,synonym,prop,
prophet,synonym,oracle,1
proponent,synonym,advocate,1
proportion,antonym,disproportion,3
proportion,synonym,balance,
proportion,synonym,dimension,2
proportion,synonym,ratio,
proportion,synonym,symmetry,3
propose,synonym,advise,1
propose,synonym,aim,3
propose,synonym,nominate,
propose,synonym,project,2
propose,synonym,purport,3
propose,synonym,purpose,3
propose,synonym,suggest,1
prosecute,antonym,defend,2
prosecute,synonym,engage,3
prosecute,synonym,pursue,3
prospect,synonym,aspect,
prospect,synonym,candidate,3
prospect,synonym,chance,1
prospect,synonym,outlook,2
prospect,synonym,scene,
prospect,synonym,view,
prosper,synonym,flourish,1
prosper,synonym,thrive,1
prostitute,synonym,tart,1
prostitute,synonym,whore,1
protagonist,synonym,champion,1
protagonist,synonym,friend,1
protest,synonym,dissent,2
protest,synonym,dissident,
protest,synonym,objected,2
protest,synonym,resist,
prototype,synonym,image,1
prototype,synonym,paradigm,1
proud,antonym,humble,1
proud,similar,arrogant,1
proud,similar,big,1
proud,similar,swell,1
proud,similar,vain,1
prove,synonym,demonstrate,2
prove,synonym,establish,2
prove,synonym,evidence,3
prove,synonym,show,2
prove,synonym,testify,3
prove,synonym,try,
provide,synonym,cater,2
provide,synonym,furnish,1
provide,synonym,offer,1
provide,synonym,render,1
provide,synonym,supply,1
province,synonym,peasant,
province,synonym,state,1
province,synonym,states,1
provision,synonym,plan,3
provision,synonym,supply,2
provisional,synonym,tentative,1
provoke,similar,arouse,2
provoke,similar,conjure,2
provoke,similar,evoke,2
provoke,similar,invoke,2
provoke,similar,raise,2
provoke,similar,stir,2
provoke,synonym,arouse,1
provoke,synonym,elicit,1
provoke,synonym,evoke,1
provoke,synonym,fire,1
provoke,synonym,harass,
provoke,synonym,raise,1
provoke,synonym,stimulate,3
prudent,similar,discreet,1
prudent,similar,wise,1
prune,synonym,clip,2
prune,synonym,crop,2
prune,synonym,cut,3
prune,synonym,dress,2
prune,synonym,trim,2
psychic,similar,mental,1
pub,synonym,saloon,1
public,antonym,private,1
public,similar,common,2
public,similar,open,1
public,synonym,world,3
publication,synonym,issue,2
publicize,synonym,advertise,2
publicize,synonym,air,1
publicize,synonym,bare,1
publish,synonym,issue,2
publish,synonym,print,1
publish,synonym,release,2
puff,synonym,gasp,
puff,synonym,lump,
puff,synonym,quilt,
pull,antonym,push,1
pull,similar,curl,2
pull,similar,draw,1
pull,synonym,attract,2
pull,synonym,commit,
pull,synonym,draw,1
pull,synonym,extract,
pull,synonym,perpetrate,
pull,synonym,remove,
pull,synonym,rip,
pull,synonym,wrench,
pulse,synonym,beat,2
pulse,synonym,impulse,1
pulse,synonym,throb,
pump,synonym,heart,
punch,synonym,lick,1
punch,synonym,plug,
punch,synonym,poke,1
punch,synonym,slug,1
punctuate,synonym,accent,2
punctuate,synonym,emphasise,2
punctuate,synonym,mark,1
punctuate,synonym,stress,2
punk,synonym,cheap,
punk,synonym,hood,1
punk,synonym,tough,1
pupil,synonym,student,1
puppet,synonym,creature,2
puppet,synonym,tool,2
purchase,synonym,buy,
purchase,synonym,redemption,
pure,similar,clean,1
pure,similar,clear,1
pure,similar,fine,1
pure,similar,fresh,1
pure,similar,intense,3
pure,similar,light,1
pure,similar,native,1
pure,similar,plain,1
pure,similar,sheer,1
pure,similar,virgin,1
pure,similar,vivid,3
pure,synonym,complete,2
pure,synonym,gross,2
pure,synonym,perfect,2
pure,synonym,stark,2
pure,synonym,thorough,2
pure,synonym,utter,2
pure,synonym,virgin,
purge,antonym,rehabilitate,1
purge,synonym,purify,3
purge,synonym,vomit,
purify,similar,distil,1
purify,synonym,distil,1
purify,synonym,purge,2
purple,similar,noble,3
purple,synonym,imperial,3
purple,synonym,royal,3
purport,synonym,aim,2
purport,synonym,intent,3
purport,synonym,propose,2
purport,synonym,purpose,2
purport,synonym,spirit,3
purpose,synonym,aim,1
purpose,synonym,design,1
purpose,synonym,function,2
purpose,synonym,intent,1
purpose,synonym,propose,
purpose,synonym,purport,
purpose,synonym,resolve,
purpose,synonym,role,2
purpose,synonym,use,2
purse,synonym,bag,1
pursue,similar,follow,2
pursue,similar,survey,2
pursue,synonym,engage,1
pursue,synonym,follow,2
pursue,synonym,prosecute,1
pursuit,synonym,chase,1
pursuit,synonym,hobby,3
pursuit,synonym,quest,2
pursuit,synonym,sideline,3
push,antonym,pull,1
push,similar,agitate,3
push,similar,campaign,3
push,similar,crusade,3
push,similar,drive,2
push,similar,fight,3
push,similar,labour,2
push,similar,press,3
push,similar,tug,2
push,synonym,advertise,3
push,synonym,agitate,
push,synonym,button,
push,synonym,crusade,
push,synonym,energy,
push,synonym,force,1
push,synonym,promote,3
put,synonym,cast,3
put,synonym,couch,3
put,synonym,frame,3
put,synonym,invest,
put,synonym,lay,1
put,synonym,place,1
put,synonym,pose,1
put,synonym,position,1
put,synonym,set,1
puzzle,synonym,amaze,3
puzzle,synonym,baffle,3
puzzle,synonym,beat,3
puzzle,synonym,bewilder,3
puzzle,synonym,get,3
puzzle,synonym,gravel,3
puzzle,synonym,pose,3
puzzle,synonym,stick,3
qualify,antonym,disqualify,2
qualify,synonym,modify,
qualify,synonym,specify,
qualify,synonym,stipulate,
qualitative,similar,soft,1
quality,synonym,character,3
quality,synonym,prime,
quality,synonym,select,
quality,synonym,tone,
quantify,synonym,measure,2
quantity,synonym,amount,1
quantity,synonym,measure,1
quarrel,synonym,dispute,3
quarrel,synonym,row,1
quarrel,synonym,rowed,1
quarrel,synonym,scrap,3
quarrel,synonym,word,1
quarry,synonym,pit,2
quarry,synonym,prey,1
quarry,synonym,target,1
quarter,synonym,four,1
quarter,synonym,stern,
quartet,synonym,four,1
queen,antonym,king,2
queen,synonym,fairy,
query,synonym,question,1
quest,synonym,pursuit,1
quest,synonym,request,
question,antonym,answer,1
question,synonym,doubt,
question,synonym,head,2
question,synonym,interrogate,
question,synonym,interview,
question,synonym,query,1
question,synonym,wonder,
quick,similar,active,3
quick,similar,fast,1
quick,synonym,fast,2
quiet,antonym,active,
quiet,similar,silent,2
quiet,similar,still,2
quiet,synonym,silence,
quiet,synonym,tranquil,
quilt,synonym,comfort,1
quilt,synonym,puff,1
quit,synonym,break,1
quit,synonym,cease,1
quit,synonym,depart,3
quit,synonym,relinquish,
quit,synonym,renounce,
quit,synonym,resign,2
quit,synonym,stop,1
quite,synonym,rather,1
quiver,synonym,chill,1
quiver,synonym,flutter,
quiver,synonym,shiver,1
quiver,synonym,shudder,1
quiver,synonym,thrill,1
quiver,synonym,tremble,2
quiz,similar,test,2
quiz,synonym,test,2
quote,similar,cite,1
quote,synonym,cite,1
rabbit,synonym,hare,3
race,synonym,rush,
rack,synonym,wheel,3
racket,synonym,noise,3
racket,synonym,revel,
radiance,synonym,glow,1
radiance,synonym,shine,2
radiate,synonym,diversify,
radiate,synonym,ray,3
radical,similar,basic,3
radical,similar,moderate,1
radical,similar,new,2
radical,synonym,extreme,1
radical,synonym,group,
radical,synonym,root,
radical,synonym,stem,
radio,synonym,tune,2
radio,synonym,wireless,1
radioactive,similar,hot,1
raft,synonym,batch,2
raft,synonym,deal,2
raft,synonym,flock,2
raft,synonym,hat,2
raft,synonym,heap,2
raft,synonym,lot,2
raft,synonym,mass,2
raft,synonym,mat,3
raft,synonym,mess,2
raft,synonym,mint,2
raft,synonym,mountain,2
raft,synonym,pile,2
raft,synonym,plenty,2
raft,synonym,pot,2
raft,synonym,sight,2
raft,synonym,stack,2
rag,synonym,annoy,
rag,synonym,bait,
rag,synonym,bother,
rag,synonym,frustrate,
rag,synonym,gravel,
rag,synonym,irritate,
rag,synonym,shred,1
rag,synonym,tabloid,
rag,synonym,tag,1
rag,synonym,taunt,
rag,synonym,tease,
rage,synonym,cult,
rage,synonym,fury,1
rage,synonym,passion,3
raid,synonym,bust,3
rail,synonym,runway,3
rail,synonym,track,3
raise,antonym,level,
raise,antonym,lower,2
raise,synonym,arouse,
raise,synonym,ascent,
raise,synonym,conjure,
raise,synonym,elevate,2
raise,synonym,elicit,
raise,synonym,enhance,
raise,synonym,enrol,
raise,synonym,enter,
raise,synonym,erect,
raise,synonym,evoke,
raise,synonym,heighten,
raise,synonym,hike,
raise,synonym,inscribe,
raise,synonym,invoke,
raise,synonym,lift,2
raise,synonym,nurture,
raise,synonym,parent,
raise,synonym,promote,
raise,synonym,provoke,
raise,synonym,recruit,
raise,synonym,resurrect,
raise,synonym,upgrade,
rake,synonym,blood,
rake,synonym,scan,
rake,synonym,skim,
rally,synonym,bait,
rally,synonym,mobilise,
rally,synonym,muster,
rally,synonym,taunt,
rally,synonym,tease,
ram,synonym,cram,
ram,synonym,pound,3
ramble,similar,drift,2
ramble,similar,err,2
ramble,similar,stray,2
ramble,similar,wander,2
ramble,synonym,cast,2
ramble,synonym,drift,2
ramble,synonym,jog,1
ramble,synonym,range,2
ramble,synonym,roam,2
ramble,synonym,roll,2
ramble,synonym,rove,2
ramble,synonym,stray,2
ramble,synonym,wander,2
ramp,synonym,incline,1
ranch,synonym,spread,1
range,synonym,compass,1
range,synonym,drift,
range,synonym,graze,
range,synonym,orbit,1
range,synonym,ramble,
range,synonym,reach,1
range,synonym,roam,
range,synonym,rove,
range,synonym,scope,1
range,synonym,stove,
range,synonym,wander,
rank,synonym,absolute,
rank,synonym,sheer,
rap,synonym,blame,1
rap,synonym,pat,3
rap,synonym,strike,2
rap,synonym,tap,2
rape,synonym,assault,3
rapid,similar,fast,1
rare,similar,common,1
rare,similar,frequent,2
rare,similar,scarce,3
rash,similar,prudent,3
rash,synonym,reckless,
rat,synonym,bum,3
rat,synonym,crumb,3
rat,synonym,stink,3
rate,synonym,pace,3
rather,synonym,instead,1
rather,synonym,quite,
rather,synonym,soon,3
ratify,synonym,sign,1
ratio,synonym,proportion,2
rational,similar,coherent,1
rational,similar,intelligent,1
rational,similar,mental,2
rational,similar,sane,1
rational,synonym,intellectual,2
rationale,synonym,principle,1
raw,similar,rare,3
raw,synonym,bleak,
raw,synonym,rude,1
raw,synonym,sore,
raw,synonym,tender,
ray,synonym,beam,1
ray,synonym,radiate,
ray,synonym,shaft,1
reach,synonym,accomplish,
reach,synonym,achieve,
reach,synonym,attain,1
reach,synonym,compass,
reach,synonym,gain,1
reach,synonym,hit,1
reach,synonym,make,1
reach,synonym,orbit,
reach,synonym,range,
reach,synonym,scope,
reach,synonym,strive,
react,synonym,oppose,2
react,synonym,respond,1
read,similar,say,1
read,synonym,say,2
read,synonym,translate,
read,synonym,understand,
ready,similar,available,2
ready,similar,fit,1
ready,similar,prime,1
ready,similar,prompt,1
ready,similar,ripe,1
ready,similar,set,1
ready,similar,willing,3
ready,synonym,cook,
ready,synonym,prepare,
real,antonym,nominal,
real,similar,actual,1
real,similar,documentary,1
real,similar,factual,1
real,similar,objective,1
real,similar,proper,2
real,similar,serious,3
real,similar,true,2
real,synonym,actual,
real,synonym,artificial,
real,synonym,genuine,
real,synonym,literal,
real,synonym,substantial,
real,synonym,tangible,
real,synonym,very,
realise,similar,clear,1
realise,similar,make,1
realise,similar,net,1
realise,similar,sack,1
realise,synonym,clear,1
realise,synonym,earn,1
realise,synonym,gain,1
realise,synonym,make,1
realise,synonym,recognize,
realise,synonym,see,
realise,synonym,understand,
really,synonym,very,
realm,synonym,king,1
realm,synonym,land,1
realm,synonym,region,3
reap,similar,draw,2
reap,synonym,draw,2
reap,synonym,harvest,1
rear,antonym,front,3
rear,antonym,head,2
rear,similar,back,1
rear,synonym,ass,
rear,synonym,back,
rear,synonym,behind,
rear,synonym,bottom,
rear,synonym,erect,
rear,synonym,nurture,
rear,synonym,parent,
rear,synonym,seat,
rear,synonym,stern,
reason,synonym,argue,
reason,synonym,cause,
reason,synonym,conclude,
reason,synonym,ground,1
reason,synonym,intellect,3
reason,synonym,occasion,1
rebel,synonym,arise,3
rebel,synonym,insurgent,1
rebel,synonym,revolt,
rebel,synonym,rise,3
rebel,synonym,uprising,
rebound,synonym,bounce,
recall,antonym,issue,
recall,synonym,echo,3
recall,synonym,recollect,1
recall,synonym,remember,1
recall,synonym,retrieve,1
recall,synonym,return,2
recall,synonym,think,1
recede,antonym,advance,1
recede,similar,retreat,1
recede,similar,withdraw,1
recede,synonym,retire,1
recede,synonym,retreat,1
recede,synonym,withdraw,1
receipt,synonym,acknowledge,3
receipt,synonym,reception,1
receipt,synonym,revenue,
receive,similar,accept,1
receive,similar,acquire,2
receive,similar,get,2
receive,similar,have,1
receive,similar,take,1
receive,synonym,find,2
receive,synonym,get,2
receive,synonym,have,1
receive,synonym,incur,2
receive,synonym,obtain,2
receiver,synonym,recipient,
recent,similar,new,1
recent,similar,past,2
recent,synonym,late,2
reception,synonym,receipt,
reception,synonym,response,1
receptive,synonym,open,2
receptive,synonym,sensory,3
recess,synonym,corner,2
recess,synonym,niche,2
recess,synonym,recession,2
recession,synonym,corner,2
recession,synonym,niche,2
recession,synonym,recess,2
recipe,synonym,formula,1
recipient,synonym,receiver,1
reciprocal,similar,bilateral,1
reciprocal,synonym,mutual,1
recite,synonym,narrate,
recite,synonym,tell,3
reckless,similar,bold,1
reckless,synonym,rash,1
reckon,similar,construe,3
reckon,similar,interpret,3
reckon,similar,see,3
reckon,synonym,bet,
reckon,synonym,calculate,2
reckon,synonym,consider,3
reckon,synonym,depend,
reckon,synonym,estimate,2
reckon,synonym,figure,2
reckon,synonym,forecast,2
reckon,synonym,guess,1
reckon,synonym,imagine,1
reckon,synonym,regard,3
reckon,synonym,rely,
reckon,synonym,see,3
reckon,synonym,suppose,1
reckon,synonym,think,1
reckon,synonym,view,3
reclaim,similar,reform,3
reclaim,synonym,possess,1
reclaim,synonym,recover,2
reclaim,synonym,reform,3
reclaim,synonym,regenerate,3
recognition,synonym,credit,3
recognize,synonym,accredit,
recognize,synonym,acknowledge,1
recognize,synonym,discern,3
recognize,synonym,distinguish,3
recognize,synonym,greet,
recognize,synonym,know,1
recognize,synonym,realise,2
recognize,synonym,spot,3
recollect,synonym,recall,1
recollect,synonym,remember,1
recollect,synonym,retrieve,1
recollect,synonym,think,1
recommend,synonym,advocate,1
recommend,synonym,commend,2
recommend,synonym,urge,1
reconcile,synonym,accommodate,1
reconcile,synonym,settle,3
record,antonym,erase,
record,synonym,book,
record,synonym,disc,2
recover,similar,find,1
recover,similar,regain,1
recover,synonym,find,1
recover,synonym,reclaim,
recover,synonym,regain,1
recover,synonym,retrieve,1
recreation,synonym,diversion,1
recruit,synonym,enrol,1
recruit,synonym,enter,1
recruit,synonym,inscribe,1
recruit,synonym,levy,3
recruit,synonym,raise,1
recur,synonym,repeat,1
recur,synonym,resort,3
recycle,synonym,use,2
red,synonym,cherry,1
red,synonym,scarlet,1
red,synonym,violent,2
redeem,synonym,deliver,1
redeem,synonym,save,1
redemption,synonym,purchase,3
redemption,synonym,salvation,1
reduce,antonym,gain,
reduce,similar,cut,1
reduce,synonym,cut,1
reduce,synonym,dilute,
reduce,synonym,repress,
reduce,synonym,shrink,
reduce,synonym,slim,
reduce,synonym,subdue,
reduce,synonym,trim,1
redundant,similar,necessary,1
redundant,similar,verbal,2
redundant,synonym,excess,1
redundant,synonym,extra,1
redundant,synonym,spare,1
redundant,synonym,surplus,1
reel,synonym,spin,
reel,synonym,stagger,
refer,similar,advertise,2
refer,similar,touch,2
refer,synonym,advertise,1
refer,synonym,cite,1
refer,synonym,concern,2
refer,synonym,consult,
refer,synonym,denote,
refer,synonym,mention,1
refer,synonym,name,1
refer,synonym,relate,2
refer,synonym,touch,2
referee,synonym,review,2
referee,synonym,umpire,
refine,synonym,complicate,2
refine,synonym,down,1
refine,synonym,elaborate,2
refine,synonym,polish,1
reflect,synonym,contemplate,2
reflect,synonym,meditate,2
reflect,synonym,muse,2
reflect,synonym,ponder,2
reflect,synonym,shine,
reflect,synonym,speculate,2
reflex,similar,involuntary,2
reflex,synonym,automatic,2
reform,synonym,reclaim,
reform,synonym,regenerate,
refrain,antonym,act,1
refrain,synonym,chorus,3
refresh,antonym,tire,
refresh,synonym,review,1
refuge,synonym,asylum,3
refuge,synonym,resort,2
refuge,synonym,sanctuary,3
refund,synonym,repay,3
refund,synonym,return,3
refurbish,synonym,renovate,1
refuse,antonym,accept,1
refuse,similar,disdain,2
refuse,similar,reject,2
refuse,similar,scorn,2
refuse,synonym,decline,1
refuse,synonym,defy,3
refuse,synonym,garbage,
refuse,synonym,reject,2
refuse,synonym,resist,3
regain,similar,find,1
regain,similar,recover,2
regain,similar,retrieve,2
regain,synonym,find,1
regain,synonym,recover,1
regain,synonym,retrieve,1
regard,similar,construe,1
regard,similar,interpret,1
regard,similar,see,1
regard,synonym,affect,3
regard,synonym,consider,1
regard,synonym,esteem,
regard,synonym,gaze,
regard,synonym,heed,
regard,synonym,involve,3
regard,synonym,reckon,1
regard,synonym,respect,
regard,synonym,see,1
regard,synonym,view,1
regenerate,similar,reform,3
regenerate,synonym,reclaim,3
regenerate,synonym,reform,3
regenerate,synonym,restore,
regime,synonym,authority,1
region,synonym,area,2
region,synonym,part,1
region,synonym,realm,
register,synonym,file,2
register,synonym,registry,
registry,synonym,register,1
regress,antonym,progress,3
regress,synonym,return,2
regress,synonym,revert,2
regret,synonym,sorrow,
regular,similar,official,1
regular,similar,standard,1
regular,similar,stock,1
regular,similar,typical,2
regular,similar,uniform,1
regular,similar,weak,1
regular,synonym,fixture,
regular,synonym,temporary,
regulate,antonym,deregulate,2
regulate,synonym,baffle,
regulate,synonym,determine,3
regulate,synonym,govern,2
regulate,synonym,influence,3
regulate,synonym,mould,3
regulate,synonym,order,2
regulate,synonym,shape,3
rehabilitate,antonym,purge,2
rehearse,synonym,practise,1
reign,synonym,dominate,
reign,synonym,prevail,
reign,synonym,sovereign,3
rein,synonym,harness,1
reinforce,synonym,reward,2
reinstate,synonym,establish,2
reinstate,synonym,restore,2
reiterate,synonym,repeat,1
reiterate,synonym,tell,1
reject,antonym,accept,1
reject,antonym,admit,
reject,similar,disdain,2
reject,similar,scorn,2
reject,synonym,decline,2
reject,synonym,disapprove,3
reject,synonym,refuse,2
relate,similar,advertise,2
relate,similar,touch,2
relate,synonym,associate,1
relate,synonym,concern,2
relate,synonym,connect,1
relate,synonym,link,1
relate,synonym,refer,2
relate,synonym,touch,2
relative,antonym,absolute,1
relative,synonym,comparative,1
relatives,antonym,absolute,3
relatives,synonym,comparative,3
relax,antonym,tense,1
relax,synonym,bend,1
relax,synonym,loose,3
release,synonym,departure,
release,synonym,exit,
release,synonym,free,2
release,synonym,liberate,2
release,synonym,loose,2
release,synonym,publish,
release,synonym,relinquish,1
release,synonym,resign,
release,synonym,secrete,
release,synonym,turn,3
relegate,synonym,banish,3
relegate,synonym,bar,3
relegate,synonym,break,2
relegate,synonym,bump,2
relegate,synonym,classify,
relegate,synonym,submit,1
relentless,synonym,grim,1
relentless,synonym,stern,1
relevant,similar,applicable,1
relic,synonym,souvenir,2
relic,synonym,token,2
relief,synonym,ease,2
relief,synonym,rest,
relief,synonym,substitute,
relieve,synonym,alleviate,1
relieve,synonym,exempt,3
relieve,synonym,free,3
relieve,synonym,salvage,
relieve,synonym,save,
religion,synonym,faith,1
religious,antonym,secular,3
religious,similar,sacred,1
relinquish,synonym,forgo,2
relinquish,synonym,free,1
relinquish,synonym,quit,3
relinquish,synonym,release,1
relinquish,synonym,renounce,3
relinquish,synonym,resign,1
relinquish,synonym,waive,2
relish,synonym,enjoy,1
relish,synonym,flavour,
relish,synonym,savour,1
reluctant,similar,eager,3
reluctant,similar,willing,1
rely,synonym,bank,1
rely,synonym,bet,1
rely,synonym,calculate,1
rely,synonym,count,1
rely,synonym,depend,1
rely,synonym,look,1
rely,synonym,reckon,1
rely,synonym,swear,1
remain,synonym,continue,2
remain,synonym,persist,
remain,synonym,rest,1
remain,synonym,stay,1
remain,synonym,stick,
remainder,synonym,balance,1
remainder,synonym,difference,3
remainder,synonym,remnant,
remainder,synonym,residue,1
remainder,synonym,rest,1
remark,synonym,comment,1
remark,synonym,input,1
remark,synonym,mention,3
remark,synonym,note,3
remark,synonym,notice,
remark,synonym,observe,3
remedy,synonym,amend,3
remedy,synonym,cure,2
remedy,synonym,repair,3
remedy,synonym,therapeutic,2
remember,antonym,forget,1
remember,synonym,commemorate,
remember,synonym,recall,1
remember,synonym,recollect,1
remember,synonym,retrieve,1
remember,synonym,think,1
remind,synonym,cue,2
remind,synonym,prompt,2
remnant,synonym,end,2
remnant,synonym,remainder,2
remote,similar,far,1
remote,similar,likely,2
remote,synonym,distant,1
remove,synonym,murder,
remove,synonym,pull,1
remove,synonym,slay,
remove,synonym,take,1
remove,synonym,waste,3
remove,synonym,withdraw,1
renaissance,synonym,birth,1
render,synonym,deliver,
render,synonym,depict,
render,synonym,furnish,2
render,synonym,generate,
render,synonym,interpret,3
render,synonym,offer,2
render,synonym,provide,2
render,synonym,return,
render,synonym,supply,2
render,synonym,translate,
renounce,synonym,quit,3
renounce,synonym,relinquish,3
renounce,synonym,resign,2
renovate,similar,revive,3
renovate,synonym,animate,3
renovate,synonym,create,3
renovate,synonym,refurbish,2
renovate,synonym,repair,3
renovate,synonym,revive,3
renown,synonym,celebrity,1
renown,synonym,fame,1
rent,synonym,charter,
rent,synonym,hire,
rent,synonym,lease,
rent,synonym,rip,2
rent,synonym,snag,2
rent,synonym,split,2
rent,synonym,tear,2
rent,synonym,tenant,
repair,antonym,break,1
repair,synonym,amend,
repair,synonym,compensate,2
repair,synonym,doctor,1
repair,synonym,fix,1
repair,synonym,mend,1
repair,synonym,remedy,
repair,synonym,renovate,
repair,synonym,resort,3
repair,synonym,restore,1
repair,synonym,revive,
repay,synonym,refund,1
repay,synonym,retort,
repay,synonym,return,1
repay,synonym,reward,3
repeal,synonym,lift,1
repeal,synonym,reverse,1
repeat,synonym,double,2
repeat,synonym,duplicate,2
repeat,synonym,echo,
repeat,synonym,recur,3
repeat,synonym,reiterate,1
repeat,synonym,replicate,2
repeat,synonym,tell,1
repel,antonym,attract,1
repel,similar,drive,1
repel,synonym,disgust,
repel,synonym,drive,1
repel,synonym,revolt,
replicate,synonym,copy,2
replicate,synonym,double,3
replicate,synonym,duplicate,3
replicate,synonym,repeat,3
reply,synonym,answer,1
reply,synonym,respond,1
reply,synonym,response,2
report,synonym,account,2
report,synonym,describe,
report,synonym,paper,
report,synonym,reputation,
report,synonym,story,3
report,synonym,study,1
represent,synonym,act,
represent,synonym,comprise,
represent,synonym,constitute,
represent,synonym,correspond,1
represent,synonym,exemplify,
represent,synonym,presented,
repress,synonym,muffle,3
repress,synonym,reduce,1
repress,synonym,stifle,3
repress,synonym,strangle,3
repress,synonym,subdue,1
reproduce,synonym,multiply,2
republic,synonym,commonwealth,1
republic,synonym,democracy,1
reputation,synonym,report,3
request,similar,invite,3
request,synonym,petition,1
request,synonym,quest,3
require,similar,claim,1
require,similar,exact,1
require,similar,take,1
require,synonym,ask,1
require,synonym,command,3
require,synonym,demand,1
require,synonym,expect,2
require,synonym,involve,1
require,synonym,necessitate,1
require,synonym,need,1
require,synonym,take,1
require,synonym,want,
requisite,similar,necessary,1
requisite,synonym,essential,2
requisite,synonym,necessary,2
requisite,synonym,necessity,2
rescue,synonym,deliver,1
research,synonym,explore,
reserve,synonym,appropriate,
reserve,synonym,appropriated,
reserve,synonym,booking,
reserve,synonym,militia,
reserve,synonym,substitute,3
reside,synonym,occupy,2
reside,synonym,rest,3
residue,synonym,balance,2
residue,synonym,remainder,2
residue,synonym,rest,2
resign,synonym,free,3
resign,synonym,quit,2
resign,synonym,release,3
resign,synonym,relinquish,3
resign,synonym,renounce,1
resist,antonym,surrender,2
resist,synonym,defy,1
resist,synonym,dissent,3
resist,synonym,fend,
resist,synonym,protest,3
resist,synonym,refuse,1
resist,synonym,withstand,2
resolution,synonym,answer,
resolution,synonym,firm,3
resolution,synonym,resolve,1
resolution,synonym,result,
resolution,synonym,solution,
resolution,synonym,solvent,
resolve,synonym,conclude,2
resolve,synonym,decide,1
resolve,synonym,dissolve,
resolve,synonym,purpose,3
resolve,synonym,resolution,
resolve,synonym,settle,1
resolve,synonym,solve,
resonance,synonym,ring,3
resort,synonym,haunt,2
resort,synonym,recur,
resort,synonym,refuge,3
resort,synonym,repair,2
respect,synonym,esteem,2
respect,synonym,regard,1
respective,similar,individual,1
respective,similar,single,1
respective,synonym,several,1
respective,synonym,various,1
respond,synonym,answer,2
respond,synonym,react,1
respond,synonym,reply,2
response,synonym,answer,3
response,synonym,reception,
response,synonym,reply,3
responsible,similar,accountable,1
responsible,similar,liable,1
rest,synonym,balance,1
rest,synonym,ease,2
rest,synonym,pillow,
rest,synonym,relief,3
rest,synonym,remain,
rest,synonym,remainder,1
rest,synonym,reside,
rest,synonym,residue,1
rest,synonym,stay,
rested,similar,fresh,1
restore,synonym,construct,1
restore,synonym,fix,
restore,synonym,mend,
restore,synonym,regenerate,2
restore,synonym,reinstate,
restore,synonym,repair,
restrain,synonym,confine,1
restrain,synonym,constrain,1
restrain,synonym,hold,1
restrict,synonym,bind,3
restrict,synonym,confine,3
restrict,synonym,control,2
restrict,synonym,curb,1
restrict,synonym,curtail,1
restrict,synonym,limit,3
result,synonym,answer,2
result,synonym,consequence,1
result,synonym,effect,1
result,synonym,ensue,
result,synonym,event,1
result,synonym,issue,1
result,synonym,lead,
result,synonym,outcome,1
result,synonym,resolution,2
result,synonym,solution,2
result,synonym,solvent,2
resume,synonym,sketch,
resume,synonym,start,1
resume,synonym,survey,
resurrect,similar,raise,3
resurrect,similar,rise,1
resurrect,synonym,raise,1
resurrect,synonym,revive,2
resurrect,synonym,rise,3
retail,antonym,wholesale,1
retain,similar,continue,2
retain,synonym,continue,2
retain,synonym,hold,3
retain,synonym,keep,2
retaliate,synonym,revenge,1
retard,synonym,idiot,1
retard,synonym,lag,
retention,synonym,memory,2
retire,similar,retreat,3
retire,similar,withdraw,2
retire,synonym,recede,3
retire,synonym,retreat,3
retire,synonym,withdraw,2
retort,synonym,counter,1
retort,synonym,join,3
retort,synonym,repay,3
retort,synonym,return,1
retreat,antonym,advance,
retreat,synonym,recede,
retreat,synonym,retire,
retreat,synonym,withdraw,
retrieve,similar,find,1
retrieve,similar,regain,1
retrieve,synonym,find,1
retrieve,synonym,recall,
retrieve,synonym,recollect,
retrieve,synonym,recover,1
retrieve,synonym,regain,1
retrieve,synonym,remember,
retrospect,synonym,review,2
return,synonym,generate,
return,synonym,recall,
return,synonym,refund,
return,synonym,regress,3
return,synonym,render,2
return,synonym,repay,
return,synonym,retort,
return,synonym,revert,3
return,synonym,yield,
reveal,similar,break,2
reveal,synonym,break,2
reveal,synonym,cover,2
reveal,synonym,disclose,2
reveal,synonym,discover,2
reveal,synonym,expose,2
reveal,synonym,veil,1
reveal,synonym,wrap,2
revel,synonym,delight,1
revel,synonym,enjoy,1
revel,synonym,racket,2
revenge,synonym,retaliate,2
revenue,synonym,gross,1
revenue,synonym,receipt,1
revenue,synonym,tax,2
revere,synonym,awe,
revere,synonym,fear,3
revere,synonym,worship,2
reverend,similar,sacred,2
reverse,antonym,forward,
reverse,synonym,invert,2
reverse,synonym,override,3
reverse,synonym,overthrow,3
reverse,synonym,repeal,
reverse,synonym,turn,1
revert,synonym,regress,1
revert,synonym,return,1
review,synonym,commentator,
review,synonym,critique,2
review,synonym,referee,
review,synonym,refresh,
review,synonym,retrospect,
review,synonym,value,1
revive,synonym,animate,2
revive,synonym,create,2
revive,synonym,renovate,2
revive,synonym,repair,2
revive,synonym,resurrect,
revolt,synonym,disgust,3
revolt,synonym,rebel,1
revolt,synonym,repel,3
revolt,synonym,uprising,1
revolve,similar,roll,3
revolve,similar,rotate,1
revolve,synonym,orbit,2
revolve,synonym,roll,3
revolve,synonym,rotate,1
reward,antonym,penalty,
reward,synonym,advantage,
reward,synonym,reinforce,
reward,synonym,repay,
reward,synonym,wage,1
rhyme,synonym,verse,2
rhythm,synonym,beat,1
rhythm,synonym,cycle,3
rhythm,synonym,round,3
rib,synonym,guy,
ribbon,synonym,medal,2
ribbon,synonym,palm,2
ribbon,synonym,thread,1
rich,antonym,lean,3
rich,antonym,poor,1
rich,similar,affluent,1
rich,similar,easy,1
rich,similar,flush,1
rich,similar,substantial,1
rich,synonym,ample,
rich,synonym,robust,
rid,synonym,free,1
riddle,synonym,diffuse,
ride,antonym,walk,2
ride,similar,drive,2
ride,synonym,bait,
ride,synonym,sit,1
ride,synonym,taunt,
ride,synonym,tease,
ridiculous,synonym,absurd,2
ridiculous,synonym,nonsense,2
ridiculous,synonym,pathetic,1
ridiculous,synonym,silly,1
rifle,synonym,go,3
rifle,synonym,loot,2
rifle,synonym,strip,2
rig,synonym,carriage,
rig,synonym,outfit,
right,antonym,left,1
right,antonym,wrong,2
right,similar,accurate,2
right,similar,exact,2
right,similar,far,1
right,similar,precise,2
right,similar,proper,3
right,similar,straight,2
right,synonym,all,
right,synonym,altogether,
right,synonym,correct,2
right,synonym,justly,
right,synonym,mighty,
right,synonym,ripe,
rights,antonym,left,2
rights,antonym,wrong,
rigid,similar,flexible,1
rigid,similar,tolerant,2
rigid,synonym,flexible,3
rigid,synonym,stiff,1
rigid,synonym,strict,2
rim,synonym,brim,
ring,synonym,call,
ring,synonym,echo,
ring,synonym,gang,
ring,synonym,mob,
ring,synonym,resonance,
ring,synonym,surround,
ring,synonym,telephone,
rinse,similar,wash,2
rinse,synonym,wash,2
riot,synonym,scream,3
rip,synonym,blood,
rip,synonym,pull,1
rip,synonym,rent,
rip,synonym,steal,
ripe,antonym,green,1
ripe,similar,opportune,3
ripe,similar,ready,2
ripe,synonym,good,3
ripe,synonym,mature,1
ripe,synonym,right,3
rise,antonym,fall,1
rise,antonym,set,
rise,synonym,arise,1
rise,synonym,ascent,
rise,synonym,climb,2
rise,synonym,heighten,
rise,synonym,hike,
rise,synonym,lift,1
rise,synonym,mount,
rise,synonym,originate,
rise,synonym,procession,
rise,synonym,rebel,
rise,synonym,resurrect,
rise,synonym,wax,
risk,synonym,adventure,
risk,synonym,danger,1
risk,synonym,gamble,
risk,synonym,hazard,1
risk,synonym,jeopardy,1
risk,synonym,peril,1
rite,synonym,ritual,2
ritual,synonym,rite,1
rival,similar,equal,2
rival,similar,equate,2
rival,similar,match,2
rival,synonym,challenge,1
rival,synonym,competition,1
rival,synonym,equal,2
rival,synonym,match,2
rival,synonym,touch,2
road,synonym,route,1
roam,similar,drift,1
roam,similar,err,1
roam,similar,stray,1
roam,similar,wander,1
roam,synonym,cast,1
roam,synonym,drift,1
roam,synonym,ramble,1
roam,synonym,range,1
roam,synonym,roll,1
roam,synonym,rove,1
roam,synonym,stray,1
roam,synonym,wander,1
roar,synonym,bellow,2
roar,synonym,boom,1
roar,synonym,howl,
roar,synonym,thunder,1
roar,synonym,wail,
roast,synonym,guy,
roast,synonym,joint,2
roast,synonym,knock,3
rob,synonym,hook,2
rob,synonym,pluck,2
rob,synonym,plume,2
rob,synonym,soak,2
robe,similar,vest,3
robe,synonym,gown,2
robe,synonym,vest,3
robust,antonym,frail,1
robust,similar,iron,1
robust,similar,stout,1
robust,similar,strong,3
robust,similar,sturdy,1
robust,similar,vigorous,1
robust,synonym,rich,2
rock,synonym,slay,
rock,synonym,stone,1
rock,synonym,sway,
rocked,similar,rock,1
rocked,similar,shake,2
rocked,similar,sway,1
rocked,synonym,rule,3
rocked,synonym,shake,1
rocked,synonym,slay,3
rocked,synonym,sway,1
rod,synonym,perch,3
rod,synonym,pole,3
role,synonym,character,2
role,synonym,function,1
role,synonym,office,1
role,synonym,part,1
role,synonym,purpose,3
role,synonym,use,3
roll,similar,revolve,1
roll,synonym,bun,
roll,synonym,coil,
roll,synonym,curl,
roll,synonym,drift,
roll,synonym,pluck,
roll,synonym,ramble,
roll,synonym,revolve,
roll,synonym,roam,
roll,synonym,rove,
roll,synonym,scroll,
roll,synonym,twine,
roll,synonym,wander,
roll,synonym,wheel,2
roll,synonym,wrap,
romance,synonym,flirt,
romance,synonym,solicit,
romance,synonym,woo,
romantic,similar,practical,3
roof,synonym,ceiling,
room,synonym,hall,
room,synonym,lobby,
room,synonym,suite,
room,synonym,way,2
root,synonym,ancestor,
root,synonym,base,3
root,synonym,origin,2
root,synonym,radical,3
root,synonym,source,2
root,synonym,stem,3
root,synonym,theme,3
rope,synonym,circle,2
roses,synonym,blush,
rot,synonym,waste,2
rotate,synonym,revolve,1
rouge,synonym,blush,1
rouge,synonym,paint,1
rough,antonym,smooth,1
rough,similar,exact,3
rough,similar,rugged,1
rough,synonym,approximate,3
rough,synonym,crude,
rough,synonym,harsh,
round,antonym,square,1
round,similar,exact,3
round,similar,full,2
round,similar,global,1
round,synonym,assail,
round,synonym,bout,
round,synonym,cycle,
round,synonym,rhythm,
rouse,synonym,agitate,3
rouse,synonym,charge,3
rouse,synonym,excite,3
route,synonym,path,1
route,synonym,road,2
routine,synonym,act,2
routine,synonym,bit,2
routine,synonym,function,3
routine,synonym,mundane,
routine,synonym,number,2
routine,synonym,procedure,3
routine,synonym,turn,2
rove,similar,drift,1
rove,similar,err,1
rove,similar,stray,1
rove,similar,wander,1
rove,synonym,cast,1
rove,synonym,drift,1
rove,synonym,ramble,1
rove,synonym,range,1
rove,synonym,roam,1
rove,synonym,roll,1
rove,synonym,stray,1
rove,synonym,wander,1
row,synonym,quarrel,1
row,synonym,word,1
rowed,synonym,quarrel,2
rowed,synonym,word,2
royal,similar,noble,3
royal,synonym,purple,
rub,synonym,fray,2
rub,synonym,fret,2
rub,synonym,hitch,
rub,synonym,itch,3
rub,synonym,scratch,2
rub,synonym,wipe,
rubber,synonym,arctic,
rubber,synonym,condom,
rubbish,synonym,scrap,1
rubbish,synonym,trash,1
rubble,synonym,debris,1
rubble,synonym,dust,1
rubble,synonym,junk,1
rude,similar,polite,1
rude,synonym,primitive,
rude,synonym,raw,
rug,synonym,carpet,1
rugged,antonym,delicate,1
rugged,similar,rough,3
rugged,similar,sturdy,1
rugged,similar,tough,1
rugged,synonym,tough,
ruin,synonym,bankrupt,3
ruin,synonym,break,3
ruin,synonym,destroy,1
ruin,synonym,smash,3
rule,synonym,convention,2
rule,synonym,decree,
rule,synonym,dominate,
rule,synonym,formula,2
rule,synonym,govern,
rule,synonym,normal,2
rule,synonym,pattern,2
rule,synonym,prevail,
rule,synonym,principle,
rule,synonym,rocked,
rule,synonym,slay,
rumble,synonym,growl,
rumble,synonym,grumble,1
run,antonym,idle,
run,similar,range,3
run,synonym,campaign,
run,synonym,escape,2
run,synonym,extend,3
run,synonym,flow,
run,synonym,go,3
run,synonym,hunt,
run,synonym,incline,
run,synonym,ladder,
run,synonym,lead,3
run,synonym,lean,
run,synonym,melt,
run,synonym,operate,
run,synonym,pass,3
run,synonym,persist,
run,synonym,prevail,
run,synonym,streak,
run,synonym,tend,
run,synonym,trial,
run,synonym,unravel,
runway,synonym,rail,1
runway,synonym,track,1
rural,antonym,urban,1
rural,similar,pastoral,1
rush,antonym,delay,3
rush,antonym,linger,1
rush,synonym,boot,
rush,synonym,haste,
rush,synonym,hurry,3
rush,synonym,induce,
rush,synonym,race,1
rush,synonym,speed,1
rush,synonym,surge,
rush,synonym,thrill,
rust,synonym,corrode,
rustle,synonym,lift,2
rustle,synonym,whisper,
sack,similar,clear,3
sack,similar,earn,3
sack,similar,gain,3
sack,similar,make,3
sack,similar,net,3
sack,similar,realise,3
sack,synonym,can,2
sack,synonym,clear,3
sack,synonym,dismiss,2
sack,synonym,displace,2
sack,synonym,fire,2
sack,synonym,net,3
sack,synonym,pocket,
sack,synonym,terminate,2
sacks,synonym,pocket,2
sacks,synonym,poke,1
sacred,similar,divine,1
sacred,similar,holy,3
sacred,similar,religious,1
sacred,similar,reverend,1
sacred,similar,taboo,1
sacred,similar,utter,1
sacred,similar,worth,2
sad,antonym,glad,1
sad,similar,bad,3
sad,similar,melancholy,1
sad,similar,tragic,1
sad,synonym,sorry,3
saddle,synonym,tack,
safe,antonym,out,3
safe,synonym,condom,
sag,synonym,flag,1
sail,similar,brush,2
sail,similar,sweep,2
sail,synonym,cruise,
sail,synonym,navigate,
sail,synonym,sweep,2
sail,synonym,voyage,
saint,synonym,angel,2
saint,synonym,ideal,3
sake,synonym,interest,1
salary,synonym,pay,1
salary,synonym,wage,1
salient,similar,conspicuous,1
salient,synonym,prominent,1
salient,synonym,spectacular,1
saloon,synonym,bar,1
saloon,synonym,pub,2
salute,synonym,drink,1
salute,synonym,pledge,1
salute,synonym,toast,1
salvage,synonym,relieve,1
salvage,synonym,save,1
salvation,synonym,redemption,1
same,antonym,different,2
same,antonym,other,1
same,similar,duplicate,2
same,similar,identical,1
same,similar,like,2
same,similar,one,2
same,similar,very,1
same,synonym,like,3
sanction,synonym,approve,
sanction,synonym,authority,3
sanction,synonym,warrant,1
sanctuary,synonym,asylum,2
sanctuary,synonym,refuge,2
sand,synonym,grit,2
sand,synonym,gut,2
sane,similar,rational,2
satellite,synonym,planet,2
satire,synonym,irony,1
satisfactory,similar,adequate,1
satisfactory,similar,alright,1
satisfactory,similar,cool,1
satisfactory,similar,fine,1
satisfactory,similar,good,2
satisfactory,similar,intolerable,1
satisfactory,similar,ok,1
satisfactory,similar,right,1
satisfactory,synonym,decent,2
satisfy,antonym,dissatisfy,2
satisfy,synonym,fill,3
satisfy,synonym,fit,3
satisfy,synonym,fulfil,1
satisfy,synonym,gratify,2
satisfy,synonym,meet,3
savage,similar,humane,1
savage,similar,wild,2
savage,synonym,beast,
savage,synonym,brute,1
savage,synonym,cruel,1
savage,synonym,fierce,
savage,synonym,furious,
savage,synonym,vicious,1
savage,synonym,wild,3
savage,synonym,wolf,
save,synonym,preserve,2
save,synonym,redeem,
save,synonym,relieve,1
save,synonym,salvage,1
savour,synonym,enjoy,
savour,synonym,flavour,
savour,synonym,relish,
savour,synonym,taste,1
say,synonym,allege,2
say,synonym,articulate,
say,synonym,pronounce,
say,synonym,read,
say,synonym,state,1
say,synonym,suppose,3
say,synonym,tell,1
scan,synonym,rake,2
scan,synonym,skim,2
scandal,synonym,outrage,2
scant,similar,sufficient,1
scant,synonym,bare,
scant,synonym,light,1
scant,synonym,short,1
scar,similar,mark,3
scar,similar,score,3
scar,synonym,mark,2
scar,synonym,pit,3
scar,synonym,scrape,2
scar,synonym,scratch,2
scarce,antonym,abundant,1
scarce,similar,rare,1
scarce,similar,tight,1
scarce,synonym,hardly,2
scarce,synonym,just,2
scare,synonym,dash,2
scare,synonym,daunt,2
scare,synonym,fright,1
scare,synonym,panic,3
scarlet,synonym,cherry,1
scarlet,synonym,red,1
scatter,synonym,disperse,3
scatter,synonym,spread,1
scatter,synonym,sprinkle,
scene,synonym,aspect,3
scene,synonym,prospect,3
scene,synonym,view,3
scent,synonym,aroma,1
scent,synonym,odour,3
scent,synonym,perfume,1
scent,synonym,smell,3
scent,synonym,wind,
sceptic,synonym,doubt,1
schedule,synonym,agenda,1
scheme,synonym,dodge,2
scheme,synonym,outline,
scheme,synonym,strategy,1
scheme,synonym,system,3
schizophrenic,similar,sane,1
scholar,synonym,student,2
school,synonym,civilise,
school,synonym,cultivate,
school,synonym,educate,
science,synonym,skill,2
scoop,synonym,exclusive,3
scoop,synonym,pocket,2
scoop,synonym,soap,
scope,synonym,background,2
scope,synonym,compass,1
scope,synonym,orbit,1
scope,synonym,range,1
scope,synonym,reach,1
scope,synonym,telescope,3
score,similar,mark,2
score,similar,pit,2
score,similar,scar,2
score,synonym,grievance,
score,synonym,grudge,
score,synonym,mark,2
score,synonym,seduce,
score,synonym,tally,1
scorn,synonym,contempt,1
scorn,synonym,despise,3
scorn,synonym,despite,1
scorn,synonym,disdain,1
scout,synonym,guide,3
scout,synonym,picket,1
scout,synonym,spot,1
scout,synonym,watch,1
scowl,synonym,frown,1
scramble,synonym,skin,2
scramble,synonym,struggle,2
scramble,synonym,unravel,
scrap,synonym,bit,1
scrap,synonym,chip,1
scrap,synonym,combat,
scrap,synonym,flake,1
scrap,synonym,garbage,
scrap,synonym,junk,
scrap,synonym,quarrel,
scrap,synonym,rubbish,2
scrap,synonym,trash,2
scrape,synonym,grate,1
scrape,synonym,scar,
scrape,synonym,scratch,3
scratch,synonym,bread,
scratch,synonym,cabbage,
scratch,synonym,cancel,
scratch,synonym,dent,
scratch,synonym,dough,
scratch,synonym,engrave,
scratch,synonym,excise,
scratch,synonym,fray,1
scratch,synonym,fret,1
scratch,synonym,inscribe,
scratch,synonym,itch,3
scratch,synonym,lettuce,
scratch,synonym,loot,
scratch,synonym,rub,1
scratch,synonym,scar,
scratch,synonym,scrape,2
scratch,synonym,scribble,
scratch,synonym,scrub,
scratch,synonym,sugar,
scream,similar,call,1
scream,similar,cry,1
scream,similar,exclaim,1
scream,similar,shout,1
scream,synonym,call,1
scream,synonym,cry,1
scream,synonym,riot,
scream,synonym,screech,
scream,synonym,shout,1
scream,synonym,shriek,
scream,synonym,yell,1
screech,synonym,creak,3
screech,synonym,scream,1
screech,synonym,shriek,1
screech,synonym,squeak,3
screech,synonym,whine,3
screen,synonym,blind,2
screw,similar,neck,1
screw,synonym,bang,1
screw,synonym,bed,1
screw,synonym,cheat,
screw,synonym,jazz,1
screw,synonym,jockey,
screw,synonym,know,1
screw,synonym,love,1
scribble,synonym,scratch,3
script,synonym,book,1
script,synonym,hand,2
scroll,synonym,coil,1
scroll,synonym,curl,1
scroll,synonym,roll,1
scrub,synonym,bush,
scrub,synonym,cancel,3
scrub,synonym,scratch,3
sculpt,similar,grave,1
sculpt,synonym,grave,2
sea,synonym,ocean,2
seam,synonym,bed,3
seam,synonym,crease,2
seam,synonym,line,2
seam,synonym,wrinkle,2
search,synonym,explore,
search,synonym,hunt,1
search,synonym,seek,
seasoning,synonym,flavour,1
seat,synonym,ass,2
seat,synonym,behind,2
seat,synonym,bottom,2
seat,synonym,bum,2
seat,synonym,bun,2
seat,synonym,butt,2
seat,synonym,can,2
seat,synonym,induct,
seat,synonym,place,1
seat,synonym,rear,2
seat,synonym,stern,2
seat,synonym,tail,2
second,antonym,first,
second,synonym,bit,2
second,synonym,endorse,
second,synonym,minute,2
second,synonym,moment,2
second,synonym,seconds,1
seconds,antonym,first,
seconds,synonym,bit,2
seconds,synonym,minute,2
seconds,synonym,moment,2
seconds,synonym,second,1
secrecy,synonym,privacy,2
secrecy,synonym,silence,1
secret,similar,covert,2
secret,synonym,confidential,
secret,synonym,mystery,
secret,synonym,mystic,
secrete,synonym,release,1
section,synonym,department,
section,synonym,division,
section,synonym,segment,
sector,synonym,sphere,3
secular,antonym,religious,
secular,similar,lay,3
secular,similar,material,2
secular,similar,mundane,2
secular,synonym,temporal,2
secure,synonym,assure,
secure,synonym,ensure,
secure,synonym,fasten,2
secure,synonym,fix,2
secure,synonym,guarantee,
secure,synonym,insure,
secure,synonym,plug,
secure,synonym,procure,1
sediment,synonym,deposit,1
seduce,similar,make,2
seduce,similar,score,2
seduce,synonym,make,1
seduce,synonym,score,1
see,similar,catch,1
see,similar,discover,3
see,similar,fancy,2
see,similar,figure,2
see,similar,find,3
see,similar,hear,3
see,similar,image,2
see,similar,learn,3
see,similar,picture,2
see,similar,project,2
see,similar,view,1
see,similar,watch,1
see,synonym,ascertain,
see,synonym,attend,
see,synonym,check,
see,synonym,consider,
see,synonym,construe,
see,synonym,discover,
see,synonym,encounter,
see,synonym,ensure,
see,synonym,escort,
see,synonym,examine,
see,synonym,fancy,
see,synonym,find,3
see,synonym,hear,
see,synonym,insure,
see,synonym,interpret,
see,synonym,learn,
see,synonym,meet,
see,synonym,realise,2
see,synonym,reckon,
see,synonym,regard,
see,synonym,understand,2
see,synonym,visit,
see,synonym,watch,
see,synonym,witness,3
seed,synonym,source,
seed,synonym,sow,
seek,synonym,attempt,3
seek,synonym,essay,3
seek,synonym,search,2
seek,synonym,try,3
seem,synonym,appear,1
seem,synonym,look,1
segment,synonym,section,1
seize,synonym,appropriate,3
seize,synonym,appropriated,3
seize,synonym,capture,3
seize,synonym,clutch,1
seize,synonym,confiscate,
seize,synonym,conquer,3
seizure,synonym,capture,2
select,similar,superior,2
select,synonym,choice,2
select,synonym,choose,1
select,synonym,prime,2
select,synonym,prize,2
select,synonym,quality,2
select,synonym,take,1
self,synonym,ego,1
sell,antonym,buy,1
sell,similar,deal,2
sell,similar,trade,2
sell,synonym,betray,
send,synonym,broadcast,
send,synonym,direct,1
send,synonym,mail,3
send,synonym,post,3
send,synonym,ship,
send,synonym,transmit,
senior,antonym,junior,1
senior,similar,elder,1
senior,similar,last,2
senior,similar,major,1
senior,similar,old,1
senior,similar,superior,1
senior,synonym,elder,3
senior,synonym,old,3
sensation,synonym,ace,2
sensation,synonym,champion,2
sensation,synonym,genius,2
sensation,synonym,sense,
sensation,synonym,senses,
sensation,synonym,star,2
sensation,synonym,wizard,2
sense,synonym,feel,
sense,synonym,sensation,3
senses,synonym,sensation,3
sensible,similar,intelligent,1
sensible,similar,sound,1
sensible,synonym,sensitive,2
sensitive,similar,alive,2
sensitive,similar,delicate,1
sensitive,similar,irritable,1
sensitive,synonym,sensible,3
sensitive,synonym,sore,
sensitive,synonym,tender,
sensory,synonym,receptive,1
sensual,similar,hot,2
sensual,similar,physical,1
sensual,synonym,animal,1
sentence,synonym,convict,2
sentence,synonym,doom,
sentence,synonym,time,3
sentencing,synonym,condemn,1
sentencing,synonym,convict,3
sentencing,synonym,doom,1
sentiment,synonym,opinion,2
sentiment,synonym,persuasion,2
sentiment,synonym,view,2
separate,antonym,joint,1
separate,similar,apart,1
separate,similar,discrete,1
separate,similar,distinct,1
separate,synonym,break,
separate,synonym,classify,
separate,synonym,differentiate,
separate,synonym,discriminate,
separate,synonym,distinguish,
separate,synonym,divide,
separate,synonym,split,
september,synonym,folk,
sequence,synonym,episode,3
sequence,synonym,succession,2
serene,similar,clear,2
serene,synonym,calm,1
serene,synonym,tranquil,1
serial,synonym,consecutive,1
serial,synonym,series,
series,synonym,serial,2
serious,similar,earnest,1
serious,similar,grave,1
serious,similar,important,2
serious,similar,real,1
serious,similar,sincere,1
serious,similar,sober,1
serious,similar,solemn,1
serious,similar,solid,1
serious,synonym,grave,3
serious,synonym,severe,3
sermon,synonym,discourse,1
serve,similar,service,1
serve,synonym,assist,
serve,synonym,function,1
serve,synonym,suffice,
service,synonym,overhaul,
set,antonym,rise,
set,synonym,adjust,
set,synonym,band,
set,synonym,circle,
set,synonym,define,3
set,synonym,determine,2
set,synonym,fix,3
set,synonym,lay,1
set,synonym,limit,3
set,synonym,lot,
set,synonym,place,1
set,synonym,pose,1
set,synonym,position,1
set,synonym,prepare,
set,synonym,put,1
set,synonym,sic,
set,synonym,specify,3
settle,synonym,decide,2
settle,synonym,determine,3
settle,synonym,reconcile,
settle,synonym,resolve,2
settle,synonym,subside,
seven,similar,cardinal,3
seven,synonym,parliament,
several,similar,different,3
several,similar,individual,2
several,similar,single,2
several,similar,some,1
several,synonym,respective,2
several,synonym,various,2
severe,similar,intense,1
severe,similar,plain,3
severe,similar,strong,2
severe,synonym,austere,3
severe,synonym,hard,2
severe,synonym,serious,
severe,synonym,stark,3
severe,synonym,stern,3
severe,synonym,terrible,1
severe,synonym,wicked,1
sew,synonym,stitch,1
sew,synonym,tailor,2
sewage,synonym,sewer,1
sewer,synonym,gutter,3
sewer,synonym,sewage,
sewer,synonym,toilet,3
sex,synonym,gender,
shade,synonym,ghost,
shade,synonym,spectre,
shade,synonym,tone,2
shadow,synonym,dark,2
shaft,synonym,barb,2
shaft,synonym,cheat,
shaft,synonym,cock,
shaft,synonym,dig,2
shaft,synonym,jockey,
shaft,synonym,lance,
shaft,synonym,ray,
shaft,synonym,slam,2
shaft,synonym,spear,
shake,synonym,agitate,1
shake,synonym,rocked,
shake,synonym,shiver,
shake,synonym,stimulate,
shake,synonym,sway,
shake,synonym,tremble,
shallow,antonym,deep,1
shallow,similar,light,2
shallow,similar,superficial,1
shame,synonym,disgrace,2
shame,synonym,pity,3
shape,synonym,anatomy,3
shape,synonym,build,3
shape,synonym,contour,1
shape,synonym,determine,
shape,synonym,figure,3
shape,synonym,flesh,3
shape,synonym,form,1
shape,synonym,formation,
shape,synonym,frame,3
shape,synonym,pattern,
shape,synonym,regulate,
share,synonym,parcel,
share,synonym,portion,
sharp,antonym,dull,
sharp,antonym,flat,
sharp,similar,distinct,1
sharp,synonym,abrupt,
sharp,synonym,acute,2
sharp,synonym,crisp,1
sharp,synonym,keen,3
sharp,synonym,shrewd,
shave,synonym,trim,2
shed,similar,slop,3
shed,similar,spill,3
shed,synonym,cast,1
shed,synonym,drop,1
shed,synonym,spill,2
shed,synonym,throw,1
sheer,similar,complete,1
sheer,similar,pure,2
sheer,similar,steep,3
sheer,synonym,absolute,1
sheer,synonym,bluff,3
sheer,synonym,bold,3
sheer,synonym,cut,
sheer,synonym,plain,2
sheer,synonym,rank,1
sheer,synonym,transparent,
sheet,synonym,plane,
sheet,synonym,shroud,
sheet,synonym,tabloid,
shelf,synonym,ledge,2
shell,synonym,beat,
shell,synonym,crush,
shell,synonym,shield,3
shield,synonym,shell,3
shift,synonym,fracture,
shift,synonym,stir,
shift,synonym,switch,
shift,synonym,tilt,
shift,synonym,wobble,
shimmer,synonym,play,3
shine,synonym,beam,2
shine,synonym,gleam,3
shine,synonym,glint,3
shine,synonym,glisten,3
shine,synonym,glitter,3
shine,synonym,radiance,
shine,synonym,reflect,1
ship,synonym,cargo,
ship,synonym,embark,
ship,synonym,freight,
ship,synonym,load,
ship,synonym,send,2
ship,synonym,transport,2
shiver,synonym,chill,
shiver,synonym,quiver,
shiver,synonym,shake,3
shiver,synonym,shudder,1
shiver,synonym,thrill,1
shiver,synonym,throb,1
shiver,synonym,tremble,3
shock,synonym,appal,
shock,synonym,cushion,
shock,synonym,impact,2
shock,synonym,jar,
shock,synonym,jolt,
shock,synonym,offend,
shoot,similar,blast,1
shoot,similar,hit,1
shoot,similar,strike,1
shoot,synonym,blast,3
shoot,synonym,hit,1
shoot,synonym,inject,
shoot,synonym,photograph,
shoot,synonym,sprout,
shop,synonym,frequent,
shop,synonym,sponsor,
shop,synonym,store,1
short,antonym,long,1
short,antonym,tall,3
short,similar,brief,1
short,similar,close,2
short,similar,compact,3
short,similar,fleeting,1
short,similar,squat,3
short,similar,thick,3
short,synonym,little,3
short,synonym,scant,
short,synonym,shortly,
shortcoming,synonym,defect,1
shortcoming,synonym,defected,1
shortly,synonym,short,3
shortly,synonym,soon,2
shorts,synonym,drawer,2
shorts,synonym,trunk,1
shout,antonym,whisper,1
shout,similar,call,2
shout,similar,cry,2
shout,similar,exclaim,2
shout,similar,scream,3
shout,similar,yell,3
shout,synonym,call,2
shout,synonym,cry,2
shout,synonym,exclaim,3
shout,synonym,scream,2
shout,synonym,yell,2
shove,synonym,squeeze,3
shove,synonym,stuff,3
shove,synonym,thrust,3
show,antonym,hide,
show,synonym,demonstrate,1
show,synonym,depict,
show,synonym,designate,
show,synonym,display,
show,synonym,establish,2
show,synonym,evidence,3
show,synonym,exhibit,1
show,synonym,express,
show,synonym,indicate,
show,synonym,present,1
show,synonym,presented,1
show,synonym,prove,2
show,synonym,testify,3
show,synonym,usher,
shower,synonym,cascade,
shower,synonym,lavish,
shred,synonym,rag,2
shred,synonym,tag,2
shrewd,similar,hard,2
shrewd,similar,smart,1
shrewd,synonym,sharp,1
shriek,synonym,pipe,3
shriek,synonym,scream,1
shriek,synonym,screech,1
shrink,antonym,stretch,
shrink,synonym,reduce,3
shrink,synonym,wince,2
shrink,synonym,wither,1
shroud,synonym,hide,
shroud,synonym,sheet,2
shroud,synonym,tack,2
shrub,synonym,bush,1
shudder,synonym,chill,3
shudder,synonym,quiver,3
shudder,synonym,shiver,1
shudder,synonym,thrill,2
shudder,synonym,throb,2
shuffle,synonym,mix,3
shut,antonym,open,
shut,similar,close,1
shut,synonym,close,1
shut,synonym,closed,
shut,synonym,exclude,3
shuttle,synonym,bird,1
shy,similar,sufficient,2
shy,similar,wary,3
shy,synonym,sure,1
sic,synonym,set,2
sick,similar,dizzy,1
sick,similar,faint,1
sick,similar,green,1
sick,similar,ill,2
sick,similar,light,1
sick,similar,poor,1
sick,similar,sane,3
sick,similar,upset,1
sick,synonym,crazy,3
sick,synonym,grim,
sick,synonym,ill,1
sick,synonym,mad,3
sick,synonym,pale,
sick,synonym,vomit,
sick,synonym,wan,
side,antonym,bottom,
side,antonym,top,
side,synonym,incline,
side,synonym,slope,
sideline,synonym,hobby,3
sideline,synonym,pursuit,3
sift,synonym,strain,2
sight,synonym,batch,
sight,synonym,flock,
sight,synonym,heap,
sight,synonym,lot,
sight,synonym,mass,
sight,synonym,mint,
sight,synonym,mountain,
sight,synonym,pile,
sight,synonym,plenty,
sight,synonym,raft,
sight,synonym,stack,
sight,synonym,survey,
sight,synonym,view,
sight,synonym,vision,3
sign,synonym,bless,
sign,synonym,mansion,
sign,synonym,mark,1
sign,synonym,ratify,
sign,synonym,signal,3
sign,synonym,subscribe,
signal,synonym,indicate,
signal,synonym,sign,1
signature,synonym,touch,2
significance,synonym,import,2
significant,similar,considerable,2
significant,similar,fundamental,1
significant,similar,large,1
significant,similar,profound,1
significant,synonym,important,1
significant,synonym,pregnant,
significant,synonym,substantial,2
signify,similar,intend,2
signify,similar,mean,2
signify,synonym,intend,1
signify,synonym,mean,1
silence,antonym,sound,2
silence,synonym,hush,
silence,synonym,mute,3
silence,synonym,quiet,2
silence,synonym,secrecy,
silent,similar,implicit,3
silent,similar,quiet,1
silent,synonym,mum,2
silent,synonym,mute,
silent,synonym,still,1
silly,synonym,dizzy,2
silly,synonym,pathetic,3
silly,synonym,ridiculous,3
silver,synonym,eloquent,
silver,synonym,fluent,
similar,similar,akin,1
similar,similar,analogous,1
similar,similar,correspondent,1
similar,synonym,alike,2
similar,synonym,like,2
simple,antonym,complex,1
simple,antonym,compound,
simple,similar,easy,2
simple,similar,plain,3
simple,similar,sophisticated,1
simple,synonym,bare,3
simple,synonym,elementary,2
simple,synonym,mere,3
simplicity,antonym,complex,1
simplicity,synonym,ease,
simulate,synonym,assume,3
simulate,synonym,copy,1
simulate,synonym,imitate,1
simulate,synonym,model,2
simultaneous,synonym,concurrent,1
sincere,similar,dear,1
sincere,similar,earnest,1
sincere,similar,genuine,1
sincere,similar,honest,1
sincere,similar,serious,2
sincere,similar,true,1
sincere,synonym,earnest,2
sincere,synonym,solemn,2
single,antonym,double,2
single,antonym,multiple,3
single,similar,individual,1
single,similar,lone,3
single,similar,only,3
single,similar,respective,1
single,similar,several,1
single,similar,singular,1
single,similar,sole,3
single,similar,solitary,3
single,similar,unique,3
single,similar,various,1
single,synonym,ace,
single,synonym,exclusive,
single,synonym,individual,1
single,synonym,one,
single,synonym,unity,
singular,antonym,plural,
singular,similar,extraordinary,1
singular,similar,individual,3
singular,similar,single,3
singular,similar,strange,2
singular,similar,usual,2
singular,synonym,curious,2
singular,synonym,odd,2
singular,synonym,peculiar,2
singular,synonym,unique,
sinister,similar,evil,2
sinister,synonym,black,2
sinister,synonym,dark,2
sinister,synonym,ominous,1
sink,antonym,float,
sink,antonym,source,
sink,similar,drop,1
sink,similar,settle,2
sink,similar,slump,1
sink,synonym,drop,1
sink,synonym,lapse,3
sink,synonym,pass,3
sister,antonym,brother,1
sit,antonym,lie,1
sit,antonym,stand,1
sit,similar,seat,1
sit,synonym,pose,
sit,synonym,ride,
site,synonym,locate,
site,synonym,situation,2
situation,synonym,position,2
situation,synonym,post,
situation,synonym,site,
six,similar,cardinal,3
skeleton,synonym,frame,3
sketch,synonym,cartoon,
sketch,synonym,resume,3
sketch,synonym,study,1
sketch,synonym,survey,3
skill,synonym,acquisition,1
skill,synonym,science,2
skim,synonym,plane,1
skim,synonym,rake,3
skim,synonym,scan,3
skin,synonym,hide,3
skin,synonym,peel,
skin,synonym,scramble,
skin,synonym,struggle,
skinny,similar,lean,1
skinny,similar,thin,1
skinny,similar,tight,3
skip,synonym,cut,2
skip,synonym,hop,3
skip,synonym,jump,1
skip,synonym,omission,
skirt,synonym,bird,
skirt,synonym,doll,
skirt,synonym,evade,
skirt,synonym,surround,
sky,synonym,flip,2
sky,synonym,pitch,2
sky,synonym,toss,2
slack,synonym,slump,2
slam,synonym,bang,1
slam,synonym,barb,
slam,synonym,shaft,
slam,synonym,thrash,3
slap,synonym,bump,2
slap,synonym,smack,3
slash,synonym,lash,2
slash,synonym,slice,
slash,synonym,strap,2
slash,synonym,thrash,
slash,synonym,whip,2
slaughter,synonym,butcher,3
slaughter,synonym,massacre,3
slay,synonym,despatch,1
slay,synonym,hit,1
slay,synonym,murder,1
slay,synonym,off,1
slay,synonym,remove,1
slay,synonym,rock,3
slay,synonym,rocked,3
slay,synonym,rule,3
sleek,similar,bright,3
sleek,similar,smooth,2
sleek,synonym,slick,3
sleep,antonym,wake,1
sleep,synonym,nap,
sleeve,synonym,arm,1
slender,similar,lean,1
slender,similar,narrow,2
slender,similar,thin,1
slender,synonym,slight,1
slender,synonym,slim,1
slender,synonym,thin,2
slice,synonym,cut,3
slice,synonym,piece,1
slice,synonym,slash,3
slice,synonym,slit,
slick,synonym,glossy,2
slick,synonym,sleek,
slick,synonym,slip,1
slick,synonym,sly,
slide,synonym,slip,1
slight,similar,important,2
slight,similar,lean,3
slight,similar,significant,2
slight,similar,small,1
slight,similar,thin,3
slight,synonym,fragile,2
slight,synonym,little,1
slight,synonym,slender,3
slight,synonym,slim,3
slight,synonym,thin,2
slim,similar,lean,1
slim,similar,little,2
slim,similar,small,2
slim,similar,thin,1
slim,synonym,reduce,3
slim,synonym,slender,1
slim,synonym,slight,1
slim,synonym,thin,3
slip,synonym,err,
slip,synonym,slick,
slip,synonym,slide,3
slip,synonym,steal,1
slip,synonym,strip,
slip,synonym,trip,
slippery,similar,slick,1
slit,synonym,dent,
slit,synonym,slice,1
slop,synonym,spill,
slope,synonym,incline,1
slope,synonym,pitch,3
slope,synonym,side,1
slow,antonym,fast,1
slow,similar,lazy,1
slow,similar,stupid,3
slow,synonym,boring,
slow,synonym,dense,3
slow,synonym,dim,3
slow,synonym,dull,3
slow,synonym,dumb,3
slug,synonym,bullet,1
slug,synonym,punch,
slump,synonym,slack,1
sly,synonym,slick,1
smack,synonym,flavour,
smack,synonym,slap,
smack,synonym,smell,2
smack,synonym,taste,3
smack,synonym,thunder,
small,antonym,big,
small,antonym,large,1
small,similar,less,1
small,similar,little,1
small,similar,mature,3
small,similar,micro,1
small,similar,miniature,1
small,similar,minute,1
small,similar,significant,1
small,similar,slender,1
small,similar,slim,1
small,similar,tiny,1
small,similar,wee,1
small,similar,young,3
small,synonym,humble,
small,synonym,little,1
small,synonym,minor,2
small,synonym,modest,2
smart,antonym,stupid,1
smart,similar,clever,1
smart,similar,intelligent,3
smart,similar,sharp,1
smart,similar,shrewd,1
smart,synonym,ache,
smart,synonym,bright,3
smart,synonym,hurt,
smash,synonym,bankrupt,3
smash,synonym,bash,
smash,synonym,blast,1
smash,synonym,boom,1
smash,synonym,break,3
smash,synonym,dash,2
smash,synonym,nail,1
smash,synonym,ruin,3
smear,synonym,blot,3
smear,synonym,spot,3
smell,synonym,aroma,
smell,synonym,flavour,
smell,synonym,odour,
smell,synonym,scent,
smell,synonym,smack,
smell,synonym,spirit,
smile,synonym,grin,3
smoke,synonym,bullet,
smoke,synonym,fume,1
smoke,synonym,weed,
smooth,antonym,rough,1
smooth,similar,entire,3
smooth,similar,fast,1
smooth,similar,sleek,1
smooth,similar,velvet,1
smooth,synonym,bland,2
smooth,synonym,fluent,
smooth,synonym,tranquil,
snack,synonym,bite,1
snag,synonym,hitch,
snag,synonym,rent,
snap,synonym,breeze,
snap,synonym,bust,2
snap,synonym,click,
snap,synonym,crack,3
snap,synonym,photograph,
snap,synonym,picnic,
snap,synonym,snarl,1
snap,synonym,snatch,
snap,synonym,tear,2
snarl,synonym,maze,3
snarl,synonym,snap,
snarl,synonym,tangle,3
snatch,synonym,abduct,3
snatch,synonym,kidnap,3
snatch,synonym,snap,1
sneak,synonym,abstract,3
sneak,synonym,cabbage,3
sneak,synonym,creep,1
sneak,synonym,hook,3
sneak,synonym,lift,3
sneak,synonym,mouse,1
sneak,synonym,pinch,3
snipe,synonym,assail,
snort,synonym,bird,2
snort,synonym,hiss,2
snow,synonym,blow,3
snow,synonym,coke,3
so,synonym,hence,
so,synonym,indeed,
so,synonym,then,
so,synonym,therefore,
so,synonym,thus,
soak,synonym,hook,2
soak,synonym,pluck,2
soak,synonym,plume,2
soak,synonym,rob,2
soap,synonym,maximum,3
soap,synonym,scoop,3
soar,synonym,surge,1
soar,synonym,zoom,1
sober,similar,dry,1
sober,similar,serious,2
sober,synonym,grave,2
sober,synonym,solemn,2
social,similar,ethnic,2
socialism,antonym,capitalism,2
society,synonym,club,2
society,synonym,companion,3
society,synonym,company,3
society,synonym,fellow,3
society,synonym,guild,2
society,synonym,lodge,2
society,synonym,order,2
sock,synonym,bash,3
soda,synonym,pop,2
sofa,synonym,couch,1
sofa,synonym,lounge,1
soft,antonym,hard,1
soft,antonym,loud,3
soft,similar,dull,3
soft,similar,gentle,3
soft,similar,little,3
soft,similar,low,3
soft,similar,mute,3
soft,similar,quiet,3
soft,similar,small,3
soft,similar,stuffed,1
soft,similar,velvet,1
soft,synonym,dull,
soft,synonym,gentle,
soft,synonym,mild,
soft,synonym,piano,
software,antonym,hardware,1
soil,synonym,filth,1
soil,synonym,grease,1
soil,synonym,ground,3
soil,synonym,land,3
soil,synonym,stain,1
soil,synonym,territory,
sole,similar,single,2
sole,synonym,exclusive,1
sole,synonym,lone,2
sole,synonym,only,2
sole,synonym,solitary,2
solemn,similar,serious,1
solemn,synonym,earnest,2
solemn,synonym,grave,1
solemn,synonym,sincere,2
solemn,synonym,sober,1
solicit,similar,hook,3
solicit,synonym,beg,1
solicit,synonym,court,2
solicit,synonym,hook,3
solicit,synonym,romance,2
solicit,synonym,tap,1
solicit,synonym,woo,2
solid,antonym,hollow,3
solid,antonym,liquid,2
solid,similar,concrete,2
solid,similar,dry,2
solid,similar,good,1
solid,similar,massive,3
solid,synonym,hearty,
solid,synonym,square,
solid,synonym,unanimous,
solitary,similar,social,1
solitary,synonym,alone,3
solitary,synonym,lone,1
solitary,synonym,only,
solitary,synonym,sole,
solution,synonym,answer,2
solution,synonym,resolution,2
solution,synonym,result,2
solution,synonym,solvent,2
solve,synonym,clear,3
solve,synonym,lick,1
solve,synonym,resolve,2
solve,synonym,work,1
solvent,synonym,answer,2
solvent,synonym,resolution,2
solvent,synonym,result,2
solvent,synonym,solution,2
some,antonym,all,1
some,antonym,no,1
some,similar,any,1
some,similar,both,1
some,similar,extraordinary,3
some,similar,many,2
some,similar,several,1
some,similar,whatsoever,1
some,synonym,about,
some,synonym,former,
somewhat,synonym,jolly,2
somewhat,synonym,pretty,2
son,antonym,daughter,1
son,synonym,boy,1
son,synonym,cub,
son,synonym,lad,
song,synonym,strain,3
song,synonym,vocal,1
soon,synonym,rather,
soon,synonym,shortly,1
soothe,antonym,irritate,2
soothe,synonym,comfort,1
soothe,synonym,console,1
sophisticated,antonym,naive,1
sophisticated,similar,intellectual,3
sophisticated,similar,intelligent,1
sore,similar,angry,3
sore,similar,pleasant,2
sore,synonym,mad,3
sore,synonym,raw,1
sore,synonym,sensitive,1
sore,synonym,tender,1
sorrow,antonym,joy,1
sorrow,synonym,grief,3
sorrow,synonym,grieve,
sorrow,synonym,regret,2
sorry,similar,bad,2
sorry,similar,worth,3
sorry,synonym,bad,1
sorry,synonym,dismal,
sorry,synonym,sad,2
sort,synonym,classify,
sort,synonym,form,1
sort,synonym,kind,1
sort,synonym,variety,1
soul,synonym,individual,2
soul,synonym,mortal,2
soul,synonym,person,2
sound,antonym,silence,1
sound,synonym,audio,
sound,synonym,intelligent,
sound,synonym,legal,
sound,synonym,strait,
sour,antonym,sweet,2
sour,similar,acid,2
sour,similar,tart,2
source,antonym,sink,
source,synonym,author,
source,synonym,generator,
source,synonym,origin,1
source,synonym,root,1
source,synonym,seed,3
south,antonym,north,
southern,antonym,northern,1
southern,similar,grey,1
southern,similar,south,2
souvenir,synonym,relic,1
souvenir,synonym,token,1
sovereign,similar,dominant,3
sovereign,similar,free,2
sovereign,synonym,autonomous,2
sovereign,synonym,independent,2
sovereign,synonym,monarch,1
sovereign,synonym,reign,
sovereign,synonym,supreme,3
sow,similar,seed,3
sow,synonym,seed,1
space,synonym,infinite,1
span,synonym,bridge,
span,synonym,cross,1
span,synonym,pair,
span,synonym,sweep,1
span,synonym,traverse,1
spare,similar,lean,1
spare,similar,necessary,2
spare,similar,thin,1
spare,synonym,bare,
spare,synonym,excess,2
spare,synonym,extra,2
spare,synonym,free,3
spare,synonym,lavish,
spare,synonym,redundant,2
spare,synonym,surplus,2
spare,synonym,trim,1
spark,synonym,activate,1
spark,synonym,arc,
spark,synonym,flicker,3
spark,synonym,glint,3
spark,synonym,sparkle,2
spark,synonym,trigger,1
spark,synonym,trip,1
sparkle,synonym,foam,
sparkle,synonym,glisten,3
sparkle,synonym,glitter,2
sparkle,synonym,ice,
sparkle,synonym,light,1
sparkle,synonym,spark,1
sparse,synonym,thin,1
spawn,synonym,breed,2
speak,synonym,mouth,1
speak,synonym,talk,1
speak,synonym,utter,1
spear,synonym,gig,2
spear,synonym,lance,1
spear,synonym,shaft,1
special,similar,common,3
special,similar,extraordinary,2
special,similar,specific,1
special,synonym,extra,
special,synonym,particular,1
special,synonym,peculiar,1
specific,antonym,general,1
specific,antonym,generals,
specific,similar,particular,1
specific,similar,peculiar,1
specific,similar,proper,1
specific,similar,special,1
specific,similar,unique,1
specific,synonym,broad,
specify,similar,stipulate,1
specify,synonym,condition,1
specify,synonym,define,2
specify,synonym,determine,2
specify,synonym,fix,2
specify,synonym,intend,
specify,synonym,limit,2
specify,synonym,qualify,1
specify,synonym,set,2
specify,synonym,stipulate,1
spectacular,similar,conspicuous,3
spectacular,synonym,prominent,3
spectacular,synonym,salient,3
spectator,synonym,view,1
spectator,synonym,witness,1
spectre,synonym,ghost,2
spectre,synonym,shade,2
speculate,synonym,contemplate,3
speculate,synonym,meditate,3
speculate,synonym,muse,3
speculate,synonym,ponder,3
speculate,synonym,reflect,3
speculate,synonym,suppose,1
speech,synonym,address,1
speech,synonym,language,2
speech,synonym,lecture,
speed,synonym,accelerate,
speed,synonym,hurry,3
speed,synonym,rush,
speed,synonym,swift,2
speed,synonym,velocity,1
speed,synonym,zip,
spell,synonym,charm,
spell,synonym,import,2
spell,synonym,tour,
spell,synonym,while,
spell,synonym,write,3
spend,synonym,drop,2
spend,synonym,pass,1
sphere,synonym,area,1
sphere,synonym,arena,1
sphere,synonym,domain,1
sphere,synonym,field,1
sphere,synonym,orbit,1
sphere,synonym,sector,
spill,similar,shed,1
spill,similar,slop,2
spill,synonym,shed,3
spill,synonym,slop,1
spin,synonym,reel,1
spin,synonym,whirl,1
spine,synonym,back,1
spine,synonym,spur,2
spine,synonym,thorn,3
spiral,synonym,coil,
spirit,synonym,feel,2
spirit,synonym,flavour,2
spirit,synonym,intent,
spirit,synonym,liquor,
spirit,synonym,look,2
spirit,synonym,purport,
spirit,synonym,smell,2
spirit,synonym,tone,2
spit,synonym,acclaim,
spit,synonym,applaud,
spit,synonym,clap,
spit,synonym,sprinkle,3
spite,synonym,bruise,3
spite,synonym,hurt,3
spite,synonym,injure,3
spite,synonym,offend,3
spite,synonym,wound,3
splash,synonym,sprinkle,
splash,synonym,stir,2
splendid,similar,superior,2
splendid,synonym,brilliant,3
splendid,synonym,excellent,2
splendid,synonym,magnificent,3
splendid,synonym,mean,2
split,similar,cleave,2
split,synonym,break,3
split,synonym,burst,
split,synonym,cleave,2
split,synonym,divide,1
split,synonym,part,3
split,synonym,rent,
split,synonym,separate,1
spoil,synonym,baffle,
spoil,synonym,blow,1
spoil,synonym,corrupt,3
spoil,synonym,cross,
spoil,synonym,fluff,1
spoil,synonym,frustrate,
spoil,synonym,fumble,1
spoil,synonym,handle,1
spoil,synonym,impair,
spoil,synonym,mar,
spoil,synonym,thwart,
sponge,synonym,parasite,3
sponsor,synonym,frequent,3
sponsor,synonym,patron,
sponsor,synonym,shop,3
spontaneous,similar,instinct,1
spontaneous,similar,intuitive,1
sport,synonym,athlete,1
sport,synonym,boast,
sport,synonym,fun,
spot,synonym,bit,
spot,synonym,blot,
spot,synonym,discern,
spot,synonym,distinguish,
spot,synonym,patch,
spot,synonym,picket,
spot,synonym,place,1
spot,synonym,point,3
spot,synonym,recognize,
spot,synonym,scout,
spot,synonym,smear,
spot,synonym,spy,
spouse,synonym,mate,1
spouse,synonym,partner,1
spread,antonym,gather,1
spread,synonym,banquet,
spread,synonym,broadcast,
spread,synonym,circulate,
spread,synonym,diffuse,
spread,synonym,disseminate,
spread,synonym,distribute,1
spread,synonym,feast,
spread,synonym,gap,
spread,synonym,propagate,2
spread,synonym,ranch,
spread,synonym,scatter,
spring,synonym,bounce,
spring,synonym,fountain,3
spring,synonym,jump,
spring,synonym,leap,
sprinkle,synonym,disperse,1
sprinkle,synonym,dot,1
sprinkle,synonym,dust,1
sprinkle,synonym,scatter,1
sprinkle,synonym,spit,3
sprinkle,synonym,splash,2
sprint,synonym,dash,1
sprout,synonym,shoot,1
sprout,synonym,stock,2
spur,synonym,prod,1
spur,synonym,spine,2
spy,synonym,mole,
spy,synonym,spot,3
squad,synonym,team,2
square,antonym,round,1
square,similar,straightforward,2
square,similar,transparent,2
square,synonym,hearty,3
square,synonym,solid,3
square,synonym,straight,2
square,synonym,straightforward,
square,synonym,substantial,3
squash,synonym,crush,
squash,synonym,mash,
squash,synonym,squeeze,
squat,synonym,crouch,
squeak,synonym,creak,1
squeak,synonym,screech,1
squeak,synonym,whine,1
squeeze,synonym,coerce,
squeeze,synonym,compress,
squeeze,synonym,crush,1
squeeze,synonym,embrace,
squeeze,synonym,force,3
squeeze,synonym,hug,
squeeze,synonym,mash,1
squeeze,synonym,shove,
squeeze,synonym,squash,1
squeeze,synonym,thrust,
squeeze,synonym,wedge,3
stab,synonym,dig,3
stab,synonym,knife,1
stab,synonym,poke,3
stab,synonym,prod,3
stable,similar,firm,1
stable,similar,sound,2
stable,similar,steady,1
stable,synonym,fluid,
stable,synonym,precarious,
stable,synonym,static,
stack,synonym,batch,2
stack,synonym,deal,2
stack,synonym,flock,2
stack,synonym,hat,2
stack,synonym,heap,2
stack,synonym,lot,2
stack,synonym,mass,2
stack,synonym,mess,2
stack,synonym,mint,2
stack,synonym,mountain,2
stack,synonym,pile,2
stack,synonym,plenty,2
stack,synonym,pot,2
stack,synonym,raft,2
stack,synonym,sight,2
stadium,synonym,arena,1
stadium,synonym,bowl,1
staff,synonym,faculty,3
stage,synonym,arrange,
stage,synonym,degree,2
stage,synonym,level,2
stage,synonym,phase,1
stage,synonym,point,2
stage,synonym,presented,
stagger,synonym,lurch,1
stagger,synonym,reel,2
stagger,synonym,stumble,1
stain,synonym,dye,
stain,synonym,filth,3
stain,synonym,grease,3
stain,synonym,soil,3
stairs,synonym,step,1
stake,synonym,adventure,
stake,synonym,interest,1
stake,synonym,post,2
stalk,synonym,haunt,2
stalk,synonym,stem,
stalk,synonym,straw,
stall,synonym,booth,2
stall,synonym,stand,3
stamp,synonym,cast,1
stamp,synonym,impression,3
stamp,synonym,mould,1
stamp,synonym,stereotype,
stance,synonym,position,2
stance,synonym,posture,2
stand,antonym,lie,1
stand,antonym,sit,1
stand,antonym,yield,
stand,synonym,abide,
stand,synonym,endure,
stand,synonym,fend,
stand,synonym,stall,
stand,synonym,suffer,
stand,synonym,tolerate,
standard,synonym,banner,
standard,synonym,criteria,1
standard,synonym,measure,1
staple,synonym,basic,1
star,synonym,ace,2
star,synonym,champion,2
star,synonym,genius,2
star,synonym,sensation,2
star,synonym,wizard,2
stare,synonym,gaze,1
stark,similar,moderate,3
stark,similar,plain,2
stark,synonym,austere,2
stark,synonym,barren,
stark,synonym,bleak,
stark,synonym,blunt,1
stark,synonym,crude,1
stark,synonym,perfect,
stark,synonym,pure,
stark,synonym,severe,2
stark,synonym,stern,2
stark,synonym,thorough,
stark,synonym,utter,
start,antonym,finish,
start,antonym,stop,
start,similar,begin,1
start,synonym,begin,1
start,synonym,commence,1
start,synonym,depart,3
start,synonym,first,
start,synonym,get,1
start,synonym,initiate,
start,synonym,jump,
start,synonym,originate,
start,synonym,outset,
start,synonym,part,3
start,synonym,resume,
start,synonym,startle,
startle,synonym,jump,2
startle,synonym,start,2
starve,antonym,feed,3
starve,synonym,crave,
starve,synonym,lust,
state,synonym,commonwealth,
state,synonym,country,
state,synonym,nation,
state,synonym,province,1
state,synonym,say,
state,synonym,submit,
state,synonym,tell,
states,synonym,province,1
static,synonym,active,1
static,synonym,stable,3
static,synonym,still,1
station,synonym,place,2
station,synonym,post,
stature,synonym,height,2
status,synonym,condition,2
status,synonym,position,1
stay,antonym,change,1
stay,antonym,depart,2
stay,antonym,move,2
stay,synonym,abide,3
stay,synonym,delay,
stay,synonym,detain,
stay,synonym,hitch,
stay,synonym,persist,2
stay,synonym,remain,1
stay,synonym,rest,1
stay,synonym,stick,2
steady,similar,even,1
steady,similar,firm,1
steady,similar,level,1
steady,similar,regular,1
steady,similar,secure,3
steady,similar,stable,2
steady,similar,sure,1
steady,synonym,brace,
steady,synonym,firm,2
steal,synonym,bargain,
steal,synonym,rip,1
steal,synonym,slip,2
steel,synonym,blade,2
steel,synonym,brand,2
steel,synonym,sword,2
steep,antonym,gradual,1
steep,similar,abrupt,1
steep,similar,bluff,1
steep,similar,bold,1
steep,similar,heavy,1
steep,similar,high,3
steep,similar,moderate,2
steep,similar,sharp,1
steep,similar,sheer,1
steep,synonym,immerse,
steer,synonym,direct,1
steer,synonym,guide,1
steer,synonym,head,1
steer,synonym,point,1
steer,synonym,tip,
stem,synonym,base,1
stem,synonym,fore,
stem,synonym,radical,1
stem,synonym,root,1
stem,synonym,stalk,2
stem,synonym,theme,1
step,synonym,measure,1
step,synonym,pace,2
step,synonym,stairs,
step,synonym,stride,2
step,synonym,tread,
stereotype,synonym,stamp,2
sterile,antonym,fertile,1
sterile,similar,barren,1
sterile,synonym,fertile,1
sterling,similar,superior,2
sterling,synonym,great,2
stern,similar,strict,3
stern,synonym,ass,2
stern,synonym,austere,3
stern,synonym,behind,2
stern,synonym,bottom,2
stern,synonym,bum,2
stern,synonym,bun,2
stern,synonym,butt,2
stern,synonym,can,2
stern,synonym,grim,
stern,synonym,quarter,1
stern,synonym,rear,2
stern,synonym,relentless,
stern,synonym,seat,2
stern,synonym,severe,
stern,synonym,stark,
stern,synonym,tail,1
stew,synonym,brood,3
stew,synonym,fret,1
stew,synonym,grudge,
stew,synonym,sweat,1
stick,similar,adhere,3
stick,similar,cleave,3
stick,similar,cling,3
stick,synonym,adhere,3
stick,synonym,amaze,
stick,synonym,baffle,
stick,synonym,bewilder,
stick,synonym,bind,3
stick,synonym,bond,3
stick,synonym,cleave,
stick,synonym,cling,
stick,synonym,deposit,1
stick,synonym,lodge,1
stick,synonym,peg,
stick,synonym,persist,2
stick,synonym,puzzle,
stick,synonym,remain,2
stick,synonym,stay,2
stick,synonym,wedge,1
sticky,similar,wet,2
stiff,similar,formal,3
stiff,similar,mobile,1
stiff,similar,strong,2
stiff,synonym,clay,
stiff,synonym,corpse,
stiff,synonym,potent,
stiff,synonym,rigid,
stifle,antonym,stimulate,2
stifle,synonym,choke,3
stifle,synonym,damp,2
stifle,synonym,knee,
stifle,synonym,muffle,1
stifle,synonym,repress,1
stifle,synonym,strangle,1
still,synonym,even,3
still,synonym,however,2
still,synonym,hush,
still,synonym,nevertheless,2
still,synonym,nonetheless,2
still,synonym,notwithstanding,2
still,synonym,silent,
still,synonym,static,
still,synonym,tranquil,
still,synonym,yet,2
stimulate,antonym,stifle,1
stimulate,synonym,cause,2
stimulate,synonym,excite,1
stimulate,synonym,get,2
stimulate,synonym,have,2
stimulate,synonym,induce,2
stimulate,synonym,make,2
stimulate,synonym,provoke,
stimulate,synonym,shake,3
stimulate,synonym,stir,3
stimulus,synonym,input,1
sting,synonym,bite,3
sting,synonym,con,
stink,synonym,blow,2
stink,synonym,bum,
stink,synonym,crumb,
stink,synonym,rat,
stink,synonym,suck,2
stipulate,similar,condition,2
stipulate,similar,qualify,2
stipulate,similar,specify,2
stipulate,synonym,condition,1
stipulate,synonym,qualify,1
stipulate,synonym,specify,1
stir,synonym,agitate,2
stir,synonym,arouse,
stir,synonym,bustle,
stir,synonym,conjure,
stir,synonym,excite,3
stir,synonym,invoke,
stir,synonym,shift,2
stir,synonym,splash,
stir,synonym,stimulate,3
stir,synonym,touch,
stitch,synonym,sew,1
stock,synonym,commonplace,
stock,synonym,fund,
stock,synonym,inventory,2
stock,synonym,lineage,
stock,synonym,sprout,
stock,synonym,store,
stomach,synonym,abdomen,2
stomach,synonym,abide,
stomach,synonym,belly,2
stomach,synonym,endure,
stomach,synonym,suffer,
stomach,synonym,tolerate,
stone,synonym,gem,
stone,synonym,pit,
stone,synonym,rock,1
stool,synonym,pot,
stool,synonym,throne,
stool,synonym,toilet,
stoop,synonym,bend,1
stoop,synonym,bow,1
stoop,synonym,crouch,1
stop,antonym,start,1
stop,synonym,arrest,
stop,synonym,block,3
stop,synonym,break,2
stop,synonym,cease,2
stop,synonym,finish,
stop,synonym,halt,1
stop,synonym,hitch,
stop,synonym,intercept,
stop,synonym,quit,2
stop,synonym,terminate,
store,synonym,depot,
store,synonym,fund,2
store,synonym,memory,3
store,synonym,shop,1
store,synonym,stock,2
story,synonym,account,
story,synonym,chronicle,
story,synonym,floor,3
story,synonym,history,
story,synonym,level,3
story,synonym,report,
story,synonym,tale,1
stout,synonym,overweight,
stout,synonym,sturdy,
stove,synonym,range,1
straight,synonym,consecutive,
straight,synonym,direct,1
straight,synonym,flat,2
straight,synonym,heterosexual,
straight,synonym,square,
straight,synonym,straightforward,
straightforward,similar,ambiguous,1
straightforward,similar,direct,2
straightforward,similar,equivocal,1
straightforward,similar,square,3
straightforward,similar,straight,3
straightforward,synonym,square,2
straightforward,synonym,straight,2
strain,synonym,air,3
strain,synonym,filter,
strain,synonym,line,3
strain,synonym,melody,3
strain,synonym,sift,
strain,synonym,song,
strain,synonym,stress,2
strain,synonym,strive,
strain,synonym,tense,
strain,synonym,tune,3
strait,similar,narrow,3
strait,synonym,pass,2
strait,synonym,sound,1
strand,synonym,chain,3
strand,synonym,string,3
strange,antonym,familiar,1
strange,similar,alien,3
strange,similar,crazy,1
strange,similar,curious,1
strange,similar,eerie,1
strange,similar,exotic,1
strange,similar,familiar,2
strange,similar,fantastic,1
strange,similar,gothic,1
strange,similar,odd,1
strange,similar,other,1
strange,similar,peculiar,1
strange,similar,singular,1
strange,similar,weird,1
strange,synonym,foreign,3
strange,synonym,usual,1
strangle,synonym,hamper,
strangle,synonym,muffle,2
strangle,synonym,repress,2
strangle,synonym,stifle,2
strap,synonym,lash,
strap,synonym,slash,
strap,synonym,whip,
strategy,synonym,scheme,1
straw,synonym,stalk,2
straw,synonym,wheat,3
stray,synonym,drift,
stray,synonym,err,
stray,synonym,ramble,
stray,synonym,roam,
stray,synonym,rove,
stray,synonym,wander,
streak,synonym,bar,3
streak,synonym,run,1
streak,synonym,stripe,3
stream,synonym,current,2
stream,synonym,flow,2
stream,synonym,pour,
strength,synonym,force,3
strength,synonym,posture,2
stress,synonym,accent,1
stress,synonym,emphasis,1
stress,synonym,emphasise,
stress,synonym,focus,3
stress,synonym,punctuate,
stress,synonym,strain,
stress,synonym,tense,2
stretch,antonym,shrink,
stretch,similar,extend,3
stretch,synonym,dilute,
stretch,synonym,extend,2
stretch,synonym,fold,3
strict,similar,austere,3
strict,similar,blue,3
strict,similar,correct,3
strict,similar,exact,1
strict,similar,severe,3
strict,similar,stern,3
strict,synonym,rigid,
stride,synonym,pace,1
stride,synonym,step,2
stride,synonym,tread,1
strike,similar,hit,1
strike,similar,move,2
strike,similar,prompt,2
strike,similar,propel,2
strike,synonym,affect,2
strike,synonym,attain,
strike,synonym,coin,
strike,synonym,excise,
strike,synonym,hit,3
strike,synonym,impress,2
strike,synonym,move,2
strike,synonym,rap,
string,synonym,strand,
string,synonym,term,
string,synonym,train,
string,synonym,twine,1
stringent,synonym,tight,1
strip,synonym,deprive,
strip,synonym,dismantle,
strip,synonym,peel,
strip,synonym,rifle,
strip,synonym,slip,2
stripe,synonym,band,1
stripe,synonym,streak,
strive,synonym,endeavour,1
strive,synonym,reach,2
strive,synonym,strain,2
stroke,synonym,accident,
stroke,synonym,throw,2
strong,antonym,weak,1
strong,similar,hard,1
strong,similar,intense,2
strong,similar,muscular,1
strong,similar,robust,1
strong,similar,severe,1
strong,similar,sound,1
strong,similar,stiff,1
strong,synonym,potent,3
structure,synonym,base,
structure,synonym,foundation,
structure,synonym,infrastructure,
struggle,synonym,battle,
struggle,synonym,conflict,
struggle,synonym,fight,1
struggle,synonym,scramble,3
struggle,synonym,skin,3
student,synonym,pupil,1
student,synonym,scholar,2
study,synonym,analyse,
study,synonym,consider,
study,synonym,contemplate,
study,synonym,discipline,
study,synonym,examine,
study,synonym,meditate,
study,synonym,report,3
study,synonym,sketch,
study,synonym,subject,
study,synonym,survey,1
study,synonym,work,2
stuff,synonym,material,1
stuff,synonym,shove,
stuff,synonym,thrust,
stuffed,similar,full,1
stumble,synonym,falter,1
stumble,synonym,hit,3
stumble,synonym,lurch,
stumble,synonym,stagger,
stumble,synonym,trip,2
stupid,antonym,smart,1
stupid,similar,dense,1
stupid,similar,dim,1
stupid,similar,dull,1
stupid,similar,dumb,1
stupid,similar,slow,1
stupid,similar,thick,1
stupid,similar,weak,1
stupid,synonym,intelligent,3
sturdy,similar,robust,1
sturdy,similar,rugged,3
sturdy,synonym,flexible,2
sturdy,synonym,stout,1
sturdy,synonym,tough,3
style,synonym,dash,
style,synonym,fashion,1
style,synonym,manner,1
style,synonym,mode,1
style,synonym,way,1
subdue,synonym,conquer,2
subdue,synonym,overcome,
subdue,synonym,reduce,1
subdue,synonym,repress,1
subdue,synonym,suppress,2
subdue,synonym,tame,
subject,synonym,capable,
subject,synonym,content,2
subject,synonym,discipline,3
subject,synonym,field,3
subject,synonym,issue,
subject,synonym,matter,
subject,synonym,study,3
subject,synonym,theme,1
subject,synonym,topic,1
subjective,antonym,objective,1
submarine,synonym,bomb,2
submarine,synonym,hero,2
submarine,synonym,wedge,2
submerge,synonym,drown,2
submerge,synonym,overwhelm,2
submission,synonym,entry,1
submit,synonym,bow,
submit,synonym,defer,
submit,synonym,relegate,
submit,synonym,state,2
subordinate,antonym,dominant,1
subordinate,similar,associate,1
subordinate,similar,subject,2
subordinate,similar,under,1
subordinate,synonym,subsidiary,
subscribe,synonym,pledge,
subscribe,synonym,sign,2
subscribe,synonym,support,3
subsequent,similar,consequent,1
subsequent,similar,incidental,1
subsequent,similar,late,1
subside,synonym,settle,3
subsidiary,synonym,subordinate,1
subsist,similar,endure,1
subsist,similar,go,1
subsist,similar,last,1
subsist,similar,live,1
subsist,similar,survive,1
subsist,synonym,exist,1
subsist,synonym,live,1
subsist,synonym,survive,1
substance,synonym,centre,2
substance,synonym,consistency,
substance,synonym,content,
substance,synonym,core,2
substance,synonym,essence,2
substance,synonym,heart,2
substance,synonym,in,2
substance,synonym,meat,2
substance,synonym,message,
substance,synonym,sum,2
substantial,similar,considerable,1
substantial,similar,essential,2
substantial,synonym,affluent,
substantial,synonym,hearty,
substantial,synonym,material,3
substantial,synonym,real,3
substantial,synonym,significant,1
substantial,synonym,square,
substantial,synonym,substantive,2
substantive,antonym,adjective,2
substantive,similar,essential,1
substantive,synonym,essential,2
substantive,synonym,substantial,1
substitute,synonym,alternate,
substitute,synonym,alternative,
substitute,synonym,relief,3
substitute,synonym,reserve,2
subtle,synonym,elusive,1
subvert,synonym,corrupt,2
subvert,synonym,overthrow,1
subvert,synonym,undermine,3
succeed,antonym,fail,1
succeed,antonym,precede,2
succeed,synonym,follow,2
succeed,synonym,win,1
success,antonym,failure,1
succession,synonym,heir,
succession,synonym,sequence,1
succumb,antonym,survive,2
succumb,synonym,yield,1
such,similar,much,1
suck,similar,nurse,1
suck,synonym,stink,
sudden,antonym,gradual,1
sudden,similar,abrupt,1
sudden,similar,sharp,1
suffer,antonym,enjoy,1
suffer,similar,ache,3
suffer,similar,have,2
suffer,similar,hurt,3
suffer,synonym,abide,3
suffer,synonym,bear,3
suffer,synonym,digest,3
suffer,synonym,endure,1
suffer,synonym,get,2
suffer,synonym,have,2
suffer,synonym,stand,3
suffer,synonym,stomach,3
suffer,synonym,support,3
suffer,synonym,sustain,2
suffer,synonym,tolerate,3
suffice,synonym,answer,1
suffice,synonym,do,1
suffice,synonym,serve,1
sufficient,similar,adequate,1
sufficient,similar,enough,1
sugar,synonym,bread,3
sugar,synonym,cabbage,3
sugar,synonym,carbohydrate,2
sugar,synonym,dough,3
sugar,synonym,lettuce,3
sugar,synonym,loot,3
sugar,synonym,scratch,3
suggest,synonym,advise,1
suggest,synonym,hint,2
suggest,synonym,intimate,3
suggest,synonym,propose,1
suit,synonym,accommodate,
suit,synonym,case,2
suit,synonym,cause,2
suit,synonym,fit,
suite,synonym,room,2
sum,synonym,aggregate,
sum,synonym,amount,1
sum,synonym,essence,
sum,synonym,meat,
sum,synonym,substance,
sum,synonym,total,2
summary,similar,official,2
summary,synonym,compact,3
summit,synonym,crest,2
summit,synonym,crown,2
summit,synonym,height,1
summit,synonym,peak,1
summit,synonym,tip,2
summit,synonym,top,1
summon,synonym,cite,1
summon,synonym,mobilise,
summon,synonym,muster,
super,similar,big,3
super,similar,comprehensive,2
super,similar,large,3
super,similar,superior,1
super,synonym,ace,1
super,synonym,crack,1
super,synonym,superintendent,
superb,similar,good,2
superb,similar,superior,1
superb,synonym,brilliant,1
superficial,antonym,profound,1
superficial,similar,apparent,1
superficial,similar,important,3
superficial,similar,neat,1
superficial,similar,ostensible,1
superficial,similar,shallow,1
superficial,similar,significant,3
superficial,similar,slick,1
superficial,synonym,trivial,3
superintendent,synonym,super,2
superior,antonym,inferior,1
superior,similar,ace,1
superior,similar,arch,2
superior,similar,banner,1
superior,similar,boss,1
superior,similar,brilliant,1
superior,similar,capital,1
superior,similar,choice,1
superior,similar,classic,1
superior,similar,crack,1
superior,similar,dominant,3
superior,similar,eminent,2
superior,similar,excellent,1
superior,similar,great,1
superior,similar,high,2
superior,similar,mean,1
superior,similar,premium,1
superior,similar,prime,1
superior,similar,prize,1
superior,similar,quality,1
superior,similar,select,1
superior,similar,splendid,1
superior,similar,sterling,1
superior,similar,super,1
superior,similar,superb,1
superior,similar,supreme,1
superior,similar,upper,2
superior,synonym,master,
supervise,synonym,manage,1
supervise,synonym,monitor,2
supervise,synonym,oversee,1
supplement,synonym,accessory,3
supply,antonym,demand,2
supply,synonym,add,
supply,synonym,cater,
supply,synonym,furnish,
supply,synonym,offer,
supply,synonym,provide,
supply,synonym,provision,3
supply,synonym,render,
support,similar,back,3
support,similar,endorse,3
support,similar,second,3
support,synonym,abide,
support,synonym,affirm,
support,synonym,back,3
support,synonym,confirm,
support,synonym,defend,
support,synonym,endorse,3
support,synonym,endure,
support,synonym,subscribe,
support,synonym,suffer,
support,synonym,tolerate,
support,synonym,underpin,
suppose,synonym,guess,2
suppose,synonym,imagine,2
suppose,synonym,presuppose,
suppose,synonym,reckon,2
suppose,synonym,say,1
suppose,synonym,speculate,3
suppose,synonym,think,2
suppress,synonym,conquer,1
suppress,synonym,crush,2
suppress,synonym,inhibit,3
suppress,synonym,oppress,2
suppress,synonym,subdue,1
supreme,similar,dominant,2
supreme,similar,superior,3
supreme,similar,ultimate,1
supreme,synonym,sovereign,2
sure,similar,confident,1
sure,similar,positive,1
sure,synonym,certain,1
sure,synonym,shy,
surf,similar,browse,3
surf,similar,shop,3
surf,synonym,browse,3
surface,antonym,overhead,
surge,synonym,heave,
surge,synonym,rush,1
surge,synonym,soar,
surge,synonym,zoom,
surgical,antonym,medical,2
surgical,similar,accurate,3
surpass,synonym,exceed,2
surpass,synonym,excel,1
surpass,synonym,pass,3
surpass,synonym,transcend,
surplus,similar,necessary,2
surplus,synonym,excess,1
surplus,synonym,extra,2
surplus,synonym,redundant,2
surplus,synonym,spare,2
surreal,similar,real,1
surrender,antonym,resist,1
surrender,synonym,deliver,2
surround,synonym,border,1
surround,synonym,environment,
surround,synonym,ring,1
surround,synonym,skirt,1
survey,synonym,appraise,
survey,synonym,resume,2
survey,synonym,sight,3
survey,synonym,sketch,2
survey,synonym,study,1
survey,synonym,view,3
survive,antonym,succumb,2
survive,similar,be,1
survive,similar,endure,3
survive,similar,exist,1
survive,similar,go,3
survive,similar,last,3
survive,similar,live,1
survive,similar,subsist,1
survive,synonym,endure,1
survive,synonym,exist,3
survive,synonym,go,1
survive,synonym,last,1
survive,synonym,lasted,1
survive,synonym,live,1
survive,synonym,subsist,3
susceptible,similar,capable,1
susceptible,similar,liable,1
susceptible,similar,open,1
susceptible,similar,subject,1
susceptible,similar,vulnerable,1
suspect,synonym,defendant,
suspect,synonym,distrust,2
suspicion,synonym,distrust,2
suspicion,synonym,hunch,1
suspicion,synonym,intuition,1
sustain,similar,have,2
sustain,synonym,affirm,
sustain,synonym,confirm,
sustain,synonym,get,2
sustain,synonym,have,2
sustain,synonym,maintain,
sustain,synonym,nourish,3
sustain,synonym,nurture,3
sustain,synonym,prolong,1
sustain,synonym,suffer,2
swallow,synonym,bury,3
swallow,synonym,immerse,3
swap,synonym,switch,1
swap,synonym,trade,1
swarm,synonym,cloud,2
swarm,synonym,pour,
sway,similar,carry,3
sway,similar,rock,1
sway,synonym,carry,3
sway,synonym,persuade,3
sway,synonym,rock,1
sway,synonym,rocked,1
sway,synonym,shake,1
sway,synonym,swing,2
swear,synonym,affirm,2
swear,synonym,assert,2
swear,synonym,bet,
swear,synonym,curse,1
swear,synonym,depend,
swear,synonym,rely,
swear,synonym,verify,2
sweat,synonym,effort,
sweat,synonym,fret,2
sweat,synonym,stew,2
sweep,similar,brush,1
sweep,similar,sail,1
sweep,synonym,brush,1
sweep,synonym,drag,
sweep,synonym,expanse,
sweep,synonym,sail,2
sweep,synonym,span,
sweep,synonym,tangle,
sweep,synonym,traverse,
sweet,antonym,dry,
sweet,antonym,sour,1
sweet,synonym,dessert,
swell,similar,good,1
swell,synonym,bulge,
swell,synonym,bully,1
swell,synonym,bump,
swell,synonym,great,1
swell,synonym,keen,1
swell,synonym,lump,
swell,synonym,neat,1
swell,synonym,old,1
swell,synonym,prominence,
swell,synonym,vain,
swift,similar,fast,1
swift,synonym,fleet,1
swift,synonym,speed,
swim,similar,float,2
swim,synonym,float,2
swing,synonym,dangle,
swing,synonym,sway,2
swirl,synonym,whirl,1
switch,similar,change,3
switch,similar,commute,3
switch,similar,convert,3
switch,similar,exchange,3
switch,synonym,change,3
switch,synonym,exchange,1
switch,synonym,flip,
switch,synonym,shift,3
switch,synonym,swap,2
switch,synonym,trade,2
sword,synonym,blade,1
sword,synonym,brand,1
sword,synonym,steel,1
symmetry,antonym,asymmetry,1
symmetry,synonym,balance,1
symmetry,synonym,proportion,2
syndicate,synonym,consortium,2
syndicate,synonym,family,1
syndicate,synonym,mob,1
syndicate,synonym,pool,2
synthetic,antonym,analytic,2
synthetic,similar,artificial,1
synthetic,similar,real,1
system,synonym,scheme,2
tab,synonym,check,1
tab,synonym,pill,
tab,synonym,tabloid,2
table,synonym,defer,
table,synonym,postpone,
tablet,synonym,pad,2
tablet,synonym,pill,
tabloid,synonym,rag,2
tabloid,synonym,sheet,2
tabloid,synonym,tab,1
tack,synonym,assemble,
tack,synonym,saddle,3
tack,synonym,shroud,
tackle,synonym,harness,2
tackle,synonym,undertake,1
tag,synonym,chase,
tag,synonym,mark,
tag,synonym,rag,3
tag,synonym,shred,3
tag,synonym,ticket,1
tail,antonym,head,
tail,synonym,ass,
tail,synonym,behind,
tail,synonym,bottom,
tail,synonym,chase,
tail,synonym,seat,
tail,synonym,stern,
tailor,synonym,cut,3
tailor,synonym,orient,2
tailor,synonym,sew,
take,antonym,give,
take,synonym,accept,
take,synonym,acquire,
take,synonym,aim,
take,synonym,assume,
take,synonym,bring,
take,synonym,carry,
take,synonym,choose,
take,synonym,conduct,3
take,synonym,consider,
take,synonym,consume,
take,synonym,deal,
take,synonym,direct,3
take,synonym,guide,3
take,synonym,hire,
take,synonym,lead,3
take,synonym,necessitate,
take,synonym,need,
take,synonym,occupy,2
take,synonym,remove,
take,synonym,require,
take,synonym,select,
take,synonym,yield,
tale,synonym,story,1
talent,synonym,gift,1
talk,synonym,lecture,
talk,synonym,mouth,2
talk,synonym,speak,1
talk,synonym,utter,2
tall,antonym,short,1
tall,similar,long,1
tally,similar,accord,1
tally,similar,agree,1
tally,similar,check,1
tally,synonym,agree,1
tally,synonym,check,1
tally,synonym,correspond,1
tally,synonym,fit,1
tally,synonym,match,1
tally,synonym,score,2
tame,antonym,wild,
tame,synonym,cultivate,3
tame,synonym,moderate,2
tame,synonym,subdue,1
tangible,similar,concrete,2
tangible,similar,real,3
tangible,synonym,real,2
tangle,synonym,drag,1
tangle,synonym,knot,2
tangle,synonym,maze,
tangle,synonym,snarl,
tangle,synonym,sweep,1
tangle,synonym,unravel,
tanker,synonym,oil,1
tap,synonym,beg,
tap,synonym,exploit,
tap,synonym,intercept,
tap,synonym,pat,
tap,synonym,rap,
tap,synonym,solicit,
tap,synonym,tip,3
target,synonym,mark,1
target,synonym,object,
target,synonym,objective,
target,synonym,prey,2
target,synonym,quarry,2
tariff,synonym,duty,1
tart,synonym,prostitute,1
tart,synonym,whore,1
task,synonym,chore,2
task,synonym,job,2
task,synonym,labour,1
task,synonym,project,1
taste,synonym,savour,
taste,synonym,smack,
taunt,synonym,bait,1
taunt,synonym,rag,1
taunt,synonym,rally,1
taunt,synonym,ride,1
taunt,synonym,tease,1
tax,similar,assess,3
tax,synonym,assess,3
tax,synonym,revenue,
taxi,synonym,cab,1
taxi,synonym,hack,1
teach,synonym,instruct,1
teach,synonym,learn,1
team,synonym,squad,1
tear,synonym,bust,1
tear,synonym,rent,
tear,synonym,snap,1
tease,synonym,bait,2
tease,synonym,bug,1
tease,synonym,flirt,
tease,synonym,rag,2
tease,synonym,rally,2
tease,synonym,ride,2
tease,synonym,taunt,2
technical,synonym,expert,
technology,synonym,engineer,2
teen,similar,mature,2
teen,similar,young,2
teen,synonym,adolescent,1
teen,synonym,teenage,2
teenage,similar,mature,1
teenage,similar,young,1
teenage,synonym,adolescent,1
teenage,synonym,teen,1
telegraph,synonym,cable,2
telegraph,synonym,wire,2
telephone,similar,call,3
telephone,synonym,call,3
telephone,synonym,ring,3
telescope,synonym,scope,1
television,synonym,video,1
tell,similar,say,1
tell,synonym,assure,
tell,synonym,count,3
tell,synonym,differentiate,
tell,synonym,distinguish,
tell,synonym,narrate,3
tell,synonym,recite,3
tell,synonym,reiterate,
tell,synonym,repeat,
tell,synonym,say,1
tell,synonym,state,1
temper,synonym,humour,2
temper,synonym,mood,2
temperament,synonym,disposition,1
temporal,similar,permanent,1
temporal,similar,temporary,1
temporal,synonym,secular,
temporary,similar,interim,1
temporary,similar,temporal,1
temporary,similar,transient,1
temporary,synonym,permanent,1
temporary,synonym,regular,2
tempt,synonym,entice,2
tempt,synonym,invite,3
tempt,synonym,lure,2
ten,similar,cardinal,3
ten,synonym,decade,1
tenant,synonym,rent,1
tend,synonym,incline,1
tend,synonym,lean,1
tend,synonym,run,1
tender,antonym,tough,1
tender,similar,mature,3
tender,similar,young,3
tender,synonym,bid,
tender,synonym,fond,
tender,synonym,raw,2
tender,synonym,sensitive,2
tender,synonym,sore,2
tense,antonym,relax,
tense,synonym,strain,2
tense,synonym,stress,
tent,synonym,camp,3
tentative,synonym,provisional,1
term,synonym,condition,3
term,synonym,footing,
term,synonym,price,
term,synonym,string,3
terminal,antonym,intermediate,
terminal,synonym,depot,1
terminal,synonym,end,3
terminal,synonym,final,
terminal,synonym,pole,2
terminate,synonym,cease,2
terminate,synonym,displace,
terminate,synonym,end,1
terminate,synonym,finish,2
terminate,synonym,sack,
terminate,synonym,stop,2
terminology,synonym,language,1
terrace,synonym,bench,2
terrace,synonym,patio,1
terrible,similar,bad,2
terrible,similar,intense,3
terrible,synonym,awful,1
terrible,synonym,dire,1
terrible,synonym,dread,1
terrible,synonym,dreadful,1
terrible,synonym,horrific,1
terrible,synonym,severe,3
terrible,synonym,tremendous,
terrible,synonym,wicked,3
terrific,similar,extraordinary,2
terrific,similar,intense,1
terrific,synonym,fantastic,2
terrific,synonym,grand,2
terrific,synonym,tremendous,2
territory,synonym,district,1
territory,synonym,soil,3
terror,synonym,panic,1
terror,synonym,threat,2
test,synonym,exam,3
test,synonym,quiz,
test,synonym,trial,1
test,synonym,try,
testament,synonym,will,2
testify,synonym,evidence,2
testify,synonym,prove,2
testify,synonym,show,2
textile,synonym,cloth,1
textile,synonym,fabric,1
textile,synonym,material,1
theatre,synonym,drama,2
theatre,synonym,field,3
theatre,synonym,house,1
theft,synonym,thief,1
theme,synonym,idea,3
theme,synonym,motif,2
theme,synonym,paper,
theme,synonym,root,
theme,synonym,stem,
theme,synonym,subject,1
theme,synonym,topic,1
then,synonym,so,1
theoretical,antonym,empirical,1
theoretical,similar,abstract,2
theoretical,similar,hypothetical,1
theoretical,similar,metaphysic,1
theoretical,similar,pure,2
theory,synonym,hypothesis,2
theory,synonym,possible,2
therapeutic,synonym,cure,3
therapeutic,synonym,remedy,3
there,antonym,here,1
therefore,synonym,hence,1
therefore,synonym,so,1
therefore,synonym,thus,1
thermal,similar,hot,3
thick,antonym,thin,1
thick,similar,deep,1
thick,similar,dense,3
thick,similar,fat,1
thick,similar,heavy,1
thick,synonym,dense,2
thick,synonym,midst,
thief,synonym,theft,
thin,antonym,fat,2
thin,antonym,full,
thin,antonym,thick,1
thin,similar,fine,1
thin,similar,flat,1
thin,similar,light,1
thin,similar,narrow,3
thin,similar,sheer,1
thin,similar,skinny,2
thin,similar,slender,1
thin,similar,slight,2
thin,similar,slim,2
thin,similar,spare,2
thin,similar,transparent,1
thin,similar,trim,2
thin,synonym,dilute,
thin,synonym,fragile,
thin,synonym,lean,2
thin,synonym,slender,3
thin,synonym,slight,
thin,synonym,slim,
thin,synonym,sparse,
thing,synonym,affair,
thing,synonym,matter,
think,synonym,believe,1
think,synonym,conceive,1
think,synonym,consider,1
think,synonym,guess,2
think,synonym,imagine,2
think,synonym,intend,
think,synonym,recall,
think,synonym,reckon,2
think,synonym,recollect,
think,synonym,remember,
think,synonym,suppose,2
thirst,synonym,crave,
thirst,synonym,lust,
thirteen,similar,cardinal,2
thirty,similar,cardinal,2
thorn,synonym,spine,2
thorough,similar,complete,2
thorough,synonym,complete,3
thorough,synonym,gross,3
thorough,synonym,perfect,3
thorough,synonym,pure,3
thorough,synonym,stark,3
thorough,synonym,utter,3
thou,synonym,grand,1
thou,synonym,thousand,1
thou,synonym,yard,1
thousand,similar,cardinal,2
thousand,synonym,grand,1
thousand,synonym,thou,1
thousand,synonym,yard,1
thrash,similar,bat,1
thrash,similar,cream,1
thrash,similar,lick,1
thrash,synonym,lick,
thrash,synonym,slam,3
thrash,synonym,slash,2
thrash,synonym,toss,2
thread,synonym,ribbon,2
thread,synonym,wind,
thread,synonym,yarn,1
threat,synonym,menace,1
threat,synonym,terror,
three,similar,cardinal,3
three,synonym,leash,1
three,synonym,trinity,1
three,synonym,trio,1
threshold,synonym,brink,
threshold,synonym,door,3
threshold,synonym,verge,
thrill,synonym,bang,1
thrill,synonym,boot,1
thrill,synonym,charge,1
thrill,synonym,chill,2
thrill,synonym,exhilarate,
thrill,synonym,flush,1
thrill,synonym,kick,1
thrill,synonym,quiver,2
thrill,synonym,rush,1
thrill,synonym,shiver,2
thrill,synonym,shudder,2
thrill,synonym,throb,
thrill,synonym,tickle,
thrive,synonym,boom,1
thrive,synonym,expand,1
thrive,synonym,flourish,1
thrive,synonym,prosper,2
throb,similar,beat,2
throb,similar,quiver,2
throb,synonym,pounding,
throb,synonym,pulse,2
throb,synonym,shiver,3
throb,synonym,shudder,3
throb,synonym,thrill,3
throne,synonym,can,2
throne,synonym,pot,2
throne,synonym,stool,2
throne,synonym,toilet,2
through,similar,direct,2
throw,synonym,bewilder,
throw,synonym,cast,3
throw,synonym,confuse,
throw,synonym,drop,3
throw,synonym,flip,
throw,synonym,hold,
throw,synonym,hurl,
throw,synonym,loft,1
throw,synonym,shed,3
throw,synonym,stroke,
thrust,synonym,hurl,3
thrust,synonym,shove,2
thrust,synonym,squeeze,2
thrust,synonym,stuff,2
thumb,synonym,flip,
thump,similar,beat,1
thump,synonym,beat,1
thump,synonym,clump,
thump,synonym,poke,3
thump,synonym,pound,1
thunder,synonym,boom,1
thunder,synonym,roar,1
thunder,synonym,smack,3
thus,synonym,hence,1
thus,synonym,so,1
thus,synonym,therefore,1
thwart,synonym,baffle,1
thwart,synonym,cross,1
thwart,synonym,foil,1
thwart,synonym,frustrate,1
thwart,synonym,spoil,1
tick,synonym,check,3
tick,synonym,click,
tick,synonym,heart,
ticket,synonym,tag,2
tickle,synonym,thrill,2
tickle,synonym,vibrate,2
tidy,similar,considerable,3
tidy,similar,neat,1
tidy,similar,straight,1
tidy,similar,trim,1
tidy,synonym,good,3
tie,synonym,bind,1
tie,synonym,connect,
tie,synonym,draw,2
tie,synonym,link,
tie,synonym,marry,
tie,synonym,wed,
tier,synonym,grade,1
tier,synonym,level,1
tight,antonym,loose,1
tight,similar,close,1
tight,similar,skinny,1
tight,similar,tense,2
tight,similar,vulnerable,3
tight,synonym,nasty,
tight,synonym,stringent,
tilt,synonym,angle,1
tilt,synonym,controversy,
tilt,synonym,lean,1
tilt,synonym,list,
tilt,synonym,pitch,2
tilt,synonym,shift,3
tilt,synonym,tip,1
tilt,synonym,wobble,3
timber,synonym,forest,
timber,synonym,lumber,1
timber,synonym,tone,
time,synonym,clip,1
time,synonym,clock,
time,synonym,eternity,
time,synonym,metre,
time,synonym,sentence,
tin,synonym,can,
tin,synonym,cans,
tiny,similar,little,1
tiny,similar,small,1
tip,synonym,crest,
tip,synonym,fee,
tip,synonym,hint,3
tip,synonym,lead,3
tip,synonym,lean,
tip,synonym,steer,3
tip,synonym,summit,
tip,synonym,tap,
tip,synonym,tilt,
tip,synonym,top,
tip,synonym,topple,
tip,synonym,tumble,
tip,synonym,wind,3
tire,antonym,refresh,3
tire,synonym,fatigue,2
tire,synonym,wear,3
tire,synonym,weary,2
tissue,synonym,weave,3
title,synonym,deed,
title,synonym,entitle,
toast,synonym,pledge,
toast,synonym,salute,
today,synonym,now,1
today,synonym,nowadays,1
toddle,synonym,paddle,1
toilet,synonym,can,1
toilet,synonym,gutter,3
toilet,synonym,pot,2
toilet,synonym,sewer,3
toilet,synonym,stool,2
toilet,synonym,throne,2
token,synonym,item,1
token,synonym,nominal,
token,synonym,relic,
token,synonym,souvenir,
tolerant,synonym,broad,3
tolerant,synonym,kind,2
tolerant,synonym,liberal,3
tolerate,similar,ache,1
tolerate,similar,hurt,1
tolerate,similar,suffer,1
tolerate,synonym,abide,1
tolerate,synonym,bear,1
tolerate,synonym,digest,1
tolerate,synonym,endure,1
tolerate,synonym,permit,
tolerate,synonym,stand,1
tolerate,synonym,stomach,1
tolerate,synonym,suffer,1
tolerate,synonym,support,1
toll,synonym,bell,3
toll,synonym,cost,2
toll,synonym,price,2
tomb,synonym,grave,1
tone,synonym,chant,
tone,synonym,flavour,
tone,synonym,note,
tone,synonym,quality,3
tone,synonym,shade,
tone,synonym,spirit,
tone,synonym,timber,3
tongue,synonym,knife,3
too,synonym,also,2
too,synonym,likewise,2
too,synonym,over,1
tool,synonym,cock,
tool,synonym,creature,3
tool,synonym,instrument,2
tool,synonym,puppet,3
top,antonym,bottom,
top,antonym,side,
top,synonym,crest,3
top,synonym,crown,3
top,synonym,exceed,
top,synonym,height,
top,synonym,peak,3
top,synonym,summit,3
top,synonym,tip,3
top,synonym,transcend,
topic,synonym,issue,2
topic,synonym,matter,2
topic,synonym,subject,1
topic,synonym,theme,1
topple,synonym,tip,2
topple,synonym,tumble,1
torment,synonym,agony,3
torment,synonym,anguish,2
torment,synonym,frustrate,
torment,synonym,torture,1
torture,synonym,agony,3
torture,synonym,anguish,1
torture,synonym,torment,1
toss,synonym,chuck,3
toss,synonym,discard,
toss,synonym,dispose,
toss,synonym,flip,1
toss,synonym,pitch,1
toss,synonym,sky,1
toss,synonym,thrash,
total,similar,complete,2
total,similar,whole,1
total,synonym,aggregate,3
total,synonym,entire,1
total,synonym,full,1
total,synonym,sum,3
touch,synonym,adjoin,
touch,synonym,affect,
touch,synonym,disturb,
touch,synonym,hint,
touch,synonym,pinch,
touch,synonym,refer,
touch,synonym,relate,
touch,synonym,rival,
touch,synonym,signature,
touch,synonym,stir,3
tough,antonym,tender,1
tough,similar,difficult,2
tough,similar,hard,2
tough,similar,thick,3
tough,synonym,bad,
tough,synonym,bully,
tough,synonym,hood,
tough,synonym,punk,
tough,synonym,rugged,2
tough,synonym,sturdy,
tour,synonym,circuit,1
tour,synonym,go,2
tour,synonym,hitch,3
tour,synonym,spell,2
tour,synonym,turn,2
tout,synonym,boast,
tower,synonym,column,3
tower,synonym,loom,
tower,synonym,pillar,3
tower,synonym,tug,1
toxic,similar,dead,1
toy,synonym,flirt,
toy,synonym,miniature,
trace,similar,draw,2
trace,similar,follow,1
trace,similar,observe,1
trace,similar,watch,1
trace,synonym,describe,2
trace,synonym,draw,2
trace,synonym,follow,1
trace,synonym,hound,
trace,synonym,hunt,
trace,synonym,line,2
track,synonym,chase,
track,synonym,course,1
track,synonym,cross,
track,synonym,lead,2
track,synonym,path,1
track,synonym,rail,
track,synonym,runway,
track,synonym,trail,2
track,synonym,traverse,
tract,synonym,pamphlet,3
tract,synonym,parcel,1
trade,synonym,craft,2
trade,synonym,merchandise,
trade,synonym,patronage,3
trade,synonym,swap,
trade,synonym,switch,
tradition,synonym,custom,2
trafficked,synonym,vendor,
tragedy,antonym,comedy,2
tragedy,synonym,catastrophe,1
tragedy,synonym,disaster,1
tragic,similar,sad,1
trail,synonym,chase,
trail,synonym,lead,3
trail,synonym,track,3
trailer,synonym,poke,1
trailer,synonym,preview,2
train,synonym,aim,
train,synonym,caravan,3
train,synonym,civilise,
train,synonym,cultivate,
train,synonym,educate,
train,synonym,gear,
train,synonym,string,2
tranquil,similar,calm,1
tranquil,synonym,calm,2
tranquil,synonym,quiet,1
tranquil,synonym,serene,2
tranquil,synonym,smooth,1
tranquil,synonym,still,1
transcend,synonym,exceed,1
transcend,synonym,pass,2
transcend,synonym,surpass,1
transcend,synonym,top,2
transcript,synonym,copy,2
transfer,similar,transplant,3
transfer,synonym,assign,1
transfer,synonym,transplant,3
transform,synonym,translate,
transient,similar,permanent,2
transient,similar,temporary,2
transit,synonym,passage,3
transit,synonym,transport,2
transition,synonym,conversion,2
transition,synonym,passage,1
translate,synonym,interpret,1
translate,synonym,read,3
translate,synonym,render,1
translate,synonym,transform,2
translate,synonym,understand,3
transmit,similar,carry,2
transmit,similar,convey,2
transmit,similar,express,2
transmit,synonym,air,3
transmit,synonym,beam,3
transmit,synonym,broadcast,3
transmit,synonym,carry,2
transmit,synonym,channel,2
transmit,synonym,communicate,1
transmit,synonym,conduct,2
transmit,synonym,convey,1
transmit,synonym,send,3
transparent,similar,clear,1
transparent,similar,square,3
transparent,similar,straight,3
transparent,similar,thin,2
transparent,synonym,sheer,2
transplant,synonym,graft,1
transplant,synonym,transfer,
transport,synonym,carry,
transport,synonym,delight,
transport,synonym,ecstasy,
transport,synonym,enchant,
transport,synonym,exile,
transport,synonym,fare,
transport,synonym,ship,3
transport,synonym,transit,
trap,synonym,ambush,
trap,synonym,bunker,
trash,synonym,chalk,
trash,synonym,junk,
trash,synonym,rubbish,1
trash,synonym,scrap,1
trauma,synonym,harm,1
trauma,synonym,hurt,1
travel,similar,displace,1
travel,similar,journey,2
travel,similar,move,1
travel,synonym,go,1
travel,synonym,journey,2
travel,synonym,move,1
travel,synonym,trip,3
traverse,synonym,cover,1
traverse,synonym,cross,1
traverse,synonym,deny,3
traverse,synonym,span,2
traverse,synonym,sweep,2
traverse,synonym,track,1
tread,synonym,step,1
tread,synonym,stride,
treasure,synonym,appreciate,
treasure,synonym,cherish,
treasure,synonym,gem,2
treat,similar,address,1
treat,similar,cover,1
treat,similar,deal,1
treat,similar,handle,1
treat,similar,plough,1
treat,synonym,deal,
treat,synonym,handle,1
treat,synonym,process,2
treaty,synonym,accord,1
treaty,synonym,pact,1
tree,synonym,corner,3
tremble,synonym,quiver,
tremble,synonym,shake,2
tremble,synonym,shiver,2
tremendous,similar,big,1
tremendous,similar,extraordinary,2
tremendous,similar,large,1
tremendous,synonym,awful,3
tremendous,synonym,enormous,1
tremendous,synonym,fantastic,2
tremendous,synonym,grand,2
tremendous,synonym,terrible,3
tremendous,synonym,terrific,2
trench,synonym,deep,2
trench,synonym,entrench,
trend,synonym,course,2
trend,synonym,cut,
trend,synonym,drift,3
trial,synonym,run,1
trial,synonym,test,1
tribe,synonym,clan,
tribe,synonym,folk,1
tribe,synonym,kin,
tribunal,synonym,court,1
tribute,synonym,affluent,
trick,synonym,deception,
trick,synonym,joke,
trick,synonym,magic,
trickle,synonym,drip,1
trickle,synonym,filter,2
trigger,synonym,activate,1
trigger,synonym,spark,1
trigger,synonym,trip,1
trim,similar,cut,3
trim,synonym,cut,3
trim,synonym,prune,
trim,synonym,reduce,3
trim,synonym,shave,
trim,synonym,spare,
trinity,synonym,leash,1
trinity,synonym,three,1
trinity,synonym,trio,1
trio,synonym,leash,1
trio,synonym,three,1
trio,synonym,trinity,1
trip,synonym,activate,
trip,synonym,slip,3
trip,synonym,spark,
trip,synonym,stumble,
trip,synonym,travel,
trip,synonym,trigger,
triple,similar,multiple,1
triple,synonym,twofold,2
triumph,synonym,prevail,3
triumph,synonym,victory,1
trivial,similar,important,1
trivial,similar,significant,2
trivial,synonym,little,1
trivial,synonym,petty,1
trivial,synonym,superficial,2
trophy,synonym,prize,2
tropics,similar,hot,2
trot,synonym,clip,1
trot,synonym,jog,1
trot,synonym,pony,
trouble,synonym,ail,
trouble,synonym,bother,2
trouble,synonym,distract,
trouble,synonym,disturb,
trouble,synonym,fuss,2
trouble,synonym,problem,1
trousers,synonym,pant,1
true,antonym,false,1
true,similar,accurate,2
true,similar,actual,1
true,similar,genuine,1
true,similar,literal,1
true,similar,real,1
true,similar,sure,1
true,synonym,genuine,
true,synonym,honest,
trump,synonym,horn,3
trump,synonym,trumpet,3
trumpet,synonym,herald,
trumpet,synonym,horn,1
trumpet,synonym,trump,1
trunk,synonym,body,3
trunk,synonym,boot,
trunk,synonym,shorts,
trust,antonym,distrust,3
trust,synonym,believe,
trust,synonym,cartel,
trust,synonym,confide,
trust,synonym,faith,
trust,synonym,hope,
try,synonym,attempt,1
try,synonym,effort,
try,synonym,endeavour,
try,synonym,essay,1
try,synonym,examine,2
try,synonym,hear,
try,synonym,judge,3
try,synonym,prove,2
try,synonym,seek,1
try,synonym,test,2
tube,synonym,pipe,3
tuck,synonym,gather,3
tuck,synonym,insert,1
tug,synonym,jerk,1
tug,synonym,tower,2
tumble,synonym,crumble,
tumble,synonym,crumple,
tumble,synonym,tip,2
tumble,synonym,topple,1
tune,synonym,air,1
tune,synonym,line,1
tune,synonym,melody,1
tune,synonym,radio,
tune,synonym,strain,1
tune,synonym,wireless,
tunnel,synonym,burrow,2
turbulence,synonym,upheaval,3
turmoil,synonym,upheaval,1
turn,similar,become,2
turn,similar,grow,2
turn,synonym,become,3
turn,synonym,bend,
turn,synonym,bout,
turn,synonym,crook,
turn,synonym,deform,
turn,synonym,grow,
turn,synonym,number,
turn,synonym,plough,
turn,synonym,release,
turn,synonym,reverse,
turn,synonym,routine,
turn,synonym,tour,
turn,synonym,twist,
tutor,synonym,coach,1
twelve,similar,cardinal,2
twelve,synonym,dozen,1
twenty,similar,cardinal,3
twilight,synonym,dusk,1
twilight,synonym,fall,1
twin,synonym,counterpart,2
twin,synonym,duplicate,3
twin,synonym,parallel,3
twine,synonym,distort,
twine,synonym,lace,2
twine,synonym,roll,3
twine,synonym,string,1
twine,synonym,wind,3
twine,synonym,wrap,3
twist,synonym,bend,2
twist,synonym,braid,
twist,synonym,crook,
twist,synonym,deform,2
twist,synonym,device,
twist,synonym,distort,
twist,synonym,flex,2
twist,synonym,turn,2
twist,synonym,wind,
twist,synonym,winding,
twist,synonym,worm,1
twist,synonym,wrench,
twist,synonym,wrestle,1
twitch,similar,jerk,1
twitch,synonym,flip,3
twitch,synonym,jerk,1
two,similar,cardinal,3
twofold,similar,multiple,2
twofold,synonym,double,2
twofold,synonym,dual,2
twofold,synonym,triple,
type,synonym,case,2
type,synonym,character,2
type,synonym,eccentric,2
type,synonym,typewrite,
typed,synonym,typewrite,1
typewrite,synonym,type,1
typewrite,synonym,typed,1
typical,similar,characteristic,2
typical,similar,classic,1
typical,similar,normal,3
typical,similar,regular,1
typical,similar,true,1
typical,synonym,distinct,2
ugly,similar,evil,3
ugly,similar,lovely,1
ugly,synonym,horrible,
ugly,synonym,worth,3
ultimate,similar,final,1
ultimate,similar,last,1
ultimate,similar,net,1
ultimate,similar,supreme,1
ultraviolet,similar,visible,1
umpire,synonym,referee,3
unanimous,synonym,solid,2
unanimous,synonym,whole,2
uncle,antonym,aunt,1
under,similar,low,1
under,similar,subordinate,2
underline,synonym,emphasise,1
undermine,synonym,cave,2
undermine,synonym,subvert,1
underpin,synonym,support,2
understand,similar,fancy,2
understand,similar,figure,2
understand,similar,image,2
understand,similar,picture,2
understand,similar,project,2
understand,similar,see,2
understand,synonym,interpret,3
understand,synonym,read,3
understand,synonym,realise,2
understand,synonym,see,2
understand,synonym,translate,3
understate,synonym,minimise,1
undertake,synonym,attempt,1
undertake,synonym,guarantee,3
undertake,synonym,tackle,2
underway,similar,current,1
underwrite,similar,compensate,2
underwrite,similar,cover,2
underwrite,synonym,cover,2
underwrite,synonym,insure,2
uniform,similar,single,3
unify,synonym,merge,1
unify,synonym,mingle,2
unify,synonym,mix,2
unify,synonym,unite,1
unilateral,similar,direct,2
union,synonym,brother,1
union,synonym,couple,2
union,synonym,mate,2
union,synonym,pair,2
unique,similar,single,3
unique,similar,specific,2
unique,synonym,alone,1
unique,synonym,equal,1
unique,synonym,parallel,1
unique,synonym,singular,3
unite,antonym,divide,1
unite,synonym,combine,3
unite,synonym,connect,
unite,synonym,merge,2
unite,synonym,unify,1
unity,synonym,ace,2
unity,synonym,integrity,1
unity,synonym,one,2
unity,synonym,single,2
universe,antonym,particular,
universe,synonym,population,2
universe,synonym,world,1
unravel,similar,ladder,3
unravel,similar,run,3
unravel,synonym,pick,1
unravel,synonym,run,3
unravel,synonym,scramble,1
unravel,synonym,tangle,1
up,antonym,down,1
up,synonym,upwards,1
upgrade,synonym,advance,3
upgrade,synonym,ascent,
upgrade,synonym,elevate,3
upgrade,synonym,promote,3
upgrade,synonym,raise,3
upheaval,synonym,turbulence,1
upheaval,synonym,turmoil,2
uphold,similar,continue,1
uphold,similar,keep,1
uphold,similar,proceed,1
uphold,synonym,continue,1
uphold,synonym,maintain,3
uphold,synonym,preserve,1
upper,antonym,lower,1
upper,similar,high,2
upper,similar,superior,3
upright,similar,rear,3
upright,similar,straight,3
upright,similar,vertical,1
upright,synonym,erect,3
upright,synonym,good,2
upright,synonym,just,2
upright,synonym,vertical,3
uprising,synonym,rebel,1
uprising,synonym,revolt,1
upset,synonym,disorder,
upset,synonym,disturb,
upwards,antonym,down,1
upwards,synonym,up,1
urban,antonym,rural,2
urge,synonym,advocate,2
urge,synonym,cheer,3
urge,synonym,impulse,
urge,synonym,inspire,3
urge,synonym,itch,
urge,synonym,press,1
urge,synonym,recommend,2
urgent,similar,imperative,1
urine,synonym,water,1
usage,synonym,custom,2
usage,synonym,employ,1
usage,synonym,exercise,1
usage,synonym,use,1
use,similar,apply,1
use,similar,practise,1
use,synonym,apply,1
use,synonym,consumption,
use,synonym,deplete,
use,synonym,employ,1
use,synonym,exercise,
use,synonym,function,
use,synonym,habit,
use,synonym,purpose,
use,synonym,recycle,
use,synonym,role,
use,synonym,usage,
use,synonym,utilise,1
usher,synonym,guide,3
usher,synonym,show,1
usual,similar,chronic,1
usual,similar,familiar,2
usual,similar,regular,1
usual,synonym,common,2
usual,synonym,strange,
utilise,similar,apply,1
utilise,similar,practise,1
utilise,similar,use,1
utilise,synonym,apply,1
utilise,synonym,employ,1
utilise,synonym,use,1
utter,similar,complete,2
utter,synonym,blank,2
utter,synonym,complete,1
utter,synonym,emit,
utter,synonym,express,3
utter,synonym,gross,1
utter,synonym,perfect,1
utter,synonym,pure,1
utter,synonym,speak,
utter,synonym,stark,1
utter,synonym,talk,
utter,synonym,thorough,1
utterly,synonym,dead,1
vacancy,synonym,vacuum,2
vacancy,synonym,void,2
vacant,similar,empty,1
vacation,synonym,holiday,1
vacuum,synonym,vacancy,2
vacuum,synonym,void,2
vague,similar,clear,1
vague,similar,distinct,3
vague,synonym,dim,3
vague,synonym,faint,3
vague,synonym,obscure,1
vain,similar,proud,1
vain,synonym,futile,2
vain,synonym,swell,1
valid,similar,legal,1
valid,similar,legitimate,1
valid,similar,sound,1
validate,synonym,void,
value,synonym,appraise,
value,synonym,appreciate,
value,synonym,assess,
value,synonym,evaluate,
value,synonym,review,
van,synonym,caravan,
vanish,similar,fly,3
vanish,synonym,disappear,1
vanish,synonym,fall,3
vanish,synonym,felled,3
vanish,synonym,fly,3
variety,synonym,form,
variety,synonym,kind,
variety,synonym,mixture,1
variety,synonym,sort,
various,similar,different,1
various,similar,individual,2
various,similar,single,2
various,synonym,assorted,1
various,synonym,diverse,3
various,synonym,respective,2
various,synonym,several,2
various,synonym,versatile,
vary,synonym,alter,1
vary,synonym,change,1
vary,synonym,depart,2
vary,synonym,deviate,2
vary,synonym,diverge,2
vast,similar,big,1
vast,similar,large,1
vast,synonym,huge,1
vast,synonym,immense,1
vault,synonym,hurdle,
vegetation,synonym,botany,1
vegetation,synonym,flora,1
veil,synonym,debut,
veil,synonym,entry,
veil,synonym,hide,2
veil,synonym,obscure,2
veil,synonym,reveal,
velocity,synonym,speed,1
velvet,similar,smooth,2
velvet,similar,soft,3
vendor,synonym,market,1
vendor,synonym,trafficked,1
vent,synonym,ventilate,
vent,synonym,volcano,3
ventilate,synonym,air,1
ventilate,synonym,vent,1
venture,synonym,adventure,
venture,synonym,embark,
venture,synonym,guess,
venue,synonym,locus,1
verbal,antonym,numeric,3
verge,synonym,brink,1
verge,synonym,threshold,1
verify,similar,ascertain,2
verify,similar,assure,2
verify,similar,check,2
verify,similar,control,2
verify,similar,ensure,2
verify,similar,insure,2
verify,similar,see,2
verify,synonym,affirm,
verify,synonym,assert,
verify,synonym,control,2
verify,synonym,swear,
versatile,synonym,various,1
verse,synonym,poet,1
verse,synonym,rhyme,2
version,synonym,edition,2
vertical,antonym,horizontal,1
vertical,similar,rear,3
vertical,similar,straight,3
vertical,similar,upright,1
vertical,synonym,erect,3
vertical,synonym,upright,3
very,similar,precise,3
very,synonym,identical,
very,synonym,most,1
very,synonym,precious,1
very,synonym,real,1
very,synonym,really,1
vest,synonym,invest,3
vest,synonym,robe,
veteran,synonym,veterinarian,2
veterinarian,synonym,veteran,
veto,synonym,forbid,
veto,synonym,negative,3
veto,synonym,prohibit,
viable,similar,alive,2
viable,similar,live,2
viable,similar,possible,1
viable,synonym,feasible,1
vibrate,synonym,hover,3
vibrate,synonym,oscillate,2
vibrate,synonym,tickle,
vicinity,synonym,locality,1
vicinity,synonym,neighbour,1
vicious,similar,humane,1
vicious,similar,wicked,2
vicious,similar,wrong,3
vicious,synonym,brute,1
vicious,synonym,criminal,3
vicious,synonym,cruel,1
vicious,synonym,evil,2
vicious,synonym,savage,1
victory,antonym,defeat,1
victory,synonym,triumph,1
video,synonym,picture,1
video,synonym,television,
view,synonym,aspect,2
view,synonym,consider,
view,synonym,horizon,
view,synonym,opinion,
view,synonym,perspective,1
view,synonym,persuasion,
view,synonym,position,1
view,synonym,prospect,2
view,synonym,reckon,
view,synonym,regard,
view,synonym,scene,2
view,synonym,sentiment,
view,synonym,sight,3
view,synonym,spectator,
view,synonym,survey,3
view,synonym,watch,
view,synonym,witness,
vigil,synonym,watch,2
vigorous,similar,robust,2
violate,synonym,breach,2
violate,synonym,break,1
violate,synonym,offend,2
violence,synonym,force,1
violence,synonym,fury,2
violent,similar,fierce,1
violent,similar,furious,1
violent,similar,hot,1
violent,similar,intense,3
violent,similar,savage,1
violent,similar,tough,1
violent,synonym,fierce,
violent,synonym,red,
violent,synonym,wild,3
violin,synonym,fiddle,1
virgin,similar,new,2
virgin,synonym,pure,3
virtual,similar,essential,2
virtual,similar,real,1
virtual,synonym,practical,1
virtue,synonym,merit,2
visible,similar,available,3
visible,similar,gross,1
visible,similar,open,2
visible,similar,overt,2
visible,similar,visual,1
vision,synonym,sight,2
visit,similar,call,3
visit,similar,see,1
visit,synonym,call,3
visit,synonym,chat,
visit,synonym,impose,
visit,synonym,inflict,
visit,synonym,inspect,
visit,synonym,see,1
visual,similar,visible,2
visual,synonym,optic,1
vital,similar,alive,3
vital,similar,essential,2
vital,similar,indispensable,1
vital,synonym,lively,3
vitality,synonym,energy,2
vivid,similar,clear,2
vivid,similar,real,1
vivid,synonym,bright,3
vivid,synonym,brilliant,3
vivid,synonym,graphic,1
vivid,synonym,intense,
vocal,synonym,song,
vocation,synonym,career,1
void,synonym,avoid,3
void,synonym,no,1
void,synonym,vacancy,2
void,synonym,vacuum,2
void,synonym,validate,3
volatile,similar,constant,3
volatile,similar,stable,2
volcano,synonym,vent,1
volume,synonym,book,3
volume,synonym,bulk,2
volume,synonym,mass,2
voluntary,antonym,involuntary,1
voluntary,similar,volunteer,1
voluntary,similar,willing,1
voluntary,synonym,volunteer,3
volunteer,synonym,offer,
volunteer,synonym,voluntary,1
vomit,synonym,cast,1
vomit,synonym,cat,1
vomit,synonym,chuck,1
vomit,synonym,purge,1
vomit,synonym,sick,1
vote,synonym,ballot,1
voucher,synonym,coupon,3
voyage,synonym,navigate,3
voyage,synonym,sail,3
vulnerable,similar,open,1
vulnerable,similar,safe,1
vulnerable,similar,susceptible,2
vulnerable,similar,weak,3
wage,synonym,engage,2
wage,synonym,pay,1
wage,synonym,reward,
wage,synonym,salary,1
wail,synonym,howl,1
wail,synonym,lament,3
wail,synonym,roar,1
wait,similar,anticipate,3
wait,similar,expect,3
wait,synonym,await,3
wait,synonym,expect,3
wait,synonym,look,3
waive,synonym,forgo,1
waive,synonym,relinquish,1
wake,antonym,sleep,1
wake,synonym,aftermath,
wake,synonym,arouse,2
wake,synonym,awake,2
wake,synonym,heat,3
wake,synonym,ignite,3
wake,synonym,inflame,3
walk,antonym,ride,1
wan,similar,weak,2
wan,synonym,pale,2
wan,synonym,sick,2
wander,similar,cast,3
wander,similar,drift,1
wander,similar,err,1
wander,similar,ramble,3
wander,similar,range,3
wander,similar,roam,3
wander,similar,roll,3
wander,similar,rove,3
wander,similar,stray,1
wander,similar,thread,3
wander,similar,weave,3
wander,similar,wind,3
wander,synonym,betray,2
wander,synonym,cast,1
wander,synonym,cheat,2
wander,synonym,drift,1
wander,synonym,ramble,1
wander,synonym,range,1
wander,synonym,roam,1
wander,synonym,roll,1
wander,synonym,rove,1
wander,synonym,stray,1
wander,synonym,wind,
wane,antonym,wax,2
wane,synonym,decline,1
want,synonym,deficiency,
want,synonym,desire,1
want,synonym,lack,
want,synonym,need,2
want,synonym,require,2
war,antonym,peace,2
war,synonym,warfare,1
wardrobe,synonym,closet,1
wardrobe,synonym,press,1
warfare,synonym,war,1
warm,antonym,cool,1
warm,similar,hearty,2
warm,similar,hot,3
warn,similar,discourage,1
warn,synonym,discourage,2
warp,synonym,buckle,2
warp,synonym,distort,
warrant,synonym,sanction,3
warrant,synonym,warranty,
warranty,synonym,guarantee,1
warranty,synonym,warrant,1
wary,similar,shy,1
wash,similar,rinse,3
wash,synonym,laundry,
wash,synonym,rinse,1
waste,antonym,conserve,
waste,synonym,consume,
waste,synonym,devastate,
waste,synonym,liquidate,
waste,synonym,remove,
waste,synonym,rot,
watch,similar,follow,2
watch,similar,see,3
watch,similar,trace,2
watch,synonym,ascertain,
watch,synonym,catch,3
watch,synonym,follow,2
watch,synonym,observe,2
watch,synonym,picket,
watch,synonym,scout,
watch,synonym,see,3
watch,synonym,view,3
watch,synonym,vigil,
water,synonym,irrigate,
water,synonym,urine,
wave,synonym,beckon,
wave,synonym,flourish,
waver,synonym,falter,2
waver,synonym,flicker,
waver,synonym,fluctuate,
waver,synonym,flutter,
waver,synonym,hesitate,1
waver,synonym,weave,
wax,antonym,wane,3
wax,synonym,climb,3
wax,synonym,mount,3
wax,synonym,rise,3
way,synonym,agency,2
way,synonym,direction,3
way,synonym,fashion,1
way,synonym,manner,1
way,synonym,mode,1
way,synonym,path,
way,synonym,room,
way,synonym,style,1
weak,antonym,strong,1
weak,similar,dilute,2
weak,similar,faint,1
weak,similar,feeble,1
weak,similar,limp,1
weak,similar,pale,1
weak,similar,sick,1
weak,similar,substantial,1
weak,similar,vulnerable,1
weak,similar,wan,1
weak,synonym,faint,
weak,synonym,feeble,
weak,synonym,frail,
weak,synonym,light,3
wealth,antonym,poverty,1
weapon,synonym,arm,1
weapon,synonym,artillery,2
wear,synonym,bear,2
wear,synonym,tire,
wear,synonym,weary,
weary,synonym,boring,
weary,synonym,fatigue,2
weary,synonym,tire,2
weary,synonym,wear,2
weather,synonym,brave,2
weather,synonym,condition,1
weather,synonym,endure,2
weave,synonym,tissue,2
weave,synonym,waver,3
weave,synonym,wind,
web,synonym,network,
wed,similar,cuff,1
wed,similar,marry,1
wed,similar,tie,1
wed,synonym,marry,1
wed,synonym,tie,2
wedge,synonym,bomb,2
wedge,synonym,hero,2
wedge,synonym,squeeze,
wedge,synonym,stick,
wedge,synonym,submarine,2
wee,similar,early,2
wee,similar,little,1
wee,similar,small,1
weed,synonym,grass,3
weed,synonym,pot,3
weed,synonym,smoke,3
weep,similar,cry,1
weep,synonym,cry,1
weigh,synonym,consider,2
weigh,synonym,count,2
weigh,synonym,press,
weird,similar,strange,2
weird,similar,usual,2
welfare,synonym,benefit,2
well,antonym,ill,1
well,synonym,good,1
wells,antonym,ill,
west,antonym,east,
western,antonym,eastern,1
western,similar,west,3
wet,antonym,dry,1
wet,similar,damp,1
wet,similar,humid,1
wet,similar,moist,1
wet,similar,sticky,1
wet,synonym,moisture,
whale,synonym,giant,1
whatsoever,similar,some,1
whatsoever,synonym,any,1
wheat,synonym,straw,3
wheel,synonym,bicycle,
wheel,synonym,bike,
wheel,synonym,pedal,
wheel,synonym,rack,
wheel,synonym,roll,
while,synonym,patch,1
while,synonym,piece,1
while,synonym,spell,1
whine,synonym,creak,3
whine,synonym,screech,3
whine,synonym,squeak,3
whip,synonym,lash,1
whip,synonym,slash,1
whip,synonym,strap,1
whirl,synonym,crack,3
whirl,synonym,fling,3
whirl,synonym,go,3
whirl,synonym,offer,3
whirl,synonym,pass,3
whirl,synonym,spin,
whirl,synonym,swirl,2
whisper,antonym,shout,1
whisper,synonym,rustle,3
white,antonym,black,1
white,similar,pure,3
white,synonym,blank,
whole,antonym,half,2
whole,similar,entire,1
whole,similar,full,1
whole,similar,intact,1
whole,similar,integral,1
whole,similar,total,1
whole,synonym,all,
whole,synonym,altogether,
whole,synonym,unanimous,
wholesale,antonym,retail,2
whore,synonym,prostitute,1
whore,synonym,tart,1
wicked,similar,evil,1
wicked,similar,heavy,1
wicked,similar,intense,3
wicked,similar,vicious,1
wicked,synonym,foul,
wicked,synonym,holy,2
wicked,synonym,severe,3
wicked,synonym,terrible,3
wide,antonym,narrow,1
wide,similar,comprehensive,2
wide,similar,deep,1
wide,similar,open,3
wide,synonym,blanket,2
wide,synonym,broad,1
wide,synonym,extensive,2
wield,synonym,exert,1
wield,synonym,handle,2
wield,synonym,maintain,1
wield,synonym,manage,2
wife,antonym,husband,1
wild,antonym,tame,1
wild,similar,chaotic,1
wild,similar,frantic,1
wild,similar,mad,1
wild,similar,savage,2
wild,synonym,angry,
wild,synonym,fantastic,
wild,synonym,furious,
wild,synonym,idle,
wild,synonym,savage,
wild,synonym,violent,
wild,synonym,wilderness,
wilderness,synonym,wild,2
will,synonym,testament,3
willing,similar,glad,1
willing,similar,happy,1
willing,similar,ready,1
willing,similar,voluntary,2
win,antonym,lose,1
win,synonym,acquire,2
win,synonym,advance,3
win,synonym,earn,
win,synonym,gain,2
win,synonym,succeed,
wince,synonym,shrink,1
wind,similar,wander,1
wind,synonym,curve,3
wind,synonym,hoist,
wind,synonym,jazz,
wind,synonym,nose,1
wind,synonym,scent,1
wind,synonym,thread,1
wind,synonym,tip,
wind,synonym,twine,
wind,synonym,twist,3
wind,synonym,wander,1
wind,synonym,weave,1
wind,synonym,winding,
wind,synonym,wrap,
winding,similar,indirect,3
winding,synonym,twist,1
winding,synonym,wind,1
wing,synonym,annex,
wing,synonym,flank,
wing,synonym,fly,
wink,synonym,blink,3
wink,synonym,flash,1
wink,synonym,instant,1
wipe,synonym,rub,2
wire,synonym,telegraph,
wireless,synonym,radio,1
wireless,synonym,tune,3
wise,similar,prudent,2
wise,similar,sage,1
wish,synonym,care,1
wish,synonym,like,1
wit,synonym,brain,2
wit,synonym,card,3
wit,synonym,humour,1
witch,synonym,enchant,
witch,synonym,glamour,
withdraw,antonym,deposit,
withdraw,similar,retire,2
withdraw,similar,retreat,1
withdraw,synonym,recede,1
withdraw,synonym,remove,
withdraw,synonym,retire,1
withdraw,synonym,retreat,1
wither,synonym,fade,2
wither,synonym,shrink,1
withhold,synonym,deduct,2
within,synonym,inside,1
withstand,synonym,defy,1
withstand,synonym,hold,1
withstand,synonym,resist,2
witness,synonym,see,
witness,synonym,spectator,2
witness,synonym,view,2
wizard,synonym,ace,1
wizard,synonym,champion,1
wizard,synonym,genius,1
wizard,synonym,magic,2
wizard,synonym,sensation,1
wizard,synonym,star,1
wobble,synonym,shift,2
wobble,synonym,tilt,2
wolf,synonym,beast,3
wolf,synonym,brute,3
wolf,synonym,mash,2
wolf,synonym,savage,3
woman,antonym,man,1
wonder,synonym,enquire,1
wonder,synonym,genius,
wonder,synonym,inquire,1
wonder,synonym,marvel,3
wonder,synonym,question,2
woo,synonym,court,1
woo,synonym,romance,2
woo,synonym,solicit,2
wood,synonym,forest,2
word,synonym,articulate,
word,synonym,intelligence,3
word,synonym,language,
word,synonym,lyric,
word,synonym,news,3
word,synonym,quarrel,
word,synonym,row,
word,synonym,rowed,
work,antonym,idle,1
work,similar,bring,3
work,similar,play,3
work,synonym,act,3
work,synonym,bring,
work,synonym,cultivate,
work,synonym,exploit,
work,synonym,lick,
work,synonym,operate,
work,synonym,solve,
work,synonym,study,
world,synonym,domain,2
world,synonym,global,
world,synonym,mankind,
world,synonym,public,
world,synonym,universe,1
worm,synonym,insect,2
worm,synonym,twist,
worm,synonym,wrestle,
worry,antonym,assure,3
worry,synonym,care,2
worse,antonym,best,
worse,antonym,better,1
worship,synonym,revere,3
worth,synonym,ugly,
worthwhile,similar,worth,1
wound,synonym,bruise,
wound,synonym,injure,
wound,synonym,lesion,1
wound,synonym,spite,
wrap,synonym,disclose,
wrap,synonym,enclose,3
wrap,synonym,expose,
wrap,synonym,reveal,
wrap,synonym,roll,2
wrap,synonym,twine,2
wrap,synonym,wind,2
wreck,synonym,crash,3
wrench,synonym,pull,1
wrench,synonym,twist,1
wrestle,synonym,twist,3
wrestle,synonym,worm,3
wretch,synonym,misery,
wrinkle,synonym,crease,1
wrinkle,synonym,line,1
wrinkle,synonym,seam,1
write,synonym,compose,1
write,synonym,pen,1
write,synonym,spell,
wrong,antonym,right,1
wrong,antonym,rights,
wrong,similar,appropriate,3
wrong,similar,base,2
wrong,similar,criminal,2
wrong,similar,false,1
wrong,similar,immoral,2
wrong,similar,vicious,2
wrong,synonym,correct,1
wrong,synonym,proper,3
wry,synonym,dry,1
yank,synonym,jerk,1
yard,synonym,ground,2
yard,synonym,pace,1
yard,synonym,thou,
yard,synonym,thousand,
yards,synonym,ground,2
yards,synonym,pace,1
yarn,synonym,thread,2
yawn,synonym,gape,2
yearn,synonym,ache,2
yearn,synonym,long,1
yearn,synonym,pine,2
yearn,synonym,yen,2
yell,similar,call,1
yell,similar,cry,1
yell,similar,exclaim,1
yell,similar,shout,1
yell,synonym,call,1
yell,synonym,cry,1
yell,synonym,scream,1
yell,synonym,shout,1
yellow,similar,old,3
yellow,synonym,chicken,2
yen,synonym,ache,3
yen,synonym,pine,3
yen,synonym,yearn,3
yes,antonym,no,1
yet,synonym,even,3
yet,synonym,however,
yet,synonym,nevertheless,
yet,synonym,nonetheless,
yet,synonym,notwithstanding,
yet,synonym,still,3
yield,antonym,stand,
yield,synonym,afford,
yield,synonym,concede,
yield,synonym,concession,
yield,synonym,fruit,3
yield,synonym,generate,
yield,synonym,give,
yield,synonym,grant,
yield,synonym,issue,2
yield,synonym,output,1
yield,synonym,return,2
yield,synonym,succumb,
yield,synonym,take,2
young,antonym,age,
young,antonym,old,1
young,similar,adolescent,1
young,similar,early,1
young,similar,junior,1
young,similar,little,1
young,similar,mature,3
young,similar,small,1
young,similar,teen,1
young,similar,teenage,1
young,similar,tender,1
young,synonym,mature,1
young,synonym,new,2
young,synonym,offspring,
young,synonym,youth,
youth,synonym,young,2
zeal,synonym,eager,3
zero,synonym,no,1
zero,synonym,nought,1
zero,synonym,zip,1
zip,synonym,energy,
zip,synonym,hurry,2
zip,synonym,no,3
zip,synonym,nought,3
zip,synonym,speed,2
zip,synonym,zero,3
zone,synonym,district,
zoom,synonym,soar,3
zoom,synonym,surge,3
