word	pos	cefr	cefr_all	list
a, an	indefinite article	A1	A1	oxford3000
abandon	v	B2	B2	oxford3000
ability	n	A2	A2	oxford3000
able	adj	A2	A2	oxford3000
abolish	v	C1	C1	oxford5000
abortion	n	C1	C1	oxford5000
about	prep|adv	A1	A1	oxford3000
above	prep|adv	A1	A1	oxford3000
abroad	adv	A2	A2	oxford3000
absence	n	C1	C1	oxford5000
absent	adj	C1	C1	oxford5000
absolute	adj	B2	B2	oxford3000
absolutely	adv	B1	B1	oxford3000
absorb	v	B2	B2	oxford5000
abstract	adj	B2	B2	oxford5000
absurd	adj	C1	C1	oxford5000
abundance	n	C1	C1	oxford5000
abuse	n|v	C1	C1	oxford5000
academic	adj|n	B1	B1|B2	oxford3000
academy	n	C1	C1	oxford5000
accelerate	v	C1	C1	oxford5000
accent	n	B2	B2	oxford5000
accept	v	A2	A2	oxford3000
acceptable	adj	B2	B2	oxford3000
acceptance	n	C1	C1	oxford5000
access	n|v	B1	B1	oxford3000
accessible	adj	C1	C1	oxford5000
accident	n	A2	A2	oxford3000
accidentally	adv	B2	B2	oxford5000
accommodate	v	B2	B2	oxford5000
accommodation	n	B1	B1	oxford3000
accompany	v	B2	B2	oxford3000
accomplish	v	B2	B2	oxford5000
accomplishment	n	C1	C1	oxford5000
accordance	n	C1	C1	oxford5000
according to	prep	A2	A2	oxford3000
accordingly	adv	C1	C1	oxford5000
account	n|v	B1	B1|B2	oxford3000
accountability	n	C1	C1	oxford5000
accountable	adj	C1	C1	oxford5000
accountant	n	B2	B2	oxford5000
accumulate	v	C1	C1	oxford5000
accumulation	n	C1	C1	oxford5000
accuracy	n	B2	B2	oxford5000
accurate	adj	B2	B2	oxford3000
accurately	adv	B2	B2	oxford5000
accusation	n	C1	C1	oxford5000
accuse	v	B2	B2	oxford3000
accused	n	C1	C1	oxford5000
achieve	v	A2	A2	oxford3000
achievement	n	B1	B1	oxford3000
acid	n|adj	B2	B2|C1	oxford5000
acknowledge	v	B2	B2	oxford3000
acquire	v	B2	B2	oxford3000
acquisition	n	C1	C1	oxford5000
acre	n	C1	C1	oxford5000
across	prep|adv	A1	A1	oxford3000
act	v|n	A2	A2|B1	oxford3000
action	n	A1	A1	oxford3000
activate	v	B2	B2	oxford5000
activation	n	C1	C1	oxford5000
active	adj	A2	A2	oxford3000
activist	n	C1	C1	oxford5000
activity	n	A1	A1	oxford3000
actor	n	A1	A1	oxford3000
actress	n	A1	A1	oxford3000
actual	adj	B2	B2	oxford3000
actually	adv	A2	A2	oxford3000
acute	adj	C1	C1	oxford5000
ad	n	B1	B1	oxford3000
adapt	v	B2	B2	oxford3000
adaptation	n	C1	C1	oxford5000
add	v	A1	A1	oxford3000
addiction	n	B2	B2	oxford5000
addition	n	B1	B1	oxford3000
additional	adj	B2	B2	oxford3000
additionally	adv	B2	B2	oxford5000
address	n|v	A1	A1|B2	oxford3000
adequate	adj	B2	B2	oxford5000
adequately	adv	B2	B2	oxford5000
adhere	v	C1	C1	oxford5000
adjacent	adj	C1	C1	oxford5000
adjust	v	B2	B2	oxford5000
adjustment	n	C1	C1	oxford5000
administer	v	C1	C1	oxford5000
administration	n	B2	B2	oxford3000
administrative	adj	C1	C1	oxford5000
administrator	n	C1	C1	oxford5000
admire	v	B1	B1	oxford3000
admission	n	C1	C1	oxford5000
admit	v	B1	B1	oxford3000
adolescent	n	C1	C1	oxford5000
adopt	v	B2	B2	oxford3000
adoption	n	C1	C1	oxford5000
adult	n|adj	A1	A1|A2	oxford3000
advance	n|v|adj	B2	B2	oxford3000
advanced	adj	B1	B1	oxford3000
advantage	n	A2	A2	oxford3000
adventure	n	A2	A2	oxford3000
adverse	adj	C1	C1	oxford5000
advertise	v	A2	A2	oxford3000
advertisement	n	A2	A2	oxford3000
advertising	n	A2	A2	oxford3000
advice	n	A1	A1	oxford3000
advise	v	B1	B1	oxford3000
advocate	n|v	C1	C1	oxford5000
aesthetic	adj	C1	C1	oxford5000
affair	n	B2	B2	oxford3000
affect	v	A2	A2	oxford3000
affection	n	C1	C1	oxford5000
afford	v	B1	B1	oxford3000
affordable	adj	B2	B2	oxford5000
afraid	adj	A1	A1	oxford3000
after	prep|conj|adv	A1	A1|A2	oxford3000
aftermath	n	C1	C1	oxford5000
afternoon	n	A1	A1	oxford3000
afterwards	adv	B2	B2	oxford3000
again	adv	A1	A1	oxford3000
against	prep	A2	A2	oxford3000
age	n|v	A1	A1|B1	oxford3000
aged	adj	B1	B1	oxford3000
agency	n	B2	B2	oxford3000
agenda	n	B2	B2	oxford3000
agent	n	B1	B1	oxford3000
aggression	n	C1	C1	oxford5000
aggressive	adj	B2	B2	oxford3000
ago	adv	A1	A1	oxford3000
agree	v	A1	A1	oxford3000
agreement	n	B1	B1	oxford3000
agricultural	adj	C1	C1	oxford5000
agriculture	n	B2	B2	oxford5000
ah	exclam	A2	A2	oxford3000
ahead	adv	B1	B1	oxford3000
aid	n|v	B2	B2	oxford3000
aide	n	C1	C1	oxford5000
aids	n	B2	B2	oxford5000
aim	v|n	B1	B1	oxford3000
air	n	A1	A1	oxford3000
aircraft	n	B2	B2	oxford3000
airline	n	A2	A2	oxford3000
airport	n	A1	A1	oxford3000
alarm	n|v	B1	B1|B2	oxford3000
albeit	conj	C1	C1	oxford5000
album	n	B1	B1	oxford3000
alcohol	n	B1	B1	oxford3000
alcoholic	adj	B1	B1	oxford3000
alert	v|n|adj	C1	C1	oxford5000
alien	n|adj	B2	B2|C1	oxford5000
align	v	C1	C1	oxford5000
alignment	n	C1	C1	oxford5000
alike	adv|adj	C1	C1	oxford5000
alive	adj	A2	A2	oxford3000
all	det|pron|adv	A1	A1|A2	oxford3000
all right	adj|adv|exclam	A2	A2	oxford3000
allegation	n	C1	C1	oxford5000
allege	v	C1	C1	oxford5000
allegedly	adv	C1	C1	oxford5000
alliance	n	C1	C1	oxford5000
allocate	v	C1	C1	oxford5000
allocation	n	C1	C1	oxford5000
allow	v	A2	A2	oxford3000
allowance	n	C1	C1	oxford5000
ally	n	C1	C1	oxford5000
almost	adv	A2	A2	oxford3000
alone	adj|adv	A2	A2	oxford3000
along	prep|adv	A2	A2	oxford3000
alongside	prep	B2	B2	oxford5000
already	adv	A2	A2	oxford3000
also	adv	A1	A1	oxford3000
alter	v	B2	B2	oxford3000
alternative	n|adj	A2	A2|B1	oxford3000
although	conj	A2	A2	oxford3000
altogether	adv	B2	B2	oxford5000
aluminium	n	C1	C1	oxford5000
always	adv	A1	A1	oxford3000
amateur	adj|n	C1	C1	oxford5000
amazed	adj	B1	B1	oxford3000
amazing	adj	A1	A1	oxford3000
ambassador	n	C1	C1	oxford5000
ambition	n	B1	B1	oxford3000
ambitious	adj	B1	B1	oxford3000
ambulance	n	B2	B2	oxford5000
amend	v	C1	C1	oxford5000
amendment	n	C1	C1	oxford5000
amid	prep	C1	C1	oxford5000
among	prep	A2	A2	oxford3000
amount	n|v	A2	A2|B2	oxford3000
amusing	adj	B2	B2	oxford5000
analogy	n	C1	C1	oxford5000
analyse	v	B1	B1	oxford3000
analysis	n	B1	B1	oxford3000
analyst	n	B2	B2	oxford5000
ancestor	n	B2	B2	oxford5000
anchor	n	C1	C1	oxford5000
ancient	adj	A2	A2	oxford3000
and	conj	A1	A1	oxford3000
angel	n	C1	C1	oxford5000
anger	n	B2	B2	oxford3000
angle	n	B2	B2	oxford3000
angry	adj	A1	A1	oxford3000
animal	n	A1	A1	oxford3000
animation	n	B2	B2	oxford5000
ankle	n	A2	A2	oxford3000
anniversary	n	B2	B2	oxford3000
announce	v	B1	B1	oxford3000
announcement	n	B1	B1	oxford3000
annoy	v	B1	B1	oxford3000
annoyed	adj	B1	B1	oxford3000
annoying	adj	B1	B1	oxford3000
annual	adj	B2	B2	oxford3000
annually	adv	B2	B2	oxford5000
anonymous	adj	C1	C1	oxford5000
another	det|pron	A1	A1	oxford3000
answer	n|v	A1	A1	oxford3000
anticipate	v	B2	B2	oxford5000
anxiety	n	B2	B2	oxford5000
anxious	adj	B2	B2	oxford3000
any	det|pron|adv	A1	A1|A2	oxford3000
any more	adv	A2	A2	oxford3000
anybody	pron	A2	A2	oxford3000
anyone	pron	A1	A1	oxford3000
anything	pron	A1	A1	oxford3000
anyway	adv	A2	A2	oxford3000
anywhere	adv|pron	A2	A2	oxford3000
apart	adv	B1	B1	oxford3000
apartment	n	A1	A1	oxford3000
apologize	v	B1	B1	oxford3000
apology	n	B2	B2	oxford5000
app	n	A2	A2	oxford3000
apparatus	n	C1	C1	oxford5000
apparent	adj	B2	B2	oxford3000
apparently	adv	B2	B2	oxford3000
appeal	n|v	B2	B2	oxford3000
appealing	adj	C1	C1	oxford5000
appear	v	A2	A2	oxford3000
appearance	n	A2	A2	oxford3000
appetite	n	C1	C1	oxford5000
applaud	v	C1	C1	oxford5000
apple	n	A1	A1	oxford3000
applicable	adj	C1	C1	oxford5000
applicant	n	B2	B2	oxford5000
application	n	B1	B1	oxford3000
apply	v	A2	A2	oxford3000
appoint	v	C1	C1	oxford5000
appointment	n	B1	B1	oxford3000
appreciate	v	B1	B1	oxford3000
appreciation	n	C1	C1	oxford5000
approach	n|v	B2	B2	oxford3000
appropriate	adj	B2	B2	oxford3000
appropriately	adv	B2	B2	oxford5000
approval	n	B2	B2	oxford3000
approve	v	B2	B2	oxford3000
approximately	adv	B1	B1	oxford3000
april	n	A1	A1	oxford3000
arbitrary	adj	C1	C1	oxford5000
architect	n	A2	A2	oxford3000
architectural	adj	C1	C1	oxford5000
architecture	n	A2	A2	oxford3000
archive	n	C1	C1	oxford5000
area	n	A1	A1	oxford3000
arena	n	C1	C1	oxford5000
arguably	adv	C1	C1	oxford5000
argue	v	A2	A2	oxford3000
argument	n	A2	A2	oxford3000
arise	v	B2	B2	oxford3000
arm	n|v	A1	A1|C1	oxford3000
armed	adj	B2	B2	oxford3000
arms	n	B2	B2	oxford3000
army	n	A2	A2	oxford3000
around	prep|adv	A1	A1	oxford3000
arrange	v	A2	A2	oxford3000
arrangement	n	A2	A2	oxford3000
array	n	C1	C1	oxford5000
arrest	v|n	B1	B1	oxford3000
arrival	n	B1	B1	oxford3000
arrive	v	A1	A1	oxford3000
arrow	n	B2	B2	oxford5000
art	n	A1	A1	oxford3000
article	n	A1	A1	oxford3000
articulate	v	C1	C1	oxford5000
artificial	adj	B2	B2	oxford3000
artist	n	A1	A1	oxford3000
artistic	adj	B2	B2	oxford3000
artwork	n	B2	B2	oxford5000
as	prep|adv|conj	A1	A1|A2	oxford3000
ash	n	C1	C1	oxford5000
ashamed	adj	B2	B2	oxford3000
aside	adv	B2	B2	oxford5000
ask	v	A1	A1	oxford3000
asleep	adj	A2	A2	oxford3000
aspect	n	B2	B2	oxford3000
aspiration	n	C1	C1	oxford5000
aspire	v	C1	C1	oxford5000
assassination	n	C1	C1	oxford5000
assault	n|v	C1	C1	oxford5000
assemble	v	C1	C1	oxford5000
assembly	n	C1	C1	oxford5000
assert	v	C1	C1	oxford5000
assertion	n	C1	C1	oxford5000
assess	v	B2	B2	oxford3000
assessment	n	B2	B2	oxford3000
asset	n	B2	B2	oxford5000
assign	v	B2	B2	oxford5000
assignment	n	B1	B1	oxford3000
assist	v	B1	B1	oxford3000
assistance	n	B2	B2	oxford5000
assistant	n|adj	A2	A2	oxford3000
associate	v	B2	B2	oxford3000
associated	adj	B2	B2	oxford3000
association	n	B2	B2	oxford3000
assume	v	B2	B2	oxford3000
assumption	n	B2	B2	oxford5000
assurance	n	C1	C1	oxford5000
assure	v	B2	B2	oxford5000
astonishing	adj	B2	B2	oxford5000
asylum	n	C1	C1	oxford5000
at	prep	A1	A1	oxford3000
athlete	n	A2	A2	oxford3000
atmosphere	n	B1	B1	oxford3000
atrocity	n	C1	C1	oxford5000
attach	v	B1	B1	oxford3000
attachment	n	B2	B2	oxford5000
attack	n|v	A2	A2	oxford3000
attain	v	C1	C1	oxford5000
attempt	n|v	B2	B2	oxford3000
attend	v	A2	A2	oxford3000
attendance	n	C1	C1	oxford5000
attention	n|exclam	A2	A2	oxford3000
attitude	n	B1	B1	oxford3000
attorney	n	C1	C1	oxford5000
attract	v	B1	B1	oxford3000
attraction	n	B1	B1	oxford3000
attractive	adj	A2	A2	oxford3000
attribute	v|n	C1	C1	oxford5000
auction	n	B2	B2	oxford5000
audience	n	A2	A2	oxford3000
audio	adj	B2	B2	oxford5000
audit	n	C1	C1	oxford5000
august	n	A1	A1	oxford3000
aunt	n	A1	A1	oxford3000
authentic	adj	C1	C1	oxford5000
author	n	A2	A2	oxford3000
authority	n	B1	B1	oxford3000
authorize	v	C1	C1	oxford5000
auto	n	C1	C1	oxford5000
automatic	adj	B2	B2	oxford5000
automatically	adv	B2	B2	oxford5000
autonomy	n	C1	C1	oxford5000
autumn	n	A1	A1	oxford3000
availability	n	C1	C1	oxford5000
available	adj	A2	A2	oxford3000
average	adj|n|v	A2	A2|B1	oxford3000
avoid	v	A2	A2	oxford3000
await	v	C1	C1	oxford5000
award	n|v	A2	A2|B1	oxford3000
aware	adj	B1	B1	oxford3000
awareness	n	B2	B2	oxford5000
away	adv	A1	A1	oxford3000
awful	adj	A2	A2	oxford3000
awkward	adj	B2	B2	oxford5000
baby	n	A1	A1	oxford3000
back	n|adv|adj|v	A1	A1|A2|B2	oxford3000
backdrop	n	C1	C1	oxford5000
background	n	A2	A2	oxford3000
backing	n	C1	C1	oxford5000
backup	n	C1	C1	oxford5000
backwards	adv	B1	B1	oxford3000
bacteria	n	B2	B2	oxford3000
bad	adj	A1	A1	oxford3000
badge	n	B2	B2	oxford5000
badly	adv	A2	A2	oxford3000
bag	n	A1	A1	oxford3000
bail	n	C1	C1	oxford5000
bake	v	B1	B1	oxford3000
balance	n|v	B1	B1	oxford3000
balanced	adj	B2	B2	oxford5000
ball	n	A1	A1	oxford3000
ballet	n	B2	B2	oxford5000
balloon	n	B2	B2	oxford5000
ballot	n	C1	C1	oxford5000
ban	v|n	B1	B1	oxford3000
banana	n	A1	A1	oxford3000
band	n	A1	A1	oxford3000
bank	n	A1	A1|B1	oxford3000
banner	n	C1	C1	oxford5000
bar	n|v	A2	A2|B2	oxford3000
bare	adj	C1	C1	oxford5000
barely	adv	B2	B2	oxford5000
bargain	n	B2	B2	oxford5000
barrel	n	C1	C1	oxford5000
barrier	n	B2	B2	oxford3000
base	n|v	B1	B1	oxford3000
baseball	n	A2	A2	oxford3000
based	adj	A2	A2	oxford3000
basement	n	B2	B2	oxford5000
basic	adj	B1	B1	oxford3000
basically	adv	B2	B2	oxford3000
basis	n	B1	B1	oxford3000
basket	n	B2	B2	oxford5000
basketball	n	A2	A2	oxford3000
bass	n	C1	C1	oxford5000
bat	n|v	B2	B2|C1	oxford5000
bath	n	A1	A1	oxford3000
bathroom	n	A1	A1	oxford3000
battery	n	B1	B1	oxford3000
battle	n|v	B1	B1|B2	oxford3000
battlefield	n	C1	C1	oxford5000
bay	n	C1	C1	oxford5000
be	v|auxiliary v	A1	A1	oxford3000
beach	n	A1	A1	oxford3000
beam	n	C1	C1	oxford5000
bean	n	A2	A2	oxford3000
bear	v|n	A2	A2|B2	oxford3000
beast	n	C1	C1	oxford5000
beat	v|n	A2	A2|B2	oxford3000
beautiful	adj	A1	A1	oxford3000
beauty	n	B1	B1	oxford3000
because	conj	A1	A1	oxford3000
become	v	A1	A1	oxford3000
bed	n	A1	A1	oxford3000
bedroom	n	A1	A1	oxford3000
bee	n	B1	B1	oxford3000
beef	n	A2	A2	oxford3000
beer	n	A1	A1	oxford3000
before	prep|conj|adv	A1	A1|A2	oxford3000
beg	v	B2	B2	oxford3000
begin	v	A1	A1	oxford3000
beginning	n	A1	A1	oxford3000
behalf	n	C1	C1	oxford5000
behave	v	A2	A2	oxford3000
behaviour	n	A2	A2	oxford3000
behind	prep|adv	A1	A1	oxford3000
being	n	B2	B2	oxford3000
belief	n	B1	B1	oxford3000
believe	v	A1	A1	oxford3000
bell	n	B1	B1	oxford3000
belong	v	A2	A2	oxford3000
beloved	adj	C1	C1	oxford5000
below	adv|prep	A1	A1	oxford3000
belt	n	A2	A2	oxford3000
bench	n	C1	C1	oxford5000
benchmark	n	C1	C1	oxford5000
bend	v|n	B1	B1	oxford3000
beneath	prep	C1	C1	oxford5000
beneficial	adj	B2	B2	oxford5000
beneficiary	n	C1	C1	oxford5000
benefit	n|v	A2	A2|B1	oxford3000
bent	adj	B2	B2	oxford3000
beside	prep	B2	B2	oxford5000
besides	prep|adv	B2	B2	oxford5000
best	adj|adv|n	A1	A1|A2	oxford3000
bet	v|n	B2	B2	oxford3000
betray	v	C1	C1	oxford5000
better	adj|adv|n	A1	A1|A2|B1	oxford3000
between	prep|adv	A1	A1|A2	oxford3000
beyond	prep|adv	B2	B2	oxford3000
bias	n	B2	B2	oxford5000
bicycle	n	A1	A1	oxford3000
bid	n|v	B2	B2	oxford5000
big	adj	A1	A1	oxford3000
bike	n	A1	A1	oxford3000
bill	n|v	A1	A1|B2	oxford3000
billion	number	A2	A2	oxford3000
bin	n	A2	A2	oxford3000
bind	v	C1	C1	oxford5000
biography	n	C1	C1	oxford5000
biological	adj	B2	B2	oxford5000
biology	n	A2	A2	oxford3000
bird	n	A1	A1	oxford3000
birth	n	A2	A2	oxford3000
birthday	n	A1	A1	oxford3000
biscuit	n	A2	A2	oxford3000
bishop	n	C1	C1	oxford5000
bit	n	A2	A2	oxford3000
bite	v|n	B1	B1	oxford3000
bitter	adj	B2	B2	oxford3000
bizarre	adj	C1	C1	oxford5000
black	adj|n	A1	A1	oxford3000
blade	n	C1	C1	oxford5000
blame	v|n	B2	B2	oxford3000
blank	adj|n	A2	A2	oxford3000
blanket	n	B2	B2	oxford5000
blast	n|v	C1	C1	oxford5000
bleed	v	C1	C1	oxford5000
blend	v|n	C1	C1	oxford5000
bless	v	C1	C1	oxford5000
blessing	n	C1	C1	oxford5000
blind	adj	B2	B2	oxford3000
block	n|v	B1	B1	oxford3000
blog	n	A1	A1	oxford3000
blonde	adj	A1	A1	oxford3000
blood	n	A2	A2	oxford3000
blow	v|n	A2	A2|B2	oxford3000
blue	adj|n	A1	A1	oxford3000
board	n|v	A2	A2|B1	oxford3000
boast	v	C1	C1	oxford5000
boat	n	A1	A1	oxford3000
body	n	A1	A1	oxford3000
boil	v	A2	A2	oxford3000
bold	adj	B2	B2	oxford5000
bomb	n|v	B1	B1	oxford3000
bombing	n	B2	B2	oxford5000
bond	n	B2	B2	oxford3000
bone	n	A2	A2	oxford3000
bonus	n	C1	C1	oxford5000
book	n|v	A1	A1|A2	oxford3000
booking	n	B2	B2	oxford5000
boom	n	C1	C1	oxford5000
boost	v|n	B2	B2	oxford5000
boot	n	A1	A1	oxford3000
border	n|v	B1	B1|B2	oxford3000
bored	adj	A1	A1	oxford3000
boring	adj	A1	A1	oxford3000
born	v	A1	A1	oxford3000
borrow	v	A2	A2	oxford3000
boss	n	A2	A2	oxford3000
both	det|pron	A1	A1	oxford3000
bother	v	B1	B1	oxford3000
bottle	n	A1	A1	oxford3000
bottom	n|adj	A2	A2	oxford3000
bounce	v	C1	C1	oxford5000
bound	adj	B2	B2	oxford5000
boundary	n	C1	C1	oxford5000
bow	v|n	C1	C1	oxford5000
bowl	n	A2	A2	oxford3000
box	n	A1	A1	oxford3000
boy	n	A1	A1	oxford3000
boyfriend	n	A1	A1	oxford3000
brain	n	A2	A2	oxford3000
branch	n	B1	B1	oxford3000
brand	n|v	B1	B1	oxford3000
brave	adj	B1	B1	oxford3000
breach	n|v	C1	C1	oxford5000
bread	n	A1	A1	oxford3000
break	v|n	A1	A1	oxford3000
breakdown	n	C1	C1	oxford5000
breakfast	n	A1	A1	oxford3000
breakthrough	n	C1	C1	oxford5000
breast	n	B2	B2	oxford3000
breath	n	B1	B1	oxford3000
breathe	v	B1	B1	oxford3000
breathing	n	B1	B1	oxford3000
breed	v|n	C1	C1	oxford5000
brick	n	B2	B2	oxford5000
bride	n	B1	B1	oxford3000
bridge	n	A2	A2	oxford3000
brief	adj	B2	B2	oxford3000
briefly	adv	B2	B2	oxford5000
bright	adj	A2	A2	oxford3000
brilliant	adj	A2	A2	oxford3000
bring	v	A1	A1	oxford3000
broad	adj	B2	B2	oxford3000
broadband	n	C1	C1	oxford5000
broadcast	v|n	B2	B2	oxford3000
broadcaster	n	B2	B2	oxford5000
broadly	adv	B2	B2	oxford5000
broken	adj	A2	A2	oxford3000
brother	n	A1	A1	oxford3000
brown	adj|n	A1	A1	oxford3000
browser	n	C1	C1	oxford5000
brush	v|n	A2	A2	oxford3000
brutal	adj	C1	C1	oxford5000
bubble	n	B1	B1	oxford3000
buck	n	C1	C1	oxford5000
buddy	n	C1	C1	oxford5000
budget	n	B2	B2	oxford3000
buffer	n	C1	C1	oxford5000
bug	n	B2	B2	oxford5000
build	v	A1	A1	oxford3000
building	n	A1	A1	oxford3000
bulk	n	C1	C1	oxford5000
bullet	n	B2	B2	oxford3000
bunch	n	B2	B2	oxford3000
burden	n	C1	C1	oxford5000
bureaucracy	n	C1	C1	oxford5000
burial	n	C1	C1	oxford5000
burn	v|n	A2	A2|B2	oxford3000
burst	v	C1	C1	oxford5000
bury	v	B1	B1	oxford3000
bus	n	A1	A1	oxford3000
bush	n	B2	B2	oxford3000
business	n	A1	A1	oxford3000
businessman	n	A2	A2	oxford3000
busy	adj	A1	A1	oxford3000
but	conj|prep	A1	A1|B2	oxford3000
butter	n	A1	A1	oxford3000
button	n	A2	A2	oxford3000
buy	v	A1	A1	oxford3000
by	prep|adv	A1	A1|B1	oxford3000
bye	exclam	A1	A1	oxford3000
cabin	n	B2	B2	oxford5000
cabinet	n	C1	C1	oxford5000
cable	n	B2	B2	oxford3000
cafe	n	A1	A1	oxford3000
cake	n	A1	A1	oxford3000
calculate	v	B2	B2	oxford3000
calculation	n	C1	C1	oxford5000
call	v|n	A1	A1	oxford3000
calm	adj|v|n	B1	B1	oxford3000
camera	n	A1	A1	oxford3000
camp	n|v	A2	A2	oxford3000
campaign	n|v	B1	B1	oxford3000
camping	n	A2	A2	oxford3000
campus	n	B1	B1	oxford3000
can	modal v|n	A1	A1|A2	oxford3000
canal	n	B2	B2	oxford5000
cancel	v	B2	B2	oxford3000
cancer	n	B2	B2	oxford3000
candidate	n	B1	B1	oxford3000
candle	n	B2	B2	oxford5000
cannot	v	A1	A1	oxford3000
canvas	n	C1	C1	oxford5000
cap	n	B1	B1	oxford3000
capability	n	C1	C1	oxford5000
capable	adj	B2	B2	oxford3000
capacity	n	B2	B2	oxford3000
capital	n|adj	A1	A1	oxford3000
capitalism	n	C1	C1	oxford5000
capitalist	adj	C1	C1	oxford5000
captain	n	B1	B1	oxford3000
capture	v|n	B2	B2	oxford3000
car	n	A1	A1	oxford3000
carbon	n	B2	B2	oxford5000
card	n	A1	A1	oxford3000
care	n|v	A2	A2	oxford3000
career	n	A1	A1	oxford3000
careful	adj	A2	A2	oxford3000
carefully	adv	A2	A2	oxford3000
careless	adj	B1	B1	oxford3000
cargo	n	C1	C1	oxford5000
carpet	n	A2	A2	oxford3000
carriage	n	C1	C1	oxford5000
carrot	n	A1	A1	oxford3000
carry	v	A1	A1	oxford3000
cartoon	n	A2	A2	oxford3000
carve	v	C1	C1	oxford5000
case	n	A2	A2	oxford3000
cash	n	A2	A2	oxford3000
casino	n	C1	C1	oxford5000
cast	n|v	B2	B2	oxford3000
castle	n	A2	A2	oxford3000
casual	adj	B2	B2	oxford5000
casualty	n	C1	C1	oxford5000
cat	n	A1	A1	oxford3000
catalogue	n	C1	C1	oxford5000
catch	v|n	A2	A2|B2	oxford3000
category	n	B1	B1	oxford3000
cater	v	C1	C1	oxford5000
cattle	n	C1	C1	oxford5000
cause	n|v	A2	A2	oxford3000
caution	n	C1	C1	oxford5000
cautious	adj	C1	C1	oxford5000
cave	n	B2	B2	oxford5000
cd	n	A1	A1	oxford3000
cease	v	C1	C1	oxford5000
ceiling	n	B1	B1	oxford3000
celebrate	v	A2	A2	oxford3000
celebration	n	B1	B1	oxford3000
celebrity	n	A2	A2	oxford3000
cell	n	B2	B2	oxford3000
cemetery	n	C1	C1	oxford5000
cent	n	A1	A1	oxford3000
central	adj	B1	B1	oxford3000
centre	n|v	A1	A1|B1	oxford3000
century	n	A1	A1	oxford3000
ceremony	n	B1	B1	oxford3000
certain	adj	A2	A2	oxford3000
certainly	adv	A2	A2	oxford3000
certainty	n	B2	B2	oxford5000
certificate	n	B2	B2	oxford5000
chain	n|v	B1	B1|B2	oxford3000
chair	n|v	A1	A1|B2	oxford3000
chairman	n	B2	B2	oxford3000
challenge	n|v	B1	B1|B2	oxford3000
challenging	adj	B2	B2	oxford5000
chamber	n	C1	C1	oxford5000
champion	n	B1	B1	oxford3000
championship	n	B2	B2	oxford5000
chance	n	A2	A2	oxford3000
change	v|n	A1	A1	oxford3000
channel	n	B1	B1	oxford3000
chaos	n	C1	C1	oxford5000
chapter	n	B1	B1	oxford3000
character	n	A2	A2	oxford3000
characteristic	n|adj	B2	B2	oxford3000
characterize	v	C1	C1	oxford5000
charge	n|v	B1	B1	oxford3000
charity	n	A2	A2	oxford3000
charm	n	C1	C1	oxford5000
charming	adj	B2	B2	oxford5000
chart	n|v	A1	A1|B2	oxford3000
charter	n	C1	C1	oxford5000
chase	v|n	B2	B2	oxford5000
chat	v|n	A2	A2	oxford3000
cheap	adj|adv	A1	A1|B1	oxford3000
cheat	v|n	B1	B1	oxford3000
check	v|n	A1	A1|A2	oxford3000
cheek	n	B2	B2	oxford5000
cheer	v|n	B2	B2	oxford5000
cheerful	adj	B1	B1	oxford3000
cheese	n	A1	A1	oxford3000
chef	n	A2	A2	oxford3000
chemical	adj|n	B1	B1	oxford3000
chemistry	n	A2	A2	oxford3000
chest	n	B1	B1	oxford3000
chicken	n	A1	A1	oxford3000
chief	adj|n	B2	B2	oxford3000
child	n	A1	A1	oxford3000
childhood	n	B1	B1	oxford3000
chip	n	A2	A2	oxford3000
chocolate	n	A1	A1	oxford3000
choice	n	A2	A2	oxford3000
choir	n	B2	B2	oxford5000
choose	v	A1	A1	oxford3000
chop	v	B2	B2	oxford5000
chronic	adj	C1	C1	oxford5000
chunk	n	C1	C1	oxford5000
church	n	A2	A2	oxford3000
cigarette	n	A2	A2	oxford3000
cinema	n	A1	A1	oxford3000
circle	n|v	A2	A2	oxford3000
circuit	n	B2	B2	oxford5000
circulate	v	C1	C1	oxford5000
circulation	n	C1	C1	oxford5000
circumstance	n	B2	B2	oxford3000
cite	v	B2	B2	oxford3000
citizen	n	B2	B2	oxford3000
citizenship	n	C1	C1	oxford5000
city	n	A1	A1	oxford3000
civic	adj	C1	C1	oxford5000
civil	adj	B2	B2	oxford3000
civilian	n|adj	C1	C1	oxford5000
civilization	n	B2	B2	oxford5000
claim	v|n	B1	B1	oxford3000
clarify	v	B2	B2	oxford5000
clarity	n	C1	C1	oxford5000
clash	n	C1	C1	oxford5000
class	n	A1	A1	oxford3000
classic	adj|n	B2	B2	oxford3000
classical	adj	A2	A2	oxford3000
classification	n	C1	C1	oxford5000
classify	v	B2	B2	oxford5000
classroom	n	A1	A1	oxford3000
clause	n	B1	B1	oxford3000
clean	adj|v	A1	A1	oxford3000
clear	adj|v	A2	A2|B1	oxford3000
clearly	adv	A2	A2	oxford3000
clerk	n	B2	B2	oxford5000
clever	adj	A2	A2	oxford3000
click	v|n	B1	B1	oxford3000
client	n	B1	B1	oxford3000
cliff	n	B2	B2	oxford5000
climate	n	A2	A2	oxford3000
climb	v|n	A1	A1|B1	oxford3000
cling	v	C1	C1	oxford5000
clinic	n	B2	B2	oxford5000
clinical	adj	C1	C1	oxford5000
clip	n	B2	B2	oxford5000
clock	n	A1	A1	oxford3000
close	v|n|adj|adv	A1	A1|A2|B1|B2	oxford3000
closed	adj	A2	A2	oxford3000
closely	adv	B2	B2	oxford3000
closure	n	C1	C1	oxford5000
cloth	n	B1	B1	oxford3000
clothes	n	A1	A1	oxford3000
clothing	n	A2	A2	oxford3000
cloud	n	A2	A2	oxford3000
club	n	A1	A1	oxford3000
clue	n	B1	B1	oxford3000
cluster	n	C1	C1	oxford5000
coach	n|v	A2	A2|B1	oxford3000
coal	n	B1	B1	oxford3000
coalition	n	C1	C1	oxford5000
coast	n	A2	A2	oxford3000
coastal	adj	C1	C1	oxford5000
coat	n	A1	A1	oxford3000
cocktail	n	C1	C1	oxford5000
code	n	A2	A2	oxford3000
coffee	n	A1	A1	oxford3000
cognitive	adj	C1	C1	oxford5000
coin	n	B1	B1	oxford3000
coincide	v	C1	C1	oxford5000
coincidence	n	B2	B2	oxford5000
cold	adj|n	A1	A1	oxford3000
collaborate	v	C1	C1	oxford5000
collaboration	n	C1	C1	oxford5000
collapse	v|n	B2	B2	oxford3000
colleague	n	A2	A2	oxford3000
collect	v	A2	A2	oxford3000
collection	n	B1	B1	oxford3000
collective	adj	C1	C1	oxford5000
collector	n	B2	B2	oxford5000
college	n	A1	A1	oxford3000
collision	n	C1	C1	oxford5000
colonial	adj	C1	C1	oxford5000
colony	n	B2	B2	oxford5000
colour	n	A1	A1	oxford3000
coloured	adj	B1	B1	oxford3000
colourful	adj	B2	B2	oxford5000
column	n	A2	A2	oxford3000
columnist	n	C1	C1	oxford5000
combat	n|v	C1	C1	oxford5000
combination	n	B2	B2	oxford3000
combine	v	B1	B1	oxford3000
come	v	A1	A1	oxford3000
comedy	n	A2	A2	oxford3000
comfort	n|v	B2	B2	oxford3000
comfortable	adj	A2	A2	oxford3000
comic	adj|n	B2	B2	oxford5000
command	n|v	B2	B2	oxford3000
commander	n	B2	B2	oxford5000
commence	v	C1	C1	oxford5000
comment	n|v	A2	A2|B1	oxford3000
commentary	n	C1	C1	oxford5000
commentator	n	C1	C1	oxford5000
commerce	n	C1	C1	oxford5000
commercial	adj|n	B1	B1	oxford3000
commission	n|v	B2	B2	oxford3000
commissioner	n	C1	C1	oxford5000
commit	v	B1	B1	oxford3000
commitment	n	B2	B2	oxford3000
committee	n	B2	B2	oxford3000
commodity	n	C1	C1	oxford5000
common	adj|n	A1	A1	oxford3000
commonly	adv	B2	B2	oxford3000
communicate	v	A2	A2	oxford3000
communication	n	B1	B1	oxford3000
communist	adj	C1	C1	oxford5000
community	n	A2	A2	oxford3000
companion	n	C1	C1	oxford5000
company	n	A1	A1	oxford3000
comparable	adj	C1	C1	oxford5000
comparative	adj	B2	B2	oxford5000
compare	v	A1	A1	oxford3000
comparison	n	B1	B1	oxford3000
compassion	n	C1	C1	oxford5000
compel	v	C1	C1	oxford5000
compelling	adj	C1	C1	oxford5000
compensate	v	C1	C1	oxford5000
compensation	n	C1	C1	oxford5000
compete	v	A2	A2	oxford3000
competence	n	C1	C1	oxford5000
competent	adj	C1	C1	oxford5000
competition	n	A2	A2	oxford3000
competitive	adj	B1	B1	oxford3000
competitor	n	B1	B1	oxford3000
compile	v	C1	C1	oxford5000
complain	v	A2	A2	oxford3000
complaint	n	B1	B1	oxford3000
complement	v	C1	C1	oxford5000
complete	adj|v	A1	A1	oxford3000
completely	adv	A2	A2	oxford3000
completion	n	B2	B2	oxford5000
complex	adj|n	B1	B1|B2	oxford3000
complexity	n	C1	C1	oxford5000
compliance	n	C1	C1	oxford5000
complicated	adj	B2	B2	oxford3000
complication	n	C1	C1	oxford5000
comply	v	C1	C1	oxford5000
component	n	B2	B2	oxford3000
compose	v	B2	B2	oxford5000
composer	n	B2	B2	oxford5000
composition	n	C1	C1	oxford5000
compound	n	B2	B2	oxford5000
comprehensive	adj	B2	B2	oxford5000
comprise	v	B2	B2	oxford5000
compromise	n|v	C1	C1	oxford5000
compulsory	adj	B2	B2	oxford5000
compute	v	C1	C1	oxford5000
computer	n	A1	A1	oxford3000
conceal	v	C1	C1	oxford5000
concede	v	C1	C1	oxford5000
conceive	v	C1	C1	oxford5000
concentrate	v	B1	B1	oxford3000
concentration	n	B2	B2	oxford3000
concept	n	B2	B2	oxford3000
conception	n	C1	C1	oxford5000
concern	n|v	B2	B2	oxford3000
concerned	adj	B2	B2	oxford3000
concert	n	A1	A1	oxford3000
concession	n	C1	C1	oxford5000
conclude	v	B1	B1	oxford3000
conclusion	n	B1	B1	oxford3000
concrete	adj|n	B2	B2	oxford5000
condemn	v	C1	C1	oxford5000
condition	n	A2	A2	oxford3000
conduct	v|n	B2	B2	oxford3000
confer	v	C1	C1	oxford5000
conference	n	A2	A2	oxford3000
confess	v	B2	B2	oxford5000
confession	n	C1	C1	oxford5000
confidence	n	B2	B2	oxford3000
confident	adj	B1	B1	oxford3000
configuration	n	C1	C1	oxford5000
confine	v	C1	C1	oxford5000
confirm	v	B1	B1	oxford3000
confirmation	n	C1	C1	oxford5000
conflict	n|v	B2	B2	oxford3000
confront	v	C1	C1	oxford5000
confrontation	n	C1	C1	oxford5000
confuse	v	B1	B1	oxford3000
confused	adj	B1	B1	oxford3000
confusing	adj	B2	B2	oxford3000
confusion	n	B2	B2	oxford5000
congratulate	v	C1	C1	oxford5000
congregation	n	C1	C1	oxford5000
congressional	adj	C1	C1	oxford5000
connect	v	A2	A2	oxford3000
connected	adj	A2	A2	oxford3000
connection	n	B1	B1	oxford3000
conquer	v	C1	C1	oxford5000
conscience	n	C1	C1	oxford5000
conscious	adj	B2	B2	oxford3000
consciousness	n	C1	C1	oxford5000
consecutive	adj	C1	C1	oxford5000
consensus	n	C1	C1	oxford5000
consent	n|v	C1	C1	oxford5000
consequence	n	B1	B1	oxford3000
consequently	adv	B2	B2	oxford5000
conservation	n	B2	B2	oxford5000
conservative	adj|n	B2	B2	oxford3000
conserve	v	C1	C1	oxford5000
consider	v	A2	A2	oxford3000
considerable	adj	B2	B2	oxford5000
considerably	adv	B2	B2	oxford5000
consideration	n	B2	B2	oxford3000
consist	v	B1	B1	oxford3000
consistency	n	C1	C1	oxford5000
consistent	adj	B2	B2	oxford3000
consistently	adv	B2	B2	oxford5000
consolidate	v	C1	C1	oxford5000
conspiracy	n	B2	B2	oxford5000
constant	adj	B2	B2	oxford3000
constantly	adv	B2	B2	oxford3000
constituency	n	C1	C1	oxford5000
constitute	v	C1	C1	oxford5000
constitution	n	C1	C1	oxford5000
constitutional	adj	C1	C1	oxford5000
constraint	n	C1	C1	oxford5000
construct	v	B2	B2	oxford3000
construction	n	B2	B2	oxford3000
consult	v	B2	B2	oxford5000
consultant	n	B2	B2	oxford5000
consultation	n	C1	C1	oxford5000
consume	v	B1	B1	oxford3000
consumer	n	B1	B1	oxford3000
consumption	n	B2	B2	oxford5000
contact	n|v	B1	B1	oxford3000
contain	v	A2	A2	oxford3000
container	n	B1	B1	oxford3000
contemplate	v	C1	C1	oxford5000
contemporary	adj	B2	B2	oxford3000
contempt	n	C1	C1	oxford5000
contend	v	C1	C1	oxford5000
contender	n	C1	C1	oxford5000
content	n|adj	B1	B1|C1	oxford3000
contention	n	C1	C1	oxford5000
contest	n|v	B2	B2	oxford3000
context	n	A2	A2	oxford3000
continent	n	A2	A2	oxford3000
continually	adv	C1	C1	oxford5000
continue	v	A2	A2	oxford3000
continuous	adj	B1	B1	oxford3000
contract	n|v	B2	B2	oxford3000
contractor	n	C1	C1	oxford5000
contradiction	n	C1	C1	oxford5000
contrary	adj|n	C1	C1	oxford5000
contrast	n|v	B1	B1	oxford3000
contribute	v	B2	B2	oxford3000
contribution	n	B2	B2	oxford3000
contributor	n	C1	C1	oxford5000
control	n|v	A2	A2	oxford3000
controversial	adj	B2	B2	oxford5000
controversy	n	B2	B2	oxford5000
convenience	n	B2	B2	oxford5000
convenient	adj	B1	B1	oxford3000
convention	n	B2	B2	oxford5000
conventional	adj	B2	B2	oxford5000
conversation	n	A1	A1	oxford3000
conversion	n	C1	C1	oxford5000
convert	v	B2	B2	oxford3000
convey	v	B2	B2	oxford5000
convict	v	C1	C1	oxford5000
conviction	n	C1	C1	oxford5000
convince	v	B1	B1	oxford3000
convinced	adj	B2	B2	oxford3000
convincing	adj	B2	B2	oxford5000
cook	v|n	A1	A1|A2	oxford3000
cooker	n	A2	A2	oxford3000
cooking	n	A1	A1	oxford3000
cool	adj|v	A1	A1|B1	oxford3000
cooperate	v	C1	C1	oxford5000
cooperative	adj	C1	C1	oxford5000
coordinate	v	C1	C1	oxford5000
coordination	n	C1	C1	oxford5000
coordinator	n	C1	C1	oxford5000
cop	n	C1	C1	oxford5000
cope	v	B2	B2	oxford5000
copper	n	C1	C1	oxford5000
copy	n|v	A2	A2	oxford3000
copyright	n	C1	C1	oxford5000
core	n|adj	B2	B2	oxford3000
corner	n	A2	A2	oxford3000
corporate	adj	B2	B2	oxford3000
corporation	n	B2	B2	oxford5000
correct	adj|v	A1	A1	oxford3000
correction	n	C1	C1	oxford5000
correctly	adv	A2	A2	oxford3000
correlate	v	C1	C1	oxford5000
correlation	n	C1	C1	oxford5000
correspond	v	C1	C1	oxford5000
correspondence	n	C1	C1	oxford5000
correspondent	n	C1	C1	oxford5000
corresponding	adj	C1	C1	oxford5000
corridor	n	B2	B2	oxford5000
corrupt	adj	C1	C1	oxford5000
corruption	n	C1	C1	oxford5000
cost	n|v	A1	A1	oxford3000
costly	adj	C1	C1	oxford5000
costume	n	B1	B1	oxford3000
cottage	n	B1	B1	oxford3000
cotton	n	B1	B1	oxford3000
could	modal v	A1	A1	oxford3000
council	n	B2	B2	oxford3000
councillor	n	C1	C1	oxford5000
counselling	n	C1	C1	oxford5000
counsellor	n	C1	C1	oxford5000
count	v|n	A2	A2|B1	oxford3000
counter	n|v	B2	B2|C1	oxford5000
counterpart	n	C1	C1	oxford5000
countless	adj	C1	C1	oxford5000
country	n	A1	A1	oxford3000
countryside	n	B1	B1	oxford3000
county	n	B2	B2	oxford3000
coup	n	C1	C1	oxford5000
couple	n	A2	A2	oxford3000
courage	n	B2	B2	oxford3000
course	n	A1	A1	oxford3000
court	n	B1	B1	oxford3000
courtesy	n	C1	C1	oxford5000
cousin	n	A1	A1	oxford3000
cover	v|n	A2	A2|B1	oxford3000
coverage	n	B2	B2	oxford5000
covered	adj	B1	B1	oxford3000
cow	n	A1	A1	oxford3000
crack	v|n	B2	B2	oxford5000
craft	n|v	B2	B2|C1	oxford5000
crash	n|v	B2	B2	oxford3000
crawl	v	C1	C1	oxford5000
crazy	adj	A2	A2	oxford3000
cream	n|adj	A1	A1|B1	oxford3000
create	v	A1	A1	oxford3000
creation	n	B2	B2	oxford3000
creative	adj	A2	A2	oxford3000
creativity	n	B2	B2	oxford5000
creator	n	C1	C1	oxford5000
creature	n	B2	B2	oxford3000
credibility	n	C1	C1	oxford5000
credible	adj	C1	C1	oxford5000
credit	n|v	A2	A2|B2	oxford3000
creep	v	C1	C1	oxford5000
crew	n	B2	B2	oxford3000
crime	n	A2	A2	oxford3000
criminal	n|adj	A2	A2|B1	oxford3000
crisis	n	B2	B2	oxford3000
criterion	n	B2	B2	oxford3000
critic	n	B2	B2	oxford3000
critical	adj	B2	B2	oxford3000
critically	adv	B2	B2	oxford5000
criticism	n	B2	B2	oxford3000
criticize	v	B2	B2	oxford3000
critique	n	C1	C1	oxford5000
crop	n	B2	B2	oxford3000
cross	v|n	A2	A2	oxford3000
crowd	n	A2	A2	oxford3000
crowded	adj	A2	A2	oxford3000
crown	n	C1	C1	oxford5000
crucial	adj	B2	B2	oxford3000
crude	adj	C1	C1	oxford5000
cruel	adj	B1	B1	oxford3000
cruise	n|v	B2	B2	oxford5000
crush	v	C1	C1	oxford5000
cry	v|n	A2	A2|B2	oxford3000
crystal	n	C1	C1	oxford5000
cue	n	B2	B2	oxford5000
cult	n|adj	C1	C1	oxford5000
cultivate	v	C1	C1	oxford5000
cultural	adj	B1	B1	oxford3000
culture	n	A1	A1	oxford3000
cup	n	A1	A1	oxford3000
cupboard	n	A2	A2	oxford3000
cure	v|n	B2	B2	oxford3000
curiosity	n	C1	C1	oxford5000
curious	adj	B2	B2	oxford5000
curly	adj	A2	A2	oxford3000
currency	n	B1	B1	oxford3000
current	adj|n	B1	B1|B2	oxford3000
currently	adv	B1	B1	oxford3000
curriculum	n	B2	B2	oxford5000
curtain	n	B1	B1	oxford3000
curve	n|v	B2	B2	oxford3000
curved	adj	B2	B2	oxford3000
custody	n	C1	C1	oxford5000
custom	n	B1	B1	oxford3000
customer	n	A1	A1	oxford3000
cut	v|n	A1	A1|B1	oxford3000
cute	adj	B2	B2	oxford5000
cutting	n	C1	C1	oxford5000
cycle	n|v	A2	A2	oxford3000
cynical	adj	C1	C1	oxford5000
dad	n	A1	A1	oxford3000
daily	adj|adv	A2	A2|B1	oxford3000
dairy	n|adj	B2	B2	oxford5000
dam	n	C1	C1	oxford5000
damage	n|v	B1	B1	oxford3000
damaging	adj	C1	C1	oxford5000
dance	n|v	A1	A1	oxford3000
dancer	n	A1	A1	oxford3000
dancing	n	A1	A1	oxford3000
danger	n	A2	A2	oxford3000
dangerous	adj	A1	A1	oxford3000
dare	v	B2	B2	oxford5000
dark	adj|n	A1	A1|A2	oxford3000
darkness	n	B2	B2	oxford5000
data	n	A2	A2	oxford3000
database	n	B2	B2	oxford5000
date	n|v	A1	A1|B2	oxford3000
daughter	n	A1	A1	oxford3000
dawn	n	C1	C1	oxford5000
day	n	A1	A1	oxford3000
dead	adj	A2	A2	oxford3000
deadline	n	B2	B2	oxford5000
deadly	adj	B2	B2	oxford5000
deal	v|n	A2	A2|B1	oxford3000
dealer	n	B2	B2	oxford5000
dear	adj|exclam	A1	A1|A2	oxford3000
death	n	A2	A2	oxford3000
debate	n|v	B2	B2	oxford3000
debris	n	C1	C1	oxford5000
debt	n	B2	B2	oxford3000
debut	n	C1	C1	oxford5000
decade	n	B1	B1	oxford3000
december	n	A1	A1	oxford3000
decent	adj	B2	B2	oxford3000
decide	v	A1	A1	oxford3000
decision	n	A2	A2	oxford3000
decision-making	n	C1	C1	oxford5000
decisive	adj	C1	C1	oxford5000
deck	n	B2	B2	oxford5000
declaration	n	C1	C1	oxford5000
declare	v	B2	B2	oxford3000
decline	v|n	B2	B2	oxford3000
decorate	v	B1	B1	oxford3000
decoration	n	B2	B2	oxford3000
decrease	v|n	B2	B2	oxford3000
dedicated	adj	C1	C1	oxford5000
dedication	n	C1	C1	oxford5000
deed	n	C1	C1	oxford5000
deem	v	C1	C1	oxford5000
deep	adj|adv	A2	A2|B1	oxford3000
deeply	adv	B2	B2	oxford3000
default	n	C1	C1	oxford5000
defeat	v|n	B2	B2	oxford3000
defect	n	C1	C1	oxford5000
defence	n	B2	B2	oxford3000
defend	v	B2	B2	oxford3000
defender	n	B2	B2	oxford5000
defensive	adj	C1	C1	oxford5000
deficiency	n	C1	C1	oxford5000
deficit	n	C1	C1	oxford5000
define	v	B1	B1	oxford3000
definite	adj	B1	B1	oxford3000
definitely	adv	A2	A2	oxford3000
definition	n	B1	B1	oxford3000
defy	v	C1	C1	oxford5000
degree	n	A2	A2	oxford3000
delay	v|n	B2	B2	oxford3000
delegate	n	C1	C1	oxford5000
delegation	n	C1	C1	oxford5000
delete	v	B2	B2	oxford5000
deliberate	adj	B2	B2	oxford3000
deliberately	adv	B2	B2	oxford3000
delicate	adj	C1	C1	oxford5000
delicious	adj	A1	A1	oxford3000
delight	v|n	B2	B2	oxford3000
delighted	adj	B2	B2	oxford3000
deliver	v	B1	B1	oxford3000
delivery	n	B2	B2	oxford3000
demand	n|v	B2	B2	oxford3000
democracy	n	B2	B2	oxford5000
democratic	adj	B2	B2	oxford5000
demon	n	C1	C1	oxford5000
demonstrate	v	B2	B2	oxford3000
demonstration	n	B2	B2	oxford5000
denial	n	C1	C1	oxford5000
denounce	v	C1	C1	oxford5000
dense	adj	C1	C1	oxford5000
density	n	C1	C1	oxford5000
dentist	n	A2	A2	oxford3000
deny	v	B2	B2	oxford3000
depart	v	B2	B2	oxford5000
department	n	A2	A2	oxford3000
departure	n	B1	B1	oxford3000
depend	v	A2	A2	oxford3000
dependence	n	C1	C1	oxford5000
dependent	adj	B2	B2	oxford5000
depict	v	C1	C1	oxford5000
deploy	v	C1	C1	oxford5000
deployment	n	C1	C1	oxford5000
deposit	n|v	B2	B2|C1	oxford5000
depressed	adj	B2	B2	oxford3000
depressing	adj	B2	B2	oxford3000
depression	n	B2	B2	oxford5000
deprive	v	C1	C1	oxford5000
depth	n	B2	B2	oxford3000
deputy	n	C1	C1	oxford5000
derive	v	B2	B2	oxford5000
descend	v	C1	C1	oxford5000
descent	n	C1	C1	oxford5000
describe	v	A1	A1	oxford3000
description	n	A1	A1	oxford3000
desert	n|v	A2	A2|B2	oxford3000
deserve	v	B2	B2	oxford3000
design	n|v	A1	A1	oxford3000
designate	v	C1	C1	oxford5000
designer	n	A2	A2	oxford3000
desirable	adj	C1	C1	oxford5000
desire	n|v	B2	B2	oxford3000
desk	n	A1	A1	oxford3000
desktop	n	C1	C1	oxford5000
desperate	adj	B2	B2	oxford3000
desperately	adv	B2	B2	oxford5000
despite	prep	B1	B1	oxford3000
destination	n	B1	B1	oxford3000
destroy	v	A2	A2	oxford3000
destruction	n	B2	B2	oxford5000
destructive	adj	C1	C1	oxford5000
detail	n|v	A1	A1|B2	oxford3000
detailed	adj	B2	B2	oxford3000
detain	v	C1	C1	oxford5000
detect	v	B2	B2	oxford3000
detection	n	C1	C1	oxford5000
detective	n	A2	A2	oxford3000
detention	n	C1	C1	oxford5000
deteriorate	v	C1	C1	oxford5000
determination	n	B2	B2	oxford5000
determine	v	B1	B1	oxford3000
determined	adj	B1	B1	oxford3000
devastate	v	C1	C1	oxford5000
develop	v	A2	A2	oxford3000
development	n	B1	B1	oxford3000
device	n	A2	A2	oxford3000
devil	n	C1	C1	oxford5000
devise	v	C1	C1	oxford5000
devote	v	B2	B2	oxford5000
diagnose	v	C1	C1	oxford5000
diagnosis	n	C1	C1	oxford5000
diagram	n	B1	B1	oxford3000
dialogue	n	A1	A1	oxford3000
diamond	n	B1	B1	oxford3000
diary	n	A2	A2	oxford3000
dictate	v	C1	C1	oxford5000
dictator	n	C1	C1	oxford5000
dictionary	n	A1	A1	oxford3000
die	v	A1	A1	oxford3000
diet	n	A1	A1	oxford3000
differ	v	B2	B2	oxford5000
difference	n	A1	A1	oxford3000
different	adj	A1	A1	oxford3000
differentiate	v	C1	C1	oxford5000
differently	adv	A2	A2	oxford3000
difficult	adj	A1	A1	oxford3000
difficulty	n	B1	B1	oxford3000
dig	v	B2	B2	oxford3000
digital	adj	A2	A2	oxford3000
dignity	n	C1	C1	oxford5000
dilemma	n	C1	C1	oxford5000
dimension	n	C1	C1	oxford5000
diminish	v	C1	C1	oxford5000
dinner	n	A1	A1	oxford3000
dip	v	C1	C1	oxford5000
diplomat	n	C1	C1	oxford5000
diplomatic	n	C1	C1	oxford5000
direct	adj|v|adv	A2	A2|B1	oxford3000
direction	n	A2	A2	oxford3000
directly	adv	B1	B1	oxford3000
director	n	A2	A2	oxford3000
directory	n	C1	C1	oxford5000
dirt	n	B1	B1	oxford3000
dirty	adj	A1	A1	oxford3000
disability	n	B2	B2	oxford5000
disabled	adj	B2	B2	oxford5000
disadvantage	n	B1	B1	oxford3000
disagree	v	A2	A2	oxford3000
disagreement	n	B2	B2	oxford5000
disappear	v	A2	A2	oxford3000
disappoint	v	B2	B2	oxford5000
disappointed	adj	B1	B1	oxford3000
disappointing	adj	B1	B1	oxford3000
disappointment	n	B2	B2	oxford5000
disaster	n	A2	A2	oxford3000
disastrous	adj	C1	C1	oxford5000
disc	n	B2	B2	oxford3000
discard	v	C1	C1	oxford5000
discharge	v	C1	C1	oxford5000
discipline	n	B2	B2	oxford3000
disclose	v	C1	C1	oxford5000
disclosure	n	C1	C1	oxford5000
discount	n|v	B1	B1|B2	oxford3000
discourage	v	B2	B2	oxford5000
discourse	n	C1	C1	oxford5000
discover	v	A2	A2	oxford3000
discovery	n	A2	A2	oxford3000
discretion	n	C1	C1	oxford5000
discrimination	n	C1	C1	oxford5000
discuss	v	A1	A1	oxford3000
discussion	n	A2	A2	oxford3000
disease	n	A2	A2	oxford3000
dish	n	A1	A1	oxford3000
dishonest	adj	B2	B2	oxford3000
dislike	v|n	B1	B1	oxford3000
dismiss	v	B2	B2	oxford3000
dismissal	n	C1	C1	oxford5000
disorder	n	B2	B2	oxford5000
displace	v	C1	C1	oxford5000
display	v|n	B2	B2	oxford3000
disposal	n	C1	C1	oxford5000
dispose	v	C1	C1	oxford5000
dispute	n|v	C1	C1	oxford5000
disrupt	v	C1	C1	oxford5000
disruption	n	C1	C1	oxford5000
dissolve	v	C1	C1	oxford5000
distance	n	A2	A2	oxford3000
distant	adj	B2	B2	oxford5000
distinct	adj	B2	B2	oxford5000
distinction	n	C1	C1	oxford5000
distinctive	adj	C1	C1	oxford5000
distinguish	v	B2	B2	oxford5000
distort	v	C1	C1	oxford5000
distract	v	B2	B2	oxford5000
distress	n|v	C1	C1	oxford5000
distribute	v	B2	B2	oxford3000
distribution	n	B2	B2	oxford3000
district	n	B2	B2	oxford3000
disturb	v	B2	B2	oxford5000
disturbing	adj	C1	C1	oxford5000
dive	v|n	B2	B2	oxford5000
diverse	adj	B2	B2	oxford5000
diversity	n	B2	B2	oxford5000
divert	v	C1	C1	oxford5000
divide	v|n	B1	B1|B2	oxford3000
divine	adj	C1	C1	oxford5000
division	n	B2	B2	oxford3000
divorce	n|v	B2	B2	oxford5000
divorced	adj	A2	A2	oxford3000
do	v|auxiliary v	A1	A1	oxford3000
doctor	n	A1	A1	oxford3000
doctrine	n	C1	C1	oxford5000
document	n|v	A2	A2|B2	oxford3000
documentary	n	B1	B1	oxford3000
documentation	n	C1	C1	oxford5000
dog	n	A1	A1	oxford3000
dollar	n	A1	A1	oxford3000
domain	n	C1	C1	oxford5000
domestic	adj	B2	B2	oxford3000
dominance	n	C1	C1	oxford5000
dominant	adj	B2	B2	oxford5000
dominate	v	B2	B2	oxford3000
donate	v	B1	B1	oxford3000
donation	n	B2	B2	oxford5000
donor	n	C1	C1	oxford5000
door	n	A1	A1	oxford3000
dose	n	C1	C1	oxford5000
dot	n	B2	B2	oxford5000
double	adj|det|pron|v|adv	A2	A2|B1	oxford3000
doubt	n|v	B1	B1	oxford3000
down	adv|prep	A1	A1	oxford3000
download	v|n	A2	A2	oxford3000
downstairs	adv|adj	A1	A1|A2	oxford3000
downtown	n|adj|adv	B2	B2	oxford5000
downwards	adv	B2	B2	oxford3000
dozen	n|det	B2	B2	oxford3000
draft	n|v	B2	B2	oxford3000
drag	v	B2	B2	oxford3000
drain	v	C1	C1	oxford5000
drama	n	A2	A2	oxford3000
dramatic	adj	B2	B2	oxford3000
dramatically	adv	B2	B2	oxford5000
draw	v	A1	A1	oxford3000
drawing	n	A2	A2	oxford3000
dream	n|v	A2	A2	oxford3000
dress	n|v	A1	A1	oxford3000
dressed	adj	B1	B1	oxford3000
drift	v	C1	C1	oxford5000
drink	n|v	A1	A1	oxford3000
drive	v|n	A1	A1|A2	oxford3000
driver	n	A1	A1	oxford3000
driving	n|adj	A2	A2|C1	oxford3000
drop	v|n	A2	A2|B1	oxford3000
drought	n	B2	B2	oxford5000
drown	v	C1	C1	oxford5000
drug	n	A2	A2	oxford3000
drum	n	B1	B1	oxford3000
drunk	adj	B1	B1	oxford3000
dry	adj|v	A2	A2	oxford3000
dual	adj	C1	C1	oxford5000
dub	v	C1	C1	oxford5000
due	adj	B1	B1	oxford3000
dull	adj	B2	B2	oxford5000
dumb	adj	C1	C1	oxford5000
dump	v	B2	B2	oxford5000
duo	n	C1	C1	oxford5000
duration	n	B2	B2	oxford5000
during	prep	A1	A1	oxford3000
dust	n	B1	B1	oxford3000
duty	n	B1	B1	oxford3000
dvd	n	A1	A1	oxford3000
dynamic	adj|n	B2	B2|C1	oxford5000
each	det|pron|adv	A1	A1	oxford3000
eager	adj	C1	C1	oxford5000
ear	n	A1	A1	oxford3000
early	adj|adv	A1	A1	oxford3000
earn	v	A2	A2	oxford3000
earnings	n	C1	C1	oxford5000
earth	n	A2	A2	oxford3000
earthquake	n	B1	B1	oxford3000
ease	n|v	C1	C1	oxford5000
easily	adv	A2	A2	oxford3000
east	n|adj|adv	A1	A1	oxford3000
eastern	adj	B1	B1	oxford3000
easy	adj	A1	A1	oxford3000
eat	v	A1	A1	oxford3000
echo	v|n	C1	C1	oxford5000
ecological	adj	C1	C1	oxford5000
economic	adj	B1	B1	oxford3000
economics	n	B2	B2	oxford5000
economist	n	B2	B2	oxford5000
economy	n	B1	B1	oxford3000
edge	n	B1	B1	oxford3000
edit	v	B2	B2	oxford3000
edition	n	B2	B2	oxford3000
editor	n	B1	B1	oxford3000
editorial	adj	B2	B2	oxford5000
educate	v	B1	B1	oxford3000
educated	adj	B1	B1	oxford3000
education	n	A2	A2	oxford3000
educational	adj	B1	B1	oxford3000
educator	n	C1	C1	oxford5000
effect	n	A2	A2	oxford3000
effective	adj	B1	B1	oxford3000
effectively	adv	B1	B1	oxford3000
effectiveness	n	C1	C1	oxford5000
efficiency	n	C1	C1	oxford5000
efficient	adj	B2	B2	oxford3000
efficiently	adv	B2	B2	oxford5000
effort	n	B1	B1	oxford3000
egg	n	A1	A1	oxford3000
ego	n	C1	C1	oxford5000
eight	number	A1	A1	oxford3000
eighteen	number	A1	A1	oxford3000
eighty	number	A1	A1	oxford3000
either	det|pron|adv	A2	A2	oxford3000
elaborate	adj	C1	C1	oxford5000
elbow	n	B2	B2	oxford5000
elderly	adj	B2	B2	oxford3000
elect	v	B2	B2	oxford3000
election	n	B1	B1	oxford3000
electoral	adj	C1	C1	oxford5000
electric	adj	A2	A2	oxford3000
electrical	adj	A2	A2	oxford3000
electricity	n	A2	A2	oxford3000
electronic	adj	A2	A2	oxford3000
electronics	n	B2	B2	oxford5000
elegant	adj	B2	B2	oxford5000
element	n	B1	B1	oxford3000
elementary	adj	B2	B2	oxford5000
elephant	n	A1	A1	oxford3000
elevate	v	C1	C1	oxford5000
eleven	number	A1	A1	oxford3000
eligible	adj	C1	C1	oxford5000
eliminate	v	B2	B2	oxford5000
elite	n	C1	C1	oxford5000
else	adv	A1	A1	oxford3000
elsewhere	adv	B2	B2	oxford3000
email	n|v	A1	A1	oxford3000
embark	v	C1	C1	oxford5000
embarrassed	adj	B1	B1	oxford3000
embarrassing	adj	B1	B1	oxford3000
embarrassment	n	C1	C1	oxford5000
embassy	n	C1	C1	oxford5000
embed	v	C1	C1	oxford5000
embody	v	C1	C1	oxford5000
embrace	v	B2	B2	oxford5000
emerge	v	B2	B2	oxford3000
emergence	n	C1	C1	oxford5000
emergency	n	B1	B1	oxford3000
emission	n	B2	B2	oxford5000
emotion	n	B1	B1	oxford3000
emotional	adj	B2	B2	oxford3000
emotionally	adv	B2	B2	oxford5000
emphasis	n	B2	B2	oxford3000
emphasize	v	B2	B2	oxford3000
empire	n	B2	B2	oxford5000
empirical	adj	C1	C1	oxford5000
employ	v	A2	A2	oxford3000
employee	n	A2	A2	oxford3000
employer	n	A2	A2	oxford3000
employment	n	B1	B1	oxford3000
empower	v	C1	C1	oxford5000
empty	adj|v	A2	A2|B1	oxford3000
enable	v	B2	B2	oxford3000
enact	v	C1	C1	oxford5000
encompass	v	C1	C1	oxford5000
encounter	v|n	B2	B2	oxford3000
encourage	v	B1	B1	oxford3000
encouragement	n	C1	C1	oxford5000
encouraging	adj	C1	C1	oxford5000
end	n|v	A1	A1	oxford3000
endeavour	n	C1	C1	oxford5000
ending	n	A2	A2	oxford3000
endless	adj	C1	C1	oxford5000
endorse	v	C1	C1	oxford5000
endorsement	n	C1	C1	oxford5000
endure	v	C1	C1	oxford5000
enemy	n	B1	B1	oxford3000
energy	n	A2	A2	oxford3000
enforce	v	C1	C1	oxford5000
enforcement	n	C1	C1	oxford5000
engage	v	B2	B2	oxford3000
engaged	adj	B1	B1	oxford3000
engagement	n	C1	C1	oxford5000
engaging	adj	C1	C1	oxford5000
engine	n	A2	A2	oxford3000
engineer	n	A2	A2	oxford3000
engineering	n	B1	B1	oxford3000
enhance	v	B2	B2	oxford3000
enjoy	v	A1	A1	oxford3000
enjoyable	adj	B2	B2	oxford5000
enormous	adj	A2	A2	oxford3000
enough	det|pron|adv	A1	A1	oxford3000
enquire	v	C1	C1	oxford5000
enquiry	n	B2	B2	oxford3000
enrich	v	C1	C1	oxford5000
enrol	v	C1	C1	oxford5000
ensue	v	C1	C1	oxford5000
ensure	v	B2	B2	oxford3000
enter	v	A2	A2	oxford3000
enterprise	n	C1	C1	oxford5000
entertain	v	B1	B1	oxford3000
entertaining	adj	B2	B2	oxford5000
entertainment	n	B1	B1	oxford3000
enthusiasm	n	B2	B2	oxford3000
enthusiast	n	C1	C1	oxford5000
enthusiastic	adj	B2	B2	oxford3000
entire	adj	B2	B2	oxford3000
entirely	adv	B2	B2	oxford3000
entitle	v	C1	C1	oxford5000
entity	n	C1	C1	oxford5000
entrance	n	B1	B1	oxford3000
entrepreneur	n	B2	B2	oxford5000
entry	n	B1	B1	oxford3000
envelope	n	B2	B2	oxford5000
environment	n	A2	A2	oxford3000
environmental	adj	B1	B1	oxford3000
epidemic	n	C1	C1	oxford5000
episode	n	B1	B1	oxford3000
equal	adj|v|n	B1	B1|B2	oxford3000
equality	n	C1	C1	oxford5000
equally	adv	B1	B1	oxford3000
equation	n	C1	C1	oxford5000
equip	v	B2	B2	oxford5000
equipment	n	A2	A2	oxford3000
equivalent	n|adj	B2	B2	oxford5000
era	n	B2	B2	oxford5000
erect	v	C1	C1	oxford5000
error	n	A2	A2	oxford3000
erupt	v	B2	B2	oxford5000
escalate	v	C1	C1	oxford5000
escape	v|n	B1	B1	oxford3000
especially	adv	A2	A2	oxford3000
essay	n	A2	A2	oxford3000
essence	n	C1	C1	oxford5000
essential	adj	B1	B1	oxford3000
essentially	adv	B2	B2	oxford5000
establish	v	B2	B2	oxford3000
establishment	n	C1	C1	oxford5000
estate	n	B2	B2	oxford3000
estimate	v|n	B2	B2	oxford3000
eternal	adj	C1	C1	oxford5000
ethic	n	B2	B2	oxford5000
ethical	adj	B2	B2	oxford3000
ethnic	adj	B2	B2	oxford5000
euro	n	A1	A1	oxford3000
evacuate	v	C1	C1	oxford5000
evaluate	v	B2	B2	oxford3000
evaluation	n	B2	B2	oxford5000
even	adv|adj	A1	A1|B2	oxford3000
evening	n	A1	A1	oxford3000
event	n	A1	A1	oxford3000
eventually	adv	B1	B1	oxford3000
ever	adv	A1	A1	oxford3000
every	det	A1	A1	oxford3000
everybody	pron	A1	A1	oxford3000
everyday	adj	A2	A2	oxford3000
everyone	pron	A1	A1	oxford3000
everything	pron	A1	A1	oxford3000
everywhere	adv	A2	A2	oxford3000
evidence	n	A2	A2	oxford3000
evident	adj	B2	B2	oxford5000
evil	adj|n	B2	B2	oxford3000
evoke	v	C1	C1	oxford5000
evolution	n	B2	B2	oxford5000
evolutionary	adj	C1	C1	oxford5000
evolve	v	B2	B2	oxford5000
exact	adj	A2	A2	oxford3000
exactly	adv	A2	A2	oxford3000
exaggerate	v	C1	C1	oxford5000
exam	n	A1	A1	oxford3000
examination	n	B2	B2	oxford3000
examine	v	B1	B1	oxford3000
example	n	A1	A1	oxford3000
exceed	v	B2	B2	oxford5000
excellence	n	C1	C1	oxford5000
excellent	adj	A2	A2	oxford3000
except	prep|conj	A2	A2|B1	oxford3000
exception	n	B2	B2	oxford5000
exceptional	adj	C1	C1	oxford5000
excess	n|adj	C1	C1	oxford5000
excessive	adj	B2	B2	oxford5000
exchange	n|v	B1	B1	oxford3000
excited	adj	A1	A1	oxford3000
excitement	n	B1	B1	oxford3000
exciting	adj	A1	A1	oxford3000
exclude	v	B2	B2	oxford5000
exclusion	n	C1	C1	oxford5000
exclusive	adj	C1	C1	oxford5000
exclusively	adv	C1	C1	oxford5000
excuse	n|v	B2	B2	oxford3000
execute	v	C1	C1	oxford5000
execution	n	C1	C1	oxford5000
executive	n|adj	B2	B2	oxford3000
exercise	n|v	A1	A1	oxford3000
exert	v	C1	C1	oxford5000
exhibit	v|n	B2	B2	oxford5000
exhibition	n	B1	B1	oxford3000
exile	n	C1	C1	oxford5000
exist	v	A2	A2	oxford3000
existence	n	B2	B2	oxford3000
exit	n|v	B2	B2|C1	oxford5000
exotic	adj	B2	B2	oxford5000
expand	v	B1	B1	oxford3000
expansion	n	B2	B2	oxford5000
expect	v	A2	A2	oxford3000
expectation	n	B2	B2	oxford3000
expected	adj	B1	B1	oxford3000
expedition	n	B1	B1	oxford3000
expenditure	n	C1	C1	oxford5000
expense	n	B2	B2	oxford3000
expensive	adj	A1	A1	oxford3000
experience	n|v	A2	A2|B1	oxford3000
experienced	adj	B1	B1	oxford3000
experiment	n|v	A2	A2|B1	oxford3000
experimental	adj	C1	C1	oxford5000
expert	n|adj	A2	A2	oxford3000
expertise	n	B2	B2	oxford5000
expire	v	C1	C1	oxford5000
explain	v	A1	A1	oxford3000
explanation	n	A2	A2	oxford3000
explicit	adj	C1	C1	oxford5000
explicitly	adv	C1	C1	oxford5000
explode	v	B1	B1	oxford3000
exploit	v	B2	B2	oxford5000
exploitation	n	C1	C1	oxford5000
exploration	n	B2	B2	oxford3000
explore	v	B1	B1	oxford3000
explosion	n	B1	B1	oxford3000
explosive	adj|n	C1	C1	oxford5000
export	n|v	B1	B1	oxford3000
expose	v	B2	B2	oxford3000
exposure	n	B2	B2	oxford5000
express	v	A2	A2	oxford3000
expression	n	A2	A2	oxford3000
extend	v	B2	B2	oxford3000
extension	n	B2	B2	oxford5000
extensive	adj	B2	B2	oxford5000
extensively	adv	B2	B2	oxford5000
extent	n	B2	B2	oxford3000
external	adj	B2	B2	oxford3000
extra	adj|n|adv	A1	A1|B1	oxford3000
extract	n|v	B2	B2|C1	oxford5000
extraordinary	adj	B2	B2	oxford3000
extreme	adj|n	A2	A2|B2	oxford3000
extremely	adv	A2	A2	oxford3000
extremist	n	C1	C1	oxford5000
eye	n	A1	A1	oxford3000
fabric	n	B2	B2	oxford5000
fabulous	adj	B2	B2	oxford5000
face	n|v	A1	A1|B1	oxford3000
facilitate	v	C1	C1	oxford5000
facility	n	B2	B2	oxford3000
fact	n	A1	A1	oxford3000
faction	n	C1	C1	oxford5000
factor	n	A2	A2	oxford3000
factory	n	A2	A2	oxford3000
faculty	n	C1	C1	oxford5000
fade	v	C1	C1	oxford5000
fail	v	A2	A2	oxford3000
failed	adj	B2	B2	oxford5000
failure	n	B2	B2	oxford3000
fair	adj	A2	A2	oxford3000
fairly	adv	B1	B1	oxford3000
fairness	n	C1	C1	oxford5000
faith	n	B2	B2	oxford3000
fake	adj	B2	B2	oxford5000
fall	v|n	A1	A1|A2	oxford3000
false	adj	A1	A1	oxford3000
fame	n	B2	B2	oxford5000
familiar	adj	B1	B1	oxford3000
family	n|adj	A1	A1	oxford3000
famous	adj	A1	A1	oxford3000
fan	n	A2	A2	oxford3000
fancy	v|adj	B1	B1	oxford3000
fantastic	adj	A1	A1	oxford3000
fantasy	n	B2	B2	oxford5000
far	adv|adj	A1	A1|B1	oxford3000
fare	n	B2	B2	oxford5000
farm	n|v	A1	A1|A2	oxford3000
farmer	n	A1	A1	oxford3000
farming	n	A2	A2	oxford3000
fascinating	adj	B1	B1	oxford3000
fashion	n	A2	A2	oxford3000
fashionable	adj	B1	B1	oxford3000
fast	adj|adv	A1	A1	oxford3000
fasten	v	B1	B1	oxford3000
fat	adj|n	A1	A1|A2	oxford3000
fatal	adj	C1	C1	oxford5000
fate	n	C1	C1	oxford5000
father	n	A1	A1	oxford3000
fault	n	B2	B2	oxford3000
favour	n|v	B1	B1|B2	oxford3000
favourable	adj	C1	C1	oxford5000
favourite	adj|n	A1	A1	oxford3000
fear	n|v	A2	A2|B1	oxford3000
feat	n	C1	C1	oxford5000
feather	n	B2	B2	oxford3000
feature	n|v	A2	A2|B1	oxford3000
february	n	A1	A1	oxford3000
federal	adj	B2	B2	oxford5000
fee	n	B2	B2	oxford3000
feed	v|n	A2	A2|B2	oxford3000
feedback	n	B2	B2	oxford3000
feel	v|n	A1	A1|B2	oxford3000
feeling	n	A1	A1	oxford3000
fellow	adj	B2	B2	oxford3000
female	adj|n	A2	A2	oxford3000
feminist	adj|n	C1	C1	oxford5000
fence	n	B1	B1	oxford3000
festival	n	A1	A1	oxford3000
fever	n	B2	B2	oxford5000
few	det|adj|pron	A1	A1	oxford3000
fibre	n	C1	C1	oxford5000
fiction	n	A2	A2	oxford3000
field	n	A2	A2	oxford3000
fierce	adj	C1	C1	oxford5000
fifteen	number	A1	A1	oxford3000
fifth	number	A1	A1	oxford3000
fifty	number	A1	A1	oxford3000
fight	v|n	A2	A2	oxford3000
fighting	n	B1	B1	oxford3000
figure	n|v	A2	A2|B2	oxford3000
file	n|v	B1	B1|B2	oxford3000
fill	v	A1	A1	oxford3000
film	n|v	A1	A1|A2	oxford3000
film-maker	n	C1	C1	oxford5000
filter	n|v	C1	C1	oxford5000
final	adj|n	A1	A1|A2	oxford3000
finally	adv	A2	A2	oxford3000
finance	n|v	B2	B2	oxford3000
financial	adj	B1	B1	oxford3000
find	v	A1	A1	oxford3000
finding	n	B2	B2	oxford3000
fine	adj|n|v	A1	A1|C1	oxford3000
finger	n	A2	A2	oxford3000
finish	v|n	A1	A1|A2	oxford3000
fire	n|v	A1	A1|B1	oxford3000
firearm	n	C1	C1	oxford5000
firefighter	n	B2	B2	oxford5000
firework	n	B2	B2	oxford5000
firm	n|adj	B2	B2	oxford3000
firmly	adv	B2	B2	oxford5000
first	det|number|adv|n	A1	A1|A2	oxford3000
firstly	adv	A2	A2	oxford3000
fish	n|v	A1	A1|A2	oxford3000
fishing	n	A2	A2	oxford3000
fit	v|adj|n	A2	A2|C1	oxford3000
fitness	n	B1	B1	oxford3000
five	number	A1	A1	oxford3000
fix	v|n	A2	A2|B2	oxford3000
fixed	adj	B1	B1	oxford3000
fixture	n	C1	C1	oxford5000
flag	n	B1	B1	oxford3000
flame	n	B2	B2	oxford3000
flash	n|v	B2	B2	oxford3000
flat	n|adj	A1	A1|A2	oxford3000
flavour	n	B2	B2	oxford5000
flaw	n	C1	C1	oxford5000
flawed	adj	C1	C1	oxford5000
flee	v	C1	C1	oxford5000
fleet	n	C1	C1	oxford5000
flesh	n	C1	C1	oxford5000
flexibility	n	C1	C1	oxford5000
flexible	adj	B2	B2	oxford3000
flight	n	A1	A1	oxford3000
float	v	B2	B2	oxford3000
flood	n|v	B1	B1	oxford3000
floor	n	A1	A1	oxford3000
flour	n	B1	B1	oxford3000
flourish	v	C1	C1	oxford5000
flow	v|n	B1	B1	oxford3000
flower	n	A1	A1	oxford3000
flu	n	A2	A2	oxford3000
fluid	n	C1	C1	oxford5000
fly	v|n	A1	A1|A2	oxford3000
flying	n|adj	A2	A2	oxford3000
focus	v|n	A2	A2	oxford3000
fold	v|n	B1	B1|B2	oxford3000
folding	adj	B2	B2	oxford3000
folk	n|adj	B1	B1	oxford3000
follow	v	A1	A1	oxford3000
following	adj|n|prep	A2	A2|B1|B2	oxford3000
fond	adj	B2	B2	oxford5000
food	n	A1	A1	oxford3000
fool	n	B2	B2	oxford5000
foot	n	A1	A1	oxford3000
footage	n	C1	C1	oxford5000
football	n	A1	A1	oxford3000
for	prep	A1	A1	oxford3000
forbid	v	B2	B2	oxford5000
force	n|v	B1	B1	oxford3000
forecast	n|v	B2	B2	oxford5000
foreign	adj	A2	A2	oxford3000
foreigner	n	C1	C1	oxford5000
forest	n	A2	A2	oxford3000
forever	adv	B1	B1	oxford3000
forge	v	C1	C1	oxford5000
forget	v	A1	A1	oxford3000
forgive	v	B2	B2	oxford3000
fork	n	A2	A2	oxford3000
form	n|v	A1	A1	oxford3000
formal	adj	A2	A2	oxford3000
format	n	B2	B2	oxford5000
formation	n	B2	B2	oxford5000
former	adj	B2	B2	oxford3000
formerly	adv	B2	B2	oxford5000
formula	n	C1	C1	oxford5000
formulate	v	C1	C1	oxford5000
forth	adv	C1	C1	oxford5000
forthcoming	adj	C1	C1	oxford5000
fortunate	adj	B2	B2	oxford5000
fortunately	adv	A2	A2	oxford3000
fortune	n	B2	B2	oxford3000
forty	number	A1	A1	oxford3000
forum	n	B2	B2	oxford5000
forward	adv|adj	A2	A2|B2	oxford3000
fossil	n	B2	B2	oxford5000
foster	v	C1	C1	oxford5000
found	v	B2	B2	oxford3000
foundation	n	B2	B2	oxford5000
founder	n	B2	B2	oxford5000
four	number	A1	A1	oxford3000
fourteen	number	A1	A1	oxford3000
fourth	number	A1	A1	oxford3000
fraction	n	B2	B2	oxford5000
fragile	adj	C1	C1	oxford5000
fragment	n	B2	B2	oxford5000
frame	n|v	B1	B1	oxford3000
framework	n	B2	B2	oxford5000
franchise	n	C1	C1	oxford5000
frankly	adv	C1	C1	oxford5000
fraud	n	B2	B2	oxford5000
free	adj|adv|v	A1	A1|A2|B2	oxford3000
freedom	n	B2	B2	oxford3000
freely	adv	B2	B2	oxford5000
freeze	v	B1	B1	oxford3000
frequency	n	B2	B2	oxford3000
frequent	adj	B2	B2	oxford5000
frequently	adv	B1	B1	oxford3000
fresh	adj	A2	A2	oxford3000
friday	n	A1	A1	oxford3000
fridge	n	A2	A2	oxford3000
friend	n	A1	A1	oxford3000
friendly	adj	A1	A1	oxford3000
friendship	n	B1	B1	oxford3000
frighten	v	B1	B1	oxford3000
frightened	adj	B1	B1	oxford3000
frightening	adj	B1	B1	oxford3000
frog	n	A2	A2	oxford3000
from	prep	A1	A1	oxford3000
front	n|adj	A1	A1	oxford3000
frozen	adj	B1	B1	oxford3000
fruit	n	A1	A1	oxford3000
frustrated	adj	C1	C1	oxford5000
frustrating	adj	C1	C1	oxford5000
frustration	n	C1	C1	oxford5000
fry	v	B1	B1	oxford3000
fuel	n|v	B1	B1|B2	oxford3000
fulfil	v	B2	B2	oxford5000
full	adj	A1	A1	oxford3000
full-time	adj|adv	B2	B2	oxford5000
fully	adv	B2	B2	oxford3000
fun	n|adj	A1	A1|A2	oxford3000
function	n|v	B1	B1|B2	oxford3000
functional	adj	C1	C1	oxford5000
fund	n|v	B2	B2	oxford3000
fundamental	adj	B2	B2	oxford3000
fundamentally	adv	B2	B2	oxford5000
funding	n	B2	B2	oxford3000
fundraising	n	C1	C1	oxford5000
funeral	n	C1	C1	oxford5000
funny	adj	A1	A1	oxford3000
fur	n	B1	B1	oxford3000
furious	adj	B2	B2	oxford5000
furniture	n	A2	A2	oxford3000
further	adj|adv	A2	A2|B1	oxford3000
furthermore	adv	B2	B2	oxford3000
future	n|adj	A1	A1|A2	oxford3000
gain	v|n	B2	B2	oxford3000
gallery	n	A2	A2	oxford3000
gallon	n	C1	C1	oxford5000
gambling	n	C1	C1	oxford5000
game	n	A1	A1	oxford3000
gaming	n	B2	B2	oxford5000
gang	n	B2	B2	oxford3000
gap	n	A2	A2	oxford3000
garage	n	B1	B1	oxford3000
garden	n	A1	A1	oxford3000
gas	n	A2	A2	oxford3000
gate	n	A2	A2	oxford3000
gather	v	B1	B1	oxford3000
gathering	n	C1	C1	oxford5000
gay	adj	B2	B2	oxford5000
gaze	n|v	C1	C1	oxford5000
gear	n	C1	C1	oxford5000
gender	n	B2	B2	oxford5000
gene	n	B2	B2	oxford5000
general	adj	A2	A2	oxford3000
generally	adv	B1	B1	oxford3000
generate	v	B2	B2	oxford3000
generation	n	B1	B1	oxford3000
generic	adj	C1	C1	oxford5000
generous	adj	B1	B1	oxford3000
genetic	adj	B2	B2	oxford5000
genius	n	B2	B2	oxford5000
genocide	n	C1	C1	oxford5000
genre	n	B2	B2	oxford3000
gentle	adj	B1	B1	oxford3000
gentleman	n	B1	B1	oxford3000
genuine	adj	B2	B2	oxford5000
genuinely	adv	B2	B2	oxford5000
geography	n	A1	A1	oxford3000
gesture	n	B2	B2	oxford5000
get	v	A1	A1	oxford3000
ghost	n	B1	B1	oxford3000
giant	adj|n	B1	B1	oxford3000
gift	n	A2	A2	oxford3000
gig	n	B2	B2	oxford5000
girl	n	A1	A1	oxford3000
girlfriend	n	A1	A1	oxford3000
give	v	A1	A1	oxford3000
glad	adj	B1	B1	oxford3000
glance	n|v	C1	C1	oxford5000
glass	n	A1	A1	oxford3000
glimpse	n	C1	C1	oxford5000
global	adj	B1	B1	oxford3000
globalization	n	B2	B2	oxford5000
globe	n	B2	B2	oxford5000
glorious	adj	C1	C1	oxford5000
glory	n	C1	C1	oxford5000
glove	n	B1	B1	oxford3000
go	v|n	A1	A1|B1	oxford3000
goal	n	A2	A2	oxford3000
god	n	A2	A2	oxford3000
gold	n|adj	A2	A2	oxford3000
golden	adj	B2	B2	oxford5000
golf	n	A2	A2	oxford3000
good	adj|n	A1	A1|A2	oxford3000
goodbye	exclam|n	A1	A1	oxford3000
goodness	n	B2	B2	oxford5000
goods	n	B1	B1	oxford3000
gorgeous	adj	B2	B2	oxford5000
govern	v	B2	B2	oxford3000
governance	n	C1	C1	oxford5000
government	n	A2	A2	oxford3000
governor	n	B2	B2	oxford5000
grab	v	B2	B2	oxford3000
grace	n	C1	C1	oxford5000
grade	n|v	B1	B1|B2	oxford3000
gradually	adv	B2	B2	oxford3000
graduate	n|v	B1	B1	oxford3000
grain	n	B1	B1	oxford3000
grand	adj	B2	B2	oxford3000
grandfather	n	A1	A1	oxford3000
grandmother	n	A1	A1	oxford3000
grandparent	n	A1	A1	oxford3000
grant	v|n	B2	B2	oxford3000
graphic	adj	B2	B2	oxford5000
graphics	n	B2	B2	oxford5000
grasp	v|n	C1	C1	oxford5000
grass	n	A2	A2	oxford3000
grateful	adj	B1	B1	oxford3000
grave	n|adj	C1	C1	oxford5000
gravity	n	C1	C1	oxford5000
great	adj	A1	A1	oxford3000
greatly	adv	B2	B2	oxford5000
green	adj|n	A1	A1	oxford3000
greenhouse	n	B2	B2	oxford5000
greet	v	A2	A2	oxford3000
grey	adj|n	A1	A1	oxford3000
grid	n	C1	C1	oxford5000
grief	n	C1	C1	oxford5000
grin	v|n	C1	C1	oxford5000
grind	v	C1	C1	oxford5000
grip	n|v	C1	C1	oxford5000
grocery	n	B2	B2	oxford5000
gross	adj	C1	C1	oxford5000
ground	n	A2	A2	oxford3000
group	n	A1	A1	oxford3000
grow	v	A1	A1	oxford3000
growth	n	B1	B1	oxford3000
guarantee	v|n	B2	B2	oxford3000
guard	n|v	B1	B1	oxford3000
guerrilla	n	C1	C1	oxford5000
guess	v|n	A1	A1	oxford3000
guest	n	A2	A2	oxford3000
guidance	n	C1	C1	oxford5000
guide	n|v	A2	A2	oxford3000
guideline	n	B2	B2	oxford5000
guilt	n	C1	C1	oxford5000
guilty	adj	B1	B1	oxford3000
guitar	n	A1	A1	oxford3000
gun	n	A2	A2	oxford3000
gut	n	C1	C1	oxford5000
guy	n	A2	A2	oxford3000
gym	n	A1	A1	oxford3000
habit	n	A2	A2	oxford3000
habitat	n	B2	B2	oxford5000
hail	v	C1	C1	oxford5000
hair	n	A1	A1	oxford3000
half	n|det|pron|adv	A1	A1|A2	oxford3000
halfway	adv	C1	C1	oxford5000
hall	n	A2	A2	oxford3000
halt	v|n	C1	C1	oxford5000
hand	n|v	A1	A1|B1	oxford3000
handful	n	C1	C1	oxford5000
handle	v|n	B2	B2	oxford3000
handling	n	C1	C1	oxford5000
handy	adj	C1	C1	oxford5000
hang	v	B1	B1	oxford3000
happen	v	A1	A1	oxford3000
happily	adv	A2	A2	oxford3000
happiness	n	B1	B1	oxford3000
happy	adj	A1	A1	oxford3000
harassment	n	C1	C1	oxford5000
harbour	n	B2	B2	oxford5000
hard	adj|adv	A1	A1	oxford3000
hardly	adv	B1	B1	oxford3000
hardware	n	C1	C1	oxford5000
harm	n|v	B2	B2	oxford3000
harmful	adj	B2	B2	oxford3000
harmony	n	C1	C1	oxford5000
harsh	adj	C1	C1	oxford5000
harvest	n|v	C1	C1	oxford5000
hat	n	A1	A1	oxford3000
hate	v|n	A1	A1|B1	oxford3000
hatred n,		C1	C1	oxford5000
haunt	v	C1	C1	oxford5000
have	v|auxiliary v	A1	A1|A2	oxford3000
have to	modal v	A1	A1	oxford3000
hazard	n	C1	C1	oxford5000
he	pron	A1	A1	oxford3000
head	n|v	A1	A1|B1	oxford3000
headache	n	A2	A2	oxford3000
headline	n	B1	B1	oxford3000
headquarters	n	B2	B2	oxford5000
heal	v	B2	B2	oxford5000
health	n	A1	A1	oxford3000
healthcare	n	B2	B2	oxford5000
healthy	adj	A1	A1	oxford3000
hear	v	A1	A1	oxford3000
hearing	n	B2	B2	oxford3000
heart	n	A2	A2	oxford3000
heat	n|v	A2	A2	oxford3000
heating	n	B1	B1	oxford3000
heaven	n	B2	B2	oxford3000
heavily	adv	B1	B1	oxford3000
heavy	adj	A2	A2	oxford3000
heel	n	B2	B2	oxford3000
height	n	A2	A2	oxford3000
heighten	v	C1	C1	oxford5000
helicopter	n	B1	B1	oxford3000
hell	n	B2	B2	oxford3000
hello	exclam|n	A1	A1	oxford3000
helmet	n	B2	B2	oxford5000
help	v|n	A1	A1	oxford3000
helpful	adj	A2	A2	oxford3000
hence	adv	B2	B2	oxford5000
her	pron|det	A1	A1	oxford3000
herb	n	B2	B2	oxford5000
here	adv	A1	A1	oxford3000
heritage	n	C1	C1	oxford5000
hero	n	A2	A2	oxford3000
hers	pron	A2	A2	oxford3000
herself	pron	A2	A2	oxford3000
hesitate	v	B2	B2	oxford3000
hey	exclam	A1	A1	oxford3000
hi	exclam	A1	A1	oxford3000
hidden	adj	B2	B2	oxford5000
hide	v	A2	A2	oxford3000
hierarchy	n	C1	C1	oxford5000
high	adj|adv|n	A1	A1|A2|B2	oxford3000
high-profile	adj	C1	C1	oxford5000
highlight	v|n	B1	B1	oxford3000
highly	adv	B1	B1	oxford3000
highway	n	B2	B2	oxford5000
hilarious	adj	B2	B2	oxford5000
hill	n	A2	A2	oxford3000
him	pron	A1	A1	oxford3000
himself	pron	A2	A2	oxford3000
hint	n|v	C1	C1	oxford5000
hip	n	B2	B2	oxford5000
hire	v|n	B1	B1|B2	oxford3000
his	det|pron	A1	A1|A2	oxford3000
historian	n	B2	B2	oxford5000
historic	adj	B1	B1	oxford3000
historical	adj	B1	B1	oxford3000
history	n	A1	A1	oxford3000
hit	v|n	A2	A2	oxford3000
hobby	n	A1	A1	oxford3000
hockey	n	A2	A2	oxford3000
hold	v|n	A2	A2|B2	oxford3000
hole	n	A2	A2	oxford3000
holiday	n	A1	A1	oxford3000
hollow	adj	B2	B2	oxford3000
holy	adj	B2	B2	oxford3000
home	n|adv|adj	A1	A1|A2	oxford3000
homeland	n	C1	C1	oxford5000
homeless	adj	B2	B2	oxford5000
homework	n	A1	A1	oxford3000
honest	adj	B1	B1	oxford3000
honesty	n	B2	B2	oxford5000
honour	n|v	B2	B2	oxford3000
hook	v|n	B2	B2|C1	oxford5000
hope	v|n	A1	A1|A2	oxford3000
hopeful	adj	C1	C1	oxford5000
hopefully	adv	B2	B2	oxford5000
horizon	n	C1	C1	oxford5000
horn	n	C1	C1	oxford5000
horrible	adj	B1	B1	oxford3000
horror	n	B1	B1	oxford3000
horse	n	A1	A1	oxford3000
hospital	n	A1	A1	oxford3000
host	n|v	B1	B1|B2	oxford3000
hostage	n	C1	C1	oxford5000
hostile	adj	C1	C1	oxford5000
hostility	n	C1	C1	oxford5000
hot	adj	A1	A1	oxford3000
hotel	n	A1	A1	oxford3000
hour	n	A1	A1	oxford3000
house	n|v	A1	A1|B2	oxford3000
household	n	B2	B2	oxford3000
housing	n	B2	B2	oxford3000
how	adv	A1	A1	oxford3000
however	adv	A1	A1	oxford3000
huge	adj	A2	A2	oxford3000
human	adj|n	A2	A2	oxford3000
humanitarian	adj	C1	C1	oxford5000
humanity	n	C1	C1	oxford5000
humble	adj	C1	C1	oxford5000
humorous	adj	B2	B2	oxford3000
humour	n	B2	B2	oxford3000
hundred	number	A1	A1	oxford3000
hunger	n	B2	B2	oxford5000
hungry	adj	A1	A1	oxford3000
hunt	v|n	B1	B1|B2	oxford3000
hunting	n	B2	B2	oxford3000
hurricane	n	B1	B1	oxford3000
hurry	n|v	B1	B1	oxford3000
hurt	v|adj|n	A2	A2|B2	oxford3000
husband	n	A1	A1	oxford3000
hydrogen	n	C1	C1	oxford5000
hypothesis	n	B2	B2	oxford5000
i	pron	A1	A1	oxford3000
ice	n	A1	A1	oxford3000
ice cream	n	A1	A1	oxford3000
icon	n	B2	B2	oxford5000
id	n	B2	B2	oxford5000
idea	n	A1	A1	oxford3000
ideal	adj|n	A2	A2|B2	oxford3000
identical	adj	B2	B2	oxford5000
identification	n	C1	C1	oxford5000
identify	v	A2	A2	oxford3000
identity	n	B1	B1	oxford3000
ideological	adj	C1	C1	oxford5000
ideology	n	C1	C1	oxford5000
idiot	n	C1	C1	oxford5000
if	conj	A1	A1	oxford3000
ignorance	n	C1	C1	oxford5000
ignore	v	B1	B1	oxford3000
ill	adj	A2	A2	oxford3000
illegal	adj	B1	B1	oxford3000
illness	n	A2	A2	oxford3000
illusion	n	B2	B2	oxford5000
illustrate	v	B2	B2	oxford3000
illustration	n	B2	B2	oxford3000
image	n	A2	A2	oxford3000
imagery	n	C1	C1	oxford5000
imaginary	adj	B1	B1	oxford3000
imagination	n	B2	B2	oxford3000
imagine	v	A1	A1	oxford3000
immediate	adj	B1	B1	oxford3000
immediately	adv	A2	A2	oxford3000
immense	adj	C1	C1	oxford5000
immigrant	n	B1	B1	oxford3000
immigration	n	B2	B2	oxford5000
imminent	adj	C1	C1	oxford5000
immune	adj	B2	B2	oxford5000
impact	n|v	B1	B1	oxford3000
impatient	adj	B2	B2	oxford3000
implement	v	B2	B2	oxford5000
implementation	n	C1	C1	oxford5000
implication	n	B2	B2	oxford5000
imply	v	B2	B2	oxford3000
import	n|v	B1	B1	oxford3000
importance	n	B1	B1	oxford3000
important	adj	A1	A1	oxford3000
impose	v	B2	B2	oxford3000
impossible	adj	A2	A2	oxford3000
impress	v	B2	B2	oxford3000
impressed	adj	B2	B2	oxford3000
impression	n	B1	B1	oxford3000
impressive	adj	B1	B1	oxford3000
imprison	v	C1	C1	oxford5000
imprisonment	n	C1	C1	oxford5000
improve	v	A1	A1	oxford3000
improvement	n	B1	B1	oxford3000
in	prep|adv	A1	A1	oxford3000
inability	n	C1	C1	oxford5000
inadequate	adj	C1	C1	oxford5000
inappropriate	adj	C1	C1	oxford5000
incentive	n	B2	B2	oxford5000
inch	n	B2	B2	oxford3000
incidence	n	C1	C1	oxford5000
incident	n	B2	B2	oxford3000
inclined	adj	C1	C1	oxford5000
include	v	A1	A1	oxford3000
included	adj	A2	A2	oxford3000
including	prep	A2	A2	oxford3000
inclusion	n	C1	C1	oxford5000
income	n	B2	B2	oxford3000
incorporate	v	B2	B2	oxford5000
incorrect	adj	B2	B2	oxford5000
increase	v|n	A2	A2	oxford3000
increasingly	adv	B2	B2	oxford3000
incredible	adj	A2	A2	oxford3000
incredibly	adv	B1	B1	oxford3000
incur	v	C1	C1	oxford5000
indeed	adv	B1	B1	oxford3000
independence	n	B2	B2	oxford5000
independent	adj	A2	A2	oxford3000
index	n	B2	B2	oxford5000
indicate	v	B1	B1	oxford3000
indication	n	B2	B2	oxford5000
indicator	n	C1	C1	oxford5000
indictment	n	C1	C1	oxford5000
indigenous	adj	C1	C1	oxford5000
indirect	adj	B1	B1	oxford3000
individual	n|adj	A2	A2	oxford3000
indoor	adj	B1	B1	oxford3000
indoors	adv	B1	B1	oxford3000
induce	v	C1	C1	oxford5000
indulge	v	C1	C1	oxford5000
industrial	adj	B2	B2	oxford3000
industry	n	A2	A2	oxford3000
inequality	n	C1	C1	oxford5000
inevitable	adj	B2	B2	oxford5000
inevitably	adv	B2	B2	oxford5000
infamous	adj	C1	C1	oxford5000
infant	n	C1	C1	oxford5000
infect	v	C1	C1	oxford5000
infection	n	B2	B2	oxford3000
infer	v	B2	B2	oxford5000
inflation	n	B2	B2	oxford5000
inflict	v	C1	C1	oxford5000
influence	n|v	B1	B1	oxford3000
influential	adj	C1	C1	oxford5000
info	n	B2	B2	oxford5000
inform	v	B2	B2	oxford3000
informal	adj	A2	A2	oxford3000
information	n	A1	A1	oxford3000
infrastructure	n	B2	B2	oxford5000
ingredient	n	B1	B1	oxford3000
inhabitant	n	B2	B2	oxford5000
inherent	adj	C1	C1	oxford5000
inherit	v	B2	B2	oxford5000
inhibit	v	C1	C1	oxford5000
initial	adj	B2	B2	oxford3000
initially	adv	B2	B2	oxford3000
initiate	v	C1	C1	oxford5000
initiative	n	B2	B2	oxford3000
inject	v	C1	C1	oxford5000
injection	n	C1	C1	oxford5000
injure	v	B1	B1	oxford3000
injured	adj	B1	B1	oxford3000
injury	n	A2	A2	oxford3000
injustice	n	C1	C1	oxford5000
ink	n	B2	B2	oxford5000
inmate	n	C1	C1	oxford5000
inner	adj	B2	B2	oxford3000
innocent	adj	B1	B1	oxford3000
innovation	n	B2	B2	oxford5000
innovative	adj	B2	B2	oxford5000
input	n	B2	B2	oxford5000
insect	n	A2	A2	oxford3000
insert	v	B2	B2	oxford5000
insertion	n	C1	C1	oxford5000
inside	prep|adv|n|adj	A2	A2	oxford3000
insider	n	C1	C1	oxford5000
insight	n	B2	B2	oxford3000
insist	v	B2	B2	oxford3000
inspect	v	C1	C1	oxford5000
inspection	n	C1	C1	oxford5000
inspector	n	B2	B2	oxford5000
inspiration	n	C1	C1	oxford5000
inspire	v	B2	B2	oxford3000
install	v	B2	B2	oxford3000
installation	n	B2	B2	oxford5000
instance	n	B2	B2	oxford3000
instant	adj	B2	B2	oxford5000
instantly	adv	B2	B2	oxford5000
instead	adv	A2	A2	oxford3000
instinct	n	C1	C1	oxford5000
institute	n	B2	B2	oxford3000
institution	n	B2	B2	oxford3000
institutional	adj	C1	C1	oxford5000
instruct	v	C1	C1	oxford5000
instruction	n	A2	A2	oxford3000
instructor	n	A2	A2	oxford3000
instrument	n	A2	A2	oxford3000
instrumental	adj	C1	C1	oxford5000
insufficient	adj	C1	C1	oxford5000
insult	n|v	C1	C1	oxford5000
insurance	n	B2	B2	oxford3000
intact	adj	C1	C1	oxford5000
intake	n	C1	C1	oxford5000
integral	adj	C1	C1	oxford5000
integrate	v	B2	B2	oxford5000
integrated	adj	C1	C1	oxford5000
integration	n	C1	C1	oxford5000
integrity	n	C1	C1	oxford5000
intellectual	adj|n	B2	B2|C1	oxford5000
intelligence	n	B1	B1	oxford3000
intelligent	adj	A2	A2	oxford3000
intend	v	B1	B1	oxford3000
intended	adj	B2	B2	oxford3000
intense	adj	B2	B2	oxford3000
intensify	v	C1	C1	oxford5000
intensity	n	C1	C1	oxford5000
intensive	adj	C1	C1	oxford5000
intent	n	C1	C1	oxford5000
intention	n	B1	B1	oxford3000
interact	v	B2	B2	oxford5000
interaction	n	B2	B2	oxford5000
interactive	adj	C1	C1	oxford5000
interest	n|v	A1	A1	oxford3000
interested	adj	A1	A1	oxford3000
interesting	adj	A1	A1	oxford3000
interface	n	C1	C1	oxford5000
interfere	v	C1	C1	oxford5000
interference	n	C1	C1	oxford5000
interim	adj	C1	C1	oxford5000
interior	adj|n	C1	C1	oxford5000
intermediate	adj	C1	C1	oxford5000
internal	adj	B2	B2	oxford3000
international	adj	A2	A2	oxford3000
internet	n	A1	A1	oxford3000
interpret	v	B2	B2	oxford3000
interpretation	n	B2	B2	oxford5000
interrupt	v	B2	B2	oxford3000
interval	n	B2	B2	oxford5000
intervene	v	C1	C1	oxford5000
intervention	n	C1	C1	oxford5000
interview	n|v	A1	A1	oxford3000
intimate	adj	C1	C1	oxford5000
into	prep	A1	A1	oxford3000
intriguing	adj	C1	C1	oxford5000
introduce	v	A1	A1	oxford3000
introduction	n	A2	A2	oxford3000
invade	v	B2	B2	oxford5000
invasion	n	B2	B2	oxford5000
invent	v	A2	A2	oxford3000
invention	n	A2	A2	oxford3000
invest	v	B1	B1	oxford3000
investigate	v	B1	B1	oxford3000
investigation	n	B2	B2	oxford3000
investigator	n	C1	C1	oxford5000
investment	n	B2	B2	oxford3000
investor	n	B2	B2	oxford5000
invisible	adj	C1	C1	oxford5000
invitation	n	A2	A2	oxford3000
invite	v	A2	A2	oxford3000
invoke	v	C1	C1	oxford5000
involve	v	A2	A2	oxford3000
involved	adj	B1	B1	oxford3000
involvement	n	C1	C1	oxford5000
iron	n|v	B1	B1	oxford3000
ironic	adj	C1	C1	oxford5000
ironically	adv	C1	C1	oxford5000
irony	n	C1	C1	oxford5000
irrelevant	adj	C1	C1	oxford5000
island	n	A1	A1	oxford3000
isolate	v	B2	B2	oxford5000
isolated	adj	B2	B2	oxford5000
isolation	n	C1	C1	oxford5000
issue	n|v	B1	B1|B2	oxford3000
it	n|pron	A1	A1|B1	oxford3000
item	n	A2	A2	oxford3000
its	det	A1	A1	oxford3000
itself	pron	A2	A2	oxford3000
jacket	n	A1	A1	oxford3000
jail	n|v	B2	B2	oxford5000
jam	n	A2	A2	oxford3000
january	n	A1	A1	oxford3000
jazz	n	A2	A2	oxford3000
jeans	n	A1	A1	oxford3000
jet	n	B2	B2	oxford5000
jewellery	n	A2	A2	oxford3000
job	n	A1	A1	oxford3000
join	v	A1	A1	oxford3000
joint	adj|n	B2	B2	oxford5000
joke	n|v	A2	A2	oxford3000
journal	n	B1	B1	oxford3000
journalism	n	B2	B2	oxford5000
journalist	n	A2	A2	oxford3000
journey	n	A1	A1	oxford3000
joy	n	B2	B2	oxford3000
judge	n|v	B1	B1	oxford3000
judgement	n	B2	B2	oxford3000
judicial	adj	C1	C1	oxford5000
juice	n	A1	A1	oxford3000
july	n	A1	A1	oxford3000
jump	v|n	A2	A2	oxford3000
junction	n	C1	C1	oxford5000
june	n	A1	A1	oxford3000
junior	adj	B2	B2	oxford3000
jurisdiction	n	C1	C1	oxford5000
jury	n	B2	B2	oxford5000
just	adv|adj	A1	A1|C1	oxford3000
justice	n	B2	B2	oxford3000
justification	n	C1	C1	oxford5000
justify	v	B2	B2	oxford3000
keen	adj	B1	B1	oxford3000
keep	v	A1	A1	oxford3000
key	n|adj|v	A1	A1|B1	oxford3000
keyboard	n	B1	B1	oxford3000
kick	v|n	B1	B1	oxford3000
kid	n	A2	A2	oxford3000
kidnap	v	C1	C1	oxford5000
kidney	n	C1	C1	oxford5000
kill	v	A2	A2	oxford3000
killing	n	B1	B1	oxford3000
kilometre	n	A1	A1	oxford3000
kind	n|adj	A1	A1|B1	oxford3000
king	n	A2	A2	oxford3000
kingdom	n	C1	C1	oxford5000
kiss	v|n	B1	B1	oxford3000
kit	n	B2	B2	oxford5000
kitchen	n	A1	A1	oxford3000
knee	n	A2	A2	oxford3000
knife	n	A2	A2	oxford3000
knock	v|n	A2	A2|B1	oxford3000
know	v	A1	A1	oxford3000
knowledge	n	A2	A2	oxford3000
lab	n	A2	A2	oxford3000
label	n|v	B1	B1	oxford3000
laboratory	n	B1	B1	oxford3000
labour	n	B2	B2	oxford3000
lack	n|v	B1	B1	oxford3000
lad	n	C1	C1	oxford5000
ladder	n	B2	B2	oxford5000
lady	n	A2	A2	oxford3000
lake	n	A2	A2	oxford3000
lamp	n	A2	A2	oxford3000
land	n|v	A1	A1|A2	oxford3000
landing	n	B2	B2	oxford5000
landlord	n	C1	C1	oxford5000
landmark	n	C1	C1	oxford5000
landscape	n	B2	B2	oxford3000
lane	n	B2	B2	oxford5000
language	n	A1	A1	oxford3000
lap	n	C1	C1	oxford5000
laptop	n	A2	A2	oxford3000
large	adj	A1	A1	oxford3000
large-scale	adj	C1	C1	oxford5000
largely	adv	B2	B2	oxford3000
laser	n	C1	C1	oxford5000
last	det|adv|n|v	A1	A1|A2	oxford3000
late	adj|adv	A1	A1	oxford3000
lately	adv	B2	B2	oxford5000
later	adv|adj	A1	A1|A2	oxford3000
latest	adj|n	B1	B1|B2	oxford3000
latter	adj|n	C1	C1	oxford5000
laugh	v|n	A1	A1	oxford3000
laughter	n	A2	A2	oxford3000
launch	v|n	B2	B2	oxford3000
law	n	A2	A2	oxford3000
lawn	n	C1	C1	oxford5000
lawsuit	n	C1	C1	oxford5000
lawyer	n	A2	A2	oxford3000
lay	v	B1	B1	oxford3000
layer	n	B1	B1	oxford3000
layout	n	C1	C1	oxford5000
lazy	adj	A2	A2	oxford3000
lead	v|n	A2	A2|B1	oxford3000
leader	n	A2	A2	oxford3000
leadership	n	B2	B2	oxford3000
leading	adj	B1	B1	oxford3000
leaf	n	B1	B1	oxford3000
leaflet	n	B2	B2	oxford5000
league	n	B2	B2	oxford3000
leak	v|n	C1	C1	oxford5000
lean	v	B2	B2	oxford3000
leap	v|n	C1	C1	oxford5000
learn	v	A1	A1	oxford3000
learning	n	A2	A2	oxford3000
least	det|pron|adv	A2	A2	oxford3000
leather	n	B1	B1	oxford3000
leave	v|n	A1	A1|B2	oxford3000
lecture	n|v	A2	A2	oxford3000
left	adj|adv|n	A1	A1	oxford3000
leg	n	A1	A1	oxford3000
legacy	n	C1	C1	oxford5000
legal	adj	B1	B1	oxford3000
legend	n	B2	B2	oxford5000
legendary	adj	C1	C1	oxford5000
legislation	n	C1	C1	oxford5000
legislative	adj	C1	C1	oxford5000
legislature	n	C1	C1	oxford5000
legitimate	adj	C1	C1	oxford5000
leisure	n	B1	B1	oxford3000
lemon	n	A2	A2	oxford3000
lend	v	A2	A2	oxford3000
length	n	B1	B1	oxford3000
lengthy	adj	C1	C1	oxford5000
lens	n	B2	B2	oxford5000
lesbian	adj	C1	C1	oxford5000
less	det|pron|adv	A2	A2	oxford3000
lesser	adj	C1	C1	oxford5000
lesson	n	A1	A1	oxford3000
let	v	A1	A1	oxford3000
lethal	adj	C1	C1	oxford5000
letter	n	A1	A1	oxford3000
level	n|adj|v	A2	A2|B1|B2	oxford3000
liable	adj	C1	C1	oxford5000
liberal	adj|n	C1	C1	oxford5000
liberation	n	C1	C1	oxford5000
liberty	n	C1	C1	oxford5000
library	n	A1	A1	oxford3000
licence	n	B2	B2	oxford3000
license	v	C1	C1	oxford5000
lie	v|n	A1	A1|B1	oxford3000
life	n	A1	A1	oxford3000
lifelong	adj	C1	C1	oxford5000
lifestyle	n	A2	A2	oxford3000
lifetime	n	B2	B2	oxford5000
lift	v|n	A2	A2	oxford3000
light	n|adj|v	A1	A1|A2	oxford3000
lighting	n	B2	B2	oxford5000
like	prep|v|n	A1	A1|B1	oxford3000
likelihood	n	C1	C1	oxford5000
likely	adj	A2	A2	oxford3000
likewise	adv	B2	B2	oxford5000
limb	n	C1	C1	oxford5000
limit	n|v	B1	B1	oxford3000
limitation	n	B2	B2	oxford5000
limited	adj	B2	B2	oxford3000
line	n|v	A1	A1|B2	oxford3000
line-up	n	C1	C1	oxford5000
linear	adj	C1	C1	oxford5000
linger	v	C1	C1	oxford5000
link	n|v	A2	A2	oxford3000
lion	n	A1	A1	oxford3000
lip	n	B1	B1	oxford3000
liquid	n|adj	B1	B1	oxford3000
list	n|v	A1	A1	oxford3000
listen	v	A1	A1	oxford3000
listener	n	A2	A2	oxford3000
listing	n	C1	C1	oxford5000
literacy	n	C1	C1	oxford5000
literally	adv	B2	B2	oxford5000
literary	adj	B2	B2	oxford5000
literature	n	B1	B1	oxford3000
litre	n	B2	B2	oxford5000
litter	n	B2	B2	oxford5000
little	adj|det|pron|adv	A1	A1|A2	oxford3000
live	v|adj|adv	A1	A1|B1	oxford3000
lively	adj	B2	B2	oxford3000
liver	n	C1	C1	oxford5000
living	adj|n	B1	B1	oxford3000
load	n|v	B2	B2	oxford3000
loan	n	B2	B2	oxford3000
lobby	n|v	C1	C1	oxford5000
local	adj|n	A1	A1|B1	oxford3000
locate	v	B1	B1	oxford3000
located	adj	B1	B1	oxford3000
location	n	B1	B1	oxford3000
lock	v|n	A2	A2	oxford3000
log	n|v	C1	C1	oxford5000
logic	n	C1	C1	oxford5000
logical	adj	B2	B2	oxford3000
logo	n	B2	B2	oxford5000
lonely	adj	B1	B1	oxford3000
long	adj|adv	A1	A1	oxford3000
long-standing	adj	C1	C1	oxford5000
long-term	adj|adv	B2	B2	oxford3000
long-time	adj	C1	C1	oxford5000
look	v|n	A1	A1|A2	oxford3000
loom	v	C1	C1	oxford5000
loop	n	C1	C1	oxford5000
loose	adj	B2	B2	oxford3000
lord	n	B2	B2	oxford3000
lorry	n	A2	A2	oxford3000
lose	v	A1	A1	oxford3000
loss	n	B1	B1	oxford3000
lost	adj	A2	A2	oxford3000
lot	pron|det|adv	A1	A1	oxford3000
lottery	n	B2	B2	oxford5000
loud	adj|adv	A2	A2	oxford3000
loudly	adv	A2	A2	oxford3000
love	n|v	A1	A1	oxford3000
lovely	adj	A2	A2	oxford3000
low	adj|adv|n	A2	A2|B2	oxford3000
lower	v	B2	B2	oxford3000
loyal	adj	B2	B2	oxford5000
loyalty	n	C1	C1	oxford5000
luck	n	A2	A2	oxford3000
lucky	adj	A2	A2	oxford3000
lunch	n	A1	A1	oxford3000
lung	n	B2	B2	oxford3000
luxury	n	B1	B1	oxford3000
lyric	n	B2	B2	oxford5000
machine	n	A1	A1	oxford3000
machinery	n	C1	C1	oxford5000
mad	adj	B1	B1	oxford3000
magazine	n	A1	A1	oxford3000
magic	n|adj	B1	B1	oxford3000
magical	adj	C1	C1	oxford5000
magistrate	n	C1	C1	oxford5000
magnetic	adj	C1	C1	oxford5000
magnificent	adj	B2	B2	oxford5000
magnitude	n	C1	C1	oxford5000
mail	n|v	A2	A2	oxford3000
main	adj	A1	A1	oxford3000
mainland	n	C1	C1	oxford5000
mainly	adv	B1	B1	oxford3000
mainstream	n|adj	C1	C1	oxford5000
maintain	v	B2	B2	oxford3000
maintenance	n	C1	C1	oxford5000
major	adj	A2	A2	oxford3000
majority	n	B2	B2	oxford3000
make	v|n	A1	A1|B2	oxford3000
make-up	n	B2	B2	oxford5000
making	n	B2	B2	oxford5000
male	adj|n	A2	A2	oxford3000
mall	n	B1	B1	oxford3000
man	n	A1	A1	oxford3000
manage	v	A2	A2	oxford3000
management	n	B1	B1	oxford3000
manager	n	A2	A2	oxford3000
mandate	n	C1	C1	oxford5000
mandatory	adj	C1	C1	oxford5000
manifest	v	C1	C1	oxford5000
manipulate	v	C1	C1	oxford5000
manipulation	n	C1	C1	oxford5000
manner	n	A2	A2	oxford3000
manufacture	v	B2	B2	oxford5000
manufacturing	n	B2	B2	oxford5000
manuscript	n	C1	C1	oxford5000
many	det|pron	A1	A1	oxford3000
map	n|v	A1	A1|B2	oxford3000
marathon	n	B2	B2	oxford5000
march	n|v	A1	A1|C1	oxford3000
margin	n	B2	B2	oxford5000
marginal	adj	C1	C1	oxford5000
marine	adj	C1	C1	oxford5000
mark	v|n	A2	A2	oxford3000
marker	n	B2	B2	oxford5000
market	n|v	A1	A1|B1	oxford3000
marketing	n	B1	B1	oxford3000
marketplace	n	C1	C1	oxford5000
marriage	n	B1	B1	oxford3000
married	adj	A1	A1	oxford3000
marry	v	A2	A2	oxford3000
martial	adj	B2	B2	oxford5000
mask	n	C1	C1	oxford5000
mass	n|adj	B2	B2	oxford3000
massacre	n	C1	C1	oxford5000
massive	adj	B2	B2	oxford3000
master	n|v	B2	B2	oxford3000
match	n|v	A1	A1	oxford3000
matching	adj	B2	B2	oxford3000
mate	n|v	B2	B2	oxford5000
material	n|adj	A2	A2|B2	oxford3000
mathematical	adj	C1	C1	oxford5000
mathematics	n	A2	A2	oxford3000
maths	n	A2	A2	oxford3000
matter	n|v	A2	A2	oxford3000
mature	adj|v	C1	C1	oxford5000
maximize	v	C1	C1	oxford5000
maximum	adj|n	B2	B2	oxford3000
may	n|modal v	A1	A1|A2	oxford3000
maybe	adv	A1	A1	oxford3000
mayor	n	B2	B2	oxford5000
me	pron	A1	A1	oxford3000
meal	n	A1	A1	oxford3000
mean	v	A1	A1	oxford3000
meaning	n	A1	A1	oxford3000
meaningful	adj	C1	C1	oxford5000
means	n	B2	B2	oxford3000
meantime	n	C1	C1	oxford5000
meanwhile	adv	B1	B1	oxford3000
measure	v|n	B1	B1	oxford3000
measurement	n	B2	B2	oxford3000
meat	n	A1	A1	oxford3000
mechanic	n	B2	B2	oxford5000
mechanical	adj	B2	B2	oxford5000
mechanism	n	B2	B2	oxford5000
medal	n	B2	B2	oxford5000
media	n	A2	A2	oxford3000
medical	adj	A2	A2	oxford3000
medication	n	B2	B2	oxford5000
medicine	n	A2	A2	oxford3000
medieval	adj	C1	C1	oxford5000
meditation	n	C1	C1	oxford5000
medium	adj|n	B1	B1|B2	oxford3000
meet	v	A1	A1	oxford3000
meeting	n	A1	A1	oxford3000
melody	n	C1	C1	oxford5000
melt	v	B2	B2	oxford3000
member	n	A1	A1	oxford3000
membership	n	B2	B2	oxford5000
memo	n	C1	C1	oxford5000
memoir	n	C1	C1	oxford5000
memorable	adj	B2	B2	oxford5000
memorial	n	C1	C1	oxford5000
memory	n	A2	A2	oxford3000
mental	adj	B1	B1	oxford3000
mention	v|n	A2	A2|B1	oxford3000
mentor	n	C1	C1	oxford5000
menu	n	A1	A1	oxford3000
merchant	n	C1	C1	oxford5000
mercy	n	C1	C1	oxford5000
mere	adj	C1	C1	oxford5000
merely	adv	C1	C1	oxford5000
merge	v	C1	C1	oxford5000
merger	n	C1	C1	oxford5000
merit	n	C1	C1	oxford5000
mess	n|v	B1	B1	oxford3000
message	n	A1	A1	oxford3000
metal	n	A2	A2	oxford3000
metaphor	n	B2	B2	oxford5000
method	n	A2	A2	oxford3000
methodology	n	C1	C1	oxford5000
metre	n	A1	A1	oxford3000
middle	n|adj	A2	A2	oxford3000
midnight	n	A1	A1	oxford3000
midst	n	C1	C1	oxford5000
might	modal v	A2	A2	oxford3000
migration	n	C1	C1	oxford5000
mild	adj	B1	B1	oxford3000
mile	n	A1	A1	oxford3000
militant	n|adj	C1	C1	oxford5000
military	adj|n	B2	B2	oxford3000
militia	n	C1	C1	oxford5000
milk	n	A1	A1	oxford3000
mill	n	C1	C1	oxford5000
million	number	A1	A1	oxford3000
mind	n|v	A2	A2	oxford3000
mine	pron|n	A2	A2|B1	oxford3000
miner	n	B2	B2	oxford5000
mineral	n	B2	B2	oxford3000
minimal	adj	C1	C1	oxford5000
minimize	v	C1	C1	oxford5000
minimum	adj|n	B2	B2	oxford3000
mining	n	C1	C1	oxford5000
minister	n	B2	B2	oxford3000
ministry	n	C1	C1	oxford5000
minor	adj	B2	B2	oxford3000
minority	n	B2	B2	oxford3000
minute	n|adj	A1	A1|C1	oxford3000
miracle	n	C1	C1	oxford5000
mirror	n	A2	A2	oxford3000
miserable	adj	B2	B2	oxford5000
misery	n	C1	C1	oxford5000
misleading	adj	C1	C1	oxford5000
miss	v	A1	A1	oxford3000
missile	n	C1	C1	oxford5000
missing	adj	A2	A2	oxford3000
mission	n	B2	B2	oxford3000
mistake	n|v	A1	A1|B2	oxford3000
mix	v|n	B1	B1	oxford3000
mixed	adj	B2	B2	oxford3000
mixture	n	B1	B1	oxford3000
mob	n	C1	C1	oxford5000
mobile	adj|n	A2	A2	oxford3000
mobility	n	C1	C1	oxford5000
mobilize	v	C1	C1	oxford5000
mode	n	B2	B2	oxford5000
model	n|v	A1	A1|B2	oxford3000
moderate	adj	C1	C1	oxford5000
modern	adj	A1	A1	oxford3000
modest	adj	B2	B2	oxford5000
modification	n	C1	C1	oxford5000
modify	v	B2	B2	oxford3000
moment	n	A1	A1	oxford3000
momentum	n	C1	C1	oxford5000
monday	n	A1	A1	oxford3000
money	n	A1	A1	oxford3000
monitor	n|v	B2	B2	oxford3000
monk	n	C1	C1	oxford5000
monkey	n	A2	A2	oxford3000
monopoly	n	C1	C1	oxford5000
monster	n	B2	B2	oxford5000
month	n	A1	A1	oxford3000
monthly	adj	B2	B2	oxford5000
monument	n	B2	B2	oxford5000
mood	n	B1	B1	oxford3000
moon	n	A2	A2	oxford3000
moral	adj|n	B2	B2	oxford3000
morality	n	C1	C1	oxford5000
more	det|pron|adv	A1	A1	oxford3000
moreover	adv	B2	B2	oxford5000
morning	n	A1	A1	oxford3000
mortgage	n	B2	B2	oxford5000
mosque	n	B2	B2	oxford5000
most	det|pron|adv	A1	A1	oxford3000
mostly	adv	A2	A2	oxford3000
mother	n	A1	A1	oxford3000
motion	n	B2	B2	oxford5000
motivate	v	B2	B2	oxford5000
motivation	n	B2	B2	oxford5000
motive	n	C1	C1	oxford5000
motor	n|adj	B2	B2	oxford3000
motorcycle	n	A2	A2	oxford3000
motorist	n	C1	C1	oxford5000
mount	v	B2	B2	oxford3000
mountain	n	A1	A1	oxford3000
mouse	n	A1	A1	oxford3000
mouth	n	A1	A1	oxford3000
move	v|n	A1	A1|B1	oxford3000
movement	n	A2	A2	oxford3000
movie	n	A1	A1	oxford3000
moving	adj	B2	B2	oxford5000
much	det|pron|adv	A1	A1	oxford3000
mud	n	B1	B1	oxford3000
multiple	adj	B2	B2	oxford3000
multiply	v	B2	B2	oxford3000
mum	n	A1	A1	oxford3000
municipal	adj	C1	C1	oxford5000
murder	n|v	B1	B1	oxford3000
muscle	n	B1	B1	oxford3000
museum	n	A1	A1	oxford3000
music	n	A1	A1	oxford3000
musical	adj|n	A2	A2|B1	oxford3000
musician	n	A2	A2	oxford3000
must	modal v	A1	A1	oxford3000
mutual	adj	C1	C1	oxford5000
my	det	A1	A1	oxford3000
myself	pron	A2	A2	oxford3000
mysterious	adj	B2	B2	oxford3000
mystery	n	B1	B1	oxford3000
myth	n	B2	B2	oxford5000
nail	n	B1	B1	oxford3000
naked	adj	B2	B2	oxford5000
name	n|v	A1	A1	oxford3000
namely	adv	C1	C1	oxford5000
narrative	n|adj	B1	B1	oxford3000
narrow	adj|v	A2	A2|B2	oxford3000
nasty	adj	B2	B2	oxford5000
nation	n	B1	B1	oxford3000
national	adj|n	A2	A2|B2	oxford3000
nationwide	adj	C1	C1	oxford5000
native	adj|n	B1	B1	oxford3000
natural	adj	A1	A1	oxford3000
naturally	adv	B1	B1	oxford3000
nature	n	A2	A2	oxford3000
naval	adj	C1	C1	oxford5000
navigation	n	B2	B2	oxford5000
near	prep|adj|adv	A1	A1	oxford3000
nearby	adj|adv	B2	B2	oxford5000
nearly	adv	A2	A2	oxford3000
neat	adj	B2	B2	oxford3000
necessarily	adv	B1	B1	oxford3000
necessary	adj	A2	A2	oxford3000
necessity	n	B2	B2	oxford5000
neck	n	A2	A2	oxford3000
need	v|n|modal v	A1	A1|A2|B1	oxford3000
needle	n	B1	B1	oxford3000
negative	adj|n	A1	A1|B2	oxford3000
neglect	v|n	C1	C1	oxford5000
negotiate	v	B2	B2	oxford5000
negotiation	n	B2	B2	oxford5000
neighbour	n	A1	A1	oxford3000
neighbourhood	n	B1	B1	oxford3000
neighbouring	adj	C1	C1	oxford5000
neither	det|pron|adv	A2	A2|B1	oxford3000
nerve	n	B2	B2	oxford3000
nervous	adj	A2	A2	oxford3000
nest	n	C1	C1	oxford5000
net	n|adj	B1	B1|C1	oxford3000
network	n	A2	A2	oxford3000
neutral	adj	B2	B2	oxford5000
never	adv	A1	A1	oxford3000
nevertheless	adv	B2	B2	oxford3000
new	adj	A1	A1	oxford3000
newly	adv	B2	B2	oxford5000
news	n	A1	A1	oxford3000
newsletter	n	C1	C1	oxford5000
newspaper	n	A1	A1	oxford3000
next	adj|adv|n	A1	A1|B1	oxford3000
next to	prep	A1	A1	oxford3000
nice	adj	A1	A1	oxford3000
niche	n	C1	C1	oxford5000
night	n	A1	A1	oxford3000
nightmare	n	B2	B2	oxford3000
nine	number	A1	A1	oxford3000
nineteen	number	A1	A1	oxford3000
ninety	number	A1	A1	oxford3000
no	exclam|det	A1	A1	oxford3000
no one	pron	A1	A1	oxford3000
noble	adj	C1	C1	oxford5000
nobody	pron	A1	A1	oxford3000
nod	v	C1	C1	oxford5000
noise	n	A2	A2	oxford3000
noisy	adj	A2	A2	oxford3000
nominate	v	C1	C1	oxford5000
nomination	n	C1	C1	oxford5000
nominee	n	C1	C1	oxford5000
non-profit	adj	C1	C1	oxford5000
none	pron	A2	A2	oxford3000
nonetheless	adv	C1	C1	oxford5000
nonsense	n	C1	C1	oxford5000
noon	n	C1	C1	oxford5000
nor	conj|adv	B1	B1	oxford3000
norm	n	B2	B2	oxford5000
normal	adj|n	A2	A2|B1	oxford3000
normally	adv	A2	A2	oxford3000
north	n|adj|adv	A1	A1	oxford3000
northern	adj	B1	B1	oxford3000
nose	n	A1	A1	oxford3000
not	adv	A1	A1	oxford3000
notable	adj	C1	C1	oxford5000
notably	adv	C1	C1	oxford5000
note	n|v	A1	A1|B1	oxford3000
notebook	n	B2	B2	oxford5000
nothing	pron	A1	A1	oxford3000
notice	v|n	A2	A2	oxford3000
notify	v	C1	C1	oxford5000
notion	n	B2	B2	oxford3000
notorious	adj	C1	C1	oxford5000
novel	n|adj	A2	A2|C1	oxford3000
novelist	n	B2	B2	oxford5000
november	n	A1	A1	oxford3000
now	adv|conj	A1	A1|B1	oxford3000
nowadays	adv	B2	B2	oxford5000
nowhere	adv	A2	A2	oxford3000
nuclear	adj	B1	B1	oxford3000
number	number|n|v|adv	A1	A1|A2	oxford3000
numerous	adj	B2	B2	oxford3000
nurse	n	A1	A1	oxford3000
nursery	n	C1	C1	oxford5000
nursing	adj	B2	B2	oxford5000
nut	n	A2	A2	oxford3000
nutrition	n	B2	B2	oxford5000
obesity	n	B2	B2	oxford5000
obey	v	B2	B2	oxford3000
object	n|v	A1	A1|B2	oxford3000
objection	n	C1	C1	oxford5000
objective	n|adj	B2	B2	oxford3000
obligation	n	B2	B2	oxford3000
oblige	v	C1	C1	oxford5000
observation	n	B2	B2	oxford3000
observe	v	B2	B2	oxford3000
observer	n	B2	B2	oxford5000
obsess	v	C1	C1	oxford5000
obsession	n	C1	C1	oxford5000
obstacle	n	B2	B2	oxford5000
obtain	v	B2	B2	oxford3000
obvious	adj	B1	B1	oxford3000
obviously	adv	B1	B1	oxford3000
occasion	n	B1	B1	oxford3000
occasional	adj	C1	C1	oxford5000
occasionally	adv	B2	B2	oxford3000
occupation	n	B2	B2	oxford5000
occupy	v	B2	B2	oxford5000
occur	v	B1	B1	oxford3000
occurrence	n	C1	C1	oxford5000
ocean	n	A2	A2	oxford3000
october	n	A1	A1	oxford3000
odd	adj	B1	B1	oxford3000
odds	n	C1	C1	oxford5000
of	prep	A1	A1	oxford3000
off	adv|prep	A1	A1	oxford3000
offence	n	B2	B2	oxford3000
offend	v	B2	B2	oxford3000
offender	n	B2	B2	oxford5000
offensive	adj	B2	B2	oxford3000
offer	v|n	A2	A2	oxford3000
offering	n	C1	C1	oxford5000
office	n	A1	A1	oxford3000
officer	n	A2	A2	oxford3000
official	adj|n	B1	B1|B2	oxford3000
offspring	n	C1	C1	oxford5000
often	adv	A1	A1	oxford3000
oh	exclam	A1	A1	oxford3000
oil	n	A2	A2	oxford3000
ok	exclam|adj|adv	A1	A1	oxford3000
old	adj	A1	A1	oxford3000
old-fashioned	adj	B1	B1	oxford3000
on	prep|adv	A1	A1	oxford3000
once	adv|conj	A1	A1|B1	oxford3000
one	number|det|pron	A1	A1	oxford3000
ongoing	adj	B2	B2	oxford5000
onion	n	A1	A1	oxford3000
online	adj|adv	A1	A1	oxford3000
only	adj|adv	A1	A1	oxford3000
onto	prep	A2	A2	oxford3000
open	adj|v	A1	A1	oxford3000
opening	n	B2	B2	oxford3000
openly	adv	B2	B2	oxford5000
opera	n	B2	B2	oxford5000
operate	v	B2	B2	oxford3000
operation	n	B1	B1	oxford3000
operational	adj	C1	C1	oxford5000
operator	n	B2	B2	oxford5000
opinion	n	A1	A1	oxford3000
opponent	n	B2	B2	oxford3000
opportunity	n	A2	A2	oxford3000
oppose	v	B2	B2	oxford3000
opposed	adj	B2	B2	oxford3000
opposite	adj|adv|prep|n	A1	A1	oxford3000
opposition	n	B2	B2	oxford3000
opt	v	C1	C1	oxford5000
optical	adj	C1	C1	oxford5000
optimism	n	C1	C1	oxford5000
optimistic	adj	B2	B2	oxford5000
option	n	A2	A2	oxford3000
or	conj	A1	A1	oxford3000
oral	adj	C1	C1	oxford5000
orange	n|adj	A1	A1	oxford3000
orchestra	n	B2	B2	oxford5000
order	n|v	A1	A1	oxford3000
ordinary	adj	A2	A2	oxford3000
organ	n	B2	B2	oxford3000
organic	adj	B2	B2	oxford5000
organization	n	A2	A2	oxford3000
organizational	adj	C1	C1	oxford5000
organize	v	A2	A2	oxford3000
organized	adj	B1	B1	oxford3000
organizer	n	B1	B1	oxford3000
orientation	n	C1	C1	oxford5000
origin	n	B2	B2	oxford3000
original	adj|n	A2	A2|B1	oxford3000
originally	adv	B1	B1	oxford3000
originate	v	C1	C1	oxford5000
other	adj|pron	A1	A1	oxford3000
otherwise	adv	B2	B2	oxford3000
ought	modal v	B1	B1	oxford3000
our	det	A1	A1	oxford3000
ours	pron	B1	B1	oxford3000
ourselves	pron	A2	A2	oxford3000
out	adv|prep	A1	A1	oxford3000
outbreak	n	C1	C1	oxford5000
outcome	n	B2	B2	oxford3000
outdoor	adj	B1	B1	oxford3000
outdoors	adv	B1	B1	oxford3000
outer	adj	B2	B2	oxford3000
outfit	n	B2	B2	oxford5000
outing	n	C1	C1	oxford5000
outlet	n	C1	C1	oxford5000
outline	n|v	B2	B2	oxford3000
outlook	n	C1	C1	oxford5000
output	n	B2	B2	oxford5000
outrage	n|v	C1	C1	oxford5000
outside	adv|prep|n|adj	A1	A1	oxford3000
outsider	n	C1	C1	oxford5000
outstanding	adj	B2	B2	oxford5000
oven	n	A2	A2	oxford3000
over	prep|adv	A1	A1	oxford3000
overall	adj|adv	B2	B2	oxford3000
overcome	v	B2	B2	oxford5000
overlook	v	C1	C1	oxford5000
overly	adv	C1	C1	oxford5000
overnight	adv	B2	B2	oxford5000
overseas	adv|adj	B2	B2	oxford5000
oversee	v	C1	C1	oxford5000
overturn	v	C1	C1	oxford5000
overwhelm	v	C1	C1	oxford5000
overwhelming	adj	C1	C1	oxford5000
owe	v	B2	B2	oxford3000
own	adj|pron|v	A1	A1|A2	oxford3000
owner	n	A2	A2	oxford3000
ownership	n	B2	B2	oxford5000
oxygen	n	B2	B2	oxford5000
o’clock	adv	A1	A1	oxford3000
pace	n|v	B2	B2	oxford3000
pack	v|n	A2	A2|B1	oxford3000
package	n|v	B1	B1|B2	oxford3000
packet	n	B2	B2	oxford5000
pad	n	C1	C1	oxford5000
page	n	A1	A1	oxford3000
pain	n	A2	A2	oxford3000
painful	adj	B1	B1	oxford3000
paint	v|n	A1	A1	oxford3000
painter	n	A2	A2	oxford3000
painting	n	A1	A1	oxford3000
pair	n	A1	A1	oxford3000
palace	n	A2	A2	oxford3000
pale	adj	B1	B1	oxford3000
palm	n	B2	B2	oxford5000
pan	n	B1	B1	oxford3000
panel	n	B2	B2	oxford3000
panic	n	B2	B2	oxford5000
pants	n	A2	A2	oxford3000
paper	n	A1	A1	oxford3000
parade	n	B2	B2	oxford5000
paragraph	n	A1	A1	oxford3000
parallel	adj|n	B2	B2	oxford5000
parameter	n	C1	C1	oxford5000
parent	n	A1	A1	oxford3000
parental	adj	C1	C1	oxford5000
parish	n	C1	C1	oxford5000
park	n|v	A1	A1	oxford3000
parking	n	A2	A2	oxford3000
parliament	n	B2	B2	oxford3000
parliamentary	adj	C1	C1	oxford5000
part	n	A1	A1	oxford3000
part-time	adj|adv	B2	B2	oxford5000
partial	adj	C1	C1	oxford5000
partially	adv	C1	C1	oxford5000
participant	n	B2	B2	oxford3000
participate	v	B1	B1	oxford3000
participation	n	B2	B2	oxford5000
particular	adj	A2	A2	oxford3000
particularly	adv	B1	B1	oxford3000
partly	adv	B2	B2	oxford3000
partner	n	A1	A1	oxford3000
partnership	n	B2	B2	oxford5000
party	n	A1	A1	oxford3000
pass	v|n	A2	A2|B1	oxford3000
passage	n	B2	B2	oxford3000
passenger	n	A2	A2	oxford3000
passing	n	C1	C1	oxford5000
passion	n	B1	B1	oxford3000
passionate	adj	B2	B2	oxford5000
passive	adj	C1	C1	oxford5000
passport	n	A1	A1	oxford3000
password	n	B2	B2	oxford5000
past	adj|n|prep|adv	A1	A1|A2	oxford3000
pastor	n	C1	C1	oxford5000
patch	n	C1	C1	oxford5000
patent	n	C1	C1	oxford5000
path	n	B1	B1	oxford3000
pathway	n	C1	C1	oxford5000
patience	n	B2	B2	oxford5000
patient	n|adj	A2	A2|B2	oxford3000
patrol	n|v	C1	C1	oxford5000
patron	n	C1	C1	oxford5000
pattern	n	A2	A2	oxford3000
pause	v|n	B2	B2	oxford5000
pay	v|n	A1	A1|A2	oxford3000
payment	n	B1	B1	oxford3000
peace	n	A2	A2	oxford3000
peaceful	adj	B1	B1	oxford3000
peak	n	C1	C1	oxford5000
peasant	n	C1	C1	oxford5000
peculiar	adj	C1	C1	oxford5000
peer	n	B2	B2	oxford5000
pen	n	A1	A1	oxford3000
penalty	n	B2	B2	oxford5000
pencil	n	A1	A1	oxford3000
penny	n	A2	A2	oxford3000
pension	n	B2	B2	oxford3000
people	n	A1	A1	oxford3000
pepper	n	A1	A1	oxford3000
per	prep	A2	A2	oxford3000
per cent	n|adj|adv	A2	A2	oxford3000
perceive	v	B2	B2	oxford5000
percentage	n	B1	B1	oxford3000
perception	n	B2	B2	oxford5000
perfect	adj	A1	A1	oxford3000
perfectly	adv	B1	B1	oxford3000
perform	v	A2	A2	oxford3000
performance	n	B1	B1	oxford3000
perhaps	adv	A2	A2	oxford3000
period	n	A1	A1	oxford3000
permanent	adj	B2	B2	oxford3000
permanently	adv	B2	B2	oxford5000
permission	n	A2	A2	oxford3000
permit	v|n	B2	B2	oxford3000
persist	v	C1	C1	oxford5000
persistent	adj	C1	C1	oxford5000
person	n	A1	A1	oxford3000
personal	adj	A1	A1	oxford3000
personality	n	A2	A2	oxford3000
personally	adv	B1	B1	oxford3000
personnel	n	C1	C1	oxford5000
perspective	n	B2	B2	oxford3000
persuade	v	B1	B1	oxford3000
pet	n	A2	A2	oxford3000
petition	n	C1	C1	oxford5000
petrol	n	A2	A2	oxford3000
phase	n	B2	B2	oxford3000
phenomenon	n	B2	B2	oxford3000
philosopher	n	C1	C1	oxford5000
philosophical	adj	C1	C1	oxford5000
philosophy	n	B2	B2	oxford3000
phone	n|v	A1	A1	oxford3000
photo	n	A1	A1	oxford3000
photograph	n|v	A1	A1|A2	oxford3000
photographer	n	B1	B1	oxford3000
photography	n	B1	B1	oxford3000
phrase	n	A1	A1	oxford3000
physical	adj	A2	A2	oxford3000
physician	n	C1	C1	oxford5000
physics	n	A2	A2	oxford3000
piano	n	A1	A1	oxford3000
pick	v|n	A2	A2|B2	oxford3000
picture	n|v	A1	A1|B2	oxford3000
piece	n	A1	A1	oxford3000
pig	n	A1	A1	oxford3000
pile	n|v	B2	B2	oxford3000
pill	n	B2	B2	oxford5000
pilot	n	A2	A2	oxford3000
pin	n|v	B1	B1	oxford3000
pink	adj|n	A1	A1	oxford3000
pioneer	n|v	C1	C1	oxford5000
pipe	n	B1	B1	oxford3000
pipeline	n	C1	C1	oxford5000
pirate	n	C1	C1	oxford5000
pit	n	C1	C1	oxford5000
pitch	n	B2	B2	oxford3000
pity	n	B2	B2	oxford5000
place	n|v	A1	A1|B1	oxford3000
placement	n	B2	B2	oxford5000
plain	adj	B2	B2	oxford3000
plan	n|v	A1	A1	oxford3000
plane	n	A1	A1	oxford3000
planet	n	A2	A2	oxford3000
planning	n	B1	B1	oxford3000
plant	n|v	A1	A1|A2	oxford3000
plastic	n|adj	A2	A2	oxford3000
plate	n	A2	A2	oxford3000
platform	n	A2	A2	oxford3000
play	v|n	A1	A1	oxford3000
player	n	A1	A1	oxford3000
plea	n	C1	C1	oxford5000
plead	v	C1	C1	oxford5000
pleasant	adj	B1	B1	oxford3000
please	exclam|v	A1	A1|A2	oxford3000
pleased	adj	A2	A2	oxford3000
pleasure	n	B1	B1	oxford3000
pledge	v|n	C1	C1	oxford5000
plenty	pron	B1	B1	oxford3000
plot	n|v	B1	B1|B2	oxford3000
plug	v|n	C1	C1	oxford5000
plunge	v	C1	C1	oxford5000
plus	prep|adj|conj|n	B1	B1|B2	oxford3000
pocket	n	A2	A2	oxford3000
poem	n	B1	B1	oxford3000
poet	n	B1	B1	oxford3000
poetry	n	B1	B1	oxford3000
point	n|v	A1	A1|B1	oxford3000
pointed	adj	B2	B2	oxford3000
poison	n|v	B1	B1	oxford3000
poisonous	adj	B1	B1	oxford3000
pole	n	C1	C1	oxford5000
police	n	A1	A1	oxford3000
policeman	n	A1	A1	oxford3000
policy	n	B1	B1	oxford3000
polite	adj	A2	A2	oxford3000
political	adj	B1	B1	oxford3000
politician	n	B1	B1	oxford3000
politics	n	B1	B1	oxford3000
poll	n	C1	C1	oxford5000
pollution	n	A2	A2	oxford3000
pond	n	C1	C1	oxford5000
pool	n	A1	A1	oxford3000
poor	adj	A1	A1	oxford3000
pop	n|adj|v	A2	A2|C1	oxford3000
popular	adj	A1	A1	oxford3000
popularity	n	B2	B2	oxford3000
population	n	A2	A2	oxford3000
port	n	B1	B1	oxford3000
portfolio	n	C1	C1	oxford5000
portion	n	B2	B2	oxford5000
portrait	n	B1	B1	oxford3000
portray	v	C1	C1	oxford5000
pose	v	B2	B2	oxford3000
position	n|v	A2	A2|B2	oxford3000
positive	adj|n	A1	A1|B2	oxford3000
possess	v	B2	B2	oxford3000
possession	n	A2	A2	oxford3000
possibility	n	A2	A2	oxford3000
possible	adj	A1	A1	oxford3000
possibly	adv	B1	B1	oxford3000
post	n|v	A1	A1	oxford3000
post-war	adj	C1	C1	oxford5000
poster	n	A2	A2	oxford3000
postpone	v	C1	C1	oxford5000
pot	n	B1	B1	oxford3000
potato	n	A1	A1	oxford3000
potential	adj|n	B2	B2	oxford3000
potentially	adv	B2	B2	oxford5000
pound	n	A1	A1	oxford3000
pour	v	B1	B1	oxford3000
poverty	n	B1	B1	oxford3000
powder	n	B1	B1	oxford3000
power	n|v	A2	A2|B2	oxford3000
powerful	adj	B1	B1	oxford3000
practical	adj	B1	B1	oxford3000
practice	n	A1	A1	oxford3000
practise	v	A1	A1	oxford3000
practitioner	n	C1	C1	oxford5000
praise	n|v	B2	B2	oxford3000
pray	v	B1	B1	oxford3000
prayer	n	B1	B1	oxford3000
preach	v	C1	C1	oxford5000
precede	v	B2	B2	oxford5000
precedent	n	C1	C1	oxford5000
precious	adj	B2	B2	oxford5000
precise	adj	B2	B2	oxford5000
precisely	adv	B2	B2	oxford5000
precision	n	C1	C1	oxford5000
predator	n	C1	C1	oxford5000
predecessor	n	C1	C1	oxford5000
predict	v	A2	A2	oxford3000
predictable	adj	B2	B2	oxford5000
prediction	n	B1	B1	oxford3000
predominantly	adv	C1	C1	oxford5000
prefer	v	A1	A1	oxford3000
preference	n	B2	B2	oxford5000
pregnancy	n	C1	C1	oxford5000
pregnant	adj	B2	B2	oxford3000
prejudice	n	C1	C1	oxford5000
preliminary	adj	C1	C1	oxford5000
premier	n	C1	C1	oxford5000
premise	n	C1	C1	oxford5000
premium	n	C1	C1	oxford5000
preparation	n	B2	B2	oxford3000
prepare	v	A1	A1	oxford3000
prepared	adj	B1	B1	oxford3000
prescribe	v	C1	C1	oxford5000
prescription	n	C1	C1	oxford5000
presence	n	B2	B2	oxford3000
present	adj|n|v	A1	A1|A2	oxford3000
presentation	n	B1	B1	oxford3000
presently	adv	C1	C1	oxford5000
preservation	n	C1	C1	oxford5000
preserve	v	B2	B2	oxford3000
preside	v	C1	C1	oxford5000
presidency	n	C1	C1	oxford5000
president	n	A2	A2	oxford3000
presidential	adj	C1	C1	oxford5000
press	v|n	B1	B1	oxford3000
pressure	n	B1	B1	oxford3000
prestigious	adj	C1	C1	oxford5000
presumably	adv	C1	C1	oxford5000
presume	v	C1	C1	oxford5000
pretend	v	B1	B1	oxford3000
pretty	adj|adv	A1	A1	oxford3000
prevail	v	C1	C1	oxford5000
prevalence	n	C1	C1	oxford5000
prevent	v	A2	A2	oxford3000
prevention	n	C1	C1	oxford5000
previous	adj	B1	B1	oxford3000
previously	adv	B1	B1	oxford3000
prey	n	C1	C1	oxford5000
price	n|v	A1	A1|B2	oxford3000
pride	n	B2	B2	oxford5000
priest	n	B1	B1	oxford3000
primarily	adv	B2	B2	oxford5000
primary	adj	B1	B1	oxford3000
prime	adj	B2	B2	oxford3000
prince	n	B1	B1	oxford3000
princess	n	B1	B1	oxford3000
principal	adj|n	B2	B2|C1	oxford5000
principle	n	B2	B2	oxford3000
print	v|n	A2	A2|B2	oxford3000
printer	n	A2	A2	oxford3000
printing	n	B1	B1	oxford3000
prior	adj	B2	B2	oxford5000
priority	n	B2	B2	oxford3000
prison	n	A2	A2	oxford3000
prisoner	n	B1	B1	oxford3000
privacy	n	B2	B2	oxford3000
private	adj	B1	B1	oxford3000
privatization	n	C1	C1	oxford5000
privilege	n	C1	C1	oxford5000
prize	n	A2	A2	oxford3000
probability	n	B2	B2	oxford5000
probable	adj	B2	B2	oxford5000
probably	adv	A1	A1	oxford3000
probe	n|v	C1	C1	oxford5000
problem	n	A1	A1	oxford3000
problematic	adj	C1	C1	oxford5000
procedure	n	B2	B2	oxford3000
proceed	v	B2	B2	oxford5000
proceedings	n	C1	C1	oxford5000
proceeds	n	C1	C1	oxford5000
process	n|v	A2	A2|B2	oxford3000
processing	n	C1	C1	oxford5000
processor	n	C1	C1	oxford5000
proclaim	v	C1	C1	oxford5000
produce	v	A2	A2|B2	oxford3000
producer	n	B1	B1	oxford3000
product	n	A1	A1	oxford3000
production	n	B1	B1	oxford3000
productive	adj	C1	C1	oxford5000
productivity	n	C1	C1	oxford5000
profession	n	B1	B1	oxford3000
professional	adj|n	A2	A2|B2	oxford3000
professor	n	A2	A2	oxford3000
profile	n	A2	A2	oxford3000
profit	n	B1	B1	oxford3000
profitable	adj	C1	C1	oxford5000
profound	adj	C1	C1	oxford5000
program	n|v	A2	A2|B1	oxford3000
programme	n	A1	A1	oxford3000
programming	n	B2	B2	oxford5000
progress	n|v	A2	A2|B2	oxford3000
progressive	adj	B2	B2	oxford5000
prohibit	v	B2	B2	oxford5000
project	n|v	A1	A1|B2	oxford3000
projection	n	C1	C1	oxford5000
prominent	adj	C1	C1	oxford5000
promise	v|n	A2	A2	oxford3000
promising	adj	B2	B2	oxford5000
promote	v	B1	B1	oxford3000
promotion	n	B2	B2	oxford5000
prompt	v	B2	B2	oxford5000
pronounce	v	A2	A2	oxford3000
pronounced	adj	C1	C1	oxford5000
proof	n	B2	B2	oxford3000
propaganda	n	C1	C1	oxford5000
proper	adj	B1	B1	oxford3000
properly	adv	B1	B1	oxford3000
property	n	B1	B1	oxford3000
proportion	n	B2	B2	oxford5000
proposal	n	B2	B2	oxford3000
propose	v	B2	B2	oxford3000
proposition	n	C1	C1	oxford5000
prosecute	v	C1	C1	oxford5000
prosecution	n	C1	C1	oxford5000
prosecutor	n	C1	C1	oxford5000
prospect	n	B2	B2	oxford3000
prospective	adj	C1	C1	oxford5000
prosperity	n	C1	C1	oxford5000
protect	v	A2	A2	oxford3000
protection	n	B2	B2	oxford3000
protective	adj	C1	C1	oxford5000
protein	n	B2	B2	oxford5000
protest	n|v	B1	B1	oxford3000
protester	n	B2	B2	oxford5000
protocol	n	C1	C1	oxford5000
proud	adj	B1	B1	oxford3000
prove	v	B1	B1	oxford3000
provide	v	A2	A2	oxford3000
province	n	C1	C1	oxford5000
provincial	adj	C1	C1	oxford5000
provision	n	C1	C1	oxford5000
provoke	v	C1	C1	oxford5000
psychiatric	adj	C1	C1	oxford5000
psychological	adj	B2	B2	oxford5000
psychologist	n	B2	B2	oxford3000
psychology	n	B2	B2	oxford3000
pub	n	A2	A2	oxford3000
public	adj|n	A2	A2	oxford3000
publication	n	B2	B2	oxford3000
publicity	n	B2	B2	oxford5000
publish	v	A2	A2	oxford3000
publishing	n	B2	B2	oxford5000
pull	v|n	A2	A2|B1	oxford3000
pulse	n	C1	C1	oxford5000
pump	v|n	C1	C1	oxford5000
punch	n|v	C1	C1	oxford5000
punish	v	B1	B1	oxford3000
punishment	n	B1	B1	oxford3000
punk	n	B2	B2	oxford5000
pupil	n	B2	B2	oxford3000
purchase	n|v	B2	B2	oxford3000
pure	adj	B2	B2	oxford3000
purely	adv	B2	B2	oxford5000
purple	adj|n	A1	A1	oxford3000
purpose	n	A2	A2	oxford3000
pursue	v	B2	B2	oxford3000
pursuit	n	B2	B2	oxford5000
push	v|n	A2	A2|B1	oxford3000
put	v	A1	A1	oxford3000
puzzle	n	B2	B2	oxford5000
qualification	n	B1	B1	oxford3000
qualified	adj	B1	B1	oxford3000
qualify	v	B1	B1	oxford3000
quality	n	A2	A2	oxford3000
quantity	n	A2	A2	oxford3000
quarter	n	A1	A1	oxford3000
queen	n	A2	A2	oxford3000
query	n	C1	C1	oxford5000
quest	n	C1	C1	oxford5000
question	n|v	A1	A1|A2	oxford3000
questionnaire	n	B2	B2	oxford5000
queue	n|v	B1	B1	oxford3000
quick	adj	A1	A1	oxford3000
quickly	adv	A1	A1	oxford3000
quiet	adj	A1	A1	oxford3000
quietly	adv	A2	A2	oxford3000
quit	v	B1	B1	oxford3000
quite	adv	A1	A1	oxford3000
quota	n	C1	C1	oxford5000
quotation	n	B1	B1	oxford3000
quote	v|n	B1	B1	oxford3000
race	n|v	A2	A2|B1	oxford3000
racial	adj	B2	B2	oxford5000
racing	n	B1	B1	oxford3000
racism	n	B2	B2	oxford5000
racist	adj|n	B2	B2	oxford5000
radar	n	C1	C1	oxford5000
radiation	n	B2	B2	oxford5000
radical	adj	C1	C1	oxford5000
radio	n	A1	A1	oxford3000
rage	n	C1	C1	oxford5000
raid	n|v	C1	C1	oxford5000
rail	n	B2	B2	oxford5000
railway	n	A2	A2	oxford3000
rain	n|v	A1	A1	oxford3000
raise	v	A2	A2	oxford3000
rally	n|v	C1	C1	oxford5000
random	adj	B2	B2	oxford5000
range	n|v	B1	B1|B2	oxford3000
rank	n|v	B2	B2	oxford3000
ranking	n	C1	C1	oxford5000
rape	n|v	C1	C1	oxford5000
rapid	adj	B2	B2	oxford3000
rapidly	adv	B2	B2	oxford3000
rare	adj	B1	B1	oxford3000
rarely	adv	B1	B1	oxford3000
rat	n	B2	B2	oxford5000
rate	n|v	A2	A2|B2	oxford3000
rather	adv	A2	A2	oxford3000
rating	n	B2	B2	oxford5000
ratio	n	C1	C1	oxford5000
rational	adj	C1	C1	oxford5000
raw	adj	B2	B2	oxford3000
ray	n	C1	C1	oxford5000
reach	v|n	A2	A2|B2	oxford3000
react	v	A2	A2	oxford3000
reaction	n	B1	B1	oxford3000
read	v	A1	A1	oxford3000
reader	n	A1	A1	oxford3000
readily	adv	C1	C1	oxford5000
reading	n	A1	A1	oxford3000
ready	adj	A1	A1	oxford3000
real	adj	A1	A1	oxford3000
realistic	adj	B2	B2	oxford3000
reality	n	B1	B1	oxford3000
realization	n	C1	C1	oxford5000
realize	v	A2	A2	oxford3000
really	adv	A1	A1	oxford3000
realm	n	C1	C1	oxford5000
rear	adj|n	C1	C1	oxford5000
reason	n	A1	A1	oxford3000
reasonable	adj	B2	B2	oxford3000
reasonably	adv	B2	B2	oxford5000
reasoning	n	C1	C1	oxford5000
reassure	v	C1	C1	oxford5000
rebel	n	C1	C1	oxford5000
rebellion	n	C1	C1	oxford5000
rebuild	v	B2	B2	oxford5000
recall	v	B2	B2	oxford3000
receipt	n	B1	B1	oxford3000
receive	v	A2	A2	oxford3000
receiver	n	B2	B2	oxford5000
recent	adj	A2	A2	oxford3000
recently	adv	A2	A2	oxford3000
reception	n	A2	A2	oxford3000
recession	n	B2	B2	oxford5000
recipe	n	A2	A2	oxford3000
recipient	n	C1	C1	oxford5000
reckon	v	B2	B2	oxford5000
recognition	n	B2	B2	oxford5000
recognize	v	A2	A2	oxford3000
recommend	v	A2	A2	oxford3000
recommendation	n	B1	B1	oxford3000
reconstruction	n	C1	C1	oxford5000
record	n|v	A2	A2	oxford3000
recording	n	A2	A2	oxford3000
recount	v	C1	C1	oxford5000
recover	v	B2	B2	oxford3000
recovery	n	B2	B2	oxford5000
recruit	v|n	B2	B2	oxford5000
recruitment	n	B2	B2	oxford5000
recycle	v	A2	A2	oxford3000
red	adj|n	A1	A1	oxford3000
reduce	v	A2	A2	oxford3000
reduction	n	B2	B2	oxford3000
refer	v	A2	A2	oxford3000
referee	n	B2	B2	oxford5000
reference	n	B1	B1	oxford3000
referendum	n	C1	C1	oxford5000
reflect	v	B1	B1	oxford3000
reflection	n	C1	C1	oxford5000
reform	n|v	C1	C1	oxford5000
refuge	n	C1	C1	oxford5000
refugee	n	B2	B2	oxford5000
refusal	n	C1	C1	oxford5000
refuse	v	A2	A2	oxford3000
regain	v	C1	C1	oxford5000
regard	v|n	B2	B2	oxford3000
regardless	adv	C1	C1	oxford5000
regime	n	C1	C1	oxford5000
region	n	A2	A2	oxford3000
regional	adj	B2	B2	oxford3000
register	v|n	B2	B2	oxford3000
registration	n	B2	B2	oxford5000
regret	v|n	B2	B2	oxford3000
regular	adj	A2	A2	oxford3000
regularly	adv	B1	B1	oxford3000
regulate	v	B2	B2	oxford5000
regulation	n	B2	B2	oxford3000
regulator	n	C1	C1	oxford5000
regulatory	adj	C1	C1	oxford5000
rehabilitation	n	C1	C1	oxford5000
reign	n|v	C1	C1	oxford5000
reinforce	v	B2	B2	oxford5000
reject	v	B1	B1	oxford3000
rejection	n	C1	C1	oxford5000
relate	v	B1	B1	oxford3000
related	adj	B1	B1	oxford3000
relation	n	B1	B1	oxford3000
relationship	n	A2	A2	oxford3000
relative	adj|n	B1	B1	oxford3000
relatively	adv	B2	B2	oxford3000
relax	v	A1	A1	oxford3000
relaxed	adj	B1	B1	oxford3000
relaxing	adj	B1	B1	oxford3000
release	v|n	B1	B1	oxford3000
relevance	n	C1	C1	oxford5000
relevant	adj	B2	B2	oxford3000
reliability	n	C1	C1	oxford5000
reliable	adj	B1	B1	oxford3000
relief	n	B2	B2	oxford3000
relieve	v	B2	B2	oxford5000
relieved	adj	B2	B2	oxford5000
religion	n	B1	B1	oxford3000
religious	adj	B1	B1	oxford3000
reluctant	adj	C1	C1	oxford5000
rely	v	B2	B2	oxford3000
remain	v	B1	B1	oxford3000
remainder	n	C1	C1	oxford5000
remains	n	C1	C1	oxford5000
remark	n|v	B2	B2	oxford3000
remarkable	adj	B2	B2	oxford5000
remarkably	adv	B2	B2	oxford5000
remedy	n	C1	C1	oxford5000
remember	v	A1	A1	oxford3000
remind	v	B1	B1	oxford3000
reminder	n	C1	C1	oxford5000
remote	adj	B1	B1	oxford3000
removal	n	C1	C1	oxford5000
remove	v	A2	A2	oxford3000
render	v	C1	C1	oxford5000
renew	v	C1	C1	oxford5000
renowned	adj	C1	C1	oxford5000
rent	n|v	B1	B1	oxford3000
rental	n	C1	C1	oxford5000
repair	v|n	A2	A2|B1	oxford3000
repeat	v|n	A1	A1|B1	oxford3000
repeated	adj	B1	B1	oxford3000
replace	v	A2	A2	oxford3000
replacement	n	C1	C1	oxford5000
reply	v|n	A2	A2	oxford3000
report	n|v	A1	A1|A2	oxford3000
reportedly	adv	C1	C1	oxford5000
reporter	n	A2	A2	oxford3000
reporting	n	B2	B2	oxford5000
represent	v	B1	B1	oxford3000
representation	n	C1	C1	oxford5000
representative	n|adj	B2	B2	oxford3000
reproduce	v	C1	C1	oxford5000
reproduction	n	C1	C1	oxford5000
republic	n	C1	C1	oxford5000
reputation	n	B2	B2	oxford3000
request	n|v	A2	A2|B1	oxford3000
require	v	B1	B1	oxford3000
requirement	n	B2	B2	oxford3000
rescue	v|n	B2	B2	oxford3000
research	n|v	A2	A2	oxford3000
researcher	n	A2	A2	oxford3000
resemble	v	C1	C1	oxford5000
reservation	n	B1	B1	oxford3000
reserve	n|v	B2	B2	oxford3000
reside	v	C1	C1	oxford5000
residence	n	C1	C1	oxford5000
resident	n|adj	B2	B2	oxford3000
residential	adj	C1	C1	oxford5000
residue	n	C1	C1	oxford5000
resign	v	B2	B2	oxford5000
resignation	n	C1	C1	oxford5000
resist	v	B2	B2	oxford3000
resistance	n	C1	C1	oxford5000
resolution	n	B2	B2	oxford5000
resolve	v	B2	B2	oxford3000
resort	n	B2	B2	oxford3000
resource	n	B1	B1	oxford3000
respect	n|v	B1	B1	oxford3000
respective	adj	C1	C1	oxford5000
respectively	adv	C1	C1	oxford5000
respond	v	A2	A2	oxford3000
response	n	A2	A2	oxford3000
responsibility	n	B1	B1	oxford3000
responsible	adj	B1	B1	oxford3000
rest	n|v	A2	A2	oxford3000
restaurant	n	A1	A1	oxford3000
restoration	n	C1	C1	oxford5000
restore	v	B2	B2	oxford5000
restraint	n	C1	C1	oxford5000
restrict	v	B2	B2	oxford5000
restriction	n	B2	B2	oxford5000
result	n|v	A1	A1|B1	oxford3000
resume	v	C1	C1	oxford5000
retail	n	B2	B2	oxford5000
retain	v	B2	B2	oxford3000
retire	v	B1	B1	oxford3000
retired	adj	B1	B1	oxford3000
retirement	n	B2	B2	oxford5000
retreat	n|v	C1	C1	oxford5000
retrieve	v	C1	C1	oxford5000
return	v|n	A1	A1	oxford3000
reveal	v	B2	B2	oxford3000
revelation	n	C1	C1	oxford5000
revenge	n	C1	C1	oxford5000
revenue	n	B2	B2	oxford5000
reverse	v|n|adj	C1	C1	oxford5000
review	n|v	A2	A2	oxford3000
revise	v	B1	B1	oxford3000
revision	n	B2	B2	oxford5000
revival	n	C1	C1	oxford5000
revive	v	C1	C1	oxford5000
revolution	n	B2	B2	oxford3000
revolutionary	adj	C1	C1	oxford5000
reward	n|v	B2	B2	oxford3000
rhetoric	n	C1	C1	oxford5000
rhythm	n	B2	B2	oxford3000
rice	n	A1	A1	oxford3000
rich	adj	A1	A1	oxford3000
rid	v	B2	B2	oxford3000
ride	v|n	A1	A1|A2	oxford3000
ridiculous	adj	B2	B2	oxford5000
rifle	n	C1	C1	oxford5000
right	adj|adv|n	A1	A1	oxford3000
ring	n|v	A2	A2|B1	oxford3000
riot	n	C1	C1	oxford5000
rip	v	C1	C1	oxford5000
rise	v|n	A2	A2|B1	oxford3000
risk	n|v	B1	B1	oxford3000
risky	adj	B2	B2	oxford5000
ritual	n	C1	C1	oxford5000
rival	n|adj	B2	B2	oxford5000
river	n	A1	A1	oxford3000
road	n	A1	A1	oxford3000
rob	v	B2	B2	oxford5000
robbery	n	B2	B2	oxford5000
robot	n	B1	B1	oxford3000
robust	adj	C1	C1	oxford5000
rock	n|v	A2	A2|C1	oxford3000
rocket	n	B2	B2	oxford5000
rod	n	C1	C1	oxford5000
role	n	A2	A2	oxford3000
roll	v|n	B1	B1	oxford3000
romance	n	B2	B2	oxford5000
romantic	adj	B1	B1	oxford3000
roof	n	A2	A2	oxford3000
room	n	A1	A1	oxford3000
root	n	B2	B2	oxford3000
rope	n	B1	B1	oxford3000
rose	n	B2	B2	oxford5000
rotate	v	C1	C1	oxford5000
rotation	n	C1	C1	oxford5000
rough	adj	B1	B1	oxford3000
roughly	adv	B2	B2	oxford5000
round	adj|adv|prep|n	A2	A2|B2	oxford3000
route	n	A2	A2	oxford3000
routine	n|adj	A1	A1|B2	oxford3000
row	n	B1	B1	oxford3000
royal	adj	B1	B1	oxford3000
rub	v	B2	B2	oxford3000
rubber	n|adj	B2	B2	oxford3000
rubbish	n	A2	A2	oxford3000
rude	adj	A2	A2	oxford3000
rugby	n	B1	B1	oxford3000
ruin	v|n	B2	B2	oxford5000
rule	n|v	A1	A1|B1	oxford3000
ruling	n	C1	C1	oxford5000
rumour	n	C1	C1	oxford5000
run	v|n	A1	A1|A2	oxford3000
runner	n	A2	A2	oxford3000
running	n	A2	A2	oxford3000
rural	adj	B2	B2	oxford3000
rush	v|n	B2	B2	oxford3000
sack	v	C1	C1	oxford5000
sacred	adj	C1	C1	oxford5000
sacrifice	n|v	C1	C1	oxford5000
sad	adj	A1	A1	oxford3000
sadly	adv	A2	A2	oxford3000
safe	adj	A2	A2	oxford3000
safety	n	B1	B1	oxford3000
sail	v|n	A2	A2|B1	oxford3000
sailing	n	A2	A2	oxford3000
sailor	n	B1	B1	oxford3000
saint	n	C1	C1	oxford5000
sake	n	C1	C1	oxford5000
salad	n	A1	A1	oxford3000
salary	n	A2	A2	oxford3000
sale	n	A2	A2	oxford3000
salt	n	A1	A1	oxford3000
same	adj|pron|adv	A1	A1	oxford3000
sample	n|v	B1	B1|B2	oxford3000
sanction	n	C1	C1	oxford5000
sand	n	B1	B1	oxford3000
sandwich	n	A1	A1	oxford3000
satellite	n	B2	B2	oxford3000
satisfaction	n	B2	B2	oxford5000
satisfied	adj	B2	B2	oxford3000
satisfy	v	B2	B2	oxford3000
saturday	n	A1	A1	oxford3000
sauce	n	A2	A2	oxford3000
save	v	A2	A2	oxford3000
saving	n	B2	B2	oxford3000
say	v|n	A1	A1|C1	oxford3000
scale	n	B2	B2	oxford3000
scan	v	B1	B1	oxford3000
scandal	n	B2	B2	oxford5000
scare	v|n	B2	B2	oxford5000
scared	adj	A2	A2	oxford3000
scary	adj	A2	A2	oxford3000
scattered	adj	C1	C1	oxford5000
scenario	n	B2	B2	oxford5000
scene	n	A2	A2	oxford3000
sceptical	adj	C1	C1	oxford5000
schedule	n|v	A2	A2|B2	oxford3000
scheme	n	B2	B2	oxford3000
scholar	n	B2	B2	oxford5000
scholarship	n	B2	B2	oxford5000
school	n	A1	A1	oxford3000
science	n	A1	A1	oxford3000
scientific	adj	B1	B1	oxford3000
scientist	n	A1	A1	oxford3000
scope	n	C1	C1	oxford5000
score	v|n	A2	A2	oxford3000
scratch	v|n	B2	B2	oxford5000
scream	v|n	B2	B2	oxford3000
screen	n|v	A2	A2|B2	oxford3000
screening	n	B2	B2	oxford5000
screw	v|n	C1	C1	oxford5000
script	n	B1	B1	oxford3000
scrutiny	n	C1	C1	oxford5000
sculpture	n	B1	B1	oxford3000
sea	n	A1	A1	oxford3000
seal	v|n	C1	C1	oxford5000
search	n|v	A2	A2	oxford3000
season	n	A2	A2	oxford3000
seat	n|v	A2	A2|B2	oxford3000
second	n	A1	A1	oxford3000
secondary	adj	B1	B1	oxford3000
secondly	adv	A2	A2	oxford3000
secret	adj|n	A2	A2	oxford3000
secretary	n	A2	A2	oxford3000
section	n	A1	A1	oxford3000
sector	n	B2	B2	oxford3000
secular	adj	C1	C1	oxford5000
secure	v|adj	B2	B2	oxford3000
security	n	B1	B1	oxford3000
see	v	A1	A1	oxford3000
seed	n	B1	B1	oxford3000
seek	v	B2	B2	oxford3000
seeker	n	B2	B2	oxford5000
seem	v	A2	A2	oxford3000
seemingly	adv	C1	C1	oxford5000
segment	n	C1	C1	oxford5000
seize	v	C1	C1	oxford5000
seldom	adv	C1	C1	oxford5000
select	v	B2	B2	oxford3000
selection	n	B2	B2	oxford3000
selective	adj	C1	C1	oxford5000
self	n	B2	B2	oxford3000
sell	v	A1	A1	oxford3000
seminar	n	B2	B2	oxford5000
senator	n	C1	C1	oxford5000
send	v	A1	A1	oxford3000
senior	adj	B2	B2	oxford3000
sensation	n	C1	C1	oxford5000
sense	n|v	A2	A2|B2	oxford3000
sensible	adj	B1	B1	oxford3000
sensitive	adj	B2	B2	oxford3000
sensitivity	n	C1	C1	oxford5000
sentence	n|v	A1	A1|B2	oxford3000
sentiment	n	C1	C1	oxford5000
separate	adj|v	A2	A2|B1	oxford3000
separation	n	C1	C1	oxford5000
september	n	A1	A1	oxford3000
sequence	n	B2	B2	oxford3000
serial	adj	C1	C1	oxford5000
series	n	A2	A2	oxford3000
serious	adj	A2	A2	oxford3000
seriously	adv	B1	B1	oxford3000
servant	n	B1	B1	oxford3000
serve	v	A2	A2	oxford3000
service	n	A2	A2	oxford3000
session	n	B2	B2	oxford3000
set	v|n	B1	B1	oxford3000
set-up	n	C1	C1	oxford5000
setting	n	B1	B1	oxford3000
settle	v	B2	B2	oxford3000
settlement	n	C1	C1	oxford5000
settler	n	B2	B2	oxford5000
seven	number	A1	A1	oxford3000
seventeen	number	A1	A1	oxford3000
seventy	number	A1	A1	oxford3000
several	det|pron	A2	A2	oxford3000
severe	adj	B2	B2	oxford3000
severely	adv	B2	B2	oxford5000
sex	n	B1	B1	oxford3000
sexual	adj	B1	B1	oxford3000
sexuality	n	C1	C1	oxford5000
sexy	adj	B2	B2	oxford5000
shade	n	B2	B2	oxford3000
shadow	n	B2	B2	oxford3000
shake	v|n	A2	A2|B1	oxford3000
shall	modal v	A2	A2	oxford3000
shallow	adj	B2	B2	oxford3000
shame	n	B2	B2	oxford3000
shape	n|v	A2	A2|B2	oxford3000
shaped	adj	B2	B2	oxford5000
share	v|n	A1	A1|B1	oxford3000
shareholder	n	C1	C1	oxford5000
sharp	adj	B1	B1	oxford3000
shatter	v	C1	C1	oxford5000
she	pron	A1	A1	oxford3000
shed	v	C1	C1	oxford5000
sheep	n	A1	A1	oxford3000
sheer	adj	C1	C1	oxford5000
sheet	n	A2	A2	oxford3000
shelf	n	B1	B1	oxford3000
shell	n	B1	B1	oxford3000
shelter	n|v	B2	B2	oxford3000
shift	n|v	B1	B1|B2	oxford3000
shine	v	B1	B1	oxford3000
shiny	adj	B1	B1	oxford3000
ship	n|v	A2	A2|B2	oxford3000
shipping	n	C1	C1	oxford5000
shirt	n	A1	A1	oxford3000
shock	n|v	B2	B2	oxford3000
shocked	adj	B2	B2	oxford3000
shocking	adj	B2	B2	oxford5000
shoe	n	A1	A1	oxford3000
shoot	v|n	B1	B1|C1	oxford3000
shooting	n	B2	B2	oxford3000
shop	n|v	A1	A1	oxford3000
shopping	n	A1	A1	oxford3000
shore	n	B2	B2	oxford5000
short	adj	A1	A1	oxford3000
short-term	adj	B2	B2	oxford5000
shortage	n	B2	B2	oxford5000
shortly	adv	B2	B2	oxford5000
shot	n	B2	B2	oxford3000
should	modal v	A1	A1	oxford3000
shoulder	n	A2	A2	oxford3000
shout	v|n	A2	A2	oxford3000
show	v|n	A1	A1	oxford3000
shower	n	A1	A1	oxford3000
shrink	v	C1	C1	oxford5000
shrug	v	C1	C1	oxford5000
shut	v|adj	A2	A2	oxford3000
shy	adj	B1	B1	oxford3000
sibling	n	B2	B2	oxford5000
sick	adj	A1	A1	oxford3000
side	n	A2	A2	oxford3000
sigh	v|n	C1	C1	oxford5000
sight	n	B1	B1	oxford3000
sign	n|v	A2	A2	oxford3000
signal	n|v	B1	B1	oxford3000
signature	n	B2	B2	oxford5000
significance	n	B2	B2	oxford5000
significant	adj	B2	B2	oxford3000
significantly	adv	B2	B2	oxford3000
silence	n	B2	B2	oxford3000
silent	adj	B1	B1	oxford3000
silk	n	B2	B2	oxford3000
silly	adj	B1	B1	oxford3000
silver	n|adj	A2	A2	oxford3000
similar	adj	A1	A1	oxford3000
similarity	n	B1	B1	oxford3000
similarly	adv	B1	B1	oxford3000
simple	adj	A2	A2	oxford3000
simply	adv	B1	B1	oxford3000
simulate	v	C1	C1	oxford5000
simulation	n	C1	C1	oxford5000
simultaneously	adv	C1	C1	oxford5000
sin	n	C1	C1	oxford5000
since	prep|conj|adv	A2	A2|B1	oxford3000
sincere	adj	B2	B2	oxford3000
sing	v	A1	A1	oxford3000
singer	n	A1	A1	oxford3000
singing	n	A2	A2	oxford3000
single	adj|n	A2	A2	oxford3000
sink	v	B1	B1	oxford3000
sir	n	A2	A2	oxford3000
sister	n	A1	A1	oxford3000
sit	v	A1	A1	oxford3000
site	n	A2	A2	oxford3000
situated	adj	C1	C1	oxford5000
situation	n	A1	A1	oxford3000
six	number	A1	A1	oxford3000
sixteen	number	A1	A1	oxford3000
sixty	number	A1	A1	oxford3000
size	n	A2	A2	oxford3000
sketch	n	C1	C1	oxford5000
ski	v|n	A2	A2	oxford3000
skiing	n	A2	A2	oxford3000
skill	n	A1	A1	oxford3000
skilled	adj	B2	B2	oxford5000
skin	n	A2	A2	oxford3000
skip	v	C1	C1	oxford5000
skirt	n	A1	A1	oxford3000
skull	n	B2	B2	oxford5000
sky	n	A2	A2	oxford3000
slam	v	C1	C1	oxford5000
slap	v	C1	C1	oxford5000
slash	v	C1	C1	oxford5000
slave	n	B2	B2	oxford3000
slavery	n	C1	C1	oxford5000
sleep	v|n	A1	A1|A2	oxford3000
slice	n|v	B1	B1	oxford3000
slide	v|n	B2	B2	oxford3000
slight	adj	B2	B2	oxford3000
slightly	adv	B1	B1	oxford3000
slip	v	B2	B2	oxford3000
slogan	n	B2	B2	oxford5000
slope	n|v	B2	B2	oxford3000
slot	n	C1	C1	oxford5000
slow	adj|v	A1	A1|B1	oxford3000
slowly	adv	A2	A2	oxford3000
small	adj	A1	A1	oxford3000
smart	adj	B1	B1	oxford3000
smartphone	n	A2	A2	oxford3000
smash	v	C1	C1	oxford5000
smell	v|n	A2	A2	oxford3000
smile	v|n	A2	A2	oxford3000
smoke	n|v	A2	A2	oxford3000
smoking	n	A2	A2	oxford3000
smooth	adj	B1	B1	oxford3000
snake	n	A1	A1	oxford3000
snap	v	C1	C1	oxford5000
snow	n|v	A1	A1	oxford3000
so	adv|conj	A1	A1	oxford3000
so-called	adj	B2	B2	oxford5000
soak	v	C1	C1	oxford5000
soap	n	A2	A2	oxford3000
soar	v	C1	C1	oxford5000
soccer	n	A2	A2	oxford3000
social	adj	A2	A2	oxford3000
socialist	adj	C1	C1	oxford5000
society	n	A2	A2	oxford3000
sock	n	A2	A2	oxford3000
soft	adj	A2	A2	oxford3000
software	n	B1	B1	oxford3000
soil	n	B1	B1	oxford3000
solar	adj	B2	B2	oxford3000
soldier	n	A2	A2	oxford3000
sole	adj	C1	C1	oxford5000
solely	adv	C1	C1	oxford5000
solicitor	n	C1	C1	oxford5000
solid	adj|n	B1	B1	oxford3000
solidarity	n	C1	C1	oxford5000
solo	adj|n	C1	C1	oxford5000
solution	n	A2	A2	oxford3000
solve	v	A2	A2	oxford3000
some	det|pron	A1	A1	oxford3000
somebody	pron	A1	A1	oxford3000
somehow	adv	B2	B2	oxford5000
someone	pron	A1	A1	oxford3000
something	pron	A1	A1	oxford3000
sometime	adv	B2	B2	oxford5000
sometimes	adv	A1	A1	oxford3000
somewhat	adv	B2	B2	oxford3000
somewhere	adv|pron	A2	A2	oxford3000
son	n	A1	A1	oxford3000
song	n	A1	A1	oxford3000
soon	adv	A1	A1	oxford3000
sophisticated	adj	B2	B2	oxford5000
sorry	adj|exclam	A1	A1	oxford3000
sort	n|v	A2	A2|B1	oxford3000
soul	n	B2	B2	oxford3000
sound	n|v|adj	A1	A1|C1	oxford3000
soup	n	A1	A1	oxford3000
source	n	A2	A2	oxford3000
south	n|adj|adv	A1	A1	oxford3000
southern	adj	B1	B1	oxford3000
sovereignty	n	C1	C1	oxford5000
space	n	A1	A1	oxford3000
spam	n	C1	C1	oxford5000
span	v|n	C1	C1	oxford5000
spare	adj|v	B2	B2|C1	oxford5000
spark	v	C1	C1	oxford5000
speak	v	A1	A1	oxford3000
speaker	n	A2	A2	oxford3000
special	adj	A1	A1	oxford3000
specialist	n|adj	B2	B2	oxford3000
specialize	v	B1	B1	oxford5000
specialized	adj	C1	C1	oxford5000
species	n	B2	B2	oxford3000
specific	adj	A2	A2	oxford3000
specifically	adv	B1	B1	oxford3000
specification	n	C1	C1	oxford5000
specify	v	B2	B2	oxford5000
specimen	n	C1	C1	oxford5000
spectacle	n	C1	C1	oxford5000
spectacular	adj	B2	B2	oxford5000
spectator	n	B2	B2	oxford5000
spectrum	n	C1	C1	oxford5000
speculate	v	B2	B2	oxford5000
speculation	n	B2	B2	oxford5000
speech	n	A2	A2	oxford3000
speed	n|v	A2	A2|B2	oxford3000
spell	v|n	A1	A1|C1	oxford3000
spelling	n	A1	A1	oxford3000
spend	v	A1	A1	oxford3000
spending	n	B1	B1	oxford3000
sphere	n	C1	C1	oxford5000
spice	n	B2	B2	oxford5000
spicy	adj	B1	B1	oxford3000
spider	n	A2	A2	oxford3000
spill	v	B2	B2	oxford5000
spin	v|n	C1	C1	oxford5000
spine	n	C1	C1	oxford5000
spirit	n	B1	B1	oxford3000
spiritual	adj	B2	B2	oxford3000
spite	n	B2	B2	oxford5000
split	v|n	B2	B2	oxford3000
spoil	v	B2	B2	oxford5000
spoken	adj	B1	B1	oxford3000
spokesman	n	B2	B2	oxford5000
spokesperson	n	B2	B2	oxford5000
spokeswoman	n	B2	B2	oxford5000
sponsor	v|n	B2	B2	oxford3000
sponsorship	n	B2	B2	oxford5000
spoon	n	A2	A2	oxford3000
sport	n	A1	A1	oxford3000
sporting	adj	B2	B2	oxford5000
spot	n|v	B1	B1|B2	oxford3000
spotlight	n	C1	C1	oxford5000
spouse	n	C1	C1	oxford5000
spread	v|n	B1	B1|B2	oxford3000
spring	n|v	A1	A1|B1	oxford3000
spy	n|v	C1	C1	oxford5000
squad	n	C1	C1	oxford5000
square	adj|n	A2	A2	oxford3000
squeeze	v	C1	C1	oxford5000
stab	v	C1	C1	oxford5000
stability	n	C1	C1	oxford5000
stabilize	v	C1	C1	oxford5000
stable	adj	B2	B2	oxford3000
stadium	n	B1	B1	oxford3000
staff	n	B1	B1	oxford3000
stage	n|v	A2	A2|B2	oxford3000
stair	n	A2	A2	oxford3000
stake	n	C1	C1	oxford5000
stall	n	B2	B2	oxford5000
stamp	n	A2	A2	oxford3000
stance	n	B2	B2	oxford5000
stand	v|n	A1	A1|B2	oxford3000
standard	n|adj	B1	B1	oxford3000
standing	adj	C1	C1	oxford5000
star	n|v	A1	A1|A2	oxford3000
stare	v	B2	B2	oxford3000
stark	adj	C1	C1	oxford5000
start	v|n	A1	A1|A2	oxford3000
starve	v	B2	B2	oxford5000
state	n|adj|v	A2	A2|B1	oxford3000
statement	n	A1	A1	oxford3000
station	n	A1	A1	oxford3000
statistic	n	B1	B1	oxford3000
statistical	adj	C1	C1	oxford5000
statue	n	B1	B1	oxford3000
status	n	B2	B2	oxford3000
stay	v|n	A1	A1|A2	oxford3000
steadily	adv	B2	B2	oxford5000
steady	adj	B2	B2	oxford3000
steal	v	A2	A2	oxford3000
steam	n	B2	B2	oxford5000
steel	n	B2	B2	oxford3000
steep	adj	B2	B2	oxford3000
steer	v	C1	C1	oxford5000
stem	n|v	C1	C1	oxford5000
step	n|v	A2	A2|B2	oxford3000
stereotype	n	C1	C1	oxford5000
stick	v|n	B1	B1	oxford3000
sticky	adj	B2	B2	oxford3000
stiff	adj	B2	B2	oxford3000
still	adv|adj	A1	A1|B1	oxford3000
stimulate	v	B2	B2	oxford5000
stimulus	n	C1	C1	oxford5000
stir	v	C1	C1	oxford5000
stock	n	B2	B2	oxford3000
stomach	n	A2	A2	oxford3000
stone	n	A2	A2	oxford3000
stop	v|n	A1	A1	oxford3000
storage	n	C1	C1	oxford5000
store	n|v	A2	A2|B1	oxford3000
storm	n	A2	A2	oxford3000
story	n	A1	A1	oxford3000
straight	adv|adj	A2	A2	oxford3000
straightforward	adj	C1	C1	oxford5000
strain	n	C1	C1	oxford5000
strand	n	C1	C1	oxford5000
strange	adj	A2	A2	oxford3000
stranger	n	B1	B1	oxford3000
strategic	adj	C1	C1	oxford5000
strategy	n	A2	A2	oxford3000
stream	n	B2	B2	oxford3000
street	n	A1	A1	oxford3000
strength	n	B1	B1	oxford3000
strengthen	v	B2	B2	oxford5000
stress	n|v	A2	A2	oxford3000
stretch	v|n	B2	B2	oxford3000
strict	adj	B2	B2	oxford3000
strictly	adv	B2	B2	oxford5000
strike	v|n	B2	B2	oxford3000
striking	adj	B2	B2	oxford5000
string	n	B1	B1	oxford3000
strip	n|v	C1	C1	oxford5000
strive	v	C1	C1	oxford5000
stroke	n	B2	B2	oxford5000
strong	adj	A1	A1	oxford3000
strongly	adv	B1	B1	oxford3000
structural	adj	C1	C1	oxford5000
structure	n|v	A2	A2|B2	oxford3000
struggle	v|n	B2	B2	oxford3000
student	n	A1	A1	oxford3000
studio	n	B1	B1	oxford3000
study	n|v	A1	A1	oxford3000
stuff	n|v	B1	B1|B2	oxford3000
stumble	v	C1	C1	oxford5000
stun	v	C1	C1	oxford5000
stunning	adj	B2	B2	oxford5000
stupid	adj	A2	A2	oxford3000
style	n	A1	A1	oxford3000
subject	n|adj	A1	A1|B2	oxford3000
submission	n	C1	C1	oxford5000
submit	v	B2	B2	oxford3000
subscriber	n	C1	C1	oxford5000
subscription	n	C1	C1	oxford5000
subsequent	adj	B2	B2	oxford5000
subsequently	adv	B2	B2	oxford5000
subsidy	n	C1	C1	oxford5000
substance	n	B1	B1	oxford3000
substantial	adj	C1	C1	oxford5000
substantially	adv	C1	C1	oxford5000
substitute	n|v	C1	C1	oxford5000
substitution	n	C1	C1	oxford5000
subtle	adj	C1	C1	oxford5000
suburb	n	B2	B2	oxford5000
suburban	adj	C1	C1	oxford5000
succeed	v	A2	A2	oxford3000
success	n	A1	A1	oxford3000
successful	adj	A2	A2	oxford3000
successfully	adv	B1	B1	oxford3000
succession	n	C1	C1	oxford5000
successive	adj	C1	C1	oxford5000
successor	n	C1	C1	oxford5000
such	det|pron	A2	A2	oxford3000
suck	v	C1	C1	oxford5000
sudden	adj	B1	B1	oxford3000
suddenly	adv	A2	A2	oxford3000
sue	v	C1	C1	oxford5000
suffer	v	B1	B1	oxford3000
suffering	n	B2	B2	oxford5000
sufficient	adj	B2	B2	oxford5000
sufficiently	adv	B2	B2	oxford5000
sugar	n	A1	A1	oxford3000
suggest	v	A2	A2	oxford3000
suggestion	n	A2	A2	oxford3000
suicide	n	C1	C1	oxford5000
suit	n|v	A2	A2|B1	oxford3000
suitable	adj	B1	B1	oxford3000
suite	n	C1	C1	oxford5000
sum	n|v	B2	B2	oxford3000
summarize	v	B1	B1	oxford3000
summary	n	B1	B1	oxford3000
summer	n	A1	A1	oxford3000
summit	n	C1	C1	oxford5000
sun	n	A1	A1	oxford3000
sunday	n	A1	A1	oxford3000
super	adj	B2	B2	oxford5000
superb	adj	C1	C1	oxford5000
superior	adj	C1	C1	oxford5000
supermarket	n	A1	A1	oxford3000
supervise	v	C1	C1	oxford5000
supervision	n	C1	C1	oxford5000
supervisor	n	C1	C1	oxford5000
supplement	n|v	C1	C1	oxford5000
supply	n|v	B1	B1	oxford3000
support	v|n	A2	A2	oxford3000
supporter	n	B1	B1	oxford3000
supportive	adj	C1	C1	oxford5000
suppose	v	A2	A2	oxford3000
supposedly	adv	C1	C1	oxford5000
suppress	v	C1	C1	oxford5000
supreme	adj	C1	C1	oxford5000
sure	adj|adv	A1	A1|A2	oxford3000
surely	adv	B1	B1	oxford3000
surface	n	B1	B1	oxford3000
surge	n|v	C1	C1	oxford5000
surgeon	n	B2	B2	oxford5000
surgery	n	B2	B2	oxford3000
surgical	adj	C1	C1	oxford5000
surplus	n	C1	C1	oxford5000
surprise	n|v	A2	A2	oxford3000
surprised	adj	A2	A2	oxford3000
surprising	adj	A2	A2	oxford3000
surrender	v	C1	C1	oxford5000
surround	v	B2	B2	oxford3000
surrounding	adj	B2	B2	oxford3000
surveillance	n	C1	C1	oxford5000
survey	n|v	A2	A2|B2	oxford3000
survival	n	B2	B2	oxford5000
survive	v	B1	B1	oxford3000
survivor	n	B2	B2	oxford5000
suspect	v|n	B2	B2	oxford3000
suspend	v	B2	B2	oxford5000
suspension	n	C1	C1	oxford5000
suspicion	n	C1	C1	oxford5000
suspicious	adj	C1	C1	oxford5000
sustain	v	C1	C1	oxford5000
sustainable	adj	B2	B2	oxford5000
swallow	v	B2	B2	oxford5000
swear	v	B2	B2	oxford3000
sweater	n	A1	A1	oxford3000
sweep	v	B2	B2	oxford3000
sweet	adj|n	A2	A2	oxford3000
swim	v|n	A1	A1|B1	oxford3000
swimming	n	A1	A1	oxford3000
swing	v|n	C1	C1	oxford5000
switch	v|n	B1	B1|B2	oxford3000
sword	n	C1	C1	oxford5000
symbol	n	A2	A2	oxford3000
symbolic	adj	C1	C1	oxford5000
sympathetic	adj	B2	B2	oxford5000
sympathy	n	B2	B2	oxford3000
symptom	n	B1	B1	oxford3000
syndrome	n	C1	C1	oxford5000
synthesis	n	C1	C1	oxford5000
system	n	A2	A2	oxford3000
systematic	adj	C1	C1	oxford5000
t-shirt	n	A1	A1	oxford3000
table	n	A1	A1	oxford3000
tablet	n	A2	A2	oxford3000
tackle	v|n	B2	B2|C1	oxford5000
tactic	n	C1	C1	oxford5000
tactical	adj	C1	C1	oxford5000
tag	n|v	B2	B2	oxford5000
tail	n	B1	B1	oxford3000
take	v	A1	A1	oxford3000
tale	n	B2	B2	oxford3000
talent	n	B1	B1	oxford3000
talented	adj	B1	B1	oxford3000
talk	v|n	A1	A1|A2	oxford3000
tall	adj	A1	A1	oxford3000
tank	n	B2	B2	oxford3000
tap	v|n	B2	B2	oxford5000
tape	n	B1	B1	oxford3000
target	n|v	A2	A2|B2	oxford3000
task	n	A2	A2	oxford3000
taste	n|v	A2	A2	oxford3000
tax	n|v	B1	B1	oxford3000
taxi	n	A1	A1	oxford3000
taxpayer	n	C1	C1	oxford5000
tea	n	A1	A1	oxford3000
teach	v	A1	A1	oxford3000
teacher	n	A1	A1	oxford3000
teaching	n	A2	A2	oxford3000
team	n	A1	A1	oxford3000
tear	v|n	B2	B2	oxford3000
technical	adj	B1	B1	oxford3000
technique	n	B1	B1	oxford3000
technological	adj	B2	B2	oxford5000
technology	n	A2	A2	oxford3000
teenage	adj	A2	A2	oxford3000
teenager	n	A1	A1	oxford3000
teens	n	B2	B2	oxford5000
telephone	n|v	A1	A1	oxford3000
television	n	A1	A1	oxford3000
tell	v	A1	A1	oxford3000
temperature	n	A2	A2	oxford3000
temple	n	B2	B2	oxford5000
temporarily	adv	B2	B2	oxford5000
temporary	adj	B2	B2	oxford3000
tempt	v	C1	C1	oxford5000
ten	number	A1	A1	oxford3000
tenant	n	C1	C1	oxford5000
tend	v	B1	B1	oxford3000
tendency	n	B2	B2	oxford5000
tender	adj	C1	C1	oxford5000
tennis	n	A1	A1	oxford3000
tension	n	B2	B2	oxford5000
tent	n	B1	B1	oxford3000
tenure	n	C1	C1	oxford5000
term	n|v	A2	A2|B2	oxford3000
terminal n	adj	B2	B2|C1	oxford5000
terminate	v	C1	C1	oxford5000
terms	n	B2	B2	oxford5000
terrain	n	C1	C1	oxford5000
terrible	adj	A1	A1	oxford3000
terribly	adv	B2	B2	oxford5000
terrific	adj	C1	C1	oxford5000
terrify	v	B2	B2	oxford5000
territory	n	B2	B2	oxford5000
terror	n	B2	B2	oxford5000
terrorism	n	B2	B2	oxford5000
terrorist	n	B2	B2	oxford5000
test	n|v	A1	A1	oxford3000
testify	v	C1	C1	oxford5000
testimony	n	C1	C1	oxford5000
testing	n	B2	B2	oxford5000
text	n|v	A1	A1|A2	oxford3000
textbook	n	B2	B2	oxford5000
texture	n	C1	C1	oxford5000
than	conj	A1	A1	oxford3000
thank	v	A1	A1	oxford3000
thankfully	adv	C1	C1	oxford5000
thanks	exclam|n	A1	A1	oxford3000
that	det|pron|conj|adv	A1	A1|B1	oxford3000
the	definite article	A1	A1	oxford3000
theatre	n	A1	A1	oxford3000
theatrical	adj	C1	C1	oxford5000
theft	n	B2	B2	oxford5000
their	det	A1	A1	oxford3000
theirs	pron	B1	B1	oxford3000
them	pron	A1	A1	oxford3000
theme	n	B1	B1	oxford3000
themselves	pron	A2	A2	oxford3000
then	adv	A1	A1	oxford3000
theology	n	C1	C1	oxford5000
theoretical	adj	C1	C1	oxford5000
theory	n	B1	B1	oxford3000
therapist	n	B2	B2	oxford5000
therapy	n	B2	B2	oxford3000
there	adv	A1	A1	oxford3000
thereafter	adv	C1	C1	oxford5000
thereby	adv	C1	C1	oxford5000
therefore	adv	B1	B1	oxford3000
thesis	n	B2	B2	oxford5000
they	pron	A1	A1	oxford3000
thick	adj	A2	A2	oxford3000
thief	n	A2	A2	oxford3000
thin	adj	A2	A2	oxford3000
thing	n	A1	A1	oxford3000
think	v	A1	A1	oxford3000
thinking	n	A2	A2	oxford3000
third	number|n	A1	A1|A2	oxford3000
thirsty	adj	A1	A1	oxford3000
thirteen	number	A1	A1	oxford3000
thirty	number	A1	A1	oxford3000
this	det|pron|adv	A1	A1|B1	oxford3000
thorough	adj	B2	B2	oxford5000
thoroughly	adv	B2	B2	oxford5000
though	conj|adv	B1	B1	oxford3000
thought	n	A2	A2	oxford3000
thought-provoking	adj	C1	C1	oxford5000
thoughtful	adj	C1	C1	oxford5000
thousand	number	A1	A1	oxford3000
thread	n	C1	C1	oxford5000
threat	n	B2	B2	oxford3000
threaten	v	B2	B2	oxford3000
three	number	A1	A1	oxford3000
threshold	n	C1	C1	oxford5000
thrilled	adj	C1	C1	oxford5000
thrive	v	C1	C1	oxford5000
throat	n	B1	B1	oxford3000
through	prep|adv	A1	A1	oxford3000
throughout	prep|adv	B1	B1	oxford3000
throw	v	A2	A2	oxford3000
thumb	n	B2	B2	oxford5000
thursday	n	A1	A1	oxford3000
thus	adv	B2	B2	oxford3000
ticket	n	A1	A1	oxford3000
tide	n	C1	C1	oxford5000
tidy	adj|v	A2	A2	oxford3000
tie	v|n	A2	A2	oxford3000
tight	adj	B1	B1	oxford3000
tighten	v	C1	C1	oxford5000
till	conj|prep	B1	B1	oxford3000
timber	n	C1	C1	oxford5000
time	n|v	A1	A1|B2	oxford3000
timely	adj	C1	C1	oxford5000
timing	n	B2	B2	oxford5000
tin	n	B1	B1	oxford3000
tiny	adj	B1	B1	oxford3000
tip	n|v	A2	A2|B1	oxford3000
tired	adj	A1	A1	oxford3000
tissue	n	B2	B2	oxford5000
title	n|v	A1	A1|B2	oxford3000
to	prep|infinitive marker	A1	A1	oxford3000
tobacco	n	C1	C1	oxford5000
today	adv|n	A1	A1	oxford3000
toe	n	B1	B1	oxford3000
together	adv	A1	A1	oxford3000
toilet	n	A1	A1	oxford3000
tolerance	n	C1	C1	oxford5000
tolerate	v	C1	C1	oxford5000
toll	n	C1	C1	oxford5000
tomato	n	A1	A1	oxford3000
tomorrow	adv|n	A1	A1	oxford3000
ton	n	B2	B2	oxford5000
tone	n	B2	B2	oxford3000
tongue	n	B1	B1	oxford3000
tonight	adv|n	A1	A1	oxford3000
tonne	n	B2	B2	oxford5000
too	adv	A1	A1	oxford3000
tool	n	A2	A2	oxford3000
tooth	n	A1	A1	oxford3000
top	n|adj|v	A2	A2|C1	oxford3000
topic	n	A1	A1	oxford3000
torture	n|v	C1	C1	oxford5000
toss	v	C1	C1	oxford5000
total	adj|n|v	B1	B1|C1	oxford3000
totally	adv	B1	B1	oxford3000
touch	v|n	A2	A2|B1	oxford3000
tough	adj	B2	B2	oxford3000
tour	n|v	A2	A2|B1	oxford3000
tourism	n	A2	A2	oxford3000
tourist	n	A1	A1	oxford3000
tournament	n	B2	B2	oxford5000
towards	prep	A2	A2	oxford3000
towel	n	A2	A2	oxford3000
tower	n	A2	A2	oxford3000
town	n	A1	A1	oxford3000
toxic	adj	C1	C1	oxford5000
toy	n|adj	A2	A2	oxford3000
trace	v|n	B2	B2|C1	oxford5000
track	n|v	A2	A2|B2	oxford3000
trade	n|v	B1	B1	oxford3000
trademark	n	C1	C1	oxford5000
trading	n	B2	B2	oxford5000
tradition	n	A2	A2	oxford3000
traditional	adj	A2	A2	oxford3000
traffic	n	A1	A1	oxford3000
tragedy	n	B2	B2	oxford5000
tragic	adj	B2	B2	oxford5000
trail	n|v	C1	C1	oxford5000
trailer	n	C1	C1	oxford5000
train	n|v	A1	A1|A2	oxford3000
trainer	n	A2	A2	oxford3000
training	n	A2	A2	oxford3000
trait	n	B2	B2	oxford5000
transaction	n	C1	C1	oxford5000
transcript	n	C1	C1	oxford5000
transfer	v|n	B2	B2	oxford3000
transform	v	B2	B2	oxford3000
transformation	n	C1	C1	oxford5000
transit	n	C1	C1	oxford5000
transition	n	B2	B2	oxford3000
translate	v	B1	B1	oxford3000
translation	n	B1	B1	oxford3000
transmission	n	C1	C1	oxford5000
transmit	v	B2	B2	oxford5000
transparency	n	C1	C1	oxford5000
transparent	adj	C1	C1	oxford5000
transport	n|v	A2	A2|B1	oxford3000
transportation	n	B2	B2	oxford5000
trap	v|n	B2	B2	oxford5000
trauma	n	C1	C1	oxford5000
travel	v|n	A1	A1	oxford3000
traveller	n	A2	A2	oxford3000
treasure	n	B2	B2	oxford5000
treat	v	B1	B1	oxford3000
treatment	n	B1	B1	oxford3000
treaty	n	C1	C1	oxford5000
tree	n	A1	A1	oxford3000
tremendous	adj	C1	C1	oxford5000
trend	n	B1	B1	oxford3000
trial	n	B2	B2	oxford3000
tribal	adj	C1	C1	oxford5000
tribe	n	B2	B2	oxford5000
tribunal	n	C1	C1	oxford5000
tribute	n	C1	C1	oxford5000
trick	n|v	B1	B1	oxford3000
trigger	v|n	B2	B2|C1	oxford5000
trillion	number	B2	B2	oxford5000
trio	n	C1	C1	oxford5000
trip	n|v	A1	A1|B2	oxford3000
triumph	n	C1	C1	oxford5000
troop	n	B2	B2	oxford5000
trophy	n	C1	C1	oxford5000
tropical	adj	B2	B2	oxford3000
trouble	n|v	A2	A2|B2	oxford3000
troubled	adj	C1	C1	oxford5000
trousers	n	A1	A1	oxford3000
truck	n	A2	A2	oxford3000
true	adj	A1	A1	oxford3000
truly	adv	B2	B2	oxford3000
trust	n|v	B2	B2	oxford3000
trustee	n	C1	C1	oxford5000
truth	n	B1	B1	oxford3000
try	v|n	A1	A1|B2	oxford3000
tsunami	n	B2	B2	oxford5000
tube	n	B1	B1	oxford3000
tuesday	n	A1	A1	oxford3000
tuition	n	C1	C1	oxford5000
tune	n	B2	B2	oxford3000
tunnel	n	B2	B2	oxford3000
turn	v|n	A1	A1	oxford3000
turnout	n	C1	C1	oxford5000
turnover	n	C1	C1	oxford5000
tv	n	A1	A1	oxford3000
twelve	number	A1	A1	oxford3000
twenty	number	A1	A1	oxford3000
twice	adv	A1	A1	oxford3000
twin	n|adj	A2	A2	oxford3000
twist	v|n	C1	C1	oxford5000
two	number	A1	A1	oxford3000
type	n|v	A1	A1|B1	oxford3000
typical	adj	A2	A2	oxford3000
typically	adv	B1	B1	oxford3000
tyre	n	B1	B1	oxford3000
ugly	adj	B1	B1	oxford3000
ultimate	adj	B2	B2	oxford5000
ultimately	adv	B2	B2	oxford3000
umbrella	n	A1	A1	oxford3000
unable	adj	B1	B1	oxford3000
unacceptable	adj	B2	B2	oxford5000
uncertainty	n	B2	B2	oxford5000
uncle	n	A1	A1	oxford3000
uncomfortable	adj	B1	B1	oxford3000
unconscious	adj	B2	B2	oxford3000
under	prep|adv	A1	A1	oxford3000
undergo	v	B2	B2	oxford5000
undergraduate	n	C1	C1	oxford5000
underground	adj|adv	A2	A2	oxford3000
underlying	adj	C1	C1	oxford5000
undermine	v	C1	C1	oxford5000
understand	v	A1	A1	oxford3000
understanding	n	A2	A2	oxford3000
undertake	v	B2	B2	oxford5000
underwear	n	B1	B1	oxford3000
undoubtedly	adv	C1	C1	oxford5000
unemployed	adj	B1	B1	oxford3000
unemployment	n	B1	B1	oxford3000
unexpected	adj	B2	B2	oxford3000
unfair	adj	B1	B1	oxford3000
unfold	v	B2	B2	oxford5000
unfortunate	adj	B2	B2	oxford5000
unfortunately	adv	A2	A2	oxford3000
unhappy	adj	A2	A2	oxford3000
uniform	n	A2	A2	oxford3000
unify	v	C1	C1	oxford5000
union	n	B1	B1	oxford3000
unique	adj	B2	B2	oxford3000
unit	n	A2	A2	oxford3000
unite	v	B2	B2	oxford5000
united	adj	A2	A2	oxford3000
unity	n	B2	B2	oxford5000
universal	adj	B2	B2	oxford5000
universe	n	B2	B2	oxford3000
university	n	A1	A1	oxford3000
unknown	adj	B2	B2	oxford3000
unless	conj	B1	B1	oxford3000
unlike	prep	B1	B1	oxford3000
unlikely	adj	B1	B1	oxford3000
unnecessary	adj	B1	B1	oxford3000
unpleasant	adj	B1	B1	oxford3000
unprecedented	adj	C1	C1	oxford5000
until	conj|prep	A1	A1	oxford3000
unusual	adj	A2	A2	oxford3000
unveil	v	C1	C1	oxford5000
up	adv|prep	A1	A1	oxford3000
upcoming	adj	C1	C1	oxford5000
update	v|n	B1	B1	oxford3000
upgrade	v|n	C1	C1	oxford5000
uphold	v	C1	C1	oxford5000
upon	prep	B1	B1	oxford3000
upper	adj	B2	B2	oxford3000
upset	adj|v	B1	B1	oxford3000
upstairs	adv|adj	A1	A1|A2	oxford3000
upwards	adv	B2	B2	oxford3000
urban	adj	B2	B2	oxford3000
urge	v	B2	B2	oxford3000
urgent	adj	B2	B2	oxford5000
us	pron	A1	A1	oxford3000
usage	n	B2	B2	oxford5000
use	v|n	A1	A1|A2	oxford3000
used	adj	B1	B1	oxford3000
used to	modal v	A2	A2	oxford3000
useful	adj	A1	A1	oxford3000
useless	adj	B2	B2	oxford5000
user	n	A2	A2	oxford3000
usual	adj	A2	A2	oxford3000
usually	adv	A1	A1	oxford3000
utility	n	C1	C1	oxford5000
utilize	v	C1	C1	oxford5000
utterly	adv	C1	C1	oxford5000
vacation	n	A1	A1	oxford3000
vacuum	n	C1	C1	oxford5000
vague	adj	C1	C1	oxford5000
valid	adj	B2	B2	oxford5000
validity	n	C1	C1	oxford5000
valley	n	A2	A2	oxford3000
valuable	adj	B1	B1	oxford3000
value	n|v	B1	B1|B2	oxford3000
van	n	A2	A2	oxford3000
vanish	v	C1	C1	oxford5000
variable	n|adj	C1	C1	oxford5000
variation	n	B2	B2	oxford5000
varied	adj	C1	C1	oxford5000
variety	n	A2	A2	oxford3000
various	adj	B1	B1	oxford3000
vary	v	B2	B2	oxford3000
vast	adj	B2	B2	oxford3000
vegetable	n	A1	A1	oxford3000
vehicle	n	A2	A2	oxford3000
vein	n	C1	C1	oxford5000
venture	n|v	C1	C1	oxford5000
venue	n	B2	B2	oxford3000
verbal	adj	C1	C1	oxford5000
verdict	n	C1	C1	oxford5000
verify	v	C1	C1	oxford5000
verse	n	C1	C1	oxford5000
version	n	B1	B1	oxford3000
versus	prep	C1	C1	oxford5000
vertical	adj	B2	B2	oxford5000
very	adv|adj	A1	A1|B2	oxford3000
vessel	n	C1	C1	oxford5000
veteran	n	C1	C1	oxford5000
via	prep	B2	B2	oxford3000
viable	adj	C1	C1	oxford5000
vibrant	adj	C1	C1	oxford5000
vice	n	C1	C1	oxford5000
vicious	adj	C1	C1	oxford5000
victim	n	B1	B1	oxford3000
victory	n	B2	B2	oxford3000
video	n	A1	A1	oxford3000
view	n|v	A2	A2|B1	oxford3000
viewer	n	B1	B1	oxford3000
viewpoint	n	B2	B2	oxford5000
village	n	A1	A1	oxford3000
villager	n	C1	C1	oxford5000
violate	v	C1	C1	oxford5000
violation	n	C1	C1	oxford5000
violence	n	B2	B2	oxford3000
violent	adj	B1	B1	oxford3000
virtual	adj	B2	B2	oxford3000
virtue	n	C1	C1	oxford5000
virus	n	A2	A2	oxford3000
visa	n	B2	B2	oxford5000
visible	adj	B2	B2	oxford5000
vision	n	B2	B2	oxford3000
visit	v|n	A1	A1	oxford3000
visitor	n	A1	A1	oxford3000
visual	adj	B2	B2	oxford3000
vital	adj	B2	B2	oxford3000
vitamin	n	B2	B2	oxford3000
vocal	adj	C1	C1	oxford5000
voice	n	A2	A2	oxford3000
volume	n	B2	B2	oxford3000
voluntary	adj	B2	B2	oxford5000
volunteer	n|v	B1	B1	oxford3000
vote	n|v	B1	B1	oxford3000
voting	n	B2	B2	oxford5000
vow	v	C1	C1	oxford5000
vulnerability	n	C1	C1	oxford5000
vulnerable	adj	C1	C1	oxford5000
wage	n	B2	B2	oxford3000
wait	v|n	A1	A1|A2	oxford3000
waiter	n	A1	A1	oxford3000
wake	v	A1	A1	oxford3000
walk	v|n	A1	A1	oxford3000
wall	n	A1	A1	oxford3000
wander	v	B2	B2	oxford5000
want	v	A1	A1	oxford3000
war	n	A2	A2	oxford3000
ward	n	C1	C1	oxford5000
warehouse	n	C1	C1	oxford5000
warfare	n	C1	C1	oxford5000
warm	adj|v	A1	A1|B1	oxford3000
warming	n	B2	B2	oxford5000
warn	v	B1	B1	oxford3000
warning	n	B1	B1	oxford3000
warrant	n|v	C1	C1	oxford5000
warrior	n	C1	C1	oxford5000
wash	v|n	A1	A1|A2	oxford3000
washing	n	A2	A2	oxford3000
waste	n|v|adj	B1	B1	oxford3000
watch	v|n	A1	A1	oxford3000
water	n|v	A1	A1|B1	oxford3000
wave	n|v	A2	A2|B1	oxford3000
way	n|adv	A1	A1|B2	oxford3000
we	pron	A1	A1	oxford3000
weak	adj	A2	A2	oxford3000
weaken	v	C1	C1	oxford5000
weakness	n	B2	B2	oxford3000
wealth	n	B2	B2	oxford3000
wealthy	adj	B2	B2	oxford3000
weapon	n	B1	B1	oxford3000
wear	v	A1	A1	oxford3000
weather	n	A1	A1	oxford3000
weave	v	C1	C1	oxford5000
web	n	A2	A2	oxford3000
website	n	A1	A1	oxford3000
wedding	n	A2	A2	oxford3000
wednesday	n	A1	A1	oxford3000
weed	n	C1	C1	oxford5000
week	n	A1	A1	oxford3000
weekend	n	A1	A1	oxford3000
weekly	adj	B2	B2	oxford5000
weigh	v	B1	B1	oxford3000
weight	n	A2	A2	oxford3000
weird	adj	B2	B2	oxford5000
welcome	exclam|v|adj|n	A1	A1|A2	oxford3000
welfare	n	B2	B2	oxford5000
well	adv|adj|exclam|n	A1	A1|C1	oxford3000
well-being	n	C1	C1	oxford5000
west	n|adj|adv	A1	A1	oxford3000
western	adj	B1	B1	oxford3000
wet	adj	A2	A2	oxford3000
what	pron|det	A1	A1	oxford3000
whatever	det|pron	B1	B1	oxford3000
whatsoever	adv	C1	C1	oxford5000
wheat	n	B2	B2	oxford5000
wheel	n	A2	A2	oxford3000
when	adv|pron|conj	A1	A1	oxford3000
whenever	conj	B1	B1	oxford3000
where	adv|conj	A1	A1	oxford3000
whereas	conj	B2	B2	oxford3000
whereby	adv	C1	C1	oxford5000
wherever	conj	B2	B2	oxford3000
whether	conj	B1	B1	oxford3000
which	pron|det	A1	A1	oxford3000
while	conj|n	A2	A2|B1	oxford3000
whilst	conj	C1	C1	oxford5000
whip	v	C1	C1	oxford5000
whisper	v|n	B2	B2	oxford3000
white	adj|n	A1	A1	oxford3000
who	pron	A1	A1	oxford3000
whoever	pron	B2	B2	oxford5000
whole	adj|n	A2	A2|B1	oxford3000
wholly	adv	C1	C1	oxford5000
whom	pron	B2	B2	oxford3000
whose	det|pron	A2	A2	oxford3000
why	adv	A1	A1	oxford3000
wide	adj	A2	A2	oxford3000
widely	adv	B2	B2	oxford3000
widen	v	C1	C1	oxford5000
widespread	adj	B2	B2	oxford5000
widow	n	C1	C1	oxford5000
width	n	C1	C1	oxford5000
wife	n	A1	A1	oxford3000
wild	adj	A2	A2	oxford3000
wildlife	n	B2	B2	oxford3000
will	modal v|n	A1	A1|B1	oxford3000
willing	adj	B2	B2	oxford3000
willingness	n	C1	C1	oxford5000
win	v|n	A1	A1|B1	oxford3000
wind	v|n	A2	A2|B2	oxford3000
window	n	A1	A1	oxford3000
wine	n	A1	A1	oxford3000
wing	n	B1	B1	oxford3000
winner	n	A2	A2	oxford3000
winter	n	A1	A1	oxford3000
wipe	v	C1	C1	oxford5000
wire	n	B2	B2	oxford3000
wisdom	n	B2	B2	oxford5000
wise	adj	B2	B2	oxford3000
wish	v|n	A2	A2	oxford3000
wit	n	C1	C1	oxford5000
with	prep	A1	A1	oxford3000
withdraw	v	B2	B2	oxford5000
withdrawal	n	C1	C1	oxford5000
within	prep	B1	B1	oxford3000
without	prep	A1	A1	oxford3000
witness	n|v	B2	B2	oxford3000
woman	n	A1	A1	oxford3000
wonder	v|n	B1	B1	oxford3000
wonderful	adj	A1	A1	oxford3000
wood	n	A2	A2	oxford3000
wooden	adj	A2	A2	oxford3000
wool	n	B1	B1	oxford3000
word	n	A1	A1	oxford3000
work	v|n	A1	A1	oxford3000
worker	n	A1	A1	oxford3000
workforce	n	B2	B2	oxford5000
working	adj	A2	A2	oxford3000
workout	n	C1	C1	oxford5000
workplace	n	B2	B2	oxford5000
workshop	n	B2	B2	oxford5000
world	n	A1	A1	oxford3000
worldwide	adj|adv	B1	B1	oxford3000
worm	n	B2	B2	oxford5000
worried	adj	A2	A2	oxford3000
worry	v|n	A2	A2|B1	oxford3000
worse	adj|adv|n	A2	A2|B1|B2	oxford3000
worship	n|v	C1	C1	oxford5000
worst	adj|adv|n	A2	A2|B1|B2	oxford3000
worth	adj|n	B1	B1|B2	oxford3000
worthwhile	adj	C1	C1	oxford5000
worthy	adj	C1	C1	oxford5000
would	modal v	A1	A1	oxford3000
wound	n|v	B2	B2	oxford3000
wow	exclam	A2	A2	oxford3000
wrap	v	B2	B2	oxford3000
wrist	n	B2	B2	oxford5000
write	v	A1	A1	oxford3000
writer	n	A1	A1	oxford3000
writing	n	A1	A1	oxford3000
written	adj	B1	B1	oxford3000
wrong	adj|adv|n	A1	A1|B1|B2	oxford3000
yard	n	B1	B1	oxford3000
yeah	exclam	A1	A1	oxford3000
year	n	A1	A1	oxford3000
yell	v	C1	C1	oxford5000
yellow	adj|n	A1	A1	oxford3000
yes	exclam	A1	A1	oxford3000
yesterday	adv|n	A1	A1	oxford3000
yet	adv|conj	A2	A2|B2	oxford3000
yield	n|v	C1	C1	oxford5000
you	pron	A1	A1	oxford3000
young	adj|n	A1	A1|B1	oxford3000
youngster	n	C1	C1	oxford5000
your	det	A1	A1	oxford3000
yours	pron	A2	A2	oxford3000
yourself	pron	A1	A1	oxford3000
youth	n	B1	B1	oxford3000
zero	number	A2	A2	oxford3000
zone	n	B2	B2	oxford3000
